Epoch,Train_BAcc_CN_1,Train_ROCAUC_CN_1,Train_BAcc_CN_2,Train_ROCAUC_CN_2,Train_BAcc_CN_3,Train_ROCAUC_CN_3,Train_BAcc_CN_4,Train_ROCAUC_CN_4,Train_BAcc_CN_5,Train_ROCAUC_CN_5,Train_Avg_BAcc_CN,Train_Avg_ROCAUC_CN,Train_BAcc_MCI_1,Train_ROCAUC_MCI_1,Train_BAcc_MCI_2,Train_ROCAUC_MCI_2,Train_BAcc_MCI_3,Train_ROCAUC_MCI_3,Train_BAcc_MCI_4,Train_ROCAUC_MCI_4,Train_BAcc_MCI_5,Train_ROCAUC_MCI_5,Train_Avg_BAcc_MCI,Train_Avg_ROCAUC_MCI,Train_Avg_BAcc,Train_Avg_ROCAUC,Train_Loss,Val_BAcc_CN_1,Val_ROCAUC_CN_1,Val_BAcc_CN_2,Val_ROCAUC_CN_2,Val_BAcc_CN_3,Val_ROCAUC_CN_3,Val_BAcc_CN_4,Val_ROCAUC_CN_4,Val_BAcc_CN_5,Val_ROCAUC_CN_5,Val_Avg_BAcc_CN,Val_Avg_ROCAUC_CN,Val_BAcc_MCI_1,Val_ROCAUC_MCI_1,Val_BAcc_MCI_2,Val_ROCAUC_MCI_2,Val_BAcc_MCI_3,Val_ROCAUC_MCI_3,Val_BAcc_MCI_4,Val_ROCAUC_MCI_4,Val_BAcc_MCI_5,Val_ROCAUC_MCI_5,Val_Avg_BAcc_MCI,Val_Avg_ROCAUC_MCI,Val_Avg_BAcc,Val_Avg_ROCAUC,Val_Loss
1.0,0.0,67.39715494040753,0.0,60.41547277936963,0.0,42.69798253538091,0.0,51.406990521327025,0.0,55.67226890756303,0.0,55.51797393680963,50.0,51.30961475499291,49.999999999999986,49.197471338262076,50.000000000000014,48.41128084606346,50.0,51.08569477637419,50.000000000000014,54.12314120683298,50.0,50.825440584505124,25.0,53.17170726065738,1.1155827862001364,0.0,13.82978723404255,0.0,15.350877192982459,0.0,17.391304347826086,0.0,37.71043771043771,0.0,38.33333333333333,0.0,24.523147963724426,49.99999999999999,45.80873671782763,50.0,32.66488413547237,50.0,38.95676691729324,50.0,25.911458333333332,50.0,23.949579831932773,50.0,33.45828518717187,25.0,28.990716575448147,1.1153814365573462
2.0,0.0,50.36524413687044,0.0,60.11461318051576,0.0,45.67901234567901,0.0,53.895142180094794,0.0,44.78991596638656,0.0,50.968785561909314,50.0,47.36167194150387,49.999999999999986,51.45183756562734,50.000000000000014,52.56639247943596,50.0,49.37350631614886,50.000000000000014,47.95379132358363,50.0,49.74143992525993,25.0,50.35511274358463,1.115087035038968,0.0,19.148936170212767,0.0,19.73684210526316,0.0,17.39130434782609,0.0,33.838383838383834,0.0,36.66666666666667,0.0,25.356426625670505,49.99999999999999,41.20425029515938,50.0,33.333333333333336,50.0,42.99812030075188,50.0,33.46354166666667,50.0,32.35294117647059,50.0,36.67043735447636,25.0,31.013431990073435,1.1144510193148256
3.0,0.0,45.79008073817762,0.0,62.97994269340974,0.0,54.260764829870524,0.0,51.06635071090048,0.0,46.30252100840336,0.0,52.07993199615235,50.0,45.31267052275455,49.999999999999986,48.46458802100075,50.000000000000014,50.87191539365453,50.0,49.0030727210652,50.000000000000014,43.59714882634878,50.0,47.449879096964764,25.0,49.76490554655855,1.1140425291424028,0.0,19.148936170212767,0.0,21.49122807017544,0.0,26.449275362318836,0.0,32.659932659932664,0.0,35.0,0.0,26.949874452527943,49.99999999999999,42.14876033057851,50.0,42.691622103386806,50.0,50.0,50.0,43.35937500000001,50.0,40.33613445378151,50.0,43.70717837754937,25.0,35.32852641503865,1.1134243940133268
4.0,0.0,41.29181084198385,0.0,48.180515759312314,0.0,43.08943089430894,0.0,45.882701421800945,0.0,54.285714285714285,0.0,46.546034640624065,50.0,50.858070500927646,49.999999999999986,50.49180327868853,50.000000000000014,50.479435957696836,50.0,50.114373506316156,50.000000000000014,52.15681455081725,50.0,50.82009955888928,25.0,48.68306709975667,1.1132221273684029,0.0,25.53191489361702,0.0,25.0,0.0,34.78260869565217,0.0,42.76094276094276,0.0,23.333333333333332,0.0,30.281759936709058,49.99999999999999,43.09327036599764,50.0,48.39572192513369,50.0,56.53195488721805,50.0,50.71614583333333,50.0,48.634453781512605,50.0,49.47430935863906,25.0,39.878034647674056,1.1124690562354755
5.0,0.0,35.371011149557866,0.0,45.83094555873926,0.0,46.100572116832275,0.0,53.95438388625593,0.0,43.403361344537814,0.0,44.93205481118463,50.0,49.937247626323256,49.999999999999986,46.57880638594235,50.000000000000014,50.12925969447709,50.0,49.12256742915672,50.000000000000014,43.44352955634754,50.0,47.84228213844939,25.0,46.38716847481701,1.1126783083549165,0.0,31.382978723404253,0.0,23.68421052631579,0.0,34.05797101449275,0.0,44.107744107744104,0.0,18.333333333333336,0.0,30.313247541058047,49.99999999999999,38.72491145218418,50.0,52.18360071301248,50.0,62.265037593984964,50.0,56.25,50.0,54.306722689075634,50.0,52.746054489651456,25.0,41.52965101535475,1.111412829631407
6.0,0.0,38.56209150326798,0.0,51.9054441260745,0.0,48.509485094850945,0.0,43.11315165876777,0.0,54.78991596638656,0.0,47.376017669869555,50.0,56.3543599257885,49.999999999999986,51.85042322940105,50.000000000000014,46.867215041128084,50.0,53.77944691020827,50.000000000000014,55.03256728524026,50.0,52.776802478353225,25.0,50.076410074111394,1.1109451718300518,0.0,40.42553191489362,0.0,30.701754385964918,0.0,38.405797101449274,0.0,45.45454545454545,0.0,20.833333333333336,0.0,35.164192438037325,49.99999999999999,36.481700118063756,50.0,55.79322638146167,50.0,64.94360902255639,50.0,58.723958333333336,50.0,57.56302521008403,50.0,54.701103813099834,25.0,44.932648125568576,1.1103636128322516
7.0,0.0,70.47289504036908,0.0,40.41547277936963,0.0,41.644083107497735,0.0,38.699644549763036,0.0,53.94957983193277,0.0,49.036335061786446,50.0,52.42005893266397,49.999999999999986,51.00610736097717,50.000000000000014,49.74148061104584,50.0,47.93615568453397,50.000000000000014,49.78186063659826,50.0,50.17713264516384,25.0,49.60673385347514,1.110202757488146,0.0,44.680851063829785,0.0,30.263157894736846,0.0,34.05797101449276,0.0,43.09764309764309,0.0,22.500000000000004,0.0,34.9199246141405,49.99999999999999,38.01652892561984,50.0,60.7397504456328,50.0,68.51503759398496,50.0,64.71354166666666,50.0,62.81512605042017,50.0,58.95999693646488,25.0,46.939960775302694,1.109242795954387
8.0,0.0,54.17147251057286,0.0,56.289398280802295,0.0,59.680819030412536,0.0,46.37144549763033,0.0,47.73109243697479,0.0,52.84884555127856,50.0,54.08981774527993,49.999999999999986,48.58673524054431,50.000000000000014,52.24676850763807,50.0,50.549675657220895,50.000000000000014,47.59739461718078,50.0,50.61407835357279,25.0,51.731461952425676,1.108201770682782,0.0,43.61702127659575,0.0,29.385964912280706,0.0,38.405797101449274,0.0,37.7104377104377,0.0,26.666666666666668,0.0,35.15717753348602,49.99999999999999,45.45454545454546,50.0,65.24064171122996,50.0,73.59022556390977,50.0,66.92708333333334,50.0,66.17647058823529,50.0,63.47779333025077,25.0,49.31748543186839,1.108026698270622
9.0,0.0,47.75086505190311,0.0,52.9512893982808,0.0,48.208370972598615,0.0,47.763625592417064,0.0,50.042016806722685,0.0,49.343233564384455,50.0,49.78445923824075,49.999999999999986,54.01585770920391,50.000000000000014,50.89776733254994,50.0,51.56367360874018,50.000000000000014,53.772889271230184,50.0,52.00692943199299,25.0,50.67508149818872,1.1075036078961051,0.0,42.5531914893617,0.0,28.50877192982456,0.0,36.231884057971016,0.0,39.73063973063973,0.0,33.33333333333333,0.0,36.07156410822607,49.99999999999999,48.34710743801653,50.0,72.54901960784315,50.0,78.00751879699249,50.0,71.875,50.0,71.00840336134453,50.0,68.35740984083934,25.0,52.214486974532704,1.106468814112688
10.0,0.0,42.75278738946559,0.0,57.77936962750716,0.0,48.78048780487805,0.0,49.037322274881525,0.0,50.882352941176464,0.0,49.84646400758176,50.0,48.109243697478995,49.999999999999986,49.93892639022822,50.000000000000014,53.37955346650999,50.0,52.086036189825876,50.000000000000014,50.07373724960058,50.0,50.717499398728734,25.0,50.281981703155246,1.106234327093228,0.0,43.61702127659574,0.0,22.80701754385965,0.0,34.05797101449275,0.0,32.659932659932664,0.0,37.5,0.0,34.128388498976165,49.99999999999999,57.26092089728454,50.0,75.22281639928698,50.0,81.01503759398496,50.0,76.30208333333334,50.0,78.15126050420167,50.0,73.5904237456183,25.0,53.85940612229723,1.1047523695713222
11.0,0.0,54.36370626682046,0.0,56.375358166189116,0.0,51.43029208069858,0.0,44.92002369668246,0.0,50.588235294117645,0.0,51.53552310090165,50.0,59.601113172541744,49.999999999999986,48.143147969570336,50.000000000000014,51.10693301997651,50.0,46.08398770911574,50.000000000000014,53.01093769202409,50.0,51.589223912645686,25.0,51.56237350677367,1.1038303073021118,0.0,41.48936170212766,0.0,16.666666666666664,0.0,32.608695652173914,0.0,28.619528619528616,0.0,30.0,0.0,29.876850528099368,49.99999999999999,66.70602125147579,50.0,77.00534759358288,50.0,82.04887218045113,50.0,75.91145833333333,50.0,82.56302521008404,50.0,76.84694491378544,25.0,53.3618977209424,1.1025782930933024
12.0,0.0,55.36332179930796,0.0,47.59312320916905,0.0,50.25594700391448,0.0,45.54206161137441,0.0,56.09243697478992,0.0,50.969378119711166,50.0,57.76765251555168,49.999999999999986,50.69752491160398,50.000000000000014,53.76733254994124,50.0,54.15500170706725,50.000000000000014,48.00294948998402,50.0,52.87809223482964,25.0,51.9237351772704,1.1023875713678797,0.0,40.42553191489362,0.0,10.526315789473687,0.0,26.811594202898547,0.0,26.262626262626267,0.0,29.166666666666664,0.0,26.638546967311754,49.99999999999999,71.19244391971664,50.0,78.20855614973262,50.0,83.45864661654134,50.0,77.47395833333334,50.0,83.61344537815127,50.0,78.78941007949504,25.0,52.7139785234034,1.100134199087611
13.0,0.0,53.74855824682814,0.0,39.7134670487106,0.0,44.926227040048175,0.0,51.21445497630332,1.428571428571428,44.915966386554615,0.2857142857142856,46.90373473968897,50.0,58.76623376623377,49.999999999999986,53.26904532304725,50.000000000000014,52.27027027027027,50.5394332536702,49.863434619323996,50.53766744500432,53.250583753225996,50.21542013973491,53.48391354642026,25.250567212724597,50.19382414305461,1.1003831429290059,0.0,37.23404255319149,0.0,7.8947368421052655,0.0,25.36231884057971,0.0,25.92592592592592,0.0,29.166666666666664,0.0,25.11673816569381,49.99999999999999,72.25501770956318,50.0,78.5204991087344,50.0,83.6466165413534,50.0,77.99479166666666,50.0,85.71428571428571,50.0,79.62624214812067,25.0,52.37149015690724,1.0973613620518154
14.0,0.0,40.330642060745866,0.0,42.96561604584527,1.8518518518518514,55.25444143330323,7.812500000000003,50.63684834123223,7.14285714285714,46.9327731092437,3.3614417989417986,47.22406419807406,50.0,51.7406962785114,50.32786885245901,50.10821815064824,50.875440658049364,47.33490011750881,51.99897575964493,58.79822465005121,49.04756052599238,47.80631682438244,50.449969159229134,51.15767120422042,26.905705479085466,49.19086770114724,1.097960657685615,0.0,34.04255319148937,0.0,8.333333333333334,0.0,26.08695652173913,0.0,26.26262626262626,0.0,32.49999999999999,0.0,25.445093861837613,49.99999999999999,73.67178276269185,50.0,79.23351158645276,50.0,84.3984962406015,50.0,78.77604166666666,50.0,86.76470588235294,50.0,80.56890762775313,25.0,53.00700074479538,1.0943285179282236
15.0,0.0,57.86236063052672,5.000000000000002,46.51146131805157,14.814814814814813,53.327311050888284,15.625000000000005,49.703791469194314,19.999999999999996,49.53781512605042,11.087962962962965,51.388547918942265,50.21008403361344,57.554840117865325,49.19318547090966,49.86820957891353,54.753231492361934,57.709753231492364,50.2321611471492,53.181973369750764,53.06316824382451,51.8249969276146,51.49036607757175,54.027954645127316,31.289164520267356,52.708251282034794,1.0934333997381336,0.0,31.914893617021278,0.0,9.649122807017548,0.0,26.08695652173913,5.555555555555554,26.936026936026934,49.99999999999999,35.0,11.111111111111109,25.91739997636098,49.99999999999999,75.91499409681228,50.0,80.3030303030303,50.0,85.43233082706767,58.854166666666664,79.16666666666666,51.470588235294116,86.76470588235294,52.064950980392155,81.51634555518596,31.58803104575163,53.71687276577347,1.0903518105756358
16.0,5.555555555555556,51.13417916186083,20.000000000000007,57.56446991404012,31.48148148148148,57.33212887684434,28.361966824644565,53.95438388625592,27.142857142857135,53.23529411764706,22.50837220090775,54.64409119132965,52.60695187165775,58.52886609189131,52.98189221043608,56.19950712525448,53.895417156286726,50.911868390129264,49.54421304199386,49.08501194947081,54.27061570603418,55.16775224284135,52.65981799728172,53.978601159917446,37.58409509909474,54.31134617562355,1.087872022153525,0.0,29.78723404255319,0.0,10.964912280701759,49.99999999999999,27.536231884057973,49.999999999999986,26.93602693602693,49.99999999999999,39.166666666666664,29.999999999999993,26.8782143620013,49.99999999999999,77.44982290436836,53.92156862745099,81.63992869875223,53.571428571428584,85.99624060150376,49.99999999999999,80.07812500000001,50.0,86.97478991596638,51.49859943977591,82.42778142411814,40.74929971988795,54.65299789305972,1.0844268345106272
17.0,22.222222222222225,63.206459054209915,22.500000000000007,46.57593123209169,27.777777777777775,49.35260463715748,35.937500000000014,47.052725118483416,35.714285714285694,43.94957983193277,28.830357142857146,50.027459974775056,58.07868601986248,60.67881698133799,54.819457837779915,56.427729561770064,53.96004700352527,55.98589894242069,53.419255718675316,57.48378286104473,53.275162836426205,54.713039203637706,54.71052188325384,57.05785351004224,41.77043951305549,53.54265674240865,1.0816547955306852,25.0,28.723404255319153,50.00000000000002,11.842105263157897,49.99999999999999,28.26086956521739,49.999999999999986,27.27272727272727,49.99999999999999,40.833333333333336,45.0,27.386487937951006,57.14285714285713,78.74852420306966,50.0,82.62032085561498,50.000000000000014,86.65413533834587,49.99999999999999,81.38020833333334,50.0,87.60504201680672,51.42857142857143,83.40164614943413,48.214285714285715,55.394067043692566,1.0765904491446618
18.0,16.666666666666668,38.71587850826605,40.143266475644715,55.5730659025788,42.99909665763324,56.12767238783499,47.58590047393366,54.99111374407584,47.920168067226854,50.042016806722685,39.06301966822103,51.08994946989568,57.64896867838043,57.19742442431518,55.50841101467908,58.17850637522769,49.51233842538191,53.14453584018801,52.306247866165926,57.34038921133493,48.23030600958585,46.21482118716971,52.64125439883865,54.41513540764711,45.85213703352984,52.75254243877139,1.07320024128338,50.0,30.851063829787233,50.00000000000002,11.403508771929827,49.99999999999999,28.260869565217394,49.999999999999986,27.27272727272727,49.99999999999999,40.833333333333336,50.0,27.72430055459901,58.44155844155844,80.16528925619835,50.0,82.62032085561498,50.000000000000014,87.31203007518796,49.99999999999999,81.90104166666667,50.0,87.39495798319328,51.68831168831169,83.87872796737224,50.84415584415585,55.80151426098563,1.06616728147359
19.0,38.88888888888889,55.97846981930027,30.143266475644715,41.1461318051576,46.70280036133694,58.59680819030413,42.661433649289116,40.165876777251185,47.87815126050417,40.12605042016807,41.254908127132765,47.202667402436255,57.849503437738726,61.76197751828004,51.932926175934824,52.69902496517732,50.340775558166875,56.549941245593416,51.25469443496075,58.44656879481052,48.48224161238786,57.76699029126213,51.972028243837805,57.44490056302468,46.61346818548529,52.32378398273047,1.068239886892928,50.0,31.914893617021278,50.00000000000002,12.280701754385968,49.99999999999999,32.608695652173914,49.999999999999986,27.609427609427605,49.99999999999999,42.5,50.0,29.382743726601753,62.98701298701299,81.10979929161746,50.0,84.1354723707665,50.000000000000014,87.68796992481202,49.99999999999999,83.46354166666667,50.0,87.81512605042016,52.597402597402606,84.84238186085656,51.2987012987013,57.112562793729154,1.0577293004355155
20.0,44.44444444444445,49.09650134563629,50.57306590257882,49.871060171919765,49.774164408310746,54.98343872327611,49.85930094786732,49.60011848341232,48.613445378151226,39.32773109243698,48.652884216270515,48.57576996333629,54.153934300993114,66.22830950562043,50.31179684988747,57.91492553305475,50.411280846063455,58.83666274970623,47.93956981905087,53.32878115397748,49.314858055794524,57.250829544058,50.42628797435789,58.71190169728337,49.539586095314206,53.64383583030983,1.0595079159163232,50.0,32.97872340425532,50.00000000000002,14.473684210526317,49.99999999999999,36.23188405797102,49.999999999999986,27.946127946127948,49.99999999999999,40.833333333333336,50.0,30.49275059044279,50.0,82.05430932703659,50.0,84.75935828877006,50.000000000000014,88.25187969924812,49.99999999999999,84.50520833333333,50.0,88.23529411764706,50.0,85.56120995320704,50.0,58.02698027182491,1.0501190946095436
21.0,33.333333333333336,45.751633986928105,45.716332378223505,50.01432664756447,50.406504065040636,46.49202047576031,51.42180094786731,46.81575829383887,50.04201680672266,51.134453781512605,46.18399750623748,48.041638637120876,54.93697478991596,63.33897195241733,51.62220079288543,65.38090646094503,50.19976498237369,58.26556991774383,48.82383065892796,62.59132809832708,49.705051001597646,66.73221088853386,51.05756444514013,63.261797463593425,48.6207809756888,55.65171805035715,1.05001620003817,50.0,34.04255319148936,50.00000000000002,16.228070175438596,49.99999999999999,38.405797101449274,49.999999999999986,30.63973063973064,49.99999999999999,40.833333333333336,50.0,32.02989688828824,50.0,82.76269185360094,50.0,85.56149732620321,50.000000000000014,88.34586466165413,49.99999999999999,85.546875,50.0,87.81512605042016,50.0,86.0064109783757,50.0,59.01815393333197,1.0442377288536717
22.0,50.17301038062284,70.04998077662438,48.216332378223505,59.79942693409742,51.21951219512194,58.17524841915086,48.53376777251186,46.51954976303318,47.22689075630249,41.008403361344534,49.07390269655652,55.11052185085007,60.26546982429334,74.36701953508675,49.008893174756224,62.87367405978785,49.12455934195065,59.52291421856639,49.168658245134864,62.27039945373849,48.829421162590634,57.551923313260424,51.27940034974514,63.31718611608799,50.17665152315083,59.21385398346903,1.0407481828120224,50.0,34.04255319148936,50.00000000000002,17.982456140350877,49.99999999999999,39.130434782608695,49.999999999999986,32.32323232323232,49.99999999999999,43.33333333333333,50.0,33.362401954202916,50.0,83.82526564344745,50.0,85.82887700534761,50.000000000000014,89.09774436090225,49.99999999999999,86.45833333333333,50.0,87.39495798319327,50.0,86.52103566524478,50.0,59.94171880972385,1.0398133664911762
23.0,50.51903114186852,62.20684352172241,50.57306590257882,54.2406876790831,46.883468834688344,40.34929238181271,52.60663507109006,53.02132701421801,52.9411764705882,50.33613445378151,50.70467548416279,52.030857010123555,57.10466004583651,73.44210411437302,49.99249973213327,63.60441444337297,50.31727379553467,61.109283196239716,49.11573916012292,53.50631614885626,48.58670271598869,56.181639424849465,51.02337508992322,61.568751465538284,50.864025287043006,56.79980423783092,1.04449320215637,50.0,36.17021276595745,50.00000000000002,19.29824561403509,49.99999999999999,41.30434782608695,49.999999999999986,31.986531986531986,49.99999999999999,46.666666666666664,50.0,35.08520097185563,50.0,83.94332939787486,50.0,86.27450980392157,50.000000000000014,89.09774436090225,49.99999999999999,86.71875,50.0,87.81512605042016,50.0,86.76989192262377,50.0,60.9275464472397,1.0365213127047157
24.0,50.0,34.21760861207228,48.359598853868206,46.46131805157593,50.18066847335139,57.72357723577235,49.48163507109006,49.88151658767773,48.613445378151226,48.36134453781513,49.32706955529218,47.32907300498268,55.233002291825805,66.98133798974135,50.977177756348425,63.081538626379505,51.23971797884841,64.0587544065805,47.98395356777056,57.89006486855581,46.687968538773504,54.43652451763549,50.42436402671334,61.28964408177853,49.87571679100276,54.30935854338061,1.0475218032673101,50.0,36.17021276595745,50.00000000000002,20.175438596491233,49.99999999999999,42.7536231884058,49.999999999999986,31.986531986531986,49.99999999999999,46.666666666666664,50.0,35.550494640810626,50.0,84.29752066115704,50.0,86.45276292335117,50.000000000000014,89.19172932330828,49.99999999999999,86.45833333333333,50.0,88.4453781512605,50.0,86.96914487848207,50.0,61.25981975964635,1.035050651504255
25.0,50.0,43.06036139946174,48.502865329512915,45.68767908309456,48.961156278229446,39.44595001505571,47.68216824644552,40.86196682464455,52.24789915966384,63.193277310924366,49.47881780277034,46.449846926636184,54.4213139801375,68.55560405980576,51.62862959391404,68.64245151612558,49.829612220916566,64.63924794359578,49.51348583134176,64.03550699897576,48.10126582278481,58.30158535086641,50.69886148981893,64.83487917387386,50.08883964629463,55.64236305025502,1.0407160947988987,50.0,39.36170212765957,50.00000000000002,20.175438596491233,49.99999999999999,43.47826086956522,49.999999999999986,32.323232323232325,49.99999999999999,47.5,50.0,36.567726783389666,59.09090909090909,84.17945690672964,50.0,86.72014260249554,50.000000000000014,89.28571428571428,49.99999999999999,86.97916666666667,50.0,88.65546218487394,51.81818181818183,87.16398852929602,50.909090909090914,61.86585765634284,1.0329499076410114
26.0,50.17301038062284,40.7920030757401,51.0028653295129,47.90830945558739,46.47696476964768,44.625112917795846,52.84360189573463,46.386255924170605,51.512605042016766,57.56302521008404,50.401809483506966,47.454941316675594,58.94766997708173,73.34115464367564,51.63077252759025,65.74306225222331,46.89776733254995,60.13160987074031,47.73642881529532,57.589621031068624,47.32087993117858,60.03441071648028,50.50670371673916,63.367971702837636,50.45425660012306,55.41145650975662,1.0468336835610195,50.0,39.36170212765957,50.00000000000002,21.05263157894737,49.99999999999999,43.47826086956522,49.999999999999986,32.323232323232325,49.99999999999999,47.5,50.0,36.74316537988089,59.09090909090909,84.88783943329398,50.0,87.5222816399287,50.000000000000014,89.3796992481203,49.99999999999999,87.36979166666667,50.0,88.65546218487394,51.81818181818183,87.56301483457672,50.909090909090914,62.153090107228806,1.0318532191691534
27.0,50.0,50.90349865436371,50.85959885386821,44.627507163323784,49.14182475158085,46.79313459801264,50.57020142180097,47.95616113744076,47.18487394957979,42.563025210084035,49.55129979536596,46.568665352644985,58.08823529411764,73.87591400196442,50.81002892960461,68.09600342869389,49.289071680376026,70.7262044653349,48.17855923523387,65.24069648344145,50.24271844660194,58.39375691286715,51.32172271718682,67.26651505846037,50.43651125627639,56.91759020555268,1.0388738748246156,50.0,39.36170212765957,50.00000000000002,21.49122807017544,49.99999999999999,44.927536231884055,49.999999999999986,32.996632996633004,49.99999999999999,47.50000000000001,50.0,37.25541988527041,58.44155844155844,85.00590318772137,50.0,87.4331550802139,50.000000000000014,88.81578947368422,49.99999999999999,87.5,50.0,88.4453781512605,51.68831168831169,87.440045178576,50.84415584415585,62.34773253192321,1.0293688476866287
28.0,44.790465205690126,29.02729719338716,50.42979942693411,52.07736389684814,48.96115627822943,55.49533273110509,52.36966824644552,55.22808056872037,48.65546218487392,46.17647058823529,49.04131026843462,47.60090899565921,59.84530175706645,75.14187493179091,49.66677381335046,65.72377584913747,49.453584018801415,67.85193889541716,49.46056674632981,64.60908159781495,47.468354430379755,62.781123264102256,51.178916153185575,67.22155890765255,50.1101132108101,57.41123395165588,1.0360630223053526,50.0,39.36170212765957,50.00000000000002,22.36842105263158,49.99999999999999,44.927536231884055,49.999999999999986,33.670033670033675,49.99999999999999,48.33333333333334,50.0,37.73220528310845,57.79220779220778,85.12396694214877,50.0,87.5222816399287,50.000000000000014,88.8157894736842,49.99999999999999,88.15104166666667,50.0,88.4453781512605,51.558441558441565,87.61169157473778,50.77922077922078,62.671948428923116,1.0266333110681518
29.0,50.34602076124568,46.90503652441368,50.42979942693412,54.02578796561605,51.21951219512193,63.08340861186389,49.244668246445514,47.26007109004739,48.65546218487392,55.79831932773109,49.97909256292424,53.41452470393442,61.63101604278074,77.17723453017571,51.46683810136074,70.99110682524376,50.376028202115165,68.9776733254994,48.32878115397746,67.07408671901673,46.05505714636845,61.87169718569498,51.5715441293205,69.21835971712612,50.77531834612237,61.31644221053027,1.0299053330393624,50.0,39.36170212765957,50.00000000000002,23.24561403508772,49.99999999999999,44.927536231884055,49.999999999999986,33.333333333333336,49.99999999999999,49.16666666666667,50.0,38.00697047892627,62.33766233766234,85.00590318772137,50.0,87.5222816399287,50.000000000000014,88.62781954887218,49.99999999999999,88.54166666666667,50.0,88.4453781512605,52.467532467532465,87.6286098388899,51.23376623376623,62.81779015890808,1.0244835275554622
30.0,50.34602076124568,52.71049596309112,50.57306590257882,52.66475644699141,51.62601626016259,49.59349593495935,52.13270142180097,52.991706161137444,48.65546218487392,49.91596638655462,50.666653306132396,51.575284178546795,65.25019098548509,76.89894139473971,49.99678559948567,73.35690560377157,49.776733254994134,67.67097532314924,49.36326391259815,64.71833390235575,46.20253164556963,55.93584859284749,52.11790107962653,67.71620096337276,51.39227719287946,59.645742570959776,1.030952667795018,50.0,39.36170212765957,50.00000000000002,23.24561403508772,49.99999999999999,44.927536231884055,49.999999999999986,33.670033670033675,49.99999999999999,50.83333333333333,50.0,38.40764387959966,61.68831168831168,85.12396694214877,50.0,87.61140819964349,50.000000000000014,88.62781954887218,49.99999999999999,88.93229166666667,50.0,88.65546218487394,52.33766233766234,87.79018970844102,51.16883116883117,63.09891679402034,1.0222974322880711
31.0,44.44444444444445,52.441368704344484,50.71633237822352,39.79942693409742,50.58717253839203,59.37970490816018,45.88270142180096,44.35722748815166,48.6974789915966,47.26890756302521,48.06562595489151,48.64932711955579,63.00611153552329,77.63014296627742,51.62862959391404,70.53680488588878,48.36662749706228,68.53819036427731,46.89655172413793,63.721406623420975,49.85252550079883,66.32665601573062,51.95008917028728,69.35064017111903,50.00785756258939,58.99998364533741,1.0322396406736856,50.0,38.297872340425535,50.00000000000002,23.24561403508772,49.99999999999999,44.927536231884055,49.999999999999986,34.00673400673401,49.99999999999999,51.66666666666666,50.0,38.428884656159596,65.58441558441558,85.24203069657614,50.0,87.70053475935828,50.000000000000014,88.8157894736842,49.99999999999999,89.19270833333333,50.0,89.07563025210084,53.116883116883116,88.00533870301055,51.55844155844156,63.217111679585074,1.0201861416739455
32.0,50.69204152249135,45.79008073817762,48.7893982808023,39.656160458452725,48.96115627822943,54.04998494429388,49.48163507109007,50.53317535545023,50.777310924369715,52.47899159663866,49.74030841539657,48.501678618602625,61.306340718105425,75.83487940630798,54.24300867888137,71.06825243758705,49.94124559341951,66.54054054054053,48.42608398770911,68.12222601570501,48.10126582278481,61.41698414649134,52.403588960180045,68.59657650932638,51.07194868778831,58.549127563964504,1.0305696083027491,50.0,38.297872340425535,50.00000000000002,23.24561403508772,49.99999999999999,44.927536231884055,49.999999999999986,34.34343434343434,49.99999999999999,51.66666666666666,50.0,38.49622472349966,68.83116883116882,85.24203069657614,50.0,87.6114081996435,50.000000000000014,88.62781954887218,49.99999999999999,89.58333333333334,50.0,89.70588235294119,53.76623376623377,88.15409482627328,51.883116883116884,63.32515977488647,1.018250773049673
33.0,50.34602076124568,48.673587081891576,48.21633237822351,48.438395415472776,50.81300813008129,40.89129780186691,51.04413507109007,47.18601895734597,45.84033613445374,56.470588235294116,49.25196649501886,48.33197749837427,67.90488922841864,79.49088726399651,53.59048537447764,75.77199185685204,49.289071680376026,70.04465334900118,46.89655172413793,69.07135541140322,48.976895661791815,68.88288066855105,53.33157873384041,72.65235370996079,51.29177261442963,60.49216560416753,1.0271534075721827,50.0,39.361702127659576,50.00000000000002,23.24561403508772,49.99999999999999,44.927536231884055,49.999999999999986,34.00673400673401,49.99999999999999,51.66666666666666,50.0,38.6416506136064,67.53246753246752,85.36009445100355,50.0,87.87878787878789,50.000000000000014,88.53383458646617,49.99999999999999,89.71354166666667,50.0,89.91596638655463,53.506493506493506,88.28044499389577,51.753246753246756,63.461047803751086,1.0151944488209828
34.0,44.96347558631296,46.5205690119185,48.7893982808023,44.31232091690545,49.36766034327009,45.377898223426676,46.971267772511865,34.241706161137444,48.61344537815123,39.03361344537815,47.74104947220969,41.89722155175324,66.11917494270435,76.92349667139582,51.78934961962924,75.90271081110038,49.50646298472386,73.46415981198591,49.55786958006146,64.02867872994196,49.21961410839376,67.69079513334152,53.23849424710254,71.60196823155312,50.489771859656116,56.749594891653174,1.0388270235247121,50.0,40.42553191489361,50.00000000000002,24.12280701754386,49.99999999999999,44.927536231884055,49.999999999999986,34.00673400673401,49.99999999999999,51.66666666666666,50.0,39.02985516754444,74.02597402597402,85.47815820543093,50.0,87.70053475935829,50.000000000000014,88.53383458646617,49.99999999999999,89.97395833333334,50.0,90.12605042016808,54.80519480519481,88.36250726095136,52.40259740259741,63.6961812142479,1.0133243621698849
35.0,50.34602076124568,38.369857747020376,51.0028653295129,56.86246418338109,48.961156278229446,46.10057211683228,50.66646919431281,46.46030805687204,50.04201680672266,37.47899159663866,50.203705674004695,45.05443874014889,67.2746371275783,81.22885517843501,54.57087753134038,79.90356798457088,48.854289071680384,74.7144535840188,49.66370775008536,69.9692727893479,46.202531645569614,65.33120314612265,53.31320862525081,74.22947053649905,51.75845714962775,59.641954638323966,1.0286236089220595,50.0,40.42553191489361,50.00000000000002,24.12280701754386,49.99999999999999,44.927536231884055,49.999999999999986,34.00673400673401,49.99999999999999,51.66666666666666,50.0,39.02985516754444,72.07792207792207,85.71428571428571,54.545454545454554,87.70053475935829,50.000000000000014,88.34586466165413,49.99999999999999,90.10416666666667,50.0,90.33613445378153,55.32467532467533,88.44019725114927,52.66233766233766,63.735026209346856,1.0108246625794512
36.0,50.17301038062284,62.668204536716644,46.00286532951291,48.48137535816619,50.180668473351375,56.09756097560975,50.33323459715642,43.40936018957346,50.126050420168035,52.941176470588225,49.363165840162324,52.71953550613085,67.60886172650878,78.42409691149187,54.23979427836706,79.8264223722276,50.857814336075215,73.39130434782608,48.9655172413793,76.92386480027312,49.36708860759494,71.19945926016959,54.20781523798506,75.95302953839766,51.78549053907369,64.33628252226426,1.007255650442316,50.0,40.42553191489361,50.00000000000002,24.12280701754386,49.99999999999999,44.927536231884055,49.999999999999986,34.00673400673401,49.99999999999999,52.5,50.0,39.19652183421111,75.97402597402596,85.47815820543093,54.545454545454554,87.61140819964349,50.000000000000014,88.34586466165413,49.99999999999999,90.36458333333333,50.0,90.33613445378153,56.103896103896105,88.42722977076869,53.05194805194805,63.8118758024899,1.0055404116670694
37.0,50.17301038062284,45.71318723567859,51.28939828080231,40.44412607449856,47.51580849141824,44.35411020776875,49.95556872037917,39.084715639810426,50.08403361344534,65.04201680672269,49.80356389733358,46.92763119289581,67.16959511077157,78.85245007093746,57.83563698703523,79.64427300975035,50.53466509988249,76.66745005875441,47.586206896551715,74.49641515875726,46.44525009217157,61.33095735529065,53.914270837282515,74.19830913069804,51.85891736730805,60.562970161796926,1.0184454677017827,50.0,40.42553191489361,50.00000000000002,24.12280701754386,49.99999999999999,46.37681159420289,49.999999999999986,34.00673400673401,49.99999999999999,52.5,50.0,39.48637690667488,79.87012987012986,85.8323494687131,54.545454545454554,87.96791443850267,50.000000000000014,88.34586466165413,49.99999999999999,90.625,50.0,90.54621848739497,56.883116883116884,88.66346941125298,53.44155844155844,64.07492315896393,1.0014863444934536
38.0,51.03806228373703,61.05344098423683,48.502865329512915,47.49283667621776,51.21951219512193,60.04215597711533,50.09626777251187,43.97215639810427,48.65546218487392,48.27731092436975,49.90243395315154,52.16758019200879,69.78609625668449,79.2016806722689,54.40372870459657,82.0486445944498,48.90129259694477,77.86603995299647,48.770911573916,73.85797200409696,48.58670271598869,68.9627626889517,54.089746369626106,76.38741998255277,51.99609016138882,64.27750008728079,1.0051008525480052,50.0,40.42553191489361,50.00000000000002,25.0,49.99999999999999,47.10144927536231,49.999999999999986,33.33333333333333,49.99999999999999,52.5,50.0,39.67206290471785,77.9220779220779,85.71428571428572,56.81818181818182,87.96791443850267,50.000000000000014,88.25187969924812,49.99999999999999,90.625,50.0,90.75630252100841,56.94805194805194,88.66307647460899,53.47402597402597,64.16756968966342,0.9967131445235263
39.0,50.69204152249136,43.21414840445982,52.00573065902581,51.948424068767906,50.99367660343269,51.550737729599504,52.13270142180097,47.83767772511848,48.613445378151226,57.647058823529406,50.88751911698041,50.43960935029503,68.85981665393429,78.72694532358398,58.48601735776274,81.84720882888674,50.74618096357227,78.69800235017625,47.488904062820076,79.4947080914988,50.0,74.60366228339683,55.11618380761788,78.67410537550852,53.00185146229914,64.55685736290178,0.9979895103532928,50.0,40.42553191489361,50.00000000000002,25.0,49.99999999999999,47.10144927536231,49.999999999999986,32.99663299663299,49.99999999999999,52.5,50.0,39.604722837377786,77.27272727272727,85.71428571428572,58.11051693404635,87.96791443850267,50.000000000000014,88.25187969924812,49.99999999999999,91.015625,50.0,90.96638655462186,57.076648841354725,88.78321828133167,53.53832442067736,64.19397055935472,0.9910444072344933
40.0,50.69204152249136,61.09188773548635,51.146131805157616,38.51002865329512,50.18066847335139,48.81059921710328,51.51806872037916,39.588270142180086,50.08403361344534,50.3781512605042,50.724188826964976,47.675787401713805,68.56378915202444,78.16217396049329,58.32636879888565,81.48076717025607,50.74618096357227,79.26674500587544,46.70194605667463,76.02936155684534,45.42214575396338,75.30416615460244,53.952086145024076,78.04864276961452,52.33813748599452,62.86221508566416,1.0044091928231198,50.0,39.36170212765957,50.00000000000002,25.0,49.99999999999999,47.10144927536231,49.999999999999986,31.986531986531986,49.99999999999999,53.333333333333336,50.0,39.35660334457744,79.87012987012986,85.8323494687131,62.655971479500906,87.78966131907309,53.571428571428584,87.96992481203007,49.99999999999999,91.27604166666666,50.0,90.96638655462186,59.21950598421188,88.76687276422096,54.60975299210594,64.0617380543992,0.9857561105512731
41.0,50.69204152249136,61.36101499423299,52.2922636103152,41.89111747851003,52.032520325203244,58.657031014754594,51.99200236966826,50.31101895734598,49.30672268907559,49.159663865546214,51.26311010335073,52.275969262077965,72.1829640947288,79.86194477791115,59.95071252544732,80.67288117432764,52.044653349001194,81.48061104582844,48.77091157391602,81.2393308296347,47.711072876981696,74.4377534717955,56.132062884015,79.5385042598995,53.69758649368286,65.90723676098872,0.9918684182228841,50.0,39.36170212765957,50.00000000000002,25.438596491228072,49.99999999999999,47.826086956521735,49.999999999999986,32.32323232323232,49.99999999999999,53.333333333333336,50.0,39.656590246395005,77.9220779220779,85.71428571428572,69.47415329768272,87.70053475935828,53.571428571428584,87.96992481203007,49.99999999999999,91.40625,50.0,90.96638655462186,60.19353195823785,88.75147636805919,55.09676597911893,64.20403330722709,0.9797721255950972
42.0,51.73010380622838,70.54978854286813,52.72206303724931,54.78510028653295,45.43812104787713,54.80277024992473,49.00770142180097,43.26125592417062,52.331932773109216,50.84033613445379,50.245984417253,54.84785022759004,70.94155844155843,77.90025100949471,63.71263259402118,82.91867566698811,53.660399529964764,82.52643948296124,49.27449641515876,79.5083646295664,47.32087993117858,76.92638564581542,56.981993382376345,79.95602328696518,53.61398889981467,67.40193675727761,0.9836671255940838,50.0,40.42553191489362,50.00000000000002,25.438596491228072,49.99999999999999,47.826086956521735,49.999999999999986,32.32323232323232,49.99999999999999,53.333333333333336,50.0,39.86935620384182,77.27272727272727,86.18654073199528,72.37076648841357,87.6114081996435,53.571428571428584,88.06390977443608,49.99999999999999,91.40625,50.0,90.96638655462186,60.64298446651388,88.84689905213935,55.32149223325694,64.35812762799058,0.9736687049863769
43.0,51.73010380622839,45.136485966935794,49.648997134670516,51.37535816618911,48.7353206865402,57.302017464619084,51.75503554502371,45.15699052132701,48.6974789915966,52.81512605042017,50.11338723281188,50.35719563389823,68.67838044308631,76.02586489141112,62.55866280938602,82.49223186542378,55.22914218566394,82.427732079906,46.85216797541823,84.33595083646296,48.58670271598871,81.67629347425341,56.38101122590865,81.39161462949144,53.24719922936026,65.87440513169483,0.9808718433917623,50.0,40.42553191489362,50.00000000000002,25.438596491228072,49.99999999999999,46.37681159420289,49.999999999999986,32.32323232323232,49.99999999999999,52.5,50.0,39.41283446471138,75.32467532467531,86.0094451003542,77.2281639928699,87.6114081996435,62.500000000000014,87.96992481203007,53.125,91.92708333333334,50.0,90.75630252100841,63.63556786350904,88.8548327932739,56.81778393175452,64.13383362899265,0.9667381437994076
44.0,46.00153787004999,52.24913494809689,50.365329512894,47.20630372492837,46.25112917795845,42.39686841312857,50.33323459715642,42.31338862559241,52.373949579831894,53.99159663865546,49.065036147578155,47.63145847008034,70.52139037433153,76.27960275019099,66.6441658630665,81.75720561448621,57.98472385428908,84.87661574618097,49.96415158757255,84.20962785933767,48.777190610790214,81.09254024824875,58.778324458009976,81.64311844368892,53.921680302794066,64.63728845688463,0.9800811048074168,50.0,40.42553191489362,50.00000000000002,25.438596491228072,49.99999999999999,47.10144927536232,49.999999999999986,31.986531986531986,49.99999999999999,51.66666666666666,50.0,39.32375526693653,78.57142857142857,86.06847697756788,77.54010695187168,87.61140819964349,67.85714285714286,87.96992481203007,53.125,92.05729166666667,50.0,90.75630252100841,65.41873567608862,88.8926808353833,57.70936783804431,64.10821805115992,0.9602955818002505
45.0,51.38408304498271,45.82852748942714,52.86532951289401,52.421203438395416,50.180668473351396,61.547726588376996,53.650770142180114,49.007701421800945,49.39075630252097,52.01680672268907,51.494321495185844,52.16439313213791,73.47211611917494,78.42955363963767,67.78527804564446,83.62584378013501,60.62867215041129,85.50176263219743,52.48378286104472,87.37794469102082,44.3990414157552,77.91569374462333,59.753778118406125,82.57015969752285,55.62404980679598,67.36727641483039,0.9648292201078195,50.0,40.42553191489362,50.00000000000002,25.438596491228072,49.99999999999999,47.10144927536232,49.999999999999986,31.986531986531986,49.99999999999999,50.83333333333333,50.0,39.157088600269866,78.57142857142857,87.1310507674144,77.85204991087345,87.61140819964349,69.64285714285714,87.96992481203007,53.125,92.05729166666667,52.94117647058824,90.96638655462186,66.42650241914947,89.14721240007529,58.213251209574736,64.15215050017258,0.9522838655759738
46.0,52.422145328719715,60.05382545174933,52.227793696275086,58.853868194842406,46.883468834688344,43.601324902137904,50.28880331753556,46.29739336492891,50.168067226890734,45.96638655462185,50.39805568082189,50.95455969365609,69.29908326967148,75.1500600240096,71.70041787206685,83.89156755598414,58.249118683901315,86.05640423031727,53.04028678729943,87.34038921133492,49.167383556593336,83.81467371267051,60.29125803390648,83.25061894686328,55.344656857364185,67.10258932025968,0.9654996255683475,50.0,40.42553191489362,50.00000000000002,25.877192982456144,49.99999999999999,47.826086956521735,49.999999999999986,31.986531986531986,49.99999999999999,50.83333333333333,50.0,39.389735434747365,78.57142857142857,87.83943329397874,79.14438502673798,87.07664884135473,74.15413533834587,87.96992481203007,59.375,92.1875,52.94117647058824,91.1764705882353,68.83722508142013,89.24999550711976,59.418612540710065,64.31986547093356,0.9452621984885016
47.0,47.039600153787006,43.1757016532103,52.72206303724931,45.573065902578804,49.14182475158083,51.40018066847335,51.09597156398107,45.023696682464454,51.554621848739465,50.42016806722689,50.31081627106754,47.11856259479076,70.1776165011459,77.4718978500491,73.16939890710381,84.50658952105432,64.94712103407757,86.52643948296122,53.19050870604302,87.25844998292933,48.03981811478432,84.59505960427676,61.90489265263093,84.07168728825414,56.10785446184923,65.59512494152244,0.9621605918289514,50.0,40.42553191489362,50.00000000000002,26.315789473684216,49.99999999999999,47.826086956521735,49.999999999999986,31.64983164983165,49.99999999999999,50.83333333333333,50.0,39.410114665652905,77.9220779220779,87.83943329397874,79.45632798573976,86.89839572192514,81.76691729323309,87.96992481203007,62.5,92.31770833333334,52.94117647058824,91.38655462184875,70.9172999343278,89.28240335662322,60.4586499671639,64.34625901113806,0.9389826214117136
48.0,42.1760861207228,50.36524413687044,44.44126074498569,41.77650429799427,51.580849141824736,59.741041854863,49.91113744075831,38.18127962085308,50.8613445378151,48.655462184873954,47.79413559722133,47.74390641909095,67.30328495034377,75.88944668776601,71.0425372334726,83.51655416264867,66.45710928319626,85.27379553466513,55.07340389211335,88.17343803345852,46.62652083077301,84.82856089467863,61.300571237979796,83.53635906264338,54.54735341760056,65.64013274086716,0.9593084117885585,50.0,40.42553191489362,50.00000000000002,26.315789473684216,49.99999999999999,47.826086956521735,49.999999999999986,31.64983164983165,49.99999999999999,50.83333333333333,50.0,39.410114665652905,77.27272727272727,88.19362455726092,78.47593582887701,86.63101604278076,80.45112781954889,87.87593984962406,64.0625,92.44791666666667,55.882352941176464,91.38655462184875,71.22892877246593,89.30701034763624,60.61446438623297,64.35856250664457,0.9319983443924901
49.0,46.69357939254133,59.32333717800846,51.9412607449857,45.8595988538682,46.65763324299909,46.01023788015658,47.54146919431281,37.277843601895725,47.962184873949546,49.78991596638656,48.159225489757695,47.65218669606311,69.48051948051946,72.64815016915858,69.397835636987,81.17004178720669,67.57931844888367,84.6792009400705,60.17412086036189,87.56230795493343,46.62652083077301,90.21752488632173,62.65166305150501,83.25544514753818,55.40544427063135,65.45381592180064,0.9527855779662506,50.0,41.48936170212766,50.00000000000002,26.315789473684216,49.99999999999999,47.826086956521735,49.999999999999986,31.313131313131315,49.99999999999999,50.83333333333333,50.0,39.55554055575965,75.97402597402596,88.90200708382527,76.51515151515152,86.09625668449198,79.13533834586467,87.5,71.875,92.578125,58.82352941176471,91.38655462184875,72.46460904936137,89.2925886780332,61.232304524680686,64.42406461689643,0.9259184489672458
50.0,54.15224913494809,56.78585159554017,49.58452722063039,49.770773638968485,52.21318879855463,55.10388437217705,53.13240521327016,41.91350710900474,52.373949579831894,48.865546218487395,52.29126398944703,50.48791258683557,69.30863254392666,75.32467532467533,71.84720882888672,81.93292617593485,70.44065804935371,87.43125734430082,60.1297371116422,87.98907476954592,53.4748678874278,85.39387980828315,65.04022088424742,83.61436268454801,58.665742436847225,67.05113763569179,0.9397501617137434,50.0,41.48936170212766,50.00000000000002,26.315789473684216,49.99999999999999,47.826086956521735,49.999999999999986,31.313131313131315,49.99999999999999,50.83333333333333,50.0,39.55554055575965,75.97402597402596,88.90200708382527,75.53475935828878,86.18538324420678,76.50375939849624,87.21804511278195,75.0,92.578125,61.764705882352935,91.38655462184875,72.95545012263278,89.25402301253254,61.47772506131639,64.4047817841461,0.9180581810324856
51.0,53.287197231833915,65.97462514417532,48.51719197707738,41.289398280802295,52.21318879855463,56.97079193014153,45.69757109004741,32.83471563981043,57.47899159663861,58.36134453781513,51.43882813883039,51.08617510654894,71.38082505729564,77.12266724871768,75.44412300439298,83.17797064180864,72.3325499412456,86.5969447708578,58.95356777057016,89.58347558893821,55.95428290524763,86.73343984269387,66.8130697357504,84.64289961860325,59.125948937290396,67.8645373625761,0.935486932813114,50.0,41.48936170212766,50.00000000000002,26.315789473684216,49.99999999999999,47.826086956521735,49.999999999999986,31.64983164983165,49.99999999999999,50.83333333333333,50.0,39.62288062309972,74.67532467532467,89.02007083825265,77.80748663101605,86.18538324420678,75.18796992481204,86.93609022556392,82.8125,92.578125,64.70588235294117,91.38655462184875,75.03783271681878,89.22124478597442,62.51891635840939,64.42206270453707,0.9121650676719032
52.0,49.80776624375241,52.36447520184544,54.663323782234976,43.853868194842406,48.91598915989159,55.043661547726586,52.184537914691965,48.622630331753555,56.70168067226887,58.02521008403362,52.454659554567954,51.581969072040316,71.50496562261267,74.11328167630688,75.27697417764918,81.94149791063965,71.8918918918919,86.01410105757932,67.40525776715603,89.180607715944,56.7254516406538,89.62148211871698,68.56090821999271,84.17419409583736,60.50778388728033,67.87808158393884,0.9247478051385265,50.0,41.48936170212766,50.00000000000002,25.877192982456144,49.99999999999999,48.55072463768116,49.999999999999986,31.64983164983165,49.99999999999999,50.83333333333333,50.0,39.680088861085984,74.67532467532467,89.02007083825265,76.82709447415331,86.36363636363636,75.65789473684211,86.74812030075188,80.72916666666666,92.578125,64.70588235294117,91.38655462184875,74.51907258118558,89.21930142489794,62.25953629059279,64.44969514299196,0.9038923016732703
53.0,48.25067281814688,54.786620530565166,50.444126074498584,40.87392550143266,48.91598915989159,47.81692261367058,46.78613744075831,33.649289099526065,48.823529411764675,47.647058823529406,48.64409098101201,44.95476331374478,68.31550802139037,75.69027611044417,72.1600771456123,79.80499303546556,73.13748531139838,86.97297297297298,65.93717992488905,89.46398088084672,59.352341157674815,86.64126828069311,67.78051831219298,83.71469825608452,58.2123046466025,64.33473078491465,0.9383600293992901,50.0,41.48936170212766,50.00000000000002,25.438596491228072,49.99999999999999,48.55072463768116,49.999999999999986,31.986531986531986,49.99999999999999,49.16666666666667,50.0,39.326376296847116,74.02597402597402,89.37426210153482,79.09982174688058,86.45276292335116,76.12781954887218,85.80827067669172,82.29166666666666,92.578125,76.47058823529412,91.38655462184875,77.60317404473751,89.1199950646853,63.80158702236876,64.2231856807662,0.9002334133255684
54.0,55.19031141868512,60.438292964244525,53.94699140401148,46.4756446991404,51.35501355013549,53.53809093646491,58.01244075829385,45.57168246445497,47.39495798319325,51.84873949579831,53.17994302286384,51.57449011202063,69.2131398013751,75.05183891738514,75.43019393549767,79.9228543876567,74.25969447708579,86.33607520564043,69.6415158757255,88.95527483782861,59.29089344967433,87.6858793167015,69.56708750787168,83.59038453304248,61.37351526536776,67.58243732253155,0.9131006942605213,50.0,41.48936170212766,50.00000000000002,25.438596491228072,49.99999999999999,48.55072463768116,49.999999999999986,31.313131313131308,49.99999999999999,49.16666666666667,50.0,39.19169616216698,74.02597402597402,89.02007083825265,78.11942959001783,86.45276292335116,74.81203007518798,85.80827067669172,80.20833333333331,92.578125,76.47058823529412,91.38655462184875,76.72727105196145,89.04915681202885,63.363635525980726,64.12042648709792,0.8933388617180168
55.0,43.5601691657055,46.55901576316801,47.59312320916907,42.67908309455588,55.01355013550134,53.74887082204156,51.05154028436021,44.46090047393365,48.781512605041975,46.72268907563025,49.19997907995562,46.83411184586588,69.7383498854087,74.32336570992032,75.9209257473481,81.76363441551484,72.35605170387781,84.117508813161,66.14885626493684,89.58347558893821,64.34496743271477,89.76895661791815,69.70183020685724,83.9113882290905,59.45090464340643,65.3727500374782,0.9254767973681582,50.0,40.42553191489362,50.00000000000002,25.438596491228072,49.99999999999999,48.55072463768116,49.999999999999986,31.313131313131308,49.99999999999999,49.16666666666667,50.0,38.978930204720164,74.02597402597402,88.78394332939789,78.11942959001783,86.45276292335116,74.81203007518798,85.33834586466166,79.68749999999999,92.578125,80.88235294117646,91.38655462184875,77.50545732647126,88.90794634785189,63.75272866323563,63.94343827628603,0.8892570050014157
56.0,50.15378700499809,42.29142637447135,53.59598853868196,54.61318051575931,42.72809394760613,37.00692562481181,48.77813981042656,38.19609004739337,42.415966386554594,46.38655462184874,47.53439513765347,43.69883543685692,70.5309396485867,71.37673251118629,74.28051001821491,80.23143683702989,74.24206815511167,83.53701527614571,73.15978149539093,90.80573574598839,66.3389455573307,88.05456556470442,71.71044897492698,82.80109718701094,59.62242205629022,63.24996631193393,0.927699502150527,50.0,41.48936170212766,50.00000000000002,25.438596491228072,49.99999999999999,48.55072463768116,49.999999999999986,31.986531986531986,49.99999999999999,49.16666666666667,50.0,39.326376296847116,74.02597402597402,88.78394332939789,78.11942959001783,85.91800356506238,73.49624060150377,85.43233082706767,77.60416666666666,92.70833333333334,78.781512605042,91.38655462184875,76.40546469784087,88.84583313534202,63.202732348920435,64.08610471609457,0.8863146743146494
57.0,34.698193002691276,42.29142637447136,44.23352435530088,40.95988538681949,50.94850948509484,56.54923215898826,46.88240521327016,36.611374407582936,53.9285714285714,50.168067226890756,46.13824069698571,45.31599711095056,70.44499618029029,74.94543271854197,71.81935069109609,80.28929604628738,77.06227967097536,86.50763807285546,73.16831683168317,88.84602253328782,66.86739584613494,87.66130023350128,71.87246784403597,83.64993792089479,59.005354270510836,64.48296751592267,0.9247723559589772,50.0,40.42553191489362,50.00000000000002,25.438596491228072,49.99999999999999,48.55072463768116,49.999999999999986,31.313131313131308,49.99999999999999,49.16666666666667,50.0,38.978930204720164,74.02597402597402,88.66587957497049,78.11942959001783,85.650623885918,75.28195488721805,85.24436090225565,79.16666666666666,92.96874999999999,80.25210084033613,91.80672268907563,77.36922520204254,88.86726741044396,63.68461260102127,63.923098807582065,0.8831860850523009
58.0,45.80930411380238,59.976931949250286,51.23925501432666,51.10315186246418,48.464317976513094,48.900933453778975,57.775473933649316,48.84478672985782,51.72268907563022,52.352941176470594,51.00220802278434,52.23574903436437,71.30443086325438,73.33842627960276,73.13082610093214,79.39783563698704,73.4253819036428,84.95887191539366,73.71628542164562,91.0891089108911,67.59555118594078,89.7873909303183,71.83449509508316,83.71432673463856,61.41835155893375,67.97503788450146,0.9024207787452106,50.0,39.36170212765957,50.00000000000002,25.438596491228072,49.99999999999999,48.55072463768116,49.999999999999986,31.313131313131308,49.99999999999999,49.16666666666667,50.0,38.76616424727335,74.02597402597402,88.66587957497048,78.11942959001783,85.47237076648841,75.28195488721805,85.15037593984962,79.16666666666666,92.96874999999999,80.25210084033613,92.01680672268907,77.36922520204254,88.85483660079953,63.68461260102127,63.81050042403644,0.8766941316892751
59.0,52.40292195309496,53.90234525182622,46.812320916905456,38.81088825214899,47.83197831978319,51.76151761517615,48.593009478673004,46.252962085308056,44.4957983193277,44.03361344537815,48.02720579755686,46.95226532996751,70.9702062643239,75.26192295099858,73.94621236472729,81.40147862423659,75.8166862514689,85.66862514688603,73.42437692045067,90.34824172072379,63.26041538650608,88.0607103355045,71.48357943749537,84.14819575566989,59.75539261752611,65.5502305428187,0.9142675977571275,50.0,39.36170212765957,50.00000000000002,25.0,49.99999999999999,47.826086956521735,49.999999999999986,31.313131313131308,49.99999999999999,49.16666666666667,50.0,38.53351741279586,74.02597402597402,88.66587957497048,78.11942959001783,85.47237076648841,75.28195488721805,85.05639097744361,80.72916666666666,93.09895833333333,76.68067226890756,91.59663865546219,76.96743948775682,88.7780476615396,63.48371974387841,63.65578253716773,0.8748464296346627
60.0,57.26643598615918,57.70857362552865,51.66905444126076,49.26934097421204,54.83288166214994,53.77898223426678,51.05154028436021,42.90580568720379,50.33613445378149,45.714285714285715,53.03120936554232,49.8753976470994,71.19938884644766,74.21423114700426,73.94514089788919,81.61577199185686,71.79200940070507,83.53936545240894,73.17685216797541,90.8808467053602,72.25943222317808,89.4494285363156,72.47456470723908,83.93992876658918,62.7528870363907,66.90766320684429,0.9013652202999157,50.0,39.36170212765957,50.00000000000002,25.0,49.99999999999999,47.826086956521735,49.999999999999986,31.313131313131308,49.99999999999999,49.16666666666667,50.0,38.53351741279586,73.37662337662337,88.5478158205431,78.11942959001783,85.20499108734403,77.06766917293233,84.86842105263158,80.72916666666666,93.09895833333333,78.15126050420167,90.7563025210084,77.48882986208837,88.49529776297209,63.74441493104418,63.51440758788397,0.8715517219448697
61.0,45.63629373317954,48.519800076893496,49.45558739255016,42.12034383954154,51.94218608852753,56.187895212285454,53.79887440758295,50.42950236966824,47.39495798319325,43.65546218487395,49.645579921006686,48.18260073665253,70.76012223071045,76.97806395285387,72.1429336762027,82.7600985749491,74.71797884841367,84.67920094007052,69.53397063844315,87.24820757937863,63.92712301831141,89.7382327639179,70.21642568241629,84.280760762234,59.931002801711486,66.23168074944326,0.9104497898680841,50.0,38.297872340425535,50.00000000000002,25.0,49.99999999999999,47.826086956521735,49.999999999999986,31.313131313131308,49.99999999999999,49.16666666666667,50.0,38.320751455349054,73.37662337662337,88.5478158205431,78.11942959001783,85.38324420677361,75.75187969924812,84.9624060150376,80.72916666666666,93.359375,79.62184873949579,91.59663865546219,77.51978961441037,88.7698959395633,63.759894807205185,63.545323697456176,0.8697657359303705
62.0,51.36485966935794,64.51364859669357,49.45558739255016,42.85100286532951,47.42547425474254,43.812104787714546,47.408175355450254,43.4686018957346,56.78571428571425,52.352941176470594,50.48796219156303,49.39965986438857,69.79564553093964,72.23889555822329,73.29047465980926,80.85503053680489,72.86721504112809,83.51351351351352,75.70501877773985,89.9624445203141,70.10876244316086,88.61988447830896,72.35342329055553,83.03795372143296,61.42069274105928,66.21880679291075,0.9040363229380215,50.0,38.297872340425535,50.00000000000002,25.0,49.99999999999999,47.10144927536232,49.999999999999986,31.313131313131308,49.99999999999999,49.16666666666667,50.0,38.17582391911717,73.37662337662337,88.4297520661157,78.11942959001783,85.29411764705883,75.75187969924812,84.68045112781955,80.72916666666666,93.22916666666667,79.62184873949579,91.59663865546219,77.51978961441037,88.64602523262458,63.759894807205185,63.41092457587088,0.8666348688812795
63.0,50.6728181468666,62.82199154171473,48.595988538681965,39.81375358166189,41.23757904245709,41.312857573020175,46.223341232227504,41.8542654028436,52.54201680672266,53.06722689075632,47.854348753391164,47.774018997999335,69.0794499618029,78.49503437738731,73.45440908603877,81.1700417872067,76.12220916568745,83.97414806110459,74.7678388528508,89.5288494366678,71.07963622956865,88.37409364630699,72.90070865918972,84.30843346173467,60.37752870629044,66.041226229867,0.9046828214265668,50.0,38.297872340425535,50.00000000000002,25.0,49.99999999999999,47.10144927536232,49.999999999999986,31.313131313131308,49.99999999999999,49.16666666666667,50.0,38.17582391911717,72.72727272727273,88.4297520661157,78.11942959001783,85.11586452762924,77.53759398496241,84.86842105263159,82.29166666666666,92.96875,82.56302521008404,91.80672268907563,78.64779763580074,88.63790206709044,64.32389881790037,63.4068629931038,0.8644890508775918
64.0,58.47750865051903,48.01999231064975,47.81518624641835,40.5730659025788,48.64498644986449,41.884974405299616,54.03584123222751,47.58590047393365,56.78571428571424,52.85714285714285,53.15184737294872,46.18421518992093,70.97020626432392,73.55669540543491,73.61727204543018,77.48419586413802,76.28672150411283,84.01645123384253,73.44144759303516,88.8255377261864,68.74769571094998,89.57232395231658,72.61266862357041,82.69104083638368,62.88225799825957,64.4376280131523,0.8997295063090017,50.0,38.297872340425535,50.00000000000002,24.56140350877193,49.99999999999999,46.3768115942029,49.999999999999986,31.313131313131308,49.99999999999999,49.16666666666667,50.0,37.94317708463967,73.37662337662337,88.4297520661157,78.11942959001783,85.07130124777184,75.75187969924812,84.77443609022556,82.29166666666666,92.96875,81.0924369747899,91.59663865546219,78.12640726146918,88.56817561191505,64.06320363073459,63.25567634827736,0.8592601177086171
65.0,47.193387158785086,46.174548250672814,47.60744985673354,39.94269340974212,47.19963866305329,45.859680819030416,56.30924170616116,47.79324644549763,45.27310924369745,42.26890756302521,48.7165653256861,44.40781529759364,69.49961802902978,74.55527665611699,72.79759991428263,79.35069109611058,75.74030552291423,86.6439482961222,74.9180607715944,88.62410378968931,71.42681577977142,86.91778296669534,72.87648000351848,83.21836056094689,60.79652266460229,63.81308792927027,0.9061945448861423,50.0,38.297872340425535,50.00000000000002,24.56140350877193,49.99999999999999,45.652173913043484,49.999999999999986,31.313131313131308,49.99999999999999,49.16666666666667,50.0,37.79824954840778,72.72727272727273,88.4297520661157,78.11942959001783,85.20499108734403,75.75187969924812,84.86842105263159,82.29166666666666,92.83854166666667,82.56302521008404,91.17647058823529,78.29065477865788,88.50363529219867,64.14532738932894,63.150942420303224,0.8574815805958194
66.0,56.747404844290664,58.246828143021915,52.17765042979945,49.54154727793696,54.20054200542004,60.40349292381813,50.533175355450254,38.49229857819905,55.39915966386552,59.49579831932773,53.81158645976518,53.23599304846075,70.35905271199388,73.36025319218597,72.63366548805313,82.31436837029892,76.01057579318451,85.50176263219741,73.98088084670536,90.1092523045408,67.91507926754332,86.75187415509401,72.17985082149605,83.60750213086342,62.99571864063061,68.42174758966209,0.8815769887148349,50.0,38.297872340425535,50.00000000000002,24.12280701754386,49.99999999999999,44.927536231884055,49.999999999999986,31.313131313131308,49.99999999999999,49.16666666666667,50.0,37.56560271393029,72.72727272727273,88.19362455726093,78.11942959001783,85.42780748663101,75.75187969924812,84.86842105263159,82.29166666666666,92.578125,82.56302521008404,91.17647058823529,78.29065477865788,88.44888973695177,64.14532738932894,63.00724622544103,0.8533099061046433
67.0,53.61399461745483,61.553248750480584,49.82091690544414,50.47277936962751,53.3423667570009,53.68864799759109,52.56960900473935,41.78021327014218,54.57983193277307,43.403361344537814,52.78534384348245,50.179650146475836,69.18449197860963,74.96998799519807,71.49041037179897,78.61995071252544,74.49471210340776,83.70387779083431,74.42301126664391,90.1126664390577,73.07361435418458,88.38023841710704,72.53324801492899,83.1573442709445,62.65929592920572,66.66849720871016,0.8900824911865952,50.0,38.297872340425535,50.00000000000002,23.684210526315788,49.99999999999999,44.927536231884055,49.999999999999986,31.313131313131308,49.99999999999999,49.16666666666667,50.0,37.47788341568467,72.72727272727273,88.07556080283354,78.11942959001783,85.38324420677361,75.75187969924812,84.9624060150376,82.29166666666666,92.31770833333334,82.56302521008404,90.7563025210084,78.29065477865788,88.29904437579731,64.14532738932894,62.88846389574099,0.8509635324096658
68.0,60.553633217993074,54.90196078431373,55.967048710601745,60.300859598853876,50.090334236675695,49.89461005721168,51.00710900473936,36.34478672985782,53.19327731092434,53.90756302521008,54.16228049618684,51.06995603908943,69.0794499618029,76.17592491542071,74.4337297760634,79.33569056037716,72.75558166862515,83.54876615746181,72.99931717309661,89.54592010925231,72.3884724099791,88.92712301831142,72.33131019791344,83.50668495216468,63.24679534705014,67.28832049562706,0.8880942725577914,50.0,38.297872340425535,50.00000000000002,23.684210526315788,49.99999999999999,43.47826086956522,49.999999999999986,30.63973063973064,49.99999999999999,49.16666666666667,50.0,37.053348208540775,72.72727272727273,88.07556080283354,78.11942959001783,85.38324420677361,77.53759398496241,84.86842105263159,82.29166666666666,92.31770833333334,82.56302521008404,90.96638655462185,78.64779763580074,88.3222641900388,64.32389881790037,62.68780619928978,0.8493410589857318
69.0,47.36639753940792,52.479815455594,52.46418338108884,42.44985673352436,48.23848238482384,45.709123757904244,47.785841232227504,45.823459715639814,46.00840336134451,48.02521008403362,48.37266157977852,46.89749314933921,71.09434682964094,74.17876241405654,75.41840780027856,80.75002678667096,74.6533490011751,84.56639247943596,74.03379993171731,86.98190508706043,68.05333661054443,86.18041047068942,72.65064803467126,82.53149944758266,60.51165480722489,64.71449629846094,0.898606176467586,50.0,38.297872340425535,50.00000000000002,23.24561403508772,49.99999999999999,42.753623188405804,49.999999999999986,30.63973063973064,49.99999999999999,49.16666666666667,50.0,36.820701374063276,72.07792207792207,88.07556080283354,78.11942959001783,85.38324420677361,76.22180451127821,84.68045112781955,82.29166666666666,92.31770833333334,84.03361344537815,90.54621848739495,78.54888725825258,88.200636591631,64.2744436291263,62.510668982847136,0.8488831229519375
70.0,59.515570934256054,57.36255286428297,51.461318051575944,57.19197707736389,52.93586269196023,51.09906654622102,44.89780805687205,37.574052132701425,39.55882352941175,38.403361344537814,49.67387665281521,48.32620199302143,69.81474407944995,75.12277638328058,74.59659273545482,78.87495981999358,74.97649823736782,84.66509988249119,74.63468760669171,90.238989416183,75.69128671500553,89.39412559911514,73.94276187479397,83.6591902202127,61.80831926380459,65.99269610661706,0.8817887861368378,50.0,38.297872340425535,50.00000000000002,22.80701754385965,49.99999999999999,42.753623188405804,49.999999999999986,30.303030303030297,49.99999999999999,49.16666666666667,50.0,36.6656420084776,72.07792207792207,88.19362455726092,78.11942959001783,85.65062388591801,76.22180451127821,84.77443609022556,82.29166666666666,92.31770833333334,84.03361344537815,90.44117647058823,78.54888725825258,88.27551386746521,64.2744436291263,62.4705779379714,0.846847422860571
71.0,58.65051903114187,67.62783544790464,55.74498567335245,45.22922636103152,43.08943089430894,37.33815115928937,56.879443127962105,48.34123222748815,54.70588235294114,56.89075630252102,53.81405221594131,51.08544029964694,70.12987012987011,75.55658627087199,71.976856316297,77.80777884924461,73.18448883666278,83.79318448883667,74.38716285421647,86.89313758962103,72.57896030478062,89.29580926631436,72.4514676883654,82.66929929297774,63.13275995215335,66.87736979631234,0.8756484053178338,50.0,37.23404255319149,50.00000000000002,22.80701754385965,49.99999999999999,42.753623188405804,49.999999999999986,29.629629629629626,49.99999999999999,49.16666666666667,50.0,36.318195916350646,72.07792207792207,88.19362455726092,78.11942959001783,85.47237076648841,76.22180451127821,84.77443609022556,82.29166666666666,92.31770833333334,84.03361344537815,90.12605042016806,78.54888725825258,88.17683803349524,64.2744436291263,62.247516974922945,0.8434332210297631
72.0,61.24567474048443,68.97347174163784,53.101719197707766,47.320916905444136,49.86449864498645,52.935862691960246,57.731042654028464,46.297393364928915,45.23109243697476,48.865546218487395,53.43480553483637,52.878638184491706,71.4094728800611,74.75990396158464,72.96046287367403,75.602700096432,72.4265569917744,83.44300822561692,74.68760669170365,88.92796176169341,74.5729384293966,88.7243455819098,73.21140757332196,82.29158392544736,63.32310655407917,67.58511105496953,0.8724722716293696,50.0,37.23404255319149,50.00000000000002,22.80701754385965,49.99999999999999,42.753623188405804,49.999999999999986,28.95622895622896,49.99999999999999,48.333333333333336,50.0,36.01684911500385,72.07792207792207,88.19362455726092,78.11942959001783,85.29411764705883,77.53759398496241,84.77443609022556,82.29166666666666,92.31770833333334,84.03361344537815,90.12605042016806,78.81204515298941,88.14118740960933,64.4060225764947,62.07901826230659,0.841023654825791
73.0,53.61399461745483,52.28758169934641,57.46418338108884,51.37535816618911,48.64498644986449,47.72658837699488,52.71030805687206,45.48281990521327,51.11344537815123,45.75630252100841,52.7093835766863,48.525730133750415,69.16539343009931,71.16119174942703,71.97792778313509,80.54644808743168,73.17861339600472,81.84253819036428,75.57186753158075,87.42232843974053,72.62197370038098,86.64126828069313,72.50315516824017,81.52275494953133,62.60626937246323,65.02424254164087,0.8863946973318636,50.0,37.23404255319149,50.00000000000002,22.80701754385965,49.99999999999999,42.753623188405804,49.999999999999986,28.95622895622896,49.99999999999999,48.333333333333336,50.0,36.01684911500385,72.07792207792207,88.07556080283354,78.11942959001783,85.29411764705883,76.22180451127821,84.49248120300751,82.29166666666666,92.44791666666667,84.03361344537815,89.91596638655462,78.54888725825258,88.04520854122424,64.2744436291263,62.031028828114046,0.840056563512696
74.0,59.16955017301038,65.51326412918108,55.250716332378246,45.01432664756447,45.34778681120144,39.747064137308044,55.4576421800948,53.13981042654028,43.88655462184871,41.17647058823529,51.82245002370671,48.91818718576584,68.43009931245224,75.89763177998472,72.95939140683593,80.13714775527697,73.39600470035255,82.63219741480611,75.13827244793447,89.4298395356777,75.50079882020401,88.37409364630699,73.08491333755583,83.2941820264105,62.45368168063127,66.10618460608816,0.8707414364192579,50.0,37.23404255319149,50.00000000000002,22.368421052631582,49.99999999999999,42.753623188405804,49.999999999999986,28.619528619528616,49.99999999999999,47.5,50.0,35.69512308275149,72.72727272727273,87.95749704840614,78.11942959001783,85.02673796791444,76.22180451127821,84.39849624060152,82.29166666666666,92.578125,84.03361344537815,90.12605042016806,78.67875738812272,88.01738133541804,64.33937869406137,61.856252209084765,0.8380477324990024
75.0,42.675893886966556,42.71434063821607,50.53724928366764,38.53868194842407,48.82565492321589,44.29388738331828,57.827310426540315,43.82405213270142,48.298319327731065,47.94117647058823,49.63288556962429,43.462427714649614,68.7261268143621,73.94685146785986,74.59873566913102,82.31865423765133,74.48883666274972,86.45123384253819,75.47456469784909,89.55274837828611,76.02924910900823,87.35406169349882,73.86350259062003,83.92470992396686,61.74819408012216,63.69356881930824,0.8774879728877235,50.0,37.23404255319149,50.00000000000002,22.368421052631582,49.99999999999999,42.753623188405804,49.999999999999986,27.946127946127948,49.99999999999999,46.666666666666664,50.0,35.3937762814047,72.72727272727273,87.95749704840614,78.11942959001783,85.02673796791444,76.22180451127821,84.49248120300751,82.29166666666666,92.578125,84.03361344537815,89.91596638655462,78.67875738812272,87.99416152117654,64.33937869406137,61.69396890129062,0.8366263241475678
76.0,48.92349096501346,57.36255286428297,49.88538681948425,38.323782234957015,58.71725383920505,54.832881662149944,45.941943127962105,42.22452606635071,44.66386554621846,48.40336134453782,49.62638805957666,48.229420834455695,69.49961802902978,75.30830514023792,71.48398157077037,81.78934961962929,74.20681551116337,83.68272620446534,76.4202799590304,88.9655172413793,75.00614477080005,88.79808283151038,73.32336796815879,83.70879620744445,61.47487801386772,65.96910852095007,0.8699710513193393,50.0,37.23404255319149,50.00000000000002,21.92982456140351,49.99999999999999,42.753623188405804,49.999999999999986,27.27272727272727,49.99999999999999,46.666666666666664,50.0,35.17137684847895,73.37662337662337,87.83943329397876,78.11942959001783,84.93761140819966,76.22180451127821,84.68045112781954,82.29166666666666,92.44791666666666,84.03361344537815,89.91596638655462,78.80862751799285,87.96427577664383,64.40431375899642,61.567826312561394,0.8337890765611035
77.0,47.36639753940793,42.79123414071511,53.67478510028655,45.88825214899713,38.57271906052393,35.95302619692863,48.35604265402845,35.02665876777251,46.78571428571425,47.35294117647059,46.95113172799222,41.402422486176796,69.28953399541633,76.3041580268471,70.50037501339331,79.65498767813136,75.51116333725034,84.32902467685076,76.65926937521338,87.71252987367703,69.30994223915448,87.18815288189751,72.25405679208556,83.03777062748075,59.60259426003889,62.22009655682878,0.8925516777421065,50.0,36.17021276595745,50.00000000000002,21.92982456140351,49.99999999999999,42.753623188405804,49.999999999999986,27.27272727272727,49.99999999999999,46.666666666666664,50.0,34.95861089103214,72.07792207792207,87.83943329397876,77.1390374331551,84.93761140819964,76.22180451127821,84.68045112781954,81.77083333333331,92.44791666666666,84.03361344537815,89.91596638655462,78.24864216021336,87.96427577664383,64.12432108010668,61.461443333837984,0.8364084772360987
78.0,53.09496347558631,45.290272971933874,50.74498567335246,47.7650429799427,47.83197831978319,38.0909364649202,56.879443127962105,48.04502369668246,55.39915966386552,48.36134453781513,52.79010605210991,45.510524130258865,69.60466004583651,73.38208010476917,74.92446158791383,78.45494481945784,74.97062279670978,82.42068155111633,74.14817343803345,90.8262205530898,73.8877964851911,90.32198598992257,73.50714287073693,83.08118260367114,63.148624461423424,64.295853366965,0.8741089729135939,50.0,35.1063829787234,50.00000000000002,21.92982456140351,49.99999999999999,42.753623188405804,49.999999999999986,27.27272727272727,49.99999999999999,46.666666666666664,50.0,34.74584493358533,73.37662337662337,87.60330578512398,78.11942959001783,84.75935828877006,76.22180451127821,84.77443609022556,82.29166666666666,92.44791666666666,84.03361344537815,90.12605042016806,78.80862751799285,87.94221345019085,64.40431375899642,61.34402919188809,0.8325309967435643
79.0,48.058439061899264,44.44444444444444,50.74498567335245,48.309455587392556,53.11653116531164,54.01987353206865,51.340343601895746,42.90580568720379,48.172268907562994,40.168067226890756,50.28651368200442,45.96952929560003,68.53514132925898,76.86892938993779,73.77799207114538,80.04714454087646,74.048178613396,83.98354876615747,74.9351314441789,87.57937862751793,71.74634386137397,86.91778296669534,72.60855746387065,83.07935685823699,61.44753557293754,64.52444307691852,0.8730505583951547,50.0,35.1063829787234,50.00000000000002,21.92982456140351,49.99999999999999,42.753623188405804,49.999999999999986,27.27272727272727,49.99999999999999,46.666666666666664,50.0,34.74584493358533,72.72727272727273,87.72136953955136,77.1390374331551,85.02673796791444,76.22180451127821,84.68045112781954,83.85416666666666,92.44791666666666,84.03361344537815,90.12605042016806,78.79517895675016,88.00050514442401,64.39758947837508,61.37317503900467,0.8310049594439429
80.0,49.78854286812764,51.787773933102656,57.03438395415474,53.151862464183374,52.0776874435411,51.068955133995786,51.34034360189575,48.78554502369668,54.663865546218446,52.43697478991597,52.980964682787544,51.446222268978886,67.90488922841864,74.62348575793953,71.48505303760847,79.61427193828351,74.91774383078734,83.24089306698002,73.80334585182658,90.0034141345169,76.60992994961288,90.8381467371267,72.94419237965079,83.66404232696934,62.962578531219165,67.55513229797411,0.8571053862158695,50.0,35.1063829787234,50.00000000000002,21.92982456140351,49.99999999999999,42.02898550724638,49.999999999999986,27.27272727272727,49.99999999999999,46.666666666666664,50.0,34.60091739735345,74.02597402597402,87.60330578512398,78.11942959001783,84.93761140819964,74.43609022556392,84.77443609022556,82.29166666666666,92.44791666666666,84.03361344537815,90.12605042016806,78.58135479072011,87.97786407407679,64.29067739536006,61.289390735715116,0.8270611026812592
81.0,48.40445982314495,41.9838523644752,40.10744985673354,34.7134670487106,48.23848238482384,47.24480578139115,55.4576421800948,45.42357819905213,51.89075630252098,42.142857142857146,48.81975810946362,42.30171210729724,70.77922077922078,74.54163483575249,72.3079395692703,81.37576342012214,73.11985898942423,81.75088131609871,77.05701604643222,87.99590303857971,73.83556593339068,90.73983040432593,73.41992026354765,83.2808026029758,61.11983918650564,62.79125735513652,0.8843943901062807,50.0,34.04255319148936,50.00000000000002,21.92982456140351,49.99999999999999,41.30434782608695,49.999999999999986,27.27272727272727,49.99999999999999,46.666666666666664,50.0,34.243223903674746,73.37662337662337,87.60330578512398,77.1390374331551,84.93761140819964,76.22180451127821,84.77443609022556,83.85416666666666,92.44791666666666,84.03361344537815,90.12605042016806,78.92504908662029,87.97786407407679,64.46252454331014,61.11054398887577,0.8281866892681661
82.0,55.517108804306034,50.98039215686274,52.03438395415474,35.78796561604585,50.49683830171635,41.85486299307437,54.27280805687206,44.92002369668246,58.38235294117643,56.34453781512605,54.14069841164512,45.97755645555829,70.77922077922076,72.970097129761,74.76052716168434,80.76074145505197,72.63807285546419,84.96827262044654,79.1259815636736,88.34414475930352,73.59284748678874,88.24505345950597,74.17932996936634,83.0576618848138,64.16001419050573,64.51760917018605,0.8660726658780157,50.0,34.04255319148936,50.00000000000002,21.92982456140351,49.99999999999999,41.30434782608695,49.999999999999986,26.936026936026934,49.99999999999999,46.666666666666664,50.0,34.175883836334684,73.37662337662337,87.36717827626919,77.1390374331551,84.75935828877006,76.22180451127821,85.05639097744361,82.29166666666666,92.44791666666667,84.03361344537815,90.33613445378151,78.61254908662029,87.99339573258621,64.30627454331014,61.08463978446045,0.8256598637840212
83.0,49.615532487504815,49.13494809688581,49.96418338108884,44.326647564469916,56.639566395663934,52.81541704305932,55.74644549763035,47.1563981042654,47.47899159663863,44.74789915966386,51.888943871705315,47.63626199366886,69.39457601222307,73.85545127141766,73.61512911175397,79.12139719275689,74.7003525264395,84.89306698002352,76.56196654148174,90.36872652782519,66.58780877473271,88.83495145631068,72.17196659332619,83.4147186856668,62.03045523251575,65.52549033966783,0.8615812131516322,50.0,34.04255319148936,50.00000000000002,21.92982456140351,49.99999999999999,41.30434782608695,49.999999999999986,26.599326599326602,49.99999999999999,46.666666666666664,50.0,34.108543768994615,73.37662337662337,87.48524203069658,77.1390374331551,84.75935828877006,76.22180451127821,84.9624060150376,83.85416666666666,92.578125,84.03361344537815,90.33613445378151,78.92504908662029,88.02425315765716,64.46252454331014,61.06639846332588,0.8239571421454979
84.0,49.269511726259125,49.09650134563629,50.45845272206305,43.43839541547278,47.967479674796735,41.764528756398676,57.686611374407605,46.34182464454976,61.23949579831929,57.52100840336135,53.32431025916917,47.632451713083775,68.74522536287242,78.69966168285497,71.48826743812278,81.37147755276973,76.05170387779087,82.53349001175087,75.0853533629225,88.45681119836122,70.18557207816148,89.67678505591742,72.31122442397401,84.14764510033083,62.81776734157159,65.89004840670731,0.8614386514259623,50.0,34.04255319148936,50.00000000000002,21.92982456140351,49.99999999999999,41.30434782608695,49.999999999999986,26.936026936026934,49.99999999999999,45.83333333333333,50.0,34.00921716966802,73.37662337662337,87.48524203069658,77.1390374331551,84.93761140819964,76.22180451127821,84.9624060150376,81.77083333333331,92.578125,84.03361344537815,90.33613445378151,78.50838241995362,88.05990378154306,64.25419120997681,61.03456047560554,0.8229340718595027
85.0,39.19646289888504,51.864667435601696,56.89111747851005,45.171919770773634,45.12195121951219,47.395362842517315,49.58530805687206,43.72037914691943,58.34033613445374,57.35294117647059,49.82703515764662,49.10105407445653,69.39457601222307,72.59358288770053,73.12332583306545,78.01992928318869,74.91186839012929,82.33607520564043,73.9450324342779,89.63468760669171,75.34410716480276,88.0607103355045,73.3437819668997,82.12899706374517,61.58540856227316,65.61502556910085,0.8566945475019261,50.0,32.97872340425532,50.00000000000002,22.36842105263158,49.99999999999999,41.30434782608695,49.999999999999986,26.936026936026934,49.99999999999999,45.83333333333333,50.0,33.884170510466824,72.72727272727273,87.36717827626919,76.15864527629235,84.84848484848484,76.22180451127821,84.9624060150376,81.77083333333331,92.578125,80.46218487394957,90.33613445378151,77.46814814442523,88.01846571871462,63.734074072212614,60.95131811459072,0.8219875682564237
86.0,36.25528642829681,42.637447135717025,47.46418338108883,43.48137535816618,53.9747064137308,54.80277024992471,49.30390995260666,40.68424170616113,54.74789915966384,48.57142857142857,48.349197067077384,46.03545260427952,69.60466004583651,75.35195896540434,72.63045108753882,80.13071895424837,76.92126909518215,85.689776733255,76.95971321270056,90.3277569136224,78.06624062922454,87.5875629839007,74.83646681409651,83.81755491008616,61.59283194058695,64.92650375718284,0.8611383895519668,50.0,32.97872340425532,50.00000000000002,21.929824561403507,49.99999999999999,39.855072463768124,49.999999999999986,26.936026936026934,49.99999999999999,45.83333333333333,50.0,33.50659613975744,72.72727272727273,87.36717827626919,76.15864527629235,84.84848484848484,76.22180451127821,84.9624060150376,81.77083333333331,92.44791666666667,84.03361344537815,90.33613445378151,78.18243385871094,87.99242405204798,64.09121692935547,60.74951009590271,0.8208346081231137
87.0,54.82506728181469,62.014609765474816,47.95845272206304,42.8080229226361,53.11653116531164,48.81059921710328,51.48104265402845,45.71978672985782,53.928571428571395,56.63865546218487,52.26193305035785,51.198334819451375,70.9702062643239,73.13107061006221,72.46758812814743,80.32786885245902,75.84018801410107,84.81316098707403,74.8907476954592,87.99590303857971,73.59284748678874,89.48015239031585,73.55231551776407,83.14963117569816,62.907124284060956,67.17398299757477,0.8447036581556429,50.0,32.97872340425532,50.00000000000002,21.929824561403507,49.99999999999999,39.130434782608695,49.999999999999986,25.589225589225585,49.99999999999999,44.166666666666664,50.0,32.75897500083195,74.02597402597402,87.36717827626919,77.1390374331551,84.75935828877006,74.43609022556392,85.15037593984962,82.29166666666666,92.31770833333333,84.03361344537815,90.33613445378151,78.38527635934756,87.98615105840074,64.19263817967378,60.372563029616344,0.817763403032055
88.0,50.99961553248751,47.981545559400224,45.96704871060172,40.18624641833811,52.0776874435411,46.85335742246311,58.20497630331756,44.35722748815166,55.357142857142826,50.54621848739495,52.52129416941814,45.98491907514961,69.0794499618029,75.76394194041254,74.1069323904425,78.74638379942141,73.50176263219744,82.83783783783785,78.14441789006489,89.02697166268352,76.07226250460857,86.9362172790955,74.18096507582327,82.66227050389017,63.351129622620704,64.32359478951989,0.8631233720759972,50.0,32.97872340425532,50.00000000000002,21.49122807017544,49.99999999999999,39.130434782608695,49.999999999999986,25.589225589225585,49.99999999999999,44.166666666666664,50.0,32.671255702586336,74.02597402597402,87.24911452184179,77.1390374331551,84.75935828877006,74.43609022556392,85.24436090225565,82.29166666666666,92.18749999999999,84.03361344537815,90.33613445378151,78.38527635934756,87.9552936333298,64.19263817967378,60.31327466795807,0.8173225110024377
89.0,42.84890426758939,41.56093810073048,54.534383954154755,48.96848137535817,43.04426377597109,42.607648298705215,48.02280805687205,46.282582938388636,54.05462184873946,46.680672268907564,48.50099638066535,45.22006459641801,70.42589763177997,75.51838917385136,74.76159862852244,79.6871316832744,74.7003525264395,82.2256169212691,74.44861727552066,88.59337657903723,72.03207570357625,87.45852279709966,73.27370835316776,82.69660743090634,60.88735236691656,63.958336013662176,0.8585160277946957,50.0,32.97872340425532,50.00000000000002,21.05263157894737,49.99999999999999,39.85507246376812,49.999999999999986,25.25252525252525,49.99999999999999,44.166666666666664,50.0,32.66112387323254,73.37662337662337,87.24911452184179,76.15864527629235,84.75935828877006,73.12030075187971,85.15037593984962,81.77083333333331,91.92708333333334,80.46218487394957,90.33613445378151,76.97771752241566,87.88441330751527,63.48885876120783,60.27276859037391,0.8173518135374872
90.0,51.691657054978855,46.21299500192234,53.53151862464186,56.776504297994265,51.309846431797645,49.41282746160795,50.19994075829386,44.63862559241706,50.420168067226854,42.64705882352941,51.430626187387816,47.9376022354942,69.91978609625667,75.47609953072138,74.27086681667201,81.4229079609986,76.76263219741483,83.7978848413631,74.8907476954592,87.40525776715602,74.07828437999264,88.92097824751136,73.98446343715906,83.40462566955009,62.70754481227344,65.67111395252215,0.8530877644697044,50.0,32.97872340425532,50.00000000000002,21.05263157894737,49.99999999999999,39.85507246376812,49.999999999999986,24.915824915824913,49.99999999999999,44.166666666666664,50.0,32.59378380589247,73.37662337662337,87.24911452184179,76.15864527629235,84.75935828877006,73.12030075187971,85.24436090225565,83.85416666666666,91.796875,80.46218487394957,90.33613445378151,77.39438418908233,87.8771686333298,63.697192094541165,60.23547621961114,0.814433686177148
91.0,55.171088043060365,64.82122260668973,43.531518624641855,34.25501432664756,52.12285456187895,50.34628124059019,43.572274881516606,43.60189573459715,54.831932773109216,47.60504201680672,49.84593377684139,48.125891185066266,68.3059587471352,73.51849830841428,72.79438551376832,78.03921568627452,74.2126909518214,84.43478260869566,79.52372823489246,88.95186070331171,75.92478800540741,87.5875629839007,74.15231029060496,82.50638405811938,61.999122033723175,65.31613762159282,0.8547601133463452,50.0,31.914893617021278,50.00000000000002,20.614035087719298,49.99999999999999,39.13043478260869,49.999999999999986,24.915824915824913,49.99999999999999,43.333333333333336,50.0,31.981704347301502,73.37662337662337,87.24911452184179,76.15864527629235,84.67023172905526,73.12030075187971,85.15037593984962,81.77083333333331,91.796875,80.46218487394957,90.33613445378151,76.97771752241566,87.84054632890563,63.48885876120783,59.91112533810357,0.8138911288007228
92.0,55.51710880430605,62.3606305267205,49.39111747851005,42.60744985673352,54.96838301716349,57.061126166817225,49.777843601895746,41.824644549763036,52.58403361344535,47.89915966386554,52.44769730306414,50.350602152779956,70.55003819709702,76.6042780748663,73.12439729990355,79.94856959177115,75.24089306698004,83.28554641598119,75.580402867873,87.67497439399112,71.78935725697431,84.30625537667446,73.2570177377656,82.36392477065684,62.85235752041487,66.35726346171839,0.8499928826452039,50.0,31.914893617021278,50.00000000000002,20.614035087719298,49.99999999999999,37.68115942028986,49.999999999999986,24.915824915824913,49.99999999999999,42.50000000000001,50.0,31.52518260817107,73.37662337662337,87.1310507674144,78.43137254901961,84.58110516934045,74.90601503759399,85.05639097744361,81.77083333333331,91.92708333333334,80.46218487394957,90.33613445378151,77.78940583410397,87.80635294026266,63.89470291705199,59.66576777421686,0.8129772609798349
93.0,62.283737024221466,53.17185697808535,42.46418338108884,37.693409742120345,47.786811201445346,40.439626618488404,55.079976303317565,42.387440758293835,51.02941176470585,46.470588235294116,51.72882393495581,44.03258446645641,70.21581359816653,73.9877769289534,73.77906353798348,79.27568841744348,76.92126909518215,83.27849588719154,76.86241037896893,88.14953909184021,75.23964606120191,86.8993486542952,74.6036405343006,82.31816979594475,63.166232234628204,63.175377131200584,0.8545339757023378,50.0,30.851063829787233,50.00000000000002,19.736842105263158,49.99999999999999,37.68115942028986,49.999999999999986,24.579124579124578,49.99999999999999,42.50000000000001,50.0,31.069637986892968,73.37662337662337,86.89492325855961,78.43137254901961,84.58110516934045,73.12030075187971,85.24436090225565,81.77083333333331,91.92708333333334,80.46218487394957,90.33613445378151,77.43226297696113,87.79672142345412,63.71613148848056,59.43317970517354,0.8108069835464854
94.0,50.13456362937332,41.02268358323722,49.39111747851005,47.965616045845266,53.56820234869014,56.39867509786208,54.98370853080571,50.25177725118483,49.64285714285712,46.9327731092437,51.54408982604726,48.51430501747462,70.5309396485867,74.45159882134672,74.92553305475194,77.97492767598843,74.48296122209167,82.7262044653349,77.05701604643224,89.37179924889041,73.93080988079144,86.1373970750891,74.1854519705308,82.1323854573299,62.86477089828904,65.32334523740226,0.8464489488705086,50.0,29.78723404255319,50.00000000000002,19.736842105263158,49.99999999999999,36.95652173913043,49.999999999999986,24.24242424242424,49.99999999999999,42.50000000000001,50.0,30.644604425874206,73.37662337662337,86.89492325855961,78.43137254901961,84.67023172905526,73.12030075187971,85.33834586466165,81.77083333333331,91.92708333333334,80.46218487394957,90.33613445378151,77.43226297696113,87.83334372787826,63.71613148848056,59.23897407687623,0.8085947700970866
95.0,37.98539023452519,29.142637447135716,51.891117478510054,44.22636103151862,50.045167118337844,43.75188196326407,46.51214454976305,44.1350710900474,43.15126050420165,38.90756302521009,45.91701597706755,40.03270291143518,70.0248281130634,78.00392884426498,73.61512911175396,78.88138862102217,73.39600470035255,84.59694477085783,74.94366678047116,88.23830658927962,69.25771168735405,85.73798697308591,72.24746807859903,83.0917111597021,59.08224202783329,61.56220703556864,0.8600468353608253,50.0,29.78723404255319,50.00000000000002,20.614035087719298,49.99999999999999,35.507246376811594,49.999999999999986,23.905723905723903,49.99999999999999,41.666666666666664,50.0,30.296181215894926,72.72727272727273,86.65879574970485,78.43137254901961,84.75935828877006,74.90601503759399,85.33834586466165,79.68749999999999,91.92708333333334,80.46218487394957,90.33613445378151,77.24286903756719,87.80394353805028,63.621434518783595,59.050062376972605,0.8078016247075166
96.0,43.886966551326424,45.02114571318724,45.25071633237824,37.277936962750715,54.38121047877145,47.06413730803975,53.18424170616116,45.30509478672986,48.25630252100837,49.32773109243698,48.99188751792913,44.799209172628906,70.8842627960275,74.89086543708392,73.94406943105109,80.51430408228866,74.85898942420684,84.15746180963572,75.78354387162854,87.42915670877431,75.29187661300234,87.67358977510139,74.15254842718326,82.9330755625768,61.572217972556196,63.866142367602855,0.8463145695242896,50.0,29.78723404255319,50.00000000000002,20.614035087719298,49.99999999999999,36.231884057971016,49.999999999999986,24.24242424242424,49.99999999999999,41.666666666666664,50.0,30.508448819466885,73.37662337662337,86.65879574970485,78.43137254901961,84.75935828877006,73.12030075187971,85.33834586466165,81.77083333333331,92.05729166666667,80.46218487394957,90.33613445378151,77.43226297696113,87.82998520471695,63.71613148848056,59.16921701209192,0.8053440421272078
97.0,60.553633217993074,47.98154555940023,53.75358166189114,46.948424068767906,54.561878952122846,52.78530563083408,56.50177725118485,49.30390995260663,59.810924369747866,62.3109243697479,57.03635909058795,51.86602191627135,70.12987012987011,75.85124959074538,72.3068681024322,79.38283510125362,72.25616921269096,84.18566392479437,76.66780471150564,89.5151928986002,73.6358608823891,85.39387980828316,72.99931460777762,82.86576426473535,65.01783684918279,67.36589309050335,0.8323895811648901,50.0,29.78723404255319,50.00000000000002,20.614035087719298,49.99999999999999,36.231884057971016,49.999999999999986,24.24242424242424,49.99999999999999,41.666666666666664,50.0,30.508448819466885,73.37662337662337,86.65879574970485,78.43137254901961,84.75935828877004,73.12030075187971,85.43233082706767,81.77083333333331,92.05729166666667,80.46218487394957,90.33613445378151,77.43226297696113,87.84878219719815,63.71613148848056,59.17861550833251,0.8017970909026552
98.0,52.38369857747022,50.019223375624755,57.750716332378246,45.02865329512894,50.858175248419144,47.425474254742554,53.754443127962105,51.421800947867304,54.74789915966384,49.32773109243698,53.89898648917871,48.6445765931601,70.76012223071045,73.00829422678163,71.81292189006749,78.65423765134469,74.97649823736782,80.65569917743831,73.36975076818028,85.51382724479343,72.6127565441809,86.85633525869486,72.70640993410139,80.93767871181059,63.30269821164005,64.79112765248534,0.840939906432927,50.0,29.78723404255319,50.00000000000002,19.736842105263158,49.99999999999999,34.78260869565217,49.999999999999986,23.905723905723903,49.99999999999999,41.666666666666664,50.0,29.975815083171817,72.72727272727273,86.54073199527745,78.43137254901961,84.84848484848484,73.12030075187971,85.33834586466165,79.68749999999999,92.05729166666667,80.46218487394957,90.33613445378151,76.88572618042433,87.82419776577444,63.442863090212164,58.90000642447313,0.7996402559117534
99.0,52.03767781622454,50.28835063437139,46.96991404011463,38.00859598853869,56.18789521228544,54.38121047877145,57.92357819905215,47.68957345971564,53.27731092436972,47.94117647058824,53.2792752384093,47.661781406397076,69.06035141329258,72.84732074648042,73.61405764491587,79.30783242258653,71.76263219741483,84.01410105757931,82.73301468077841,89.7814953909184,76.26275039941011,86.39547744869117,74.68656126716236,82.46924541325117,63.98291825278583,65.06551340982412,0.8289958493060731,50.0,29.78723404255319,50.00000000000002,19.29824561403509,49.99999999999999,34.05797101449275,49.999999999999986,23.905723905723903,49.99999999999999,41.666666666666664,50.0,29.74316824869432,72.72727272727273,86.65879574970485,77.45098039215686,84.84848484848484,76.69172932330828,85.05639097744361,79.68749999999999,91.92708333333334,78.36134453781511,90.33613445378151,76.9837653961106,87.76537787254964,63.4918826980553,58.754273060621976,0.7975365832990366
100.0,52.383698577470206,59.05420991926182,52.25644699140402,49.55587392550142,51.89701897018969,43.84221619993978,53.09537914691944,48.99289099526066,56.21848739495795,48.02521008403362,53.17020621618826,49.89408022479946,69.70970206264323,78.53050311033505,71.81077895639127,82.63366548805314,75.40540540540542,85.21739130434783,72.97200409696143,90.2116763400478,76.55769939781246,87.9378149195035,73.29111798384277,84.90621023245747,63.230662100015515,67.40014522862846,0.827728935743628,50.0,28.723404255319146,50.00000000000002,19.29824561403509,49.99999999999999,34.05797101449275,49.999999999999986,23.905723905723903,49.99999999999999,41.666666666666664,50.0,29.53040229124751,73.37662337662337,86.42266824085006,78.43137254901961,84.93761140819964,73.12030075187971,85.6203007518797,79.68749999999999,91.92708333333334,80.46218487394957,90.12605042016807,77.01559631029446,87.80674283088618,63.50779815514723,58.668572561066846,0.7948321637189693
101.0,55.34409842368321,57.74702037677817,56.39684813753584,47.808022922636106,54.96838301716349,54.01987353206865,59.01214454976306,48.82997630331754,40.33613445378148,36.84873949579832,53.21152171638541,49.05072652611976,69.69060351413292,79.54272618138165,72.95939140683593,78.64352298296369,75.02350176263222,83.80258519388954,75.19972686923866,89.75076818026629,71.10421531276884,86.34017451149072,72.7954877731217,83.61595540999838,63.003504744753556,66.33334096805908,0.8340920157441871,50.0,27.659574468085108,50.00000000000002,18.859649122807017,49.99999999999999,34.05797101449275,49.999999999999986,23.56902356902357,49.99999999999999,40.0,50.0,28.829243634881685,72.72727272727273,86.18654073199528,77.45098039215686,84.93761140819964,74.90601503759399,85.43233082706767,79.68749999999999,91.796875,78.36134453781511,90.12605042016807,76.62662253896774,87.69588167748614,63.31331126948387,58.26256265618392,0.792695710633586
102.0,57.07420222991158,54.47904652056901,62.82951289398282,61.03151862464182,49.63866305329719,43.27009936766034,49.5408767772512,44.87559241706161,43.193277310924344,45.04201680672269,52.45530645307342,49.7396547473311,70.00572956455309,75.76667030448543,73.28618879245685,80.04285867352407,73.01410105757934,82.89776733254995,77.46329805394333,90.170706725845,78.84662652083078,89.43099422391545,74.52318879787268,83.66179945206397,63.48924762547305,66.70072709969753,0.8206824425644237,50.0,27.659574468085108,50.00000000000002,18.859649122807017,49.99999999999999,34.05797101449275,49.999999999999986,23.56902356902357,49.99999999999999,40.833333333333336,50.0,28.995910301548356,69.48051948051948,86.06847697756788,76.15864527629233,84.93761140819964,73.12030075187971,85.6203007518797,79.68749999999999,91.796875,80.46218487394957,90.12605042016807,75.78183007652822,87.70986291156305,62.89091503826411,58.3528866065557,0.7901632309492214
103.0,51.51864667435602,56.05536332179931,61.54011461318053,44.31232091690544,55.01355013550134,46.160794941282745,53.139810426540315,45.393957345971565,47.47899159663863,41.386554621848745,53.738222689243365,46.66179822956156,69.37547746371276,77.43370075302849,73.61405764491587,81.69291760420016,74.52996474735608,85.13513513513514,78.19733697507682,88.839194264254,72.90770554258327,87.39093031829913,73.72490847472895,84.09837561498338,63.73156558198616,65.38008692227247,0.8301249138103357,50.0,27.659574468085108,50.00000000000002,18.859649122807017,49.99999999999999,32.608695652173914,49.999999999999986,23.232323232323232,49.99999999999999,40.833333333333336,50.0,28.63871516174452,72.72727272727273,85.8323494687131,76.47058823529413,84.93761140819964,80.26315789473685,85.43233082706767,79.68749999999999,91.796875,78.36134453781511,89.91596638655463,77.50197267902377,87.58302661810701,63.75098633951188,58.11087088992576,0.7861999201002133
104.0,46.309111880046146,47.904652056901185,56.96991404011463,57.306590257879655,48.599819331526646,44.20355314664258,53.850710900473956,44.54976303317535,51.071428571428534,49.57983193277311,51.360196944717984,48.708878085474375,71.60045836516423,76.67521554076176,72.95724847315974,80.10071788278152,74.14806110458287,81.95769682726205,77.45476271765108,89.00648685558211,72.65576993978125,84.71795502027774,73.76326012006783,82.49161442533304,62.561728532392905,65.6002462554037,0.8207775855965846,50.0,27.659574468085108,50.00000000000002,18.859649122807017,49.99999999999999,32.608695652173914,49.999999999999986,23.232323232323232,49.99999999999999,40.833333333333336,50.0,28.63871516174452,68.18181818181817,85.8323494687131,76.15864527629233,84.84848484848484,74.90601503759399,85.52631578947368,79.68749999999999,91.796875,80.46218487394957,89.91596638655463,75.87923267393082,87.58399829864524,62.93961633696541,58.111356730194885,0.7839789255333101
105.0,34.159938485198,35.17877739331026,44.46991404011463,40.35816618911174,49.63866305329719,47.034025895814516,53.4730450236967,48.459715639810426,48.29831932773107,33.94957983193277,46.007975986007516,40.996052989995945,69.49961802902978,77.7556477136309,73.61512911175397,79.37212043287259,77.67920094007053,82.13396004700354,77.85250938886993,87.52133834073062,75.33489000860267,84.39228216787514,74.79626949566537,82.23506974042256,60.40212274083645,61.61556136520925,0.8336992844006679,50.0,26.59574468085107,50.00000000000002,19.29824561403509,49.99999999999999,32.608695652173914,49.999999999999986,22.895622895622893,49.99999999999999,40.0,50.0,28.279661768536595,72.72727272727273,85.8323494687131,76.47058823529413,84.67023172905526,78.47744360902257,85.43233082706767,79.68749999999999,91.796875,78.36134453781511,89.91596638655463,77.1448298218809,87.52955068227814,63.57241491094045,57.90460622540737,0.7799018185687415
106.0,51.691657054978855,53.55632449058054,48.46704871060174,47.34957020057307,39.38572719060524,34.507678410117435,57.30894549763036,54.235781990521325,52.58403361344535,51.17647058823529,49.887482413452304,48.165165136005534,69.5855614973262,78.72967368765687,74.2697953498339,81.03932283295833,73.77203290246771,83.5111633372503,76.47319904404233,88.27586206896552,73.73110482978986,87.91938060710336,73.56633872469199,83.89508050678687,61.726910569072146,66.0301228213962,0.8099166619620284,50.0,26.59574468085107,50.00000000000002,19.29824561403509,49.99999999999999,32.608695652173914,49.999999999999986,22.895622895622893,49.99999999999999,40.0,50.0,28.279661768536595,68.18181818181817,85.8323494687131,76.47058823529413,84.75935828877006,78.47744360902257,85.43233082706767,79.68749999999999,91.796875,78.36134453781511,89.91596638655463,76.23573891279,87.5473759942211,63.117869456395,57.91351888137885,0.7760369608553315
107.0,51.691657054978855,49.40407535563246,43.54584527220632,45.573065902578804,54.74254742547424,54.32098765432099,50.48874407582941,50.84419431279621,51.89075630252098,46.42857142857143,50.47191002620196,49.31417893077999,70.00572956455309,79.82374768089053,72.79545698060643,82.05721632915461,73.88366627497064,84.99412455934194,75.98668487538409,90.6998975759645,70.27159886936217,91.501781983532,72.58862731297528,85.81535362577672,61.53026866958862,67.56476627827836,0.8051760266121843,50.0,25.531914893617024,50.00000000000002,19.29824561403509,49.99999999999999,32.608695652173914,49.999999999999986,22.895622895622893,49.99999999999999,39.16666666666667,50.0,27.900229144423122,68.83116883116884,85.71428571428572,74.19786096256685,84.84848484848484,76.69172932330828,85.6203007518797,79.68749999999999,91.796875,78.36134453781511,89.70588235294117,75.55392073097181,87.53716573351828,62.776960365485905,57.7186974389707,0.7721145188226406
108.0,39.196462898885045,46.5205690119185,54.469914040114645,51.6189111747851,47.38030713640469,44.08310749774164,48.689277251184855,43.72037914691943,44.66386554621846,36.63865546218488,46.879965374561536,44.51632445870992,70.74102368220014,78.75150060024009,73.94192649737488,81.78720668595307,74.85898942420684,84.25851938895417,78.69238648002731,86.41515875725504,74.60673466879685,87.61214206710089,74.56821215052119,83.76490549990065,60.72408876254136,64.14061497930528,0.8088424192292276,50.0,25.531914893617024,50.00000000000002,18.85964912280702,49.99999999999999,32.608695652173914,49.999999999999986,22.895622895622893,49.99999999999999,39.16666666666667,50.0,27.812509846177498,68.18181818181817,85.59622195985833,76.47058823529413,84.75935828877006,77.16165413533835,85.52631578947368,84.37499999999999,91.66666666666667,78.36134453781511,89.91596638655463,76.91008101805315,87.49290581826467,63.455040509026574,57.65270783222108,0.7651810934864313
109.0,50.65359477124183,58.2083813917724,48.46704871060174,43.58166189111748,48.41915085817524,47.51580849141824,49.540876777251206,44.031398104265406,51.932773109243655,48.36134453781513,49.80268884530274,48.339718883277726,70.9702062643239,78.67237804212594,72.95831993999785,79.51141112182579,75.83431257344303,86.39952996474736,78.34755889382042,88.26561966541482,71.24247265576994,87.64286592110115,73.87057406547103,84.098360943043,61.836631455386886,66.21903991316037,0.8047215569932152,50.0,25.531914893617024,50.00000000000002,18.85964912280702,49.99999999999999,32.608695652173914,49.999999999999986,22.895622895622893,49.99999999999999,39.16666666666667,50.0,27.812509846177498,68.18181818181817,85.71428571428572,76.47058823529413,84.75935828877006,78.94736842105264,85.6203007518797,83.85416666666666,91.66666666666667,82.77310924369749,90.12605042016807,78.04541014970582,87.57733236835404,64.02270507485291,57.69492110726577,0.7581479577662653
110.0,62.283737024221466,70.0884275278739,53.896848137535834,47.378223495702,48.82565492321589,44.71544715447154,49.30390995260666,40.29917061611374,54.705882352941146,54.327731092436984,53.8032064781042,51.36179997731964,69.79564553093964,76.77343664738623,72.46865959498552,80.26786670952534,74.4712103407756,84.40188014101058,76.27859337657904,86.95800614544214,75.76809635000615,85.5229199950842,73.75644103865719,82.78482192768969,63.779823758380694,67.07331095250467,0.7938076066665681,50.0,24.46808510638298,50.00000000000002,18.85964912280702,49.99999999999999,32.608695652173914,49.999999999999986,22.22222222222222,49.99999999999999,39.16666666666667,50.0,27.46506375405056,68.18181818181817,85.9504132231405,76.47058823529413,84.75935828877006,78.94736842105264,85.6203007518797,83.85416666666666,91.66666666666667,82.77310924369749,90.33613445378151,78.04541014970582,87.6665746768477,64.02270507485291,57.56581921544913,0.7523196441881195
111.0,55.517108804306034,48.75048058439062,56.253581661891126,48.939828080229226,54.78771454381209,54.80277024992473,57.212677725118496,51.347748815165886,49.03361344537813,46.00840336134454,54.56093923610117,49.969846218211,70.55003819709702,81.63265306122449,73.77799207114538,81.66720240008571,74.25381903642774,83.78143360752057,78.55069989757598,91.40320928644589,76.01081479660809,87.03453361189626,74.62867279977084,85.10380639343458,64.59480601793601,67.53682630582279,0.7747491861818493,50.0,24.46808510638298,50.00000000000002,18.85964912280702,49.99999999999999,32.608695652173914,49.999999999999986,22.22222222222222,49.99999999999999,39.16666666666667,50.0,27.46506375405056,68.18181818181817,85.8323494687131,76.47058823529413,84.75935828877006,78.94736842105264,85.71428571428572,82.29166666666666,91.66666666666667,82.77310924369749,90.33613445378151,77.73291014970582,87.66175891844341,63.86645507485291,57.563411336246986,0.745370366313166
112.0,43.02191464821223,46.5205690119185,56.25358166189114,60.12893982808023,52.71002710027099,46.612466124661246,54.702310426540315,50.78495260663507,47.47899159663863,44.20168067226891,50.83336508671066,49.64972164871279,70.33995416348358,79.66823092873514,72.63259402121503,80.76288438872817,74.47121034077557,84.41598119858989,74.40423352680097,87.80471150563332,75.76809635000615,89.32038834951456,73.52321768045626,84.39443927424023,62.178291383583456,67.0220804614765,0.7769507343662887,50.0,24.46808510638298,50.00000000000002,18.85964912280702,49.99999999999999,33.33333333333333,49.999999999999986,22.22222222222222,49.99999999999999,39.16666666666667,50.0,27.609991290282448,68.18181818181817,85.9504132231405,76.47058823529413,84.75935828877006,78.94736842105264,85.71428571428572,82.29166666666666,91.66666666666667,82.77310924369749,90.33613445378151,77.73291014970582,87.6853716693289,63.86645507485291,57.64768147980568,0.739170238438485
113.0,52.210688196847364,57.74702037677817,56.969914040114624,51.43266475644699,47.38030713640469,43.66154772658837,55.176244075829395,46.43068720379147,55.4411764705882,47.47899159663865,53.43566598395686,49.35018233204873,68.95530939648586,81.5044199497981,73.9408550305368,84.38658523518696,75.12338425381905,83.95534665099882,74.56299078183682,88.23147832024581,71.68489615337347,84.05431977387244,72.85348712321039,84.42642998602044,63.14457655358362,66.88830615903458,0.7759141072297405,50.0,24.46808510638298,50.00000000000002,18.85964912280702,49.99999999999999,32.608695652173914,49.999999999999986,21.885521885521886,49.99999999999999,39.16666666666667,50.0,27.397723686710492,68.18181818181817,86.42266824085006,76.47058823529413,84.84848484848484,78.94736842105264,85.71428571428572,83.85416666666666,91.66666666666667,84.24369747899159,90.33613445378151,78.33952779676464,87.79764798481376,64.16976389838231,57.59768583576213,0.7332492531919083
114.0,64.01384083044982,50.326797385620914,55.04297994269343,52.46418338108882,53.34236675700089,50.82806383619391,60.670912322274894,53.46563981042654,46.050420168067205,47.26890756302521,55.82410400409724,50.87071839527108,70.9702062643239,76.94805194805194,75.08946748098144,80.64288010286081,73.17273795534666,84.78730904817861,73.17514510071697,88.08467053601912,74.45926016959567,87.14513948629717,73.37336339419292,83.52161022428155,64.59873369914507,67.19616430977632,0.7670961174948793,50.0,24.46808510638298,50.00000000000002,18.85964912280702,49.99999999999999,32.608695652173914,49.999999999999986,23.232323232323232,49.99999999999999,40.0,50.0,27.833750622737433,68.83116883116884,86.42266824085006,76.47058823529413,84.84848484848484,78.94736842105264,85.71428571428572,82.29166666666666,91.66666666666667,82.77310924369749,90.33613445378151,77.86278027957596,87.79764798481376,63.93139013978798,57.8156993037756,0.7285975039933769
115.0,58.97731641676278,66.16685890042291,46.47564469914042,45.60171919770774,50.045167118337844,49.17193616380608,50.11107819905215,43.33530805687204,44.05462184873948,40.67226890756302,49.93276565640654,48.98961824527436,70.23491214667685,78.93430099312452,72.63152255437693,82.92296153434052,73.16686251468863,85.94124559341951,77.17138955274838,88.35097302833731,74.70197861619762,89.68907459751752,73.58133307693768,85.16771114934787,61.757049366672106,67.07866469731111,0.7634567672046916,50.0,24.46808510638298,50.00000000000002,18.85964912280702,49.99999999999999,32.608695652173914,49.999999999999986,22.895622895622893,49.99999999999999,39.16666666666667,50.0,27.5997438887307,68.83116883116884,86.42266824085006,76.47058823529413,84.93761140819964,78.94736842105264,85.90225563909775,83.85416666666666,91.66666666666667,84.24369747899159,90.33613445378151,78.46939792663478,87.85306728171913,64.23469896331738,57.72640558522492,0.7236827957788566
116.0,50.480584390619,45.21337946943483,49.75644699140403,47.89398280802292,61.11111111111111,51.821740439626616,49.77784360189575,45.30509478672986,59.11764705882349,53.61344537815126,54.04872663077067,48.76952857639309,70.33995416348357,79.61639201135,72.46758812814743,82.34222650808958,73.22561692126912,84.45593419506463,74.35984977808127,87.59303516558552,71.97062799557578,87.07754700749662,72.47272739731143,84.21702697751728,63.26072701404105,66.49327777695518,0.7697646900478019,50.0,23.404255319148938,50.00000000000002,18.85964912280702,49.99999999999999,32.608695652173914,49.999999999999986,21.885521885521886,49.99999999999999,38.33333333333333,50.0,27.01829106259702,68.83116883116884,86.30460448642268,74.19786096256685,85.02673796791444,77.16165413533835,86.18421052631578,84.37499999999999,91.66666666666667,81.30252100840337,90.33613445378151,77.17364098749547,87.90367082022021,63.58682049374774,57.460980941408614,0.723769988799167
117.0,57.247212610534405,52.78738946559016,64.11891117478513,56.57593123209169,56.413730803974694,50.91839807286962,51.19964454976304,42.920616113744074,52.45798319327728,50.042016806722685,56.287496466466905,50.64887033820364,70.5309396485867,79.48543053585071,75.74306225222327,84.14014786242365,73.448883666275,85.33725029377203,77.36599522021169,88.07442813246841,70.02888042276024,86.40776699029126,73.42355224201137,84.68900476296122,64.85552435423914,67.66893755058243,0.7571185425515512,50.0,23.404255319148938,50.00000000000002,18.85964912280702,49.99999999999999,32.608695652173914,49.999999999999986,21.885521885521886,49.99999999999999,39.16666666666667,50.0,27.18495772926368,68.83116883116884,86.30460448642268,74.19786096256685,85.11586452762923,77.16165413533835,86.09022556390977,82.29166666666666,91.66666666666667,82.77310924369749,90.33613445378151,77.05109196788763,87.90269913968197,63.525545983943815,57.54382843447283,0.7204554163289214
118.0,61.76470588235294,67.35870818915801,54.32664756446993,49.8567335243553,49.81933152664858,47.87714543812104,54.465343601895746,50.0,53.3193277310924,55.420168067226896,54.73907126129192,54.102551043772245,72.45989304812835,83.71166648477573,73.45119468552446,82.65509482481518,73.82491186839016,84.63454759106932,76.37589621031069,86.67804711505633,74.79722256359838,87.42779894309943,74.1818236751904,85.0214309917632,64.46044746824116,69.56199101776772,0.7497966018315783,50.0,23.404255319148938,50.00000000000002,18.85964912280702,49.99999999999999,32.608695652173914,49.999999999999986,31.64983164983165,49.99999999999999,43.333333333333336,50.0,29.97115301545897,68.83116883116884,86.30460448642268,74.19786096256685,85.20499108734403,75.37593984962407,86.18421052631578,82.81249999999999,91.66666666666667,81.30252100840337,90.33613445378151,76.50399813035263,87.93932144410614,63.251999065176314,58.955237229782554,0.7194955326998782
119.0,56.209150326797385,61.13033448673587,61.04584527220632,62.96561604584527,58.89792231255645,51.30984643179766,57.63477488151661,56.67950236966824,54.01260504201677,47.436974789915965,57.56005956701871,55.904454824792595,72.56493506493506,80.68591072792753,73.61298617807778,83.30440372870461,72.35605170387781,84.90246768507637,76.23420962785934,89.4127688630932,73.14120683298513,90.78284379992625,73.58187788154702,85.81767896094559,65.57096872428286,70.86106689286909,0.7400370100480038,50.0,23.404255319148938,50.00000000000002,19.29824561403509,49.99999999999999,32.608695652173914,49.999999999999986,23.905723905723903,49.99999999999999,38.333333333333336,50.0,27.51005076488304,68.83116883116884,86.30460448642268,74.19786096256685,85.29411764705883,75.37593984962407,86.27819548872179,82.81249999999999,91.66666666666667,79.83193277310924,90.33613445378151,76.2098804832938,87.97594374853028,63.1049402416469,57.74299725670666,0.7180217811265028
120.0,43.71395617070357,44.559784698193006,55.39398280802293,50.616045845272204,51.53568202348689,38.72327612165011,56.264810426540315,49.7186018957346,45.399159663865525,49.411764705882355,50.46151821852385,46.60589465334645,70.65508021390374,78.52777474626214,74.4348012429015,83.61512911175399,73.87191539365455,87.24324324324324,74.00648685558211,88.23489245476273,77.32886813321863,88.92712301831142,74.05943036785212,85.3096325148667,62.26047429318798,65.95776358410657,0.755276550533141,50.0,22.340425531914892,50.00000000000002,19.29824561403509,49.99999999999999,32.608695652173914,49.999999999999986,22.895622895622893,49.99999999999999,37.5,50.0,26.928597938749355,68.83116883116884,86.42266824085006,76.47058823529413,85.20499108734403,78.94736842105264,86.27819548872179,83.85416666666666,91.66666666666667,84.24369747899159,90.33613445378151,78.46939792663478,87.98173118747282,64.23469896331738,57.45516456311108,0.7138559183966894
121.0,37.81237985390235,40.17685505574779,45.88825214899715,37.29226361031518,58.6720867208672,53.29719963866305,54.93927725118486,45.231042654028435,46.869747899159634,47.6890756302521,48.83634877482224,44.73728731780131,69.98663101604278,79.97380770490014,73.45012321868636,86.62595092681882,75.39952996474737,86.15041128084606,76.48173438033459,89.6039603960396,78.05702347302447,88.28806685510631,74.67500841056712,86.12843943274218,61.75567859269468,65.43286337527175,0.7563651492419673,50.0,22.340425531914892,50.00000000000002,19.29824561403509,49.99999999999999,32.608695652173914,49.999999999999986,28.95622895622896,49.99999999999999,40.0,50.0,28.64071915087057,68.83116883116884,86.42266824085006,74.19786096256685,85.38324420677363,75.37593984962407,86.27819548872179,80.72916666666666,91.79687500000001,81.30252100840337,90.33613445378151,76.08733146368596,88.0434234780254,63.04366573184298,58.342071314447985,0.7151159459650499
122.0,56.03613994617456,50.90349865436371,61.110315186246446,57.55014326647564,54.561878952122846,49.021379102679916,53.99140995260665,50.07405213270142,46.785714285714256,31.890756302521005,54.49709166457295,47.88796589174834,71.19938884644766,84.86030775946742,73.12332583306545,82.94653380477874,74.3654524089307,83.55111633372503,74.70467736428816,88.28610447251623,73.7741182253902,87.88865675310312,73.43339253562445,85.50654382471811,63.9652421000987,66.69725485823322,0.7571790430576055,50.0,22.340425531914892,50.00000000000002,19.29824561403509,49.99999999999999,32.608695652173914,49.999999999999986,27.946127946127948,49.99999999999999,40.0,50.0,28.438698948850366,68.83116883116884,86.30460448642268,74.19786096256685,85.47237076648841,77.16165413533835,86.18421052631578,83.85416666666666,91.79687500000001,84.24369747899159,90.33613445378151,77.65770961494646,88.01883904660167,63.82885480747323,58.22876899772602,0.7136518782837048
123.0,54.8250672818147,43.75240292195309,57.54297994269344,58.48137535816619,52.303523035230334,47.96747967479674,47.64514218009481,44.845971563981045,54.831932773109216,59.075630252100844,53.4297290425885,50.824571954199584,72.7750190985485,79.15257011895666,72.79438551376833,82.81795778420657,76.26321974148064,85.67332549941246,76.03960396039604,89.8258791396381,74.94469706279956,89.25894064151407,74.5633850753986,85.34573463674558,63.996557058993545,68.08515329547258,0.74616845705834,50.0,22.340425531914892,50.00000000000002,19.29824561403509,49.99999999999999,33.333333333333336,49.999999999999986,34.34343434343434,49.99999999999999,41.66666666666667,50.0,30.19642109787687,68.83116883116884,86.18654073199528,74.19786096256685,85.38324420677361,78.94736842105264,86.27819548872179,83.85416666666666,91.79687500000001,84.24369747899159,90.33613445378151,78.0148524720893,87.99619797625444,64.00742623604465,59.09630953706565,0.7114384323646823
124.0,62.110726643598625,69.24259900038446,49.53438395415474,39.326647564469916,53.29719963866304,52.634748569707924,54.087677725118496,50.72571090047393,58.94957983193273,51.5546218487395,55.59591355869353,52.696865576755144,71.93468296409472,80.15660809778457,72.95831993999784,84.6501660773599,73.50176263219744,84.20681551116334,79.14305223625813,88.54557869580061,80.92663143664743,91.21912252672976,75.6928898418391,85.75565818176764,65.64440170026631,69.22626187926139,0.7371155311356128,50.0,22.340425531914892,50.00000000000002,19.29824561403509,49.99999999999999,35.507246376811594,49.999999999999986,49.831649831649834,49.99999999999999,48.333333333333336,50.0,35.06218013754895,70.12987012987011,86.06847697756788,74.19786096256685,85.47237076648841,75.37593984962407,86.27819548872179,80.72916666666666,91.66666666666667,81.30252100840337,90.54621848739495,76.34707172342621,88.00638567736794,63.173535861713106,61.53428290745845,0.7129332110391543
125.0,50.307574009996145,48.942714340638204,45.18624641833812,40.63037249283668,50.85817524841916,38.873833182776266,50.86640995260665,47.57109004739336,56.17647058823526,48.36134453781513,50.67897524351906,44.87587092029194,71.58135981665393,81.0596966059151,73.77799207114538,83.71156112718312,76.1045828437133,85.90364277320799,76.7207237965176,88.81870945715261,73.86936217279097,91.09622711072876,74.41080414016423,86.11796741483751,62.54488969184165,65.49691916756473,0.7527547365357942,50.0,22.340425531914892,50.00000000000002,19.29824561403509,49.99999999999999,34.05797101449276,49.999999999999986,46.127946127946124,49.99999999999999,47.5,50.0,33.86491765767777,72.07792207792207,86.06847697756788,77.13903743315508,85.56149732620321,74.90601503759399,86.46616541353383,79.68749999999999,91.796875,78.36134453781511,90.33613445378151,76.43436381729725,88.04582983421729,63.21718190864863,60.955373745947526,0.715137996938661
126.0,43.88696655132641,34.48673587081891,57.750716332378246,51.805157593123205,49.18699186991869,45.980126467931335,58.67890995260665,50.94786729857821,48.25630252100837,46.470588235294116,51.551977445447676,45.93809509314916,73.2811306340718,80.644985266834,75.25554484088714,82.79438551376835,76.38072855464162,86.30787309048179,78.29463980880848,89.9692727893479,76.69595674081357,89.36954651591495,75.98160011584453,85.8172126352694,63.7667887806461,65.87765386420928,0.7451808785915076,50.0,22.340425531914892,50.00000000000002,19.29824561403509,49.99999999999999,34.78260869565217,49.999999999999986,49.494949494949495,49.99999999999999,48.333333333333336,50.0,34.849912533977,71.42857142857142,85.9504132231405,74.19786096256685,85.47237076648841,76.69172932330828,86.46616541353383,79.68749999999999,91.796875,78.36134453781511,90.33613445378151,76.07340125045233,88.00439177138885,63.03670062522617,61.42715215268292,0.7139332127810527
127.0,49.6155324875048,45.98231449442522,51.253581661891126,48.2808022922636,62.5564588979223,58.92803372478169,53.8951421800948,53.93957345971564,55.4411764705882,53.61344537815126,54.55237833960025,52.14883386986749,72.8609625668449,81.02695623704027,74.4348012429015,83.61512911175399,74.85311398354878,84.61339600470035,78.34755889382043,93.01126664390577,74.79722256359838,89.93486542951949,75.0587318501428,86.44032268538396,64.80555509487152,69.29457827762573,0.728678677472226,50.0,22.340425531914892,50.00000000000002,19.29824561403509,49.99999999999999,35.507246376811594,49.999999999999986,50.841750841750844,49.99999999999999,48.333333333333336,50.0,35.26420033956915,72.07792207792207,85.9504132231405,74.19786096256685,85.38324420677361,76.69172932330828,86.46616541353383,81.24999999999999,91.796875,78.36134453781511,90.54621848739495,76.51577138032246,88.02858326616858,63.25788569016123,61.64639180286886,0.7126792651585437
128.0,57.420222991157246,61.93771626297577,52.89398280802294,49.742120343839545,51.0840108401084,47.03402589581451,48.593009478673004,40.180687203791464,45.96638655462183,42.64705882352941,51.191522534516686,48.30832170599014,72.21161191749427,81.2315835425079,74.59873566913103,82.39579984999466,75.5699177438308,85.41245593419507,77.31307613519974,89.2727893479003,74.8494531153988,88.9885707263119,74.90855891621092,85.46023988018196,63.0500407253638,66.88428079308605,0.7505357141654729,50.0,22.340425531914892,50.00000000000002,19.29824561403509,49.99999999999999,35.507246376811594,49.999999999999986,50.841750841750844,49.99999999999999,48.333333333333336,50.0,35.26420033956915,72.07792207792207,86.06847697756788,74.19786096256685,85.650623885918,75.37593984962407,86.46616541353383,82.81249999999999,91.796875,78.36134453781511,90.54621848739495,76.56511348558561,88.10567195288293,63.282556742792806,61.684936146226036,0.7119415195749432
129.0,50.65359477124184,45.86697424067666,53.896848137535834,47.378223495702,49.23215898825654,44.35411020776875,49.822274881516606,40.12144549763033,50.2941176470588,43.109243697478995,50.77979888512192,44.16599942785135,73.09014514896866,79.69551456946415,74.59659273545482,83.99014250508947,74.97062279670978,84.70975323149236,75.19972686923866,89.16695117787641,74.45926016959567,90.84429150792676,74.4632695439935,85.68133059836983,62.62153421455771,64.9236650131106,0.7532675511100398,50.0,22.340425531914892,50.00000000000002,19.29824561403509,49.99999999999999,34.78260869565217,49.999999999999986,46.8013468013468,49.99999999999999,44.166666666666664,50.0,33.47785866192312,71.42857142857142,86.06847697756788,74.19786096256685,85.650623885918,75.37593984962407,86.46616541353383,82.29166666666666,92.1875,82.77310924369749,90.54621848739495,77.2134296302253,88.18379695288293,63.60671481511265,60.830827807403026,0.7090824218650793
130.0,43.3679354094579,42.59900038446751,60.96704871060174,54.5702005730659,56.18789521228544,59.018367961457386,53.280509478673,45.379146919431285,51.80672268907561,54.20168067226891,53.12202230001874,51.1536793021382,73.07104660045837,80.7486631016043,75.09268188149575,84.14014786242365,78.54876615746183,87.80728554641598,78.70092181631958,89.28986002048482,78.05702347302446,90.90573921592726,76.694087985752,86.5783391493712,64.90805514288537,68.86600922575471,0.7288002518672343,50.0,22.340425531914892,50.00000000000002,20.17543859649123,49.99999999999999,37.68115942028986,49.999999999999986,55.55555555555556,49.99999999999999,45.83333333333333,50.0,36.31718248751697,71.42857142857142,86.06847697756788,74.19786096256685,85.650623885918,75.37593984962407,86.37218045112782,80.72916666666666,92.1875,81.30252100840337,90.54621848739495,76.60681198316647,88.16499996040173,63.30340599158323,62.24109122395935,0.7084544489087432
131.0,48.57747020376779,55.901576316801226,57.60744985673354,52.17765042979943,53.34236675700089,47.93736826257151,48.1190758293839,43.17239336492891,51.8067226890756,52.77310924369748,51.89061706719235,50.39241952355972,71.79144385026738,79.85103132161956,75.41840780027856,83.03867995285546,76.86251468860166,85.31139835487662,79.38204165244112,90.0375554796859,74.16431117119332,89.06230797591249,75.5237438325564,85.46019461699,63.70718044987438,67.92630707027486,0.7436698811251569,50.0,22.340425531914892,50.00000000000002,19.73684210526316,49.99999999999999,36.231884057971016,49.999999999999986,52.18855218855219,49.99999999999999,48.33333333333333,50.0,35.76620744340691,72.07792207792207,85.9504132231405,75.84670231729056,85.73975044563281,74.43609022556392,86.56015037593986,79.68749999999999,92.31770833333334,81.93277310924371,90.54621848739495,76.79619754600405,88.2228481730883,63.398098773002026,61.994527808247604,0.7104466645112127
132.0,50.480584390619,47.25105728565936,51.31805157593124,57.23495702005731,48.01264679313459,52.60463715748268,52.3844786729858,48.07464454976303,54.70588235294114,49.327731092436984,51.380328757122356,50.89860542107987,70.40679908326966,80.70228091236494,74.27300975034821,83.91942569377477,75.34665099882496,86.79200940070506,75.29702970297029,92.40355069989758,75.87255745360697,90.05161607472041,74.23920939780402,86.77377655629255,62.80976907746319,68.83619098868621,0.7338794955260685,50.0,22.340425531914892,50.00000000000002,19.73684210526316,49.99999999999999,34.78260869565217,49.999999999999986,47.13804713804714,49.99999999999999,44.166666666666664,50.0,33.63291802750881,71.42857142857142,85.9504132231405,74.19786096256685,85.91800356506238,75.37593984962407,86.27819548872179,80.72916666666666,92.44791666666667,81.30252100840337,90.75630252100841,76.60681198316647,88.27016629291995,63.30340599158323,60.95154216021438,0.7066774273529437
133.0,59.86159169550172,52.902729719338716,41.89111747851004,31.633237822349574,58.49141824751579,49.56338452273411,54.843009478673,44.742298578199055,43.10924369747897,40.88235294117647,51.63927611953591,43.94480071675959,72.42169595110771,82.84677507366582,74.2697953498339,83.72441872924033,74.42420681551117,86.58519388954171,78.30317514510071,90.39945373847729,75.18741550940152,89.00700503871205,74.92125775419099,86.51256929392744,63.28026693686345,65.22868500534352,0.751982206929934,50.0,22.340425531914892,50.00000000000002,19.73684210526316,49.99999999999999,34.05797101449276,49.999999999999986,42.42424242424242,49.99999999999999,43.333333333333336,50.0,32.37856288184931,72.07792207792207,85.8323494687131,76.15864527629235,86.00713012477719,75.37593984962407,86.56015037593986,81.24999999999999,92.44791666666667,81.93277310924371,90.75630252100841,77.35905606261643,88.32076983142106,63.679528031308216,60.34966635663518,0.708017428625465
134.0,49.6155324875048,59.438677431757014,48.53151862464185,45.05730659025788,48.41915085817524,44.32399879554351,58.441943127962105,48.992890995260666,43.88655462184872,38.82352941176471,49.77893994402654,47.327280644916755,72.65087853323148,82.55484011786534,75.41947926711667,83.45440908603878,74.15393654524092,85.42655699177438,79.83270740867191,91.88801638784568,80.49342509524396,92.43578714513949,76.51008536990098,87.15192194573272,63.144512656963755,67.23960129532475,0.7362908290048512,50.0,22.340425531914892,50.00000000000002,19.73684210526316,49.99999999999999,31.88405797101449,49.999999999999986,23.905723905723903,49.99999999999999,37.5,50.0,27.07340990278329,72.07792207792207,85.8323494687131,76.15864527629235,86.18538324420678,75.37593984962407,86.65413533834587,82.81249999999999,92.44791666666667,81.93277310924371,90.75630252100841,77.67155606261643,88.37521744778817,63.835778031308216,57.72431367528573,0.7076357017421313
135.0,52.5759323337178,54.20991926182237,55.888252148997154,47.06303724928367,45.57362240289069,41.79464016862391,52.3326421800948,43.52784360189573,48.90756302521005,50.0,51.055602418182104,47.319088056325135,72.94690603514132,80.061115355233,75.41626486660236,84.08871745419479,76.32784958871916,86.09400705052879,75.58893820416525,90.0580402867873,79.375076809635,88.74892466510998,75.93100710085261,85.81016096237077,63.49330475951736,66.56462450934795,0.7399772632958421,50.0,22.340425531914892,50.00000000000002,19.73684210526316,49.99999999999999,34.78260869565217,49.999999999999986,50.505050505050505,49.99999999999999,48.33333333333333,50.0,35.139652034242815,72.07792207792207,85.9504132231405,75.84670231729056,86.18538324420678,74.43609022556392,86.56015037593986,79.68749999999999,92.44791666666667,81.93277310924371,90.96638655462185,76.79619754600405,88.42205001291515,63.398098773002026,61.78085102357898,0.7084724512716789
136.0,46.501345636293735,41.48404459823145,58.61031518624644,52.24928366762178,56.00722673893404,51.21951219512194,48.82997630331755,49.807464454976305,51.764705882352914,54.243697478991606,52.34271394942893,49.80080047898862,74.01642475171887,80.6422569027611,75.58341369334617,84.6437372763313,75.18213866039956,86.23501762632198,78.00273130761353,89.26937521338341,82.44438982425956,91.2990045471304,77.04581964746754,86.41787831318564,64.69426679844824,68.10933939608714,0.7336850066664734,50.0,22.340425531914892,50.00000000000002,19.298245614035093,49.99999999999999,33.333333333333336,49.999999999999986,42.76094276094276,49.99999999999999,47.5,50.0,33.04658944804522,72.07792207792207,85.9504132231405,75.84670231729056,86.18538324420678,74.43609022556392,86.46616541353383,79.68749999999999,92.578125,81.93277310924371,91.17647058823529,76.79619754600405,88.47131149382328,63.398098773002026,60.75895047093425,0.7085191006409912
137.0,54.13302575932334,50.94194540561322,47.89398280802295,41.318051575931236,56.00722673893404,52.2583559168925,51.76244075829386,44.13507109004739,46.008403361344506,45.168067226890756,51.16101588518374,46.76429824307502,72.8418640183346,79.92196878751501,76.89274616950603,84.85160184292296,79.03642773207991,88.00235017626322,78.19733697507681,91.79583475588939,75.48236450780387,90.74597517512596,76.49014788056026,87.06354614754332,63.825581882872,66.91392219530917,0.7281368342811573,50.0,22.340425531914892,50.00000000000002,19.298245614035093,49.99999999999999,35.507246376811594,49.999999999999986,49.494949494949495,49.99999999999999,46.666666666666664,50.0,34.66150673687555,72.72727272727272,85.9504132231405,75.84670231729056,86.18538324420678,74.43609022556392,86.46616541353383,79.68749999999999,92.578125,81.93277310924371,91.17647058823529,76.92606767587418,88.47131149382328,63.46303383793709,61.566409115349416,0.7073754255498635
138.0,54.30603613994618,57.8239138792772,48.037249283667634,39.88538681948424,58.49141824751579,52.183077386329416,59.01214454976304,54.19135071090048,57.56302521008399,49.07563025210084,55.48197468619533,50.63187180961843,72.8609625668449,81.48804976536069,75.41947926711667,82.2865102325083,77.57344300822564,86.99882491186838,82.29088426083989,90.97302833731649,78.6899348654295,91.6738355659334,77.36694079369133,86.68404976259745,66.42445773994334,68.65796078610794,0.7211831954404623,50.0,22.340425531914892,50.00000000000002,20.175438596491233,49.99999999999999,38.40579710144928,49.999999999999986,54.20875420875421,49.99999999999999,45.83333333333333,50.0,36.19274975438859,72.72727272727272,85.9504132231405,75.84670231729056,86.18538324420678,74.43609022556392,86.46616541353383,79.68749999999999,92.578125,81.93277310924371,91.17647058823529,76.92606767587418,88.47131149382328,63.46303383793709,62.33203062410594,0.7063546098747661
139.0,48.40445982314495,58.362168396770464,54.391117478510054,44.97134670487106,60.2981029810298,53.44775669978922,50.91084123222751,41.36552132701422,57.52100840336131,47.773109243697476,54.30510598365472,49.18398047442848,73.07104660045836,80.01746153006657,73.29047465980926,84.57944926604522,75.45828437132788,87.83548766157462,80.56674632980538,89.81905087060431,77.81430502642252,91.1883986727295,76.04017139756468,86.68796960020404,65.1726386906097,67.93597503731627,0.7329175582059453,50.0,22.340425531914892,50.00000000000002,19.73684210526316,49.99999999999999,34.05797101449276,49.999999999999986,43.43434343434344,49.99999999999999,44.99999999999999,50.0,32.913916417202856,72.72727272727272,85.8323494687131,75.84670231729056,86.27450980392157,74.43609022556392,86.37218045112782,79.68749999999999,92.578125,81.93277310924371,91.17647058823529,76.92606767587418,88.44672706239956,63.46303383793709,60.68032173980121,0.705631495854149
140.0,40.23452518262207,45.71318723567858,55.107449856733545,48.26647564469914,53.29719963866305,48.629930743751885,54.13210900473936,43.23163507109005,48.088235294117624,47.22689075630252,50.17190379537513,46.61362389030443,73.80634071810542,81.17155953290407,74.60087860280723,85.83949426765241,75.83431257344303,88.86251468860165,77.85250938886993,90.34824172072379,80.34595059604277,89.57846872311663,76.48799837585366,87.16005578659971,63.3299510856144,66.88683983845208,0.735206321623159,50.0,22.340425531914892,50.00000000000002,20.6140350877193,49.99999999999999,36.95652173913043,49.999999999999986,54.20875420875421,49.99999999999999,44.166666666666664,50.0,35.657280646837094,73.37662337662336,85.8323494687131,75.84670231729056,86.36363636363637,74.43609022556392,86.46616541353383,79.68749999999999,92.578125,81.93277310924371,91.38655462184873,77.05593780574432,88.52536617354642,63.52796890287216,62.091323410191755,0.7054291736415986
141.0,42.675893886966556,41.02268358323722,59.534383954154734,54.22636103151862,48.01264679313459,44.47455585666968,54.509774881516606,45.85308056872038,52.54201680672266,50.54621848739495,51.45494326449902,47.22457990550817,73.07104660045837,80.76230492196879,76.07735990571089,85.59734276224151,75.78730904817863,87.52056404230318,81.65414817343803,91.2120177534995,80.39818114784319,89.68292982671747,77.39760897512583,86.95503186134609,64.42627611981243,67.08980588342713,0.7271086377462705,50.0,22.340425531914892,50.00000000000002,20.6140350877193,49.99999999999999,36.23188405797101,49.999999999999986,50.505050505050505,49.99999999999999,44.99999999999999,50.0,34.93827903653114,72.72727272727272,85.8323494687131,75.84670231729056,86.45276292335116,74.43609022556392,86.46616541353383,79.68749999999999,92.578125,81.93277310924371,91.80672268907564,76.92606767587418,88.62722509893474,63.46303383793709,61.78275206773294,0.7043047847020492
142.0,53.26797385620915,45.09803921568627,53.81805157593125,44.75644699140401,48.23848238482384,43.360433604336045,53.56190758293842,42.41706161137441,60.50420168067223,60.7563025210084,53.878123416114974,47.277656788761824,73.3670741023682,82.75401069518716,75.9102110789671,85.08732454730527,75.46415981198591,86.834312573443,77.95834755889382,91.16763400477979,78.68993486542952,90.29126213592234,76.2779454835289,87.22690879132752,65.07803444982193,67.25228279004467,0.7312899365397026,50.0,22.340425531914892,50.00000000000002,20.6140350877193,49.99999999999999,36.23188405797101,49.999999999999986,52.52525252525253,49.99999999999999,44.99999999999999,50.0,35.34231944057155,73.37662337662336,85.8323494687131,75.84670231729056,86.36363636363637,74.43609022556392,86.46616541353383,79.68749999999999,92.578125,81.93277310924371,91.80672268907564,77.05593780574432,88.60939978699179,63.52796890287216,61.975859613781665,0.7048522981593242
143.0,57.78546712802769,54.55594002306805,53.53151862464185,47.65042979942694,50.045167118337844,39.38572719060524,50.05924170616115,43.394549763033176,47.43697478991595,41.26050420168067,51.7716738734169,45.249430195562816,73.28113063407181,82.16741241951327,77.05775206257364,83.59584270866817,76.22209165687428,86.75440658049354,76.87094571526119,90.3106862410379,77.96177952562371,93.13014624554505,76.27873991888093,87.1916988390516,64.02520689614892,66.22056451730721,0.7356104588704568,50.0,22.340425531914892,50.00000000000002,19.73684210526316,49.99999999999999,36.23188405797101,49.999999999999986,52.188552188552194,49.99999999999999,45.83333333333333,50.0,35.26620744340691,74.02597402597402,85.59622195985833,75.84670231729056,86.27450980392157,74.43609022556392,86.46616541353383,79.68749999999999,92.578125,81.93277310924371,91.80672268907564,77.18580793561445,88.54434897327788,63.592903967807224,61.905278208342395,0.7049760704767359
144.0,52.402921953094975,49.63475586312956,46.60458452722065,44.51289398280802,53.9747064137308,46.49202047576031,47.074940758293856,41.36552132701422,51.84873949579828,43.739495798319325,50.38117862962771,45.14893748940629,73.59625668449196,82.55893266397469,78.04028715311259,86.63023679417121,76.59811985898945,86.87661574618097,76.0310686241038,90.0375554796859,77.32886813321863,88.60145016590882,76.31892009078328,86.94095816998433,63.350049360205496,66.0449478296953,0.7377660571647892,50.0,22.340425531914892,50.00000000000002,19.73684210526316,49.99999999999999,34.05797101449276,49.999999999999986,43.09764309764309,49.99999999999999,43.333333333333336,50.0,32.51324301652945,73.37662337662336,85.71428571428572,75.84670231729056,86.36363636363637,74.43609022556392,86.46616541353383,79.68749999999999,92.578125,81.93277310924371,91.80672268907564,77.05593780574432,88.58578703610631,63.52796890287216,60.54951502631788,0.7043567227427958
145.0,54.47904652056902,50.63437139561707,54.02578796561607,46.117478510028654,51.67118337850044,55.52544414333032,61.32997630331756,58.3234597156398,55.483193277310896,51.26050420168067,55.397837489062795,52.37225159325929,74.31245225362872,84.31463494488705,76.40308582449371,84.37158469945355,78.71327849588722,87.0716803760282,80.6725844998293,91.65244110617958,75.87255745360697,88.80422760231042,77.19479170548918,87.24291374577176,66.296314597276,69.80758266951553,0.7176557643706293,50.0,22.340425531914892,50.00000000000002,19.73684210526316,49.99999999999999,34.05797101449276,49.999999999999986,40.74074074074075,49.99999999999999,43.333333333333336,50.0,32.04186254514898,73.37662337662336,85.8323494687131,75.84670231729056,86.36363636363637,74.43609022556392,86.46616541353383,79.68749999999999,92.578125,81.93277310924371,92.01680672268908,77.05593780574432,88.65141659371447,63.52796890287216,60.34663956943173,0.7024140886211491
146.0,53.61399461745483,40.63821607074202,54.534383954154755,47.56446991404011,57.904245709123735,48.90093345377898,54.843009478673,45.29028436018957,56.13445378151257,53.02521008403362,55.40601750818378,47.08382277655686,74.66577540106951,83.74167848957765,75.74841958641379,86.27236687024536,73.87779083431259,85.73913043478262,79.38204165244112,92.41379310344828,75.23964606120191,89.59690303551677,75.78273470708777,87.55277438671415,65.59437610763578,67.3182985816355,0.7217264839645976,50.0,22.340425531914892,50.00000000000002,21.052631578947373,49.99999999999999,40.57971014492754,49.999999999999986,53.87205387205387,49.99999999999999,45.833333333333336,50.0,36.7356308922354,73.37662337662336,85.8323494687131,75.84670231729056,86.36363636363636,74.43609022556392,86.46616541353383,79.68749999999999,92.70833333333334,81.93277310924371,92.22689075630252,77.05593780574432,88.71947506710383,63.52796890287216,62.72755297966961,0.702118625828337
147.0,53.787004998077656,49.3271818531334,54.39111747851004,49.097421203438394,50.72267389340559,50.28605841613971,49.91854265402845,44.56457345971564,51.7647058823529,48.655462184873954,52.11680898127493,48.38613942346022,74.45569136745607,81.2261268143621,75.74841958641377,84.34372656166292,77.90246768507642,87.57696827262045,82.23796517582795,92.36258108569479,80.25070664864201,90.6353693007251,78.11905009268324,87.22895440701306,65.11792953697909,67.80754691523664,0.7233197261767318,50.0,22.340425531914892,50.00000000000002,20.6140350877193,49.99999999999999,36.95652173913044,49.999999999999986,53.198653198653204,49.99999999999999,44.166666666666664,50.0,35.4552604448169,73.37662337662336,85.8323494687131,75.84670231729056,86.18538324420678,74.90601503759399,86.1842105263158,82.81249999999999,92.578125,83.40336134453781,92.01680672268908,78.06904041520914,88.55937499238495,64.03452020760457,62.00731771860092,0.7000199372350333
148.0,42.8489042675894,48.09688581314879,55.107449856733545,45.63037249283668,51.535682023486885,58.38602830472749,53.043542654028464,46.875,49.60084033613442,46.72268907563025,50.427283827594536,49.142195137268644,71.68640183346065,80.09931245225363,76.2391513982642,83.57869923925854,78.44300822561695,87.35840188014102,79.18743598497781,90.4472516217139,75.28265945680226,92.74302568514193,76.16773137982437,86.8453381757018,63.297507603709455,67.99376665648522,0.7164364397351596,50.0,22.340425531914892,50.00000000000002,29.385964912280706,49.99999999999999,41.30434782608695,49.999999999999986,54.54545454545454,49.99999999999999,44.99999999999999,50.0,38.51523856314742,73.37662337662336,85.8323494687131,73.88591800356508,86.27450980392157,73.59022556390977,86.1842105263158,80.72916666666666,92.31770833333334,84.87394957983193,92.01680672268908,77.29117663811935,88.52511697099456,63.64558831905968,63.52017776707099,0.6979888467035543
149.0,54.47904652056901,59.05420991926182,49.04011461318053,44.054441260744994,47.60614272809394,44.53477868112014,53.51747630331756,51.94016587677726,48.949579831932745,43.529411764705884,50.71847199941875,48.622601500522016,74.10236822001526,81.39801375095492,76.89381763634414,85.1108968177435,76.81551116333728,87.1539365452409,78.89552748378286,90.4028678729942,77.18139363401745,91.77829666953421,76.7777236274994,87.16880233129353,63.748097813459076,67.89570191590778,0.7172056315656018,50.0,22.340425531914892,50.00000000000002,29.824561403508774,49.99999999999999,44.20289855072463,49.999999999999986,55.218855218855225,49.99999999999999,40.0,50.0,38.31734814100071,74.02597402597402,85.8323494687131,75.84670231729056,86.36363636363636,74.43609022556392,86.1842105263158,79.68749999999999,92.44791666666667,81.93277310924371,92.22689075630252,77.18580793561445,88.61100075632689,63.592903967807224,63.4641744486638,0.6997390134730629
150.0,48.40445982314495,51.05728565936178,53.388252148997154,45.95988538681948,62.37579042457089,54.41132189099669,52.8065758293839,45.66054502369668,53.9285714285714,46.260504201680675,54.18072993093366,48.669908432511065,74.6466768525592,81.86456400742115,74.76374156219863,84.42730097503483,76.53936545240896,88.20916568742656,77.65790372140661,90.2526459542506,77.9617795256237,89.72594322231781,76.31389342283941,86.8959239692902,65.24731167688654,67.78291620090063,0.7254617489408474,50.0,22.340425531914892,50.00000000000002,27.192982456140356,49.99999999999999,42.028985507246375,49.999999999999986,53.198653198653204,49.99999999999999,44.99999999999999,50.0,37.952209338790965,73.37662337662336,85.8323494687131,73.88591800356508,86.36363636363636,73.59022556390977,86.1842105263158,80.72916666666666,92.44791666666667,84.87394957983193,92.22689075630252,77.29117663811935,88.61100075632689,63.64558831905968,63.28160504755893,0.6971740495576455
151.0,54.13302575932334,49.058054594386775,55.60171919770775,36.54727793696274,53.974706413730786,51.85185185185185,53.04354265402845,48.918838862559234,47.47899159663863,42.39495798319327,52.846397124285794,45.75419624579077,74.12146676852558,82.84677507366582,77.38454944819456,83.51012536162006,77.79083431257347,86.99177438307872,77.86104472516217,91.15056333219529,79.7130392036377,90.35885461472286,77.37418689161869,86.97161855305656,65.11029200795224,66.36290739942366,0.7216258042350344,50.0,22.340425531914892,50.00000000000002,34.21052631578948,49.99999999999999,43.47826086956522,49.999999999999986,57.239057239057246,49.99999999999999,39.166666666666664,50.0,39.2869873245987,74.02597402597402,85.8323494687131,75.84670231729056,86.45276292335117,74.43609022556392,86.1842105263158,79.68749999999999,92.44791666666667,81.93277310924371,92.22689075630252,77.18580793561445,88.62882606826984,63.592903967807224,63.95790669643427,0.6978416484434717
152.0,36.60130718954249,29.68089196462899,57.75071633237824,49.08309455587393,56.639566395663934,48.178259560373384,52.90284360189575,43.00947867298578,59.726890756302474,60.840336134453786,52.72426485515657,46.15841217766318,74.24560733384261,83.04594565098766,75.25447337404904,83.82299367834567,78.66039952996476,90.03525264394831,79.68248548992833,90.37214066234209,76.74818729261399,89.48629716111589,76.91823060407975,87.35252595934791,64.82124772961816,66.75546906850555,0.7225046203086489,50.0,22.340425531914892,50.00000000000002,39.035087719298254,49.99999999999999,45.652173913043484,49.999999999999986,61.27946127946128,49.99999999999999,43.333333333333336,50.0,42.32809635541025,74.02597402597402,85.8323494687131,75.84670231729056,86.45276292335117,74.43609022556392,86.09022556390978,79.68749999999999,92.44791666666667,81.93277310924371,92.22689075630252,77.18580793561445,88.61002907578865,63.592903967807224,65.46906271559945,0.6972061624302555
153.0,59.169550173010386,59.47712418300654,52.03438395415475,47.67908309455587,52.12285456187894,42.36675700090334,52.191943127962105,45.60130331753554,57.56302521008401,57.39495798319329,54.61635140541804,50.503845115838914,73.49121466768526,79.80192076830733,75.58234222650808,86.1352191149684,75.2937720329025,87.03877790834312,76.7207237965176,90.78525093888699,74.06906722379256,90.24210396952192,75.0314239894812,86.80065454000555,64.82388769744962,68.65224982792223,0.7170504489190334,50.0,22.340425531914892,50.00000000000002,32.01754385964912,49.99999999999999,44.20289855072464,49.999999999999986,57.91245791245792,49.99999999999999,39.166666666666664,50.0,39.127998504282644,74.02597402597402,85.8323494687131,75.84670231729056,86.45276292335117,74.43609022556392,86.09022556390978,79.68749999999999,92.31770833333334,81.93277310924371,92.43697478991596,77.18580793561445,88.62600421584467,63.592903967807224,63.87700136006366,0.6976293126666726
154.0,54.65205690119185,64.66743560169166,50.171919770773656,43.467048710601716,46.973803071364046,45.04667268894911,56.168542654028464,48.40047393364929,48.94957983193274,50.08403361344538,51.383180445858144,50.333132909667434,76.03132161955692,82.18923933209648,78.03921568627447,84.8923175827708,78.8777908343126,89.06227967097533,79.68248548992833,92.23967224308637,79.47032075703578,89.94715497111957,78.42022687742163,87.66613276000972,64.90170366163989,68.99963283483858,0.7072089883105759,50.0,22.340425531914892,50.00000000000002,34.64912280701755,49.99999999999999,44.927536231884055,49.999999999999986,58.92255892255892,49.99999999999999,39.166666666666664,50.0,40.00126203200841,74.02597402597402,85.8323494687131,75.84670231729056,86.45276292335117,74.43609022556392,86.1842105263158,79.68749999999999,92.31770833333334,81.93277310924371,92.22689075630252,77.18580793561445,88.60278440160319,63.592903967807224,64.3020232168058,0.6968036801745021
155.0,52.402921953094975,57.439446366782,51.31805157593124,38.338108882521496,53.52303523035229,47.06413730803975,47.26747630331755,48.84478672985782,56.13445378151257,52.39495798319328,52.129187768841724,48.816287454078875,74.6466768525592,83.43610171341265,76.56487731704702,85.23304403728704,79.03642773207994,87.88719153936545,78.9928303175145,91.69682485489929,78.8374093646307,89.000860267912,77.61564431676626,87.4508044825753,64.87241604280399,68.13354596832708,0.7169500552901324,50.0,22.340425531914892,50.00000000000002,34.21052631578948,49.99999999999999,44.927536231884055,49.999999999999986,57.91245791245792,49.99999999999999,39.166666666666664,50.0,39.7115225317426,74.02597402597402,85.8323494687131,75.84670231729056,86.45276292335117,71.80451127819549,86.1842105263158,79.16666666666666,92.31770833333334,83.40336134453781,92.22689075630252,76.84944312653292,88.60278440160319,63.42472156326646,64.1571534666729,0.6955637825450193
156.0,53.9600153787005,39.83083429450212,61.31805157593126,48.46704871060172,50.090334236675695,51.73140620295092,51.95497630331756,48.148696682464454,46.82773109243695,46.63865546218487,52.830221717412385,46.96332827054082,73.7872421695951,83.31332533013205,76.89381763634414,85.76663452266153,78.23149236192717,86.34077555816685,78.15295322635713,91.53294639808809,76.30576379501046,88.55843677030848,76.6742538378468,87.1024237158714,64.7522377776296,67.0328759932061,0.7221191826600306,50.0,22.340425531914892,50.00000000000002,30.263157894736846,49.99999999999999,43.47826086956522,49.999999999999986,53.535353535353536,49.99999999999999,42.5,50.0,38.423439566314094,74.02597402597402,85.71428571428572,75.84670231729056,86.45276292335117,73.59022556390977,86.1842105263158,80.72916666666666,92.31770833333334,84.87394957983193,92.22689075630252,77.81320363073458,88.57917165071771,63.90660181536729,63.501305608515906,0.6945743012996585
157.0,57.09342560553633,57.17031910803537,59.39111747851005,51.60458452722063,59.93676603432699,50.045167118337844,54.98370853080571,47.71919431279621,52.54201680672266,46.09243697478992,56.78940689118034,50.526340408236,73.7012987012987,82.73218378260395,75.09161041465764,84.21300760741455,77.52056404230319,86.60869565217392,78.99283031751452,91.06862410378969,79.95575765023966,89.97787882511983,77.05241222520274,86.92007799422039,66.92090955819154,68.7232092012282,0.7156277416838154,50.0,22.340425531914892,50.00000000000002,39.91228070175439,49.99999999999999,47.10144927536232,49.999999999999986,62.962962962962955,49.99999999999999,45.00000000000001,50.0,43.46342369439891,74.02597402597402,85.71428571428572,75.84670231729056,86.45276292335117,73.59022556390977,86.09022556390978,80.72916666666666,92.31770833333334,84.87394957983193,92.22689075630252,77.81320363073458,88.56037465823651,63.90660181536729,66.01189917631771,0.6931352199993943
158.0,58.47750865051903,50.98039215686274,55.74498567335245,45.02865329512894,45.98012646793134,44.62511291779584,50.7701421800948,49.40758293838862,46.00840336134451,39.831932773109244,51.39623326664842,45.97473481625708,74.33155080213902,80.40761759249155,77.05668059573554,86.62166505946641,77.84371327849591,88.13866039952997,82.0962785933766,91.0993513144418,83.84846995207079,92.95809266314366,79.03533864436358,87.84507740581468,65.21578595550599,66.90990611103588,0.7122329630646771,50.0,22.340425531914892,50.00000000000002,38.15789473684211,49.99999999999999,44.927536231884055,49.999999999999986,59.5959595959596,49.99999999999999,40.833333333333336,50.0,41.171029885986805,73.37662337662336,85.71428571428572,74.8663101604278,86.45276292335117,73.59022556390977,86.09022556390978,80.72916666666666,92.31770833333334,84.87394957983193,92.22689075630252,77.48725506949191,88.56037465823651,63.743627534745954,64.86570227211166,0.691961046228892
159.0,54.13302575932335,54.863514033064206,54.96418338108885,44.72779369627507,52.9810298102981,49.11171333935561,52.332642180094815,47.126777251184826,55.39915966386552,51.008403361344534,53.962008158934125,49.36764033624485,74.77081741787623,80.75957655789588,77.87420979320687,86.94953391192544,78.0082256169213,88.0470035252644,78.69238648002731,90.80573574598839,78.44721641882757,90.03318176232027,77.55857114537186,87.31900630067888,65.76028965215299,68.34332331846187,0.7124056273446757,50.0,24.46808510638298,50.00000000000002,42.982456140350884,49.99999999999999,50.0,49.999999999999986,69.36026936026937,49.99999999999999,45.833333333333336,50.0,46.528828788067315,74.02597402597402,85.8323494687131,75.84670231729056,86.54188948306596,71.80451127819549,86.1842105263158,77.60416666666666,92.31770833333334,83.40336134453781,92.43697478991596,76.53694312653292,88.66262652026884,63.26847156326646,67.59572765416809,0.6927800146857194
160.0,54.8250672818147,50.55747789311803,58.323782234957044,54.65616045845272,47.60614272809394,53.387533875338754,52.8065758293839,53.46563981042654,45.35714285714283,41.680672268907564,51.78374218627848,50.749496861248716,75.61115355233002,85.16588453563243,75.9102110789671,85.99592842601521,77.79083431257347,88.87426556991774,78.15295322635713,92.44110617958347,77.4763426324198,91.29285977633035,76.98829896052949,88.75400889749582,64.38602057340398,69.75175287937228,0.7041269169984151,50.0,24.46808510638298,50.00000000000002,42.54385964912281,49.99999999999999,48.55072463768116,49.999999999999986,70.03367003367003,49.99999999999999,50.83333333333333,50.0,47.285934552038064,74.02597402597402,85.8323494687131,75.84670231729056,86.54188948306596,74.43609022556392,86.1842105263158,79.68749999999999,92.31770833333334,81.93277310924371,92.64705882352942,77.18580793561445,88.70464332699153,63.592903967807224,67.9952889395148,0.693780849201033
161.0,43.02191464821223,41.48404459823145,57.60744985673354,53.194842406876795,53.74887082204155,51.309846431797645,53.139810426540315,44.19431279620853,51.071428571428534,43.403361344537814,51.71789486499124,46.717281515530445,74.77081741787624,83.91902215431627,77.38240651451835,86.31308261009323,78.11398354876619,87.83548766157462,82.39672243086378,91.48514851485149,75.82032690180657,89.32038834951457,77.69685136276624,87.77462585807004,64.70737311387873,67.24595368680025,0.7095172869232225,50.0,23.404255319148938,50.00000000000002,42.54385964912281,49.99999999999999,50.0,49.999999999999986,69.36026936026937,49.99999999999999,45.833333333333336,50.0,46.22834353237489,74.02597402597402,85.8323494687131,75.84670231729056,86.54188948306596,73.12030075187971,86.1842105263158,79.68749999999999,92.31770833333334,81.93277310924371,92.64705882352942,76.9226500408776,88.70464332699153,63.4613250204388,67.46649342968321,0.6927373487420028
162.0,60.726643598615915,61.7839292579777,46.31805157593124,42.70773638968481,50.67750677506774,42.81842818428184,56.738744075829395,53.61374407582938,54.62184873949576,53.65546218487395,53.81655895298801,50.915860018529536,73.49121466768526,82.75128233111427,77.71563270116786,84.15086253080467,79.09518213866042,89.23619271445358,78.30317514510071,90.614544213042,74.94469706279956,90.99176600712794,76.70998034308276,87.54892955930849,65.26326964803539,69.23239478891901,0.70529185669015,50.0,21.276595744680847,50.00000000000002,38.59649122807018,49.99999999999999,47.82608695652174,49.999999999999986,63.97306397306397,49.99999999999999,45.833333333333336,50.0,43.50111424713402,74.02597402597402,85.59622195985833,75.84670231729056,86.63101604278076,71.80451127819549,85.99624060150376,77.60416666666666,92.31770833333334,83.40336134453781,92.85714285714286,76.53694312653292,88.6796659589238,63.26847156326646,66.09039010302891,0.6920663536262777
163.0,49.0965013456363,46.55901576316801,53.38825214899716,50.702005730659025,54.96838301716349,51.64107196627522,49.6815758293839,49.911137440758296,48.90756302521005,48.69747899159664,51.208455073278174,49.502141978491444,74.33155080213902,82.74582560296847,78.85888781742203,86.41165755919855,77.4148061104583,87.90129259694478,83.87333560942302,91.02424035506999,78.05702347302446,93.32063414034657,78.50712076249337,88.28073005090566,64.85778791788577,68.89143601469856,0.7029873423080006,50.0,21.276595744680847,50.00000000000002,39.03508771929825,49.99999999999999,45.65217391304348,49.999999999999986,62.289562289562284,49.99999999999999,43.333333333333336,50.0,42.31735059998364,73.37662337662336,85.59622195985833,75.84670231729056,86.72014260249554,71.80451127819549,85.99624060150376,79.16666666666666,92.31770833333334,83.40336134453781,93.0672268907563,76.71957299666278,88.73950807758945,63.35978649833139,65.52842933878654,0.6911948345995752
164.0,46.674356016916576,45.48250672818147,55.02865329512895,52.56446991404011,50.903342366757,45.49834387232761,49.82227488151661,44.0313981042654,53.06722689075627,47.14285714285714,51.09917069021508,46.94391515233435,75.82123758594346,81.81545345410892,77.05882352941174,88.30815386263795,76.21621621621624,87.59341950646298,77.95834755889383,91.01058381700238,79.08012781123264,91.55094014993242,77.22695054033959,88.05571015802893,64.16306061527733,67.49981265518164,0.709628769115967,50.0,21.276595744680847,50.00000000000002,37.28070175438597,49.99999999999999,46.3768115942029,49.999999999999986,63.97306397306397,49.99999999999999,46.666666666666664,50.0,43.11476794660007,73.37662337662336,85.59622195985833,75.84670231729056,86.72014260249554,71.80451127819549,86.09022556390977,79.16666666666666,92.31770833333334,83.40336134453781,93.0672268907563,76.71957299666278,88.75830507007065,63.35978649833139,65.93653650833537,0.6905749228573589
165.0,47.88542868127644,47.40484429065744,47.09885386819486,36.70487106017192,53.38753387533875,48.17825956037338,48.259774881516606,51.377369668246445,48.823529411764675,45.29411764705882,49.09102414361826,45.7918924453016,74.31245225362872,81.95732838589981,77.38347798135645,86.66880960034287,80.18213866039957,86.93066980023502,80.22191874359851,93.25708432912256,78.98488386383188,89.66449551431731,78.21697430056302,87.69567752598351,63.65399922209065,66.74378498564255,0.7122378244108345,50.0,21.276595744680847,50.00000000000002,42.54385964912281,49.99999999999999,47.10144927536231,49.999999999999986,64.3097643097643,49.99999999999999,44.166666666666664,50.0,43.87966712911938,73.37662337662336,85.71428571428572,74.8663101604278,86.72014260249554,73.59022556390977,86.1842105263158,80.72916666666666,92.31770833333334,84.87394957983193,93.0672268907563,77.48725506949191,88.80071481343734,63.743627534745954,66.34019097127836,0.6892299880236313
166.0,57.95847750865052,52.133794694348325,47.46418338108883,43.30945558739255,54.6070460704607,52.24330021077988,50.05924170616115,51.08116113744076,54.70588235294114,43.94957983193277,52.95896620386046,48.54345829237886,75.0668449197861,82.0882898613991,78.53101896496301,85.31876138433516,79.7473560517039,88.31492361927144,81.2564015022192,90.99351314441789,75.82032690180655,91.00405554872803,78.08438966809575,87.54390871163034,65.5216779359781,68.0436835020046,0.7040791463930312,50.0,23.404255319148938,50.00000000000002,40.789473684210535,49.99999999999999,49.275362318840585,49.999999999999986,67.34006734006734,49.99999999999999,46.666666666666664,50.0,45.495165065786814,73.37662337662336,85.59622195985833,75.84670231729056,86.72014260249554,71.80451127819549,86.2781954887218,79.16666666666666,92.31770833333334,83.40336134453781,93.0672268907563,76.71957299666278,88.79589905503306,63.35978649833139,67.14553206040993,0.6898117844321038
167.0,49.615532487504815,41.368704344482886,46.46131805157595,46.9054441260745,53.56820234869014,52.09274314965372,54.03584123222751,50.207345971563974,46.659663865546186,36.554621848739494,50.06811159710892,45.425771888102915,74.12146676852558,82.78129433591619,77.05560912889744,86.33236901317905,80.34077555816688,88.63454759106934,79.43496073745305,90.8501194947081,80.34595059604277,90.03318176232025,78.25975255781715,87.72630243943858,64.16393207746303,66.57603716377075,0.7114529404495644,50.0,23.404255319148938,50.00000000000002,41.66666666666667,49.99999999999999,49.275362318840585,49.999999999999986,67.003367003367,49.99999999999999,46.666666666666664,50.0,45.60326359493797,73.37662337662336,85.59622195985833,74.8663101604278,86.72014260249554,73.59022556390977,86.1842105263158,82.29166666666666,92.31770833333334,86.34453781512606,93.0672268907563,78.09387271655073,88.77710206255185,64.04693635827536,67.19018282874491,0.6870684907123883
168.0,43.02191464821223,43.175701653210304,50.88825214899716,37.20630372492837,58.89792231255645,61.577838000602235,55.59834123222751,48.193127962085306,56.13445378151257,48.781512605042025,52.90817682470119,47.786896789173646,74.20741023682199,84.8248390265197,76.56702025072323,85.65091610414657,77.89659224441836,89.24794359576967,79.68248548992833,90.716968248549,77.51935602802014,89.71365368071771,77.1745728499824,88.03086413114053,65.04137483734179,67.90888046015709,0.7113429406032775,50.0,23.404255319148938,50.00000000000002,40.789473684210535,49.99999999999999,49.275362318840585,49.999999999999986,66.66666666666666,49.99999999999999,46.666666666666664,50.0,45.360484931106676,73.37662337662336,85.59622195985833,75.84670231729056,86.72014260249554,71.80451127819549,86.2781954887218,79.16666666666666,92.31770833333334,84.87394957983193,93.0672268907563,77.01369064372159,88.79589905503306,63.506845321860794,67.07819199306986,0.6884196967414323
169.0,47.36639753940792,52.2875816993464,58.61031518624643,54.81375358166189,52.9810298102981,51.30984643179766,50.629443127962105,48.296800947867304,51.02941176470585,45.04201680672269,52.123319485724075,50.34999989347919,74.01642475171886,82.14831387100294,77.05882352941174,85.51162541519341,79.80023501762635,88.3924794359577,79.53226357118471,91.49539091840218,79.08012781123264,90.32198598992257,77.89757493623486,87.57395912609574,65.01044721097946,68.96197950978747,0.7036370367429419,50.0,28.723404255319146,50.00000000000002,48.24561403508772,49.99999999999999,53.2608695652174,49.999999999999986,70.70707070707071,49.99999999999999,51.66666666666666,50.0,50.52072504587233,73.37662337662336,85.59622195985833,75.84670231729056,86.80926916221034,71.80451127819549,86.37218045112782,79.16666666666666,92.31770833333334,84.87394957983193,93.0672268907563,77.01369064372159,88.83252135945722,63.506845321860794,69.67662320266477,0.6871640363557326
170.0,60.38062283737025,37.94694348327566,53.24498567335244,46.676217765042985,51.94218608852754,44.926227040048175,49.44460900473936,47.14158767772511,52.584033613445335,52.058823529411754,53.51928744348699,45.74995989910074,74.1214667685256,86.10171341263779,76.2402228651023,84.45301617914926,77.96122209165691,89.07638072855464,78.55069989757597,90.2594742232844,78.83740936463072,89.78124615951825,77.1422041974983,87.93436614062887,65.33074582049264,66.8421630198648,0.7120524347912522,50.0,23.404255319148938,50.00000000000002,43.42105263157895,49.99999999999999,50.0,49.999999999999986,68.35016835016833,49.99999999999999,46.666666666666664,50.0,46.368428593512576,73.37662337662336,85.59622195985833,74.8663101604278,86.80926916221034,73.59022556390977,86.27819548872179,82.29166666666666,92.31770833333334,86.34453781512606,92.85714285714286,78.09387271655073,88.77170756025335,64.04693635827536,67.57006807688296,0.6855656302012305
171.0,60.2076124567474,60.16916570549788,56.17478510028655,53.409742120343836,45.347786811201445,33.8452273411623,46.93424170616115,43.9425355450237,53.19327731092434,55.00000000000001,52.371540677064175,49.273334142405545,76.43239113827349,81.89457601222307,78.3660130718954,86.19307832422587,79.74148061104586,87.42185663924795,81.11471491976785,93.29463980880847,80.73614354184589,89.06845274671255,79.27814865656569,87.57452070624359,65.82484466681493,68.42392742432457,0.7017564956617403,50.0,23.404255319148938,50.00000000000002,43.85964912280702,49.99999999999999,49.27536231884058,49.999999999999986,69.6969696969697,49.99999999999999,46.666666666666664,50.0,46.58058062488658,73.37662337662336,85.59622195985833,75.84670231729056,86.72014260249554,71.80451127819549,86.37218045112782,79.16666666666666,92.31770833333334,83.40336134453781,92.85714285714286,76.71957299666278,88.77267924079158,63.35978649833139,67.67662993283908,0.6870964014905292
172.0,54.30603613994618,42.06074586697424,47.17765042979944,45.78796561604585,52.935862691960246,47.99759108702197,54.413507109004755,44.84597156398104,59.684873949579796,57.35294117647059,53.703586064058086,47.609043062098735,75.50611153552329,82.24380661355451,77.71241830065357,84.40158577092038,77.4148061104583,87.43830787309048,80.95595766473198,90.90133151246158,80.34595059604277,88.36180410470689,78.38704884148197,86.66936717494676,66.04531745277004,67.13920511852274,0.7085489676130663,50.0,28.723404255319146,50.00000000000002,47.80701754385965,49.99999999999999,52.17391304347826,49.999999999999986,70.03367003367003,49.99999999999999,49.16666666666667,50.0,49.58093430859875,73.37662337662336,85.47815820543093,74.8663101604278,86.63101604278076,73.59022556390977,86.27819548872179,80.72916666666666,92.31770833333334,86.34453781512606,92.85714285714286,77.78137271655073,88.71244418548194,63.89068635827537,69.14668924704034,0.6843806594447569
173.0,43.194925028835065,42.368319876970396,53.388252148997154,45.2865329512894,52.529358626919596,46.25112917795845,55.55390995260665,44.46090047393365,54.62184873949576,50.12605042016807,51.85765889937085,45.698586580063996,75.80213903743315,83.83444286805631,79.02067930997532,85.91021107896711,77.89659224441836,89.3560517038778,79.83270740867191,90.98327074086718,72.99373233378395,89.38798082831511,77.10917006685654,87.89439144401669,64.48341448311369,66.79648901204034,0.7084325487886786,50.0,32.97872340425532,50.00000000000002,52.192982456140356,49.99999999999999,52.89855072463768,49.999999999999986,71.38047138047139,49.99999999999999,51.66666666666666,50.0,52.22347892643428,73.37662337662336,85.47815820543093,74.8663101604278,86.63101604278076,73.59022556390977,86.27819548872179,82.29166666666666,92.44791666666666,86.34453781512606,93.0672268907563,78.09387271655073,88.78050265887127,64.04693635827536,70.50199079265278,0.6829981521211055
174.0,50.480584390618986,45.05959246443676,57.32091690544415,49.097421203438394,51.49051490514904,52.72508280638362,50.7701421800948,41.0100710900474,50.98739495798317,49.87394957983193,52.209910667858026,47.55322342882762,74.01642475171887,83.32969551456947,75.74627665273756,86.27665273759777,79.14806110458287,88.83901292596946,80.08023216114715,92.74155001707068,81.85449182745485,90.96718692392773,78.16909729952826,88.43081962382702,65.18950398369314,67.99202152632732,0.6992403848891338,50.0,42.553191489361694,50.00000000000002,57.01754385964912,49.99999999999999,57.971014492753625,49.999999999999986,73.06397306397308,49.99999999999999,52.5,50.0,56.621144581147504,73.37662337662336,85.47815820543093,74.8663101604278,86.54188948306596,73.59022556390977,86.27819548872179,82.29166666666666,92.44791666666666,86.34453781512606,93.0672268907563,78.09387271655073,88.76267734692833,64.04693635827536,72.69191096403792,0.6815221422794357
175.0,55.171088043060365,54.74817377931564,53.18051575931234,46.01719197707736,52.75519421860885,47.034025895814516,50.29620853080571,46.25296208530806,53.277310924369715,50.84033613445378,52.936063495231394,48.97853797439387,75.27692895339953,82.30928735130415,77.87742419372118,86.10307510982535,76.76263219741483,86.63689776733254,78.89552748378286,92.11334926596108,78.93265331203145,91.39732087993117,77.54903322806997,87.71198607487085,65.24254836165068,68.34526202463236,0.7003717250412588,50.0,45.74468085106383,50.00000000000002,57.01754385964912,49.99999999999999,57.971014492753625,49.999999999999986,73.40067340067341,49.99999999999999,52.5,50.0,57.326782520828,73.37662337662336,85.47815820543093,74.8663101604278,86.54188948306596,73.59022556390977,86.09022556390978,82.29166666666666,92.44791666666666,86.34453781512606,93.0672268907563,78.09387271655073,88.72508336196593,64.04693635827536,73.02593294139696,0.6809625125660482
176.0,47.88542868127644,47.63552479815456,56.11031518624643,60.74498567335244,42.68292682926828,45.40800963565191,53.61374407582941,50.51836492890995,56.86974789915963,48.445378151260506,51.43243253435603,50.550452637465874,75.17188693659281,85.35959838480846,77.05668059573554,85.39376406300225,78.92479435957699,88.29612220916569,78.64800273130761,91.53294639808807,79.37507680963502,90.84429150792676,77.8352882865696,88.28534451259824,64.63386041046282,69.41789857503205,0.6954695074412343,50.0,48.93617021276596,50.00000000000002,60.08771929824561,49.99999999999999,58.69565217391305,49.999999999999986,76.43097643097644,49.99999999999999,58.333333333333336,50.0,60.49677028984687,74.02597402597402,85.47815820543093,75.84670231729056,86.54188948306596,71.80451127819549,86.1842105263158,79.16666666666666,92.44791666666666,84.87394957983193,93.0672268907563,77.14356077359173,88.74388035444713,63.571780386795865,74.620325322147,0.6834752905359787
177.0,50.65359477124184,54.36370626682046,45.10744985673354,42.17765042979943,60.11743450767839,62.14995483288166,49.82227488151661,47.615521327014214,43.71848739495795,45.924369747899156,49.88384828242567,50.44624052088299,75.69709702062643,83.12779657317473,78.53101896496301,87.63527268831031,76.75675675675679,88.92126909518214,81.25640150221919,90.92864458859678,77.71906107902176,90.33427553152266,77.99206706471743,88.18945169535733,63.937957673571546,69.31784610812016,0.6971534448079182,50.0,38.297872340425535,50.00000000000002,53.94736842105263,49.99999999999999,56.52173913043479,49.999999999999986,73.73737373737374,49.99999999999999,52.5,50.0,55.00087072585734,74.02597402597402,85.47815820543093,74.8663101604278,86.72014260249554,73.59022556390977,86.09022556390978,82.29166666666666,92.44791666666666,86.34453781512606,93.0672268907563,78.22374284642085,88.76073398585183,64.11187142321043,71.88080235585458,0.6810811507467361
178.0,53.44098423683199,38.33141099577085,50.45845272206305,42.17765042979943,56.458897922312545,48.2987052092743,54.93927725118485,49.92594786729858,59.726890756302474,55.840336134453786,55.00490057773898,46.9148101273194,72.61268143621083,81.57535741569355,78.3681560055716,85.73020465016607,80.94007050528792,89.10928319623972,78.74530556503927,89.73711164219871,77.76207447462211,91.67998033673344,77.68565759734635,87.5663874482063,66.34527908754266,67.24059878776285,0.6998547980260253,50.0,38.297872340425535,50.00000000000002,53.50877192982456,49.99999999999999,57.971014492753625,49.999999999999986,72.72727272727273,49.99999999999999,51.66666666666667,50.0,54.83431963138863,73.37662337662336,85.47815820543093,74.8663101604278,86.72014260249554,73.59022556390977,86.09022556390978,82.29166666666666,92.44791666666666,86.34453781512606,92.85714285714286,78.09387271655073,88.71871717912916,64.04693635827536,71.7765184052589,0.680014467390188
179.0,54.99807766243754,57.708573625528636,57.81518624641836,51.26074498567335,51.94218608852754,43.390545016561276,53.04354265402845,52.02902843601896,47.39495798319325,46.17647058823529,53.03879012692103,50.11307253040351,73.7872421695951,76.96715049656227,76.2402228651023,84.72302582235079,79.20094007050531,87.8683901292597,82.05189484465687,92.15431888016387,77.18139363401745,91.57551923313261,77.69233871677541,86.65768091229386,65.36556442184822,68.38537672134868,0.6992816987078928,50.0,41.48936170212766,50.00000000000002,55.70175438596492,49.99999999999999,57.2463768115942,49.999999999999986,73.4006734006734,49.99999999999999,52.5,50.0,56.067633260072036,74.02597402597402,85.47815820543093,74.8663101604278,86.72014260249554,73.59022556390977,86.09022556390978,82.29166666666666,92.44791666666666,86.34453781512606,93.0672268907563,78.22374284642085,88.76073398585183,64.11187142321043,72.41418362296193,0.6801121990543999
180.0,49.26951172625913,51.44175317185697,57.89398280802294,47.53581661891118,58.89792231255644,56.85034628124058,48.637440758293856,46.56398104265403,56.00840336134449,60.7563025210084,54.141452193295365,52.629639927134235,74.52253628724216,83.54523627632871,75.90699667845278,86.34522661523627,79.85311398354878,88.03055229142186,81.50392625469445,90.5667463298054,78.05702347302446,89.79353570111836,77.96871933539252,87.6562594427821,66.05508576434394,70.14294968495817,0.6973597130274919,50.0,46.808510638297875,50.00000000000002,57.456140350877185,49.99999999999999,60.14492753623188,49.999999999999986,74.74747474747475,49.99999999999999,55.00000000000001,50.0,58.83141065457634,74.02597402597402,85.47815820543093,74.8663101604278,86.72014260249554,73.59022556390977,86.09022556390978,82.29166666666666,92.44791666666666,86.34453781512606,93.0672268907563,78.22374284642085,88.76073398585183,64.11187142321043,73.79607232021408,0.6800723999472231
181.0,49.0965013456363,54.17147251057285,46.46131805157595,45.65902578796562,51.49051490514904,49.95483288166214,47.3119075829384,48.1042654028436,49.600840336134425,46.51260504201681,48.79221644428683,48.8804403250122,74.96180290297937,86.1399105096584,79.02282224365155,86.9281045751634,78.98942420681554,88.63924794359576,78.20587231136908,91.10959371799248,77.47634263241982,91.23141206832986,77.73125285944707,88.80965376294799,63.261734651866945,68.84504704398009,0.693024335272929,50.0,47.87234042553191,50.00000000000002,57.89473684210527,49.99999999999999,60.14492753623188,49.999999999999986,74.74747474747475,49.99999999999999,55.833333333333336,50.0,59.298562576935424,74.02597402597402,85.36009445100355,74.8663101604278,86.72014260249554,73.59022556390977,86.09022556390978,82.29166666666666,92.44791666666666,86.34453781512606,93.0672268907563,78.22374284642085,88.73712123496637,64.11187142321043,74.01784190595089,0.6797394559143138
182.0,54.82506728181469,37.600922722029985,53.67478510028655,51.06017191977077,47.24480578139115,48.35892803372478,49.348341232227504,41.92831753554502,55.35714285714282,51.344537815126046,52.09002845057254,46.05857560523932,75.61115355233002,84.45378151260505,76.72774027643841,85.45376620593592,77.35605170387781,89.48531139835487,80.86719016729259,93.61215431888017,77.32886813321863,90.25439351112203,77.5782007666315,88.65188138937961,64.83411460860202,67.35522849730947,0.6998860700589347,50.0,61.702127659574465,50.00000000000002,61.40350877192983,49.99999999999999,60.86956521739131,49.999999999999986,75.75757575757575,49.99999999999999,55.833333333333336,50.0,63.11322214796094,74.02597402597402,85.24203069657615,74.8663101604278,86.72014260249554,73.59022556390977,86.09022556390978,82.29166666666666,92.44791666666666,86.34453781512606,93.0672268907563,78.22374284642085,88.71350848408088,64.11187142321043,75.9133653160209,0.6777550482718777
183.0,55.3440984236832,48.55824682814303,60.967048710601745,59.54154727793697,47.154471544715435,42.39686841312857,58.301244075829395,60.20438388625593,48.21428571428569,42.2689075630252,53.99622969382309,50.59399079369794,77.08174178762414,83.73349339735894,76.40201435765562,84.81517197042751,77.24441833137489,87.54641598119859,78.35609423011269,93.28781153977465,75.5253779034042,91.1883986727295,76.92192932203432,88.11425831229784,65.4590795079287,69.35412455299789,0.6912970704056705,50.0,44.680851063829785,50.00000000000002,56.14035087719298,49.99999999999999,59.42028985507246,49.999999999999986,73.73737373737374,49.99999999999999,53.333333333333336,50.0,57.46243977336046,74.02597402597402,85.24203069657615,74.8663101604278,86.72014260249554,73.59022556390977,86.09022556390978,82.29166666666666,92.578125,86.34453781512606,93.0672268907563,78.22374284642085,88.73955015074755,64.11187142321043,73.100994962054,0.6779381520023217
184.0,45.982314494425225,34.83275663206459,52.177650429799435,46.54727793696275,51.53568202348689,49.77416440831075,47.3119075829384,40.52132701421801,54.53781512605038,61.5126050420168,50.309073931340066,46.637626206714586,75.40106951871655,86.16446578631452,76.73202614379083,83.99442837244187,78.0082256169213,88.7497062279671,81.90167292591327,92.42744964151588,77.4241120806194,91.80287575273441,77.89342125719227,88.62778515619475,64.10124759426617,67.63270568145467,0.6962466156586887,50.0,53.191489361702125,50.00000000000002,60.96491228070175,49.99999999999999,62.31884057971014,49.999999999999986,76.0942760942761,49.99999999999999,58.33333333333333,50.0,62.18057032994469,74.02597402597402,85.12396694214877,74.8663101604278,86.80926916221034,73.59022556390977,86.27819548872179,79.16666666666666,92.44791666666666,86.34453781512606,93.0672268907563,77.59874284642085,88.74531503010076,63.799371423210424,75.46294268002272,0.6796490999438947
185.0,57.07420222991156,53.40253748558247,54.39111747851004,57.65042979942693,49.2773261065944,42.788316772056604,48.97067535545025,42.135663507109,48.781512605041975,42.689075630252105,51.69896675510165,47.733204638885425,76.34644766997707,83.2451162283095,75.09268188149575,85.71306118075644,80.77555816686254,89.02232667450059,80.0273130761352,91.93581427108228,75.8633402974069,91.2375568391299,77.6210682183755,88.23077503875575,64.66001748673858,67.9819898388206,0.6948952779384161,50.0,59.57446808510638,50.00000000000002,62.28070175438597,49.99999999999999,63.04347826086957,49.999999999999986,76.43097643097644,49.99999999999999,58.33333333333333,50.0,63.932591572934335,74.02597402597402,85.12396694214877,74.8663101604278,86.80926916221034,73.59022556390977,86.1842105263158,82.29166666666666,92.44791666666666,86.34453781512606,93.27731092436974,78.22374284642085,88.76853484434227,64.11187142321043,76.3505632086383,0.6780416858943458
186.0,61.245674740484446,51.86466743560169,50.96704871060172,54.64183381088825,58.44625112917794,47.93736826257151,55.88714454976304,55.65758293838863,50.29411764705879,46.30252100840336,55.36804735541718,51.280794691170684,76.11726508785331,84.20822874604387,76.56702025072322,87.14239794278367,77.84371327849591,88.40658049353702,81.15909866848754,91.5090474564698,80.34595059604275,91.37888656753104,78.40660957632056,88.5290282412731,66.88732846586888,69.90491146622189,0.6858965397036819,50.0,68.08510638297872,50.00000000000002,64.03508771929826,49.99999999999999,62.318840579710155,49.999999999999986,76.0942760942761,49.99999999999999,60.0,50.0,66.10666215525264,74.02597402597402,85.12396694214877,74.8663101604278,86.80926916221034,73.59022556390977,86.27819548872179,80.72916666666666,92.578125,86.34453781512606,93.0672268907563,77.91124284642085,88.77135669676743,63.955621423210424,77.43900942601003,0.6778153898280073
187.0,42.675893886966556,49.82698961937716,53.037249283667634,49.828080229226366,50.67750677506774,49.68383017163505,57.44964454976306,54.16172985781991,55.441176470588196,52.01680672268908,51.85629419321064,51.10348732014951,75.48701298701297,82.69125832151042,76.73524054430514,86.43308689596057,77.08578143360754,88.8108108108108,82.39672243086378,93.43120518948446,82.58264716726066,91.53250583753227,78.85748091261003,88.57977341105969,65.35688755291034,69.8416303656046,0.6869523005354894,50.0,68.08510638297872,50.00000000000002,62.71929824561404,49.99999999999999,62.318840579710155,49.999999999999986,76.76767676767678,49.99999999999999,59.166666666666664,50.0,65.81151772852927,74.02597402597402,85.12396694214877,74.8663101604278,86.80926916221034,73.59022556390977,86.1842105263158,82.29166666666666,92.70833333333334,86.34453781512606,93.27731092436974,78.22374284642085,88.8206181776756,64.11187142321043,77.31606795310243,0.6762061114531179
188.0,59.51557093425605,54.44059976931948,44.39111747851005,50.372492836676216,45.98012646793134,36.52514302920806,56.124111374407605,50.7553317535545,51.11344537815123,44.495798319327726,51.42487432665126,47.3178731416172,76.4514896867838,84.51107715813599,78.3692274724097,85.8266366655952,78.11398354876619,89.86603995299647,82.39672243086378,91.19836121543189,77.27663758141821,89.8365490967187,78.52161214404835,88.24773281777564,64.9732432353498,67.78280297969641,0.6961311155777503,50.0,60.63829787234043,50.00000000000002,62.28070175438597,49.99999999999999,63.04347826086957,49.999999999999986,76.43097643097644,49.99999999999999,56.666666666666664,50.0,63.81202419704782,74.02597402597402,85.12396694214877,74.8663101604278,86.80926916221034,73.59022556390977,86.1842105263158,82.29166666666666,92.70833333333334,86.34453781512606,93.27731092436974,78.22374284642085,88.8206181776756,64.11187142321043,76.31632118736171,0.675653665966939
189.0,48.57747020376779,41.25336409073434,58.674785100286556,52.02005730659026,51.89701897018968,46.522131887985545,53.658175355450254,53.21386255924171,46.050420168067205,45.084033613445385,51.7715739595523,47.618689891599445,75.92627960275018,85.03219469606023,78.86424515161252,85.72806171648988,80.39952996474739,88.45593419506463,78.10856947763743,91.95288494366677,79.08012781123264,89.75666707631805,78.47575040159604,88.1851485255199,65.12366218057417,67.90191920855968,0.6921246804028421,50.0,63.829787234042556,50.00000000000002,62.28070175438597,49.99999999999999,62.318840579710155,49.999999999999986,76.76767676767678,49.99999999999999,57.49999999999999,50.0,64.53940126716309,74.02597402597402,85.00590318772137,74.8663101604278,86.80926916221034,73.59022556390977,86.1842105263158,82.29166666666666,92.70833333333334,86.34453781512606,93.27731092436974,78.22374284642085,88.79700542679014,64.11187142321043,76.66820334697661,0.6747001260875213
190.0,47.71241830065359,42.13763936947328,51.461318051575944,41.30372492836676,53.74887082204155,46.85335742246311,54.46534360189575,50.429502369668256,55.39915966386552,55.46218487394958,52.557422088006476,47.2372817927842,74.87585943468295,81.9382298373895,77.87742419372118,85.05732347583842,78.38425381903645,89.72032902467686,78.55069989757597,90.97302833731649,81.4120683298513,90.875015361927,78.22006113497358,87.71278520742965,65.38874161149002,67.47503350010692,0.6929139188585755,50.0,67.02127659574468,50.00000000000002,62.71929824561404,49.99999999999999,62.318840579710155,49.999999999999986,77.10437710437711,49.99999999999999,58.333333333333336,50.0,65.49942517175586,74.67532467532467,85.00590318772137,74.8663101604278,86.80926916221034,73.59022556390977,86.1842105263158,82.29166666666666,92.70833333333334,86.34453781512606,93.27731092436974,78.35361297629099,88.79700542679014,64.1768064881455,77.148215299273,0.6749684452594398
191.0,52.74894271434064,50.01922337562477,53.81805157593125,44.7134670487106,49.68383017163504,44.71544715447154,56.73874407582941,48.622630331753555,50.2521008403361,52.689075630252105,52.64833387561448,48.15196870816252,76.13636363636364,84.35828877005346,78.04028715311259,86.67309546769528,78.66039952996478,89.80258519388954,82.34380334585184,91.42710822806418,78.05702347302446,92.68157797714146,78.64757542766345,88.98853112736877,65.64795465163897,68.57024991776565,0.6863803117777815,50.0,64.89361702127661,50.00000000000002,62.28070175438597,49.99999999999999,62.318840579710155,49.999999999999986,76.43097643097644,49.99999999999999,56.666666666666664,50.0,64.51816049060318,74.67532467532467,85.00590318772137,74.8663101604278,86.80926916221034,75.37593984962406,86.09022556390977,82.29166666666666,92.70833333333334,86.34453781512606,93.27731092436974,78.71075583343384,88.77820843430894,64.35537791671692,76.64818446245606,0.6738191178141286
192.0,49.961553248750484,51.826220684352165,55.39398280802295,53.12320916905444,51.8970189701897,52.69497139415839,53.658175355450254,43.91291469194313,48.08823529411762,41.9327731092437,51.799793135306196,48.69801780975036,76.34644766997707,83.81261595547309,78.69602485803063,87.12525447337406,79.03642773207994,87.42655699177439,80.86719016729259,92.14407647661318,81.70701732825366,91.44647904633158,79.33062155112677,88.39099658871325,65.56520734321649,68.5445071992318,0.6887112903722179,50.0,75.53191489361703,50.00000000000002,63.15789473684211,49.99999999999999,61.59420289855073,49.999999999999986,76.76767676767678,49.99999999999999,60.0,50.0,67.41033785933733,74.67532467532467,85.00590318772137,74.8663101604278,86.80926916221034,73.59022556390977,86.18421052631578,82.29166666666666,92.578125,86.34453781512606,93.27731092436974,78.35361297629099,88.77096376012346,64.1768064881455,78.09065080973039,0.6737448854738078
193.0,53.61399461745483,63.32179930795848,54.67765042979944,54.48424068767908,50.67750677506774,44.59500150557061,47.074940758293856,40.47689573459715,56.78571428571425,46.84873949579832,52.56596137326602,49.94533534632073,75.78304048892282,83.46338535414165,77.05668059573554,84.24943747991,78.60164512338427,89.19388954171563,82.68863093205874,92.24991464663708,79.56556470443653,90.30355167752244,78.73911236890758,87.89203573998535,65.6525368710868,68.91868554315303,0.6945009754405004,50.0,71.27659574468086,50.00000000000002,64.03508771929826,49.99999999999999,61.59420289855073,49.999999999999986,76.76767676767678,49.99999999999999,60.83333333333334,50.0,66.901379292708,75.32467532467531,85.00590318772137,74.8663101604278,86.80926916221034,73.59022556390977,86.2781954887218,82.29166666666666,92.578125,86.34453781512606,93.27731092436974,78.48348310616112,88.78976075260466,64.24174155308056,77.84557002265633,0.673778722122052
194.0,53.267973856209174,57.40099961553249,50.02865329512895,45.83094555873926,51.49051490514904,56.007226738934044,51.2440758293839,48.889218009478675,55.39915966386552,53.865546218487395,52.28607550994732,52.39878722823437,74.62757830404888,82.18105423987777,77.71563270116786,85.25018750669668,79.90599294947123,87.33725029377203,81.30932058723116,92.85080232161147,76.01081479660809,90.2359591987219,77.91386786770545,87.57105071213597,65.09997168882639,69.98491897018516,0.6891036261920992,50.0,71.27659574468086,50.00000000000002,63.596491228070185,49.99999999999999,63.76811594202898,49.999999999999986,77.10437710437711,49.99999999999999,59.166666666666664,50.0,66.98244933716477,75.32467532467531,85.12396694214877,74.8663101604278,86.89839572192514,73.59022556390977,86.27819548872179,82.29166666666666,92.578125,86.34453781512606,93.4873949579832,78.48348310616112,88.87321562215578,64.24174155308056,77.92783247966028,0.6725542201970387
195.0,59.169550173010386,46.635909265667046,54.88538681948426,46.590257879656164,44.94128274616079,43.11954230653418,51.14780805687206,43.912914691943136,46.78571428571425,50.08403361344538,51.385948416248354,46.06853155144918,76.01222307104659,83.19327731092436,77.21954355512695,85.79663559412836,79.80023501762635,88.57344300822561,81.75145100716968,92.48890406282008,77.90954897382328,92.41735283273934,78.53860032495858,88.49392256176755,64.96227437060347,67.28122705660837,0.6930879036122805,50.0,67.02127659574468,50.00000000000002,63.596491228070185,49.99999999999999,64.4927536231884,49.999999999999986,76.76767676767678,49.99999999999999,57.49999999999999,50.0,65.87563964293601,75.32467532467531,85.24203069657615,74.8663101604278,86.89839572192514,75.37593984962406,86.27819548872179,82.29166666666666,92.578125,87.81512605042018,93.4873949579832,79.1347436103628,88.89682837304126,64.56737180518141,77.38623400798863,0.6720382465139594
196.0,41.29181084198385,40.253748558246826,45.74498567335246,33.767908309455585,46.56729900632339,48.72026498042759,54.74674170616116,49.066943127962084,48.823529411764675,43.94957983193277,47.43487332791711,43.15168896160497,75.69709702062643,81.6490232456619,77.38669238187076,85.61448623165113,78.98354876615748,88.26556991774383,83.13929668828952,91.12666439057698,81.02187538404819,90.66609315472533,79.24570204819847,87.46436738807184,63.340287688057785,65.3080281748384,0.6993510805077435,50.0,78.72340425531915,50.00000000000002,63.596491228070185,49.99999999999999,63.04347826086957,49.999999999999986,76.76767676767678,49.99999999999999,60.83333333333334,50.0,68.5928767690538,75.32467532467531,85.24203069657615,74.8663101604278,86.89839572192514,73.59022556390977,86.18421052631578,82.29166666666666,92.578125,86.34453781512606,93.4873949579832,78.48348310616112,88.87803138056006,64.24174155308056,78.73545407480694,0.6717878366207981
197.0,47.020376778162245,55.74778931180315,46.17478510028655,43.638968481375365,50.67750677506774,45.01656127672388,64.31427725118488,62.84063981042654,52.54201680672266,48.109243697478995,52.14579254228481,51.070640515561585,75.80213903743315,85.4168940303394,77.71348976749167,88.85460195006965,79.7943595769683,89.81903642773207,81.95459201092523,91.4202799590304,79.32284625783458,93.02568514194421,78.91748533013057,89.70729950182314,65.53163893620768,70.38897000869237,0.6758384755785266,50.0,75.53191489361703,50.00000000000002,63.596491228070185,49.99999999999999,63.04347826086957,49.999999999999986,77.10437710437711,49.99999999999999,60.83333333333334,50.0,68.02191896405346,75.32467532467531,85.00590318772137,74.8663101604278,86.89839572192514,73.59022556390977,86.2781954887218,82.29166666666666,92.578125,86.34453781512606,93.4873949579832,78.48348310616112,88.8496028712703,64.24174155308056,78.43576091766188,0.6718027598109498
198.0,48.92349096501346,51.941560938100736,56.031518624641855,47.277936962750715,52.34869015356819,51.33995784402288,51.48104265402845,49.20023696682465,56.743697478991564,53.36134453781513,53.1056879752487,50.62420744990281,77.29182582123758,82.28200371057514,78.3681560055716,86.75238401371476,81.09870740305526,88.63454759106932,81.36223967224309,91.89143052236257,76.93867518741551,92.16541722993732,79.01192081790461,88.34515661353183,66.05880439657665,69.48468203171731,0.6798093257414681,50.0,88.29787234042553,50.00000000000002,64.03508771929825,49.99999999999999,63.76811594202898,49.999999999999986,77.77777777777779,49.99999999999999,63.33333333333333,50.0,71.44243742257277,75.32467532467531,85.00590318772137,74.8663101604278,86.89839572192514,73.59022556390977,86.2781954887218,82.29166666666666,92.44791666666666,86.34453781512606,93.4873949579832,78.48348310616112,88.82356120460364,64.24174155308056,80.1329993135882,0.6706903354430295
199.0,59.68858131487889,59.86159169550172,53.18051575931234,44.598853868194844,55.60072267389339,54.170430593194816,49.25207345971565,44.59419431279621,54.62184873949577,49.957983193277315,54.46874838945921,50.636610732592985,75.6779984721161,82.27654698242934,78.53316189863922,84.48301725061609,79.41833137485315,88.74265569917745,78.00273130761353,92.14407647661318,80.1984760968416,91.36045225513088,78.36613983001271,87.8013497327934,66.41744410973595,69.21898023269318,0.6904703661874253,50.0,89.36170212765958,50.00000000000002,64.47368421052632,49.99999999999999,63.76811594202898,49.999999999999986,78.11447811447813,49.99999999999999,63.33333333333333,50.0,71.81026274560527,75.32467532467531,85.00590318772137,74.8663101604278,86.89839572192514,73.59022556390977,86.37218045112782,82.29166666666666,92.44791666666666,86.34453781512606,93.4873949579832,78.48348310616112,88.84235819708485,64.24174155308056,80.32631047134507,0.6706024346749371
200.0,52.92195309496347,54.90196078431372,60.25071633237824,56.67621776504298,53.11653116531164,49.352604637157484,57.21267772511851,55.8797393364929,53.277310924369715,47.85714285714286,55.355837848428315,52.933533076029995,74.96180290297937,84.9994543271854,77.71241830065357,86.98382085074466,78.4958871915394,89.97649823736779,82.7415500170707,91.54318880163879,76.64372618901317,88.31879070910654,78.11107692025124,88.36435058520863,66.73345738433977,70.64894183061931,0.6795785884450722,50.0,93.61702127659575,50.00000000000002,66.66666666666667,49.99999999999999,63.04347826086957,49.999999999999986,78.78787878787877,49.99999999999999,65.83333333333333,50.0,73.58967566506881,75.32467532467531,84.88783943329399,74.8663101604278,86.89839572192514,73.59022556390977,86.37218045112782,82.29166666666666,92.44791666666666,86.34453781512606,93.4873949579832,78.48348310616112,88.81874544619936,64.24174155308056,81.20421055563409,0.6695467420713845
201.0,61.24567474048443,59.746251441753174,48.67478510028654,48.5243553008596,54.96838301716349,45.709123757904244,55.220675355450254,50.355450236966824,48.86554621848737,43.991596638655466,53.79501288637441,49.665355475227855,77.50190985485102,84.01178653279494,76.73095467695272,86.86381656487731,80.1762632197415,88.07520564042304,80.61966541481735,93.67360874018435,78.6899348654295,92.07324566793659,78.74374560635842,88.93953262924325,66.26937924636641,69.30244405223556,0.6784379443254621,50.0,93.61702127659575,50.00000000000002,65.78947368421053,49.99999999999999,62.31884057971014,49.999999999999986,79.12457912457911,49.99999999999999,65.0,50.0,73.1699829330191,75.32467532467531,84.7697756788666,74.8663101604278,86.89839572192514,75.37593984962406,86.37218045112782,80.20833333333331,92.44791666666666,87.81512605042018,93.4873949579832,78.71807694369613,88.79513269531388,64.35903847184807,80.98255781416648,0.6689019454470057
202.0,55.863129565551716,50.711264898116106,55.967048710601745,43.25214899713467,59.93676603432699,56.82023486901535,51.00710900473935,43.394549763033176,57.56302521008401,59.32773109243698,56.06741570506076,50.70118592394725,76.13636363636364,85.95983848084688,76.73202614379083,86.60666452373299,78.39012925969449,88.58284371327849,82.54694434960737,92.87128712871286,79.90352709843923,91.6369669411331,78.7417980975791,89.13152015754088,67.40460690131994,69.91635304074407,0.6788567009567538,50.0,89.36170212765957,50.00000000000002,65.35087719298247,49.99999999999999,63.76811594202898,49.999999999999986,78.11447811447813,49.99999999999999,63.33333333333333,50.0,71.98570134209649,75.32467532467531,84.7697756788666,74.8663101604278,86.89839572192514,77.16165413533834,86.27819548872179,80.20833333333331,92.44791666666666,84.24369747899159,93.4873949579832,78.36093408655327,88.77633570283268,64.18046704327664,80.38101852246459,0.6686245976084076
203.0,48.92349096501346,40.9842368319877,53.32378223495704,53.00859598853867,54.38121047877145,50.58717253839205,51.14780805687206,46.91943127962085,54.663865546218446,50.46218487394958,52.48803145636649,48.39232430249777,74.85676088617265,85.12495907453889,79.02282224365153,87.83456552019715,80.01175088131612,88.50293772032902,81.1676340047798,91.76510754523729,80.24148949244194,92.89050018434311,79.06009150167242,89.2236140089291,65.77406147901945,68.80796915571344,0.6801849931570064,50.0,94.68085106382979,50.00000000000002,68.42105263157895,49.99999999999999,62.31884057971014,49.999999999999986,78.45117845117845,49.99999999999999,63.33333333333333,50.0,73.44105121192612,75.32467532467531,84.7697756788666,73.88591800356508,86.98752228163993,75.84586466165413,86.37218045112782,81.77083333333331,92.44791666666666,84.24369747899159,93.4873949579832,78.2141977604439,88.81295800725685,64.10709888022194,81.1270046095915,0.6681898192858989
204.0,50.30757400999614,42.791234140715105,54.67765042979944,50.11461318051577,48.64498644986449,42.48720264980428,55.790876777251206,44.56457345971564,46.050420168067205,47.85714285714286,51.094301566995696,45.562953257578734,76.0313216195569,84.6938775510204,78.04028715311259,85.40447873138326,79.57696827262048,88.10105757931845,80.42505974735406,91.06862410378969,77.90954897382328,87.42165417229938,78.39663715329347,87.33793842756224,64.74546936014458,66.45044584257049,0.6932010099676102,50.0,93.61702127659575,50.00000000000002,66.66666666666667,49.99999999999999,63.043478260869556,49.999999999999986,78.11447811447813,49.99999999999999,63.33333333333333,50.0,72.95499553038869,75.32467532467531,84.7697756788666,74.8663101604278,86.89839572192514,77.16165413533834,86.37218045112782,80.20833333333331,92.44791666666666,84.24369747899159,93.4873949579832,78.36093408655327,88.79513269531388,64.18046704327664,80.87506411285128,0.667736733881856
205.0,41.81084198385236,39.25413302575932,53.03724928366764,41.80515759312321,54.78771454381209,51.43029208069858,56.36107819905215,48.97808056872038,54.705882352941146,53.61344537815126,52.14055327266508,47.01622172929054,74.96180290297939,81.94914329368112,76.72881174327652,84.75516982749384,78.38425381903646,89.11163337250294,81.21201775349948,91.8129054284739,78.24751136782598,88.50313383310802,77.90687951732357,87.22639715105194,65.02371639499432,67.12130944017125,0.6934680755982413,50.0,93.61702127659575,50.00000000000002,67.98245614035088,49.99999999999999,63.04347826086957,49.999999999999986,78.1144781144781,49.99999999999999,65.0,50.0,73.55148675845886,75.32467532467531,84.6517119244392,74.8663101604278,86.98752228163993,77.16165413533834,86.37218045112782,80.20833333333331,92.44791666666666,84.24369747899159,93.4873949579832,78.36093408655327,88.78934525637136,64.18046704327664,81.17041600741511,0.6671543112399129
206.0,53.61399461745483,66.51287966166859,57.60744985673354,53.61031518624642,50.271002710027105,48.87082204155375,45.98637440758295,41.780213270142184,57.43697478991593,52.89915966386555,52.983159276342874,52.7346779646953,75.6779984721161,81.9327731092437,77.22168648880316,86.50594664095146,77.5675675675676,87.69447708578144,80.27483782861047,91.94947080914989,78.78517881283028,89.3388226619147,77.90545383398553,87.48429806140824,65.4443065551642,70.10948801305177,0.6848661828249086,50.0,94.68085106382979,50.00000000000002,70.17543859649123,49.99999999999999,63.04347826086957,49.999999999999986,80.47138047138047,49.99999999999999,66.66666666666666,50.0,75.00756301184754,75.32467532467531,84.6517119244392,74.8663101604278,86.80926916221034,73.59022556390977,86.65413533834587,82.29166666666666,92.44791666666666,86.34453781512606,93.4873949579832,78.48348310616112,88.81008560992906,64.24174155308056,81.90882431088829,0.6672711937311505
207.0,49.961553248750484,40.2153018069973,47.17765042979944,42.063037249283674,47.83197831978319,44.5950015055706,59.05657582938392,56.82760663507109,54.789915966386516,46.63865546218487,51.76353475882071,46.06792053182151,75.71619556913674,86.1317254174397,77.54741240758597,87.81313618343512,79.6886016451234,89.56991774383079,81.30932058723116,93.30488221235916,78.7851788128303,90.66609315472533,78.6093418043815,89.49715094235803,65.18643828160111,67.78253573708977,0.6809070682619022,50.0,93.61702127659575,50.00000000000002,65.78947368421053,49.99999999999999,63.76811594202898,49.999999999999986,78.11447811447813,49.99999999999999,64.16666666666666,50.0,73.09115113679601,75.32467532467531,84.6517119244392,74.8663101604278,86.98752228163993,77.16165413533834,86.46616541353383,80.20833333333331,92.44791666666666,84.24369747899159,93.4873949579832,78.36093408655327,88.80814224885256,64.18046704327664,80.94964669282429,0.6671681822896502
208.0,62.802768166089976,66.08996539792388,59.04011461318053,56.38968481375358,44.534778681120144,41.13218909966878,55.4576421800948,53.332345971563974,48.21428571428569,40.0,54.009917870954226,51.38883705658204,76.66157372039723,83.04321728691477,79.51676845601627,87.75956284153004,80.49941245593422,90.1433607520564,79.14305223625811,92.83031751451007,82.04497972225636,91.15767481872926,79.57315731817243,88.9868266427481,66.79153759456332,70.18783184966507,0.678289312706702,50.0,94.68085106382979,50.00000000000002,68.85964912280701,49.99999999999999,63.04347826086957,49.999999999999986,78.1144781144781,49.99999999999999,65.83333333333333,50.0,74.10635797906356,75.32467532467531,84.6517119244392,74.8663101604278,87.07664884135473,77.16165413533834,86.56015037593986,80.20833333333331,92.44791666666666,84.24369747899159,93.4873949579832,78.36093408655327,88.84476455327673,64.18046704327664,81.47556126617015,0.6664959168750058
209.0,60.55363321799309,46.789696270665125,48.674785100286556,43.85386819484241,53.16169828364949,51.70129479072568,50.05924170616116,51.17002369668246,52.415966386554594,46.42857142857143,52.97306493892897,47.988690876297426,78.02711993888464,85.66517516097349,79.51676845601625,86.39879995714132,78.38425381903646,88.55934195064629,82.79446910208263,93.19221577330147,78.88042276023106,90.50018434312402,79.5206068152502,88.86314343703732,66.24683587708958,68.42591715666737,0.6809642546913325,50.0,94.68085106382979,50.00000000000002,70.17543859649123,49.99999999999999,63.04347826086957,49.999999999999986,78.78787878787877,49.99999999999999,66.66666666666666,50.0,74.67086267514719,75.32467532467531,84.7697756788666,74.8663101604278,87.07664884135473,75.37593984962406,86.56015037593986,80.20833333333331,92.44791666666666,87.81512605042018,93.4873949579832,78.71807694369613,88.8683773041622,64.35903847184807,81.7696199896547,0.6661898568363828
210.0,54.99807766243754,54.82506728181469,59.82091690544414,60.15759312320916,54.38121047877145,51.068955133995786,56.5462085308057,46.09004739336493,56.17647058823526,55.58823529411765,56.384576833138816,53.54597964530044,76.64247517188693,81.70359052711994,78.2042215793421,85.46019500696454,77.52056404230319,89.3090481786134,83.92625469443497,92.94981222260157,80.05100159764041,92.25758879193806,79.26890341712154,88.3360469454475,67.82674012513017,70.94101329537398,0.6724754169633882,50.0,95.74468085106383,50.00000000000002,72.80701754385966,49.99999999999999,63.76811594202899,49.999999999999986,80.47138047138047,49.99999999999999,66.66666666666666,50.0,75.89157229499992,75.32467532467531,84.7697756788666,74.8663101604278,87.16577540106952,75.37593984962406,86.56015037593986,82.29166666666666,92.44791666666666,87.81512605042018,93.4873949579832,79.1347436103628,88.88620261610517,64.56737180518141,82.38888745555255,0.6655861555027996
211.0,45.79008073817762,39.90772779700115,52.89398280802294,43.73925501432665,52.75519421860885,46.49202047576031,58.915876777251206,47.40817535545025,56.82773109243693,53.40336134453783,53.43657312689951,46.19010799741524,76.01222307104659,84.1072792753465,76.89381763634412,85.81592199721419,78.87191539365455,91.15276145710929,81.60976442471835,92.12700580402867,79.99877104584,91.0102003195281,78.67729831432072,88.84263377064535,66.05693572061011,67.5163708840303,0.684420413821545,50.0,94.68085106382979,50.00000000000002,71.05263157894737,49.99999999999999,62.31884057971014,49.999999999999986,80.13468013468012,49.99999999999999,66.66666666666667,50.0,74.97073400476683,75.32467532467531,84.7697756788666,74.8663101604278,87.16577540106952,75.37593984962406,86.46616541353383,80.20833333333331,92.578125,84.24369747899159,93.4873949579832,78.00379122941041,88.89344729029064,64.0018956147052,81.93209064752872,0.6654253699940302
212.0,54.82506728181469,46.943483275663205,52.89398280802294,50.931232091690546,55.194218608852744,54.32098765432099,59.19727488151661,53.24348341232228,47.521008403361314,49.53781512605042,53.92631039671365,50.99540031200949,75.48701298701299,87.13576339626759,76.2380799314261,85.7687774563377,79.03642773207994,88.78730904817861,83.28098327074088,92.42744964151589,80.92663143664741,90.10691901192085,78.99382707158148,88.84524371084413,66.46006873414757,69.9203220114268,0.6750881501516076,50.0,94.68085106382979,50.00000000000002,69.2982456140351,49.99999999999999,62.31884057971014,49.999999999999986,78.45117845117845,49.99999999999999,65.0,50.0,73.9498231417507,75.32467532467531,84.7697756788666,73.88591800356508,87.25490196078431,77.16165413533834,86.37218045112782,81.77083333333331,92.578125,84.24369747899159,93.4873949579832,78.47735565518073,88.89247560975238,64.23867782759037,81.42114937575154,0.6652959817190719
213.0,55.51710880430605,64.3598615916955,46.747851002865346,47.69340974212034,49.86449864498645,37.97049081601927,57.4940758293839,62.10011848341232,44.49579831932771,38.78151260504202,50.823866520173894,50.18107864765789,77.37776928953399,82.61759249154208,77.05668059573554,86.95596271295403,79.95887191539369,89.13043478260869,81.36223967224309,92.80300443837487,74.4500430133956,90.70296177952562,78.04112089726038,88.44199124100105,64.43249370871715,69.31153494432947,0.6803151973841995,50.0,95.74468085106382,50.00000000000002,70.17543859649122,49.99999999999999,62.31884057971014,49.999999999999986,78.45117845117845,49.99999999999999,66.66666666666666,50.0,74.67136102902207,75.32467532467531,84.7697756788666,73.88591800356508,87.16577540106952,77.16165413533834,86.37218045112782,79.68749999999999,92.578125,84.24369747899159,93.4873949579832,78.06068898851406,88.87465029780944,64.03034449425704,81.77300566341574,0.6650022919393146
214.0,54.47904652056901,52.441368704344484,60.537249283667634,54.59885386819485,49.457994579945805,44.65522433002108,57.44964454976304,49.792654028436026,55.39915966386552,51.47058823529412,55.4646189195622,50.59173783325811,75.82123758594346,84.93124522536287,76.72666880960031,87.0095360548591,78.38425381903645,86.49823736780257,81.30932058723113,93.28781153977467,81.16934988324937,92.7368809143419,78.68216613701215,88.89274222042823,67.07339252828717,69.74224002684318,0.6721632042579809,50.0,93.61702127659574,50.00000000000002,74.12280701754386,49.99999999999999,63.76811594202899,49.999999999999986,80.47138047138047,49.99999999999999,67.5,50.0,75.89586494150981,75.32467532467531,84.7697756788666,73.88591800356508,87.16577540106952,77.16165413533834,86.46616541353383,81.77083333333331,92.578125,84.24369747899159,93.4873949579832,78.47735565518073,88.89344729029064,64.23867782759037,82.39465611590023,0.6640793907130255
215.0,45.61707035755479,54.09457900807383,57.89398280802296,55.97421203438395,53.3423667570009,55.94700391448358,50.29620853080571,52.31042654028436,50.98739495798317,56.890756302521005,51.62740468227351,55.04339555994935,75.48701298701297,83.91629379024337,77.38026358084214,87.44240865745205,77.5675675675676,87.47826086956522,83.43120518948447,92.94298395356776,75.08295440580066,91.53250583753226,77.78980074614157,88.66249062167212,64.70860271420753,71.85294309081074,0.6735902328890403,50.0,93.61702127659574,50.00000000000002,75.87719298245614,49.99999999999999,64.49275362318842,49.999999999999986,81.14478114478115,49.99999999999999,69.16666666666667,50.0,76.85968313873762,75.32467532467531,84.7697756788666,73.88591800356508,87.25490196078431,77.16165413533834,86.46616541353383,81.77083333333331,92.578125,84.24369747899159,93.4873949579832,78.47735565518073,88.9112726022336,64.23867782759037,82.8854778704856,0.6638335515605707
216.0,61.0726643598616,63.59092656670511,49.53438395415474,48.08022922636103,44.94128274616079,41.764528756398676,59.86374407582941,56.96090047393365,58.34033613445374,57.10084033613445,54.75048225409206,53.49948507190659,76.34644766997707,84.22459893048129,78.20529304618022,85.00803600128576,80.50528789659226,87.90834312573443,81.0174120860362,92.86445885967908,80.58866904264471,91.79058621113433,79.33262194828609,88.35920462566297,67.04155210118907,70.92934484878478,0.6729726820349516,50.0,93.61702127659574,50.00000000000002,75.43859649122805,49.99999999999999,65.21739130434783,49.999999999999986,81.14478114478115,49.99999999999999,68.33333333333333,50.0,76.75022471005721,75.32467532467531,84.7697756788666,74.8663101604278,86.98752228163993,77.16165413533834,86.46616541353383,81.77083333333331,92.44791666666666,84.24369747899159,93.4873949579832,78.67343408655327,88.83175499973805,64.33671704327664,82.79098985489763,0.6637054316606242
217.0,60.553633217993095,60.36139946174548,56.82664756446992,53.42406876790831,56.59439927732611,50.978620897320084,58.441943127962105,51.9845971563981,52.54201680672265,58.90756302521009,56.99172799889478,55.13124986171641,76.74751718869365,84.56291607552112,77.38347798135646,86.82524375870567,79.41833137485315,89.06227967097531,81.95459201092524,93.46534653465348,74.74499201179796,89.49244193191595,78.0497821135253,88.68164559435431,67.52075505621004,71.90644772803536,0.67372651025406,50.0,93.61702127659574,50.00000000000002,76.75438596491229,49.99999999999999,65.21739130434783,49.999999999999986,82.15488215488216,49.99999999999999,69.16666666666667,50.0,77.38206947348094,75.32467532467531,84.65171192443918,74.8663101604278,87.07664884135473,75.37593984962406,86.65413533834587,80.20833333333331,92.44791666666666,84.24369747899159,93.4873949579832,78.00379122941041,88.86356154575793,64.0018956147052,83.12281550961944,0.6637286860063581
218.0,55.171088043060365,60.130718954248366,53.101719197707766,52.03438395415474,48.41915085817524,42.57753688647997,53.850710900473956,46.578791469194314,57.68907563025206,58.655462184873954,53.64634892593388,51.995378689790265,76.85255920550037,82.86314525810324,77.54955534126216,87.18311368263153,77.46768507638075,89.69682726204465,82.39672243086378,92.64936838511437,81.0741059358486,91.87046823153496,79.06812559797113,88.85258456388576,66.3572372619525,70.42398162683801,0.6710003337422892,50.0,93.61702127659574,50.00000000000002,77.19298245614034,49.99999999999999,66.66666666666667,49.999999999999986,83.50168350168352,49.99999999999999,72.50000000000001,50.0,78.69567078021726,75.32467532467531,84.65171192443918,74.8663101604278,87.16577540106952,73.59022556390977,86.8421052631579,82.29166666666666,92.44791666666666,87.81512605042018,93.4873949579832,78.77760075321994,88.9189808426633,64.38880037660996,83.80732581144028,0.6635469904315976
219.0,49.6155324875048,54.82506728181469,58.10171919770776,49.928366762177646,49.23215898825654,46.31135200240891,48.82997630331755,44.17950236966824,58.94957983193273,49.28571428571429,52.94579336174388,48.90600054035675,74.85676088617265,83.54523627632872,78.2042215793421,87.20668595306975,79.14806110458287,88.5123384253819,81.51246159098669,92.73130761351997,81.55954282905248,90.98562123632789,79.05620959802737,88.59623790092564,66.00100147988562,68.7511192206412,0.678252655129817,50.0,93.61702127659574,50.00000000000002,75.87719298245614,49.99999999999999,65.21739130434783,49.999999999999986,82.15488215488216,49.99999999999999,70.0,50.0,77.37329754365638,75.32467532467531,84.53364817001182,74.8663101604278,87.25490196078431,75.37593984962406,86.74812030075188,80.20833333333331,92.44791666666666,84.24369747899159,93.4873949579832,78.00379122941041,88.89439641123957,64.0018956147052,83.13384697744797,0.6633296873837256
220.0,59.16955017301038,68.74279123414071,58.18051575931234,56.9484240687679,52.484191508581745,49.53327311050888,49.6815758293839,51.125592417061604,52.41596638655458,48.65546218487395,54.3863599313686,55.0011086030706,77.29182582123758,84.04452690166976,78.85888781742203,87.54312654023357,78.8190364277321,89.33019976498238,79.04574940252647,93.33902355752817,81.22158043504977,91.5386506083323,79.04741598079359,89.15910547454925,66.7168879560811,72.08010703880993,0.6658617476475993,50.0,92.5531914893617,50.00000000000002,75.87719298245614,49.99999999999999,64.4927536231884,49.999999999999986,81.14478114478115,49.99999999999999,68.33333333333333,50.0,76.48025051462415,75.32467532467531,84.53364817001182,73.88591800356508,87.16577540106952,75.84586466165413,86.37218045112782,81.77083333333331,92.578125,84.24369747899159,93.4873949579832,78.2141977604439,88.82742479603847,64.10709888022194,82.6538376553313,0.6630794729119338
221.0,55.34409842368321,58.13148788927336,48.037249283667634,44.58452722063038,50.90334236675699,51.52062631737429,55.790876777251206,47.83767772511849,51.11344537815123,44.45378151260504,52.23780244590206,49.30562013300031,75.19098548510313,85.38688202553749,79.18461373620485,86.29593914068359,81.26321974148063,90.23266745005876,83.08637760327755,92.04506657562308,81.55954282905248,91.2621359223301,80.05694787902374,89.04453822284661,66.14737516246291,69.17507917792346,0.6730387520404172,50.0,93.61702127659574,50.00000000000002,75.43859649122808,49.99999999999999,64.4927536231884,49.999999999999986,81.14478114478115,49.99999999999999,68.33333333333333,50.0,76.60529717382533,75.32467532467531,84.53364817001182,73.88591800356508,87.16577540106951,74.53007518796993,86.2781954887218,79.68749999999999,92.578125,84.24369747899159,93.4873949579832,77.53437319904039,88.80862780355727,63.767186599520194,82.7069624886913,0.6631328401762605
222.0,48.57747020376779,40.407535563244906,55.39398280802295,51.60458452722063,49.45799457994579,45.317675398976206,50.29620853080571,40.2399289099526,44.4957983193277,38.78151260504201,49.64429088837399,43.27024740088727,76.53743315508021,84.48925024555277,78.53423336547732,86.3816564877317,80.44653349001177,89.07638072855464,81.51246159098669,92.00409696142027,83.3108025070665,90.44488140592357,80.0682928217245,88.47925316583658,64.85629185504925,65.87475028336192,0.689540398444789,50.0,93.61702127659574,50.00000000000002,74.12280701754386,49.99999999999999,63.76811594202899,49.999999999999986,80.8080808080808,49.99999999999999,68.33333333333333,50.0,76.12987167551654,75.32467532467531,84.53364817001182,73.88591800356508,87.16577540106951,75.84586466165413,86.2781954887218,81.77083333333331,92.578125,84.24369747899159,93.4873949579832,78.2141977604439,88.80862780355727,64.10709888022194,82.4692497395369,0.6629485979123552
223.0,60.726643598615915,55.28642829680892,55.250716332378246,60.68767908309455,51.53568202348689,52.39385727190605,43.0983412322275,41.75059241706162,50.37815126050417,45.840336134453786,52.19790688944255,51.19177864066499,76.74751718869365,85.38961038961038,79.02175077681342,87.58384228008143,79.08930669800239,88.50528789659225,82.64424718333905,92.65619665414818,82.67789111466142,91.26828069313014,80.03614259230199,89.08064358271247,66.11702474087227,70.13621111168874,0.671116554551167,50.0,92.5531914893617,50.00000000000002,76.75438596491229,49.99999999999999,65.21739130434783,49.999999999999986,81.48148148148148,49.99999999999999,69.16666666666667,50.0,77.034623381354,75.32467532467531,84.41558441558442,73.88591800356508,87.07664884135473,75.84586466165413,86.2781954887218,79.68749999999999,92.578125,84.24369747899159,93.4873949579832,77.79753109377722,88.76718974072882,63.89876554688861,82.90090656104141,0.6623346879738673
224.0,55.3440984236832,53.0565167243368,56.89111747851005,49.5702005730659,53.974706413730786,45.49834387232761,56.73874407582941,50.31101895734598,52.45798319327728,45.294117647058826,55.081329917006144,48.74603955482703,77.29182582123758,83.47157044636036,76.23915139826421,87.4745526625951,80.11750881316101,88.63454759106934,80.38067599863436,92.86787299419598,84.28167629347426,92.93965835074353,79.66216766495428,89.07764040899286,67.3717487909802,68.91183998190995,0.6725027795502571,50.0,92.5531914893617,50.00000000000002,76.75438596491229,49.99999999999999,65.94202898550725,49.999999999999986,81.81818181818181,49.99999999999999,69.16666666666667,50.0,77.24689098492595,75.32467532467531,84.41558441558442,73.88591800356508,86.98752228163993,75.84586466165413,86.46616541353383,81.77083333333331,92.578125,84.24369747899159,93.4873949579832,78.2141977604439,88.78695841374828,64.10709888022194,83.01692469933712,0.6622221827736127
225.0,62.110726643598625,48.827374086889655,52.320916905444136,52.277936962750715,53.74887082204154,50.797952423968695,54.27280805687206,49.48163507109005,61.1974789915966,63.48739495798319,56.73016028391059,52.97445870053646,77.3968678380443,85.49601658845356,79.02496517732774,84.93517625629487,79.95887191539369,90.07755581668626,83.23659952202117,92.52304540798907,78.39498586702716,92.59555118594076,79.60245806396281,89.1254690510729,68.1663091739367,71.04996387580468,0.6656750105724741,50.0,92.5531914893617,50.00000000000002,76.75438596491229,49.99999999999999,65.21739130434783,49.999999999999986,81.81818181818181,49.99999999999999,69.16666666666667,50.0,77.10196344869406,75.32467532467531,84.41558441558442,73.88591800356508,86.98752228163993,75.84586466165413,86.65413533834587,79.68749999999999,92.44791666666666,84.24369747899159,93.4873949579832,77.79753109377722,88.79851073204401,63.89876554688861,82.95023709036903,0.661878952762175
226.0,54.47904652056901,53.36409073433295,53.24498567335244,45.014326647564474,50.67750677506774,47.06413730803975,54.46534360189575,48.13388625592416,43.80252100840334,37.2689075630252,51.33388071585766,46.1690697017773,75.67799847211612,85.57786751064063,78.69816779170684,87.97171327547412,80.93419506462988,90.60164512338426,80.32775691362241,92.80983270740867,80.14624554504117,88.91483347671134,79.15687275742327,89.17517841872379,65.24537673664047,67.67212406025055,0.6799734770318839,50.0,92.5531914893617,50.00000000000002,77.19298245614034,49.99999999999999,65.21739130434783,49.999999999999986,81.81818181818181,49.99999999999999,70.0,50.0,77.35634941360634,75.32467532467531,84.41558441558442,73.88591800356508,86.98752228163993,74.53007518796993,86.56015037593986,79.68749999999999,92.44791666666666,84.24369747899159,93.4873949579832,77.53437319904039,88.77971373956281,63.767186599520194,83.06803157658457,0.6617301049557278
227.0,41.63783160322953,35.8323721645521,55.107449856733545,51.73352435530085,50.72267389340559,42.457091237579036,50.7701421800948,46.90462085308057,53.151260504201645,60.75630252100841,50.27787160753302,47.5367822263042,76.22230710466005,85.47418967587035,79.51569698917817,86.4459444980178,80.28789659224445,88.91891891891892,78.79822465005122,91.76510754523729,82.53041661546024,91.46491335873172,79.47090839031883,88.81381479935521,64.87438999892592,68.1752985128297,0.67766735017727,50.0,92.5531914893617,50.00000000000002,77.19298245614034,49.99999999999999,65.94202898550725,49.999999999999986,80.13468013468014,49.99999999999999,69.16666666666667,50.0,76.99790994647122,75.32467532467531,84.29752066115704,73.88591800356508,87.07664884135473,73.21428571428571,86.2781954887218,79.68749999999999,92.44791666666666,84.24369747899159,93.4873949579832,77.27121530430354,88.71753532317669,63.63560765215177,82.85772263482396,0.6619353996383031
228.0,39.02345251826221,43.82929642445214,47.17765042979944,43.18051575931232,58.084914182475146,53.62842517314061,55.079976303317565,50.08886255924171,57.56302521008399,54.66386554621848,51.385803728787664,49.07819309247306,77.39686783804429,85.64334824839025,76.40201435765562,87.39097824922318,80.235017626322,87.84723854289072,79.34619324001368,92.28405599180607,77.37188152881897,92.04252181393635,78.15039491817092,89.04162856924931,64.76809932347929,69.05991083086118,0.6760220159790079,50.0,91.48936170212765,50.00000000000002,78.0701754385965,49.99999999999999,65.94202898550725,49.999999999999986,82.49158249158249,49.99999999999999,70.0,50.0,77.59862972356278,75.32467532467531,84.29752066115704,73.88591800356508,87.07664884135473,73.21428571428571,86.2781954887218,79.68749999999999,92.578125,84.24369747899159,93.4873949579832,77.27121530430354,88.74357698984336,63.63560765215177,83.17110335670307,0.6612112377188769
229.0,54.8250672818147,44.790465205690126,46.604584527220645,41.7621776504298,51.30984643179764,45.10689551339958,61.093009478673,52.32523696682465,54.57983193277308,55.084033613445385,53.682467930455815,47.813761789957915,76.01222307104658,83.5206809996726,76.89596057002032,87.19811421836494,78.5428907168038,90.00940070505288,82.79446910208263,93.27415500170706,79.99877104584,91.26213592233009,78.84886290115867,89.05289736942552,66.26566541580723,68.43332957969172,0.6754766417160702,50.0,91.48936170212765,50.00000000000002,80.26315789473684,49.99999999999999,70.28985507246377,49.999999999999986,84.17508417508417,49.99999999999999,71.66666666666667,50.0,79.57682510221582,75.32467532467531,84.29752066115704,73.88591800356508,87.07664884135473,74.53007518796993,86.74812030075188,79.68749999999999,92.44791666666666,84.24369747899159,93.4873949579832,77.53437319904039,88.8115202855827,63.767186599520194,84.19417269389926,0.6605807135199182
230.0,54.47904652056902,50.211457131872365,58.61031518624643,51.27507163323782,51.309846431797624,43.69165913881361,51.85870853080571,40.03258293838863,40.903361344537785,32.773109243697476,51.432255602791315,43.596776017201975,77.08174178762414,84.50562042999017,78.53209043180111,87.46598092789029,79.57696827262048,88.80846063454759,80.2833731649027,92.95664049163537,84.7240997910778,91.55094014993242,80.03965468960526,89.05752852679916,65.73595514619828,66.32715227200057,0.6777187226260001,50.0,91.48936170212765,50.00000000000002,80.26315789473684,49.99999999999999,70.28985507246377,49.999999999999986,84.51178451178451,49.99999999999999,74.16666666666667,50.0,80.14416516955589,75.32467532467531,84.29752066115704,74.8663101604278,87.07664884135473,75.84586466165413,86.93609022556392,81.77083333333331,92.578125,84.24369747899159,93.4873949579832,78.41027619181642,88.87515593721177,64.20513809590821,84.50966055338384,0.6603426226125365
231.0,47.712418300653596,55.47866205305652,53.81805157593125,54.05444126074499,50.67750677506774,43.17976513098464,55.457642180094815,51.55509478672986,48.823529411764675,41.51260504201681,51.29782964870242,49.156113654706566,75.88808250572956,87.26399650769399,78.85888781742203,86.52737597771349,81.63924794359579,90.52878965922444,82.64424718333905,93.65312393308297,81.16934988324937,91.52021629593216,80.03996306666716,89.89870047472941,65.66889635768479,69.52740706471799,0.66638563352944,50.0,91.48936170212765,50.00000000000002,80.26315789473684,49.99999999999999,70.28985507246377,49.999999999999986,84.51178451178451,49.99999999999999,74.16666666666667,50.0,80.14416516955589,75.32467532467531,84.17945690672963,74.8663101604278,87.07664884135473,75.84586466165413,86.93609022556392,81.77083333333331,92.44791666666666,84.24369747899159,93.4873949579832,78.41027619181642,88.82550151965962,64.20513809590821,84.48483334460775,0.6605023442545723
232.0,56.72818146866591,62.3606305267205,57.75071633237824,49.45558739255014,53.79403794037939,45.43812104787715,56.64247630331756,57.16824644549763,53.928571428571395,53.865546218487395,55.7687966946625,53.65762632622657,74.22650878533231,84.15911819273163,79.51676845601625,85.72591878281368,79.09518213866042,89.36310223266746,81.85728917719358,94.01502219187437,74.4500430133956,93.22846257834583,77.82915831411962,89.2983247956866,66.79897750439106,71.47797556095658,0.6646277050464636,50.0,90.42553191489363,50.00000000000002,81.57894736842105,49.99999999999999,71.01449275362319,49.999999999999986,84.84848484848484,49.99999999999999,75.83333333333334,50.0,80.74015804375122,75.32467532467531,84.17945690672963,75.84670231729056,87.07664884135473,75.37593984962406,87.03007518796993,81.77083333333331,92.44791666666666,84.24369747899159,93.4873949579832,78.51236966078297,88.84429851214082,64.25618483039148,84.79222827794602,0.6601886381517297
233.0,44.57900807381776,51.98000768935025,52.17765042979945,56.57593123209169,47.380307136404696,42.81842818428184,59.62677725118485,61.19668246445498,45.31512605042013,45.08403361344537,49.81577378832538,51.53101663672483,77.08174178762413,86.72105205718651,79.51462552234007,88.53959069966784,81.2103407755582,90.76380728554642,82.14919767838855,92.35233868214408,81.99274917045594,92.3128917291385,80.38973098687339,90.13793609073666,65.10275238759938,70.83447636373074,0.6575727812340572,50.0,90.42553191489363,50.00000000000002,82.01754385964912,49.99999999999999,70.28985507246377,49.999999999999986,84.17508417508418,49.99999999999999,75.0,50.0,80.38160300441814,75.32467532467531,84.06139315230224,75.84670231729056,87.07664884135473,74.06015037593986,86.93609022556392,81.77083333333331,92.44791666666666,84.24369747899159,93.4873949579832,78.24921176604613,88.80188876877415,64.12460588302307,84.59174588659614,0.6603717386902561
234.0,51.17262591311036,57.8239138792772,54.61318051575933,49.326647564469916,53.56820234869014,54.140319180969584,45.890106635071106,38.18127962085308,47.35294117647056,40.378151260504204,50.5194113178203,47.970062301214796,77.81703590527118,84.96398559423768,77.54955534126218,87.65455909139611,81.96827262044656,90.46533490011751,81.85728917719358,92.19528849436668,82.38294211625906,90.86887059112695,80.31501903208651,89.22960773424899,65.41721517495341,68.59983501773189,0.6734004608183121,50.0,90.42553191489363,50.00000000000002,82.01754385964912,49.99999999999999,71.73913043478262,49.999999999999986,84.84848484848484,49.99999999999999,75.0,50.0,80.80613821156206,75.32467532467531,84.06139315230224,75.84670231729056,87.07664884135473,74.06015037593986,87.03007518796993,81.77083333333331,92.44791666666666,84.24369747899159,93.4873949579832,78.24921176604613,88.82068576125536,64.12460588302307,84.81341198640871,0.660243509689174
235.0,43.886966551326424,45.63629373317954,52.03438395415475,39.16905444126074,57.04607046070459,57.3923517012948,56.16854265402845,55.25770142180095,52.54201680672266,53.99159663865546,52.33559608538737,50.2893995872383,77.58785332314743,85.33504310815235,78.69709632486872,89.19747133826209,80.88131609870743,89.48766157461809,83.5285080232161,93.30146807784227,79.56556470443653,90.32198598992258,80.05206769487525,89.52872601775948,66.1938318901313,69.9090628024989,0.6664060225089947,50.0,91.48936170212765,50.00000000000002,81.57894736842105,49.99999999999999,71.73913043478262,49.999999999999986,84.84848484848484,49.99999999999999,75.0,50.0,80.93118487076325,75.32467532467531,84.06139315230224,75.84670231729056,87.07664884135473,74.06015037593986,87.03007518796993,81.77083333333331,92.44791666666666,84.24369747899159,93.4873949579832,78.24921176604613,88.82068576125536,64.12460588302307,84.8759353160093,0.6602104806816779
236.0,47.193387158785086,33.8715878508266,56.17478510028655,49.55587392550142,49.05149051490514,43.93255043661548,54.27280805687206,59.80450236966824,49.55882352941174,37.89915966386555,51.25025887205211,45.012734849295455,77.50190985485102,83.89719524173304,77.71241830065357,85.73663345119469,81.15746180963573,90.11515863689776,83.33390235575283,92.81324684192558,81.07410593584859,92.38048420793903,80.15595965134835,88.98854367593803,65.70310926170023,67.00063926261674,0.6768790795986191,50.0,91.48936170212765,50.00000000000002,80.26315789473684,49.99999999999999,70.28985507246377,49.999999999999986,83.5016835016835,49.99999999999999,72.5,50.0,79.60881163420234,75.32467532467531,84.06139315230224,75.84670231729056,86.98752228163993,74.06015037593986,86.74812030075188,79.68749999999999,92.578125,84.24369747899159,93.4873949579832,77.83254509937946,88.77251113853546,63.91627254968973,84.1906613863689,0.6602463144964442
237.0,61.591695501730094,56.28604382929643,57.03438395415474,50.81661891117479,49.23215898825655,47.90725685034628,58.81960900473936,50.7553317535545,52.45798319327728,48.655462184873954,55.827166128431614,50.88414270584919,76.97669977081742,82.79220779220779,78.3660130718954,87.399549983928,80.82843713278498,89.5605170387779,83.04199385455787,92.64254011608057,81.02187538404819,93.60329359714882,80.04700384282077,89.19962170562862,67.9370849856262,70.0418822057389,0.6643281524190603,50.0,92.5531914893617,50.00000000000002,81.14035087719299,49.99999999999999,70.28985507246377,49.999999999999986,82.49158249158249,49.99999999999999,71.66666666666667,50.0,79.62832931945353,75.32467532467531,84.06139315230224,75.84670231729056,87.07664884135473,75.84586466165413,86.74812030075188,79.68749999999999,92.578125,84.24369747899159,93.4873949579832,78.1896879565223,88.7903364504784,64.09484397826115,84.20933288496596,0.6603104128310043
238.0,59.515570934256054,61.553248750480584,50.88825214899716,50.673352435530084,52.75519421860885,51.06895513399577,48.82997630331755,48.237559241706165,56.13445378151257,44.32773109243697,53.624689477338435,51.17216933082991,77.37776928953399,83.64072901888028,78.53101896496301,87.74456230579663,77.62632197414807,88.85311398354875,80.86719016729259,93.24342779105497,84.57662529187661,91.85817868993486,79.79578513756286,89.06800235784308,66.71023730745065,70.1200858443365,0.6684819094838507,50.0,91.48936170212765,50.00000000000002,82.45614035087719,49.99999999999999,71.73913043478262,49.999999999999986,84.51178451178451,49.99999999999999,75.0,50.0,81.0392833999144,75.32467532467531,84.06139315230224,75.84670231729056,86.98752228163993,74.06015037593986,86.8421052631579,81.77083333333331,92.44791666666666,84.24369747899159,93.4873949579832,78.24921176604613,88.76526646434999,64.12460588302307,84.9022749321322,0.6596140098667417
239.0,60.38062283737025,55.67089580930411,54.24785100286535,58.18051575931232,58.49141824751579,56.51912074676302,47.504443127962105,45.77902843601896,48.90756302521006,46.63865546218487,53.90637964818471,52.557643242716665,77.9220779220779,82.05554949252428,79.51676845601627,88.22029358191364,80.77555816686252,90.43243243243244,84.02355752816662,93.32536701946057,74.50227356519602,92.28831264593829,79.34804712766388,89.26439103445384,66.62721338792429,70.91101713858525,0.664634426542207,50.0,91.48936170212765,50.00000000000002,82.45614035087719,49.99999999999999,71.73913043478262,49.999999999999986,84.17508417508418,49.99999999999999,73.33333333333333,50.0,80.63860999924098,75.32467532467531,84.06139315230224,75.84670231729056,86.80926916221034,74.06015037593986,86.74812030075188,79.68749999999999,92.578125,84.24369747899159,93.4873949579832,77.83254509937946,88.73686051464952,63.91627254968973,84.68773525694525,0.6595440739018184
240.0,62.9757785467128,48.01999231064975,57.03438395415474,59.75644699140401,46.38663053297199,42.54742547425474,51.2440758293839,45.83827014218009,48.86554621848737,40.42016806722689,53.301283016342154,47.31646059714309,77.60695187165774,83.03776055876897,80.00857173470479,86.90453230472517,80.01762632197418,89.29259694477085,81.70706725845,93.00443837487197,81.02187538404819,93.78149195035024,80.07241851416698,89.20416402669743,66.68685076525458,68.26031231192026,0.6668203470481978,50.0,91.48936170212765,50.00000000000002,82.45614035087719,49.99999999999999,71.73913043478262,49.999999999999986,83.16498316498316,49.99999999999999,71.66666666666667,50.0,80.10325646388746,75.32467532467531,84.17945690672963,74.8663101604278,86.72014260249554,73.21428571428571,86.46616541353383,79.68749999999999,92.578125,84.24369747899159,93.4873949579832,77.46729373567608,88.68625697614844,63.73364686783804,84.39475672001795,0.6593354421126647
241.0,43.02191464821223,40.67666282199154,61.68338108882523,60.845272206303726,55.82655826558264,38.3619391749473,50.629443127962105,43.80924170616114,53.19327731092434,53.23529411764706,52.87091488830131,47.38568200541016,77.92207792207792,83.39517625231912,78.0413586199507,85.84806600235724,80.34077555816688,89.18213866039952,83.8289518607033,94.44178900648686,78.24751136782598,90.67223792552538,79.67613506574496,88.70788156941764,66.27352497702313,68.04678178741389,0.6712128511396078,50.0,89.36170212765957,50.00000000000002,82.89473684210526,49.99999999999999,73.18840579710145,49.999999999999986,84.51178451178451,49.99999999999999,75.0,50.0,80.99132585573015,75.32467532467531,84.06139315230223,75.84670231729056,86.72014260249554,73.21428571428571,86.65413533834587,79.68749999999999,92.70833333333333,84.24369747899159,93.4873949579832,77.66337216704864,88.72627987689204,63.83168608352432,84.8588028663111,0.6586780808309028
242.0,62.283737024221466,62.51441753171857,53.03724928366764,49.77077363896848,58.084914182475146,48.991267690454684,51.48104265402845,54.51718009478673,47.43697478991593,42.73109243697479,54.464783586861735,51.70494627858066,75.99312452253629,86.2599585288661,79.34854816243435,86.97953498339227,80.28789659224445,89.593419506463,84.46568794810517,94.02185046090817,78.15226742042522,92.81676293474254,79.64950492914912,89.93430528287442,67.05714425800542,70.81962578072753,0.657856202926266,50.0,87.2340425531915,50.00000000000002,82.89473684210526,49.99999999999999,74.63768115942028,49.999999999999986,85.52188552188554,49.99999999999999,75.83333333333334,50.0,81.22433588198719,75.32467532467531,83.94332939787486,75.84670231729056,86.72014260249554,74.06015037593986,86.56015037593986,79.68749999999999,92.70833333333333,84.24369747899159,93.4873949579832,77.83254509937946,88.68387013352535,63.91627254968973,84.95410300775626,0.6581866926155483
243.0,54.8250672818147,50.36524413687042,55.250716332378246,54.126074498567334,54.561878952122846,49.29238181270702,55.07997630331756,48.237559241706165,54.705882352941146,51.30252100840337,54.8847042445149,50.66475613965086,78.55233002291826,84.27916621193931,76.89596057002034,86.2252223293689,80.83431257344303,88.8695652173913,79.58518265619668,93.08979173779447,78.73294826102986,93.0379746835443,78.92014681672163,89.10034403600767,66.90242553061826,69.88255008782926,0.6659292483152,50.0,86.17021276595744,50.00000000000002,82.45614035087719,49.99999999999999,75.36231884057972,49.999999999999986,85.52188552188554,49.99999999999999,75.0,50.0,80.90211149585998,75.32467532467531,84.17945690672963,75.84670231729056,86.72014260249554,73.21428571428571,86.46616541353383,79.68749999999999,92.70833333333333,84.24369747899159,93.4873949579832,77.66337216704864,88.71229864281511,63.83168608352432,84.80720506933756,0.6579944756238569
244.0,50.99961553248751,51.98000768935025,62.68624641833813,57.86532951289398,58.084914182475146,42.788316772056604,49.91854265402845,53.06575829383886,49.64285714285712,51.5126050420168,54.26643518603727,51.4424034620313,77.06264323911383,86.33362435883444,77.05668059573554,85.57591342547948,77.7849588719154,88.79435957696828,81.11471491976785,93.30146807784227,81.31682438245053,91.75986235713408,78.86716440179663,89.15304555925171,66.56679979391694,70.2977245106415,0.6616871400137561,50.0,86.17021276595744,50.00000000000002,82.89473684210526,49.99999999999999,75.36231884057972,49.999999999999986,85.18518518518519,49.99999999999999,75.0,50.0,80.92249072676552,75.32467532467531,84.17945690672963,75.84670231729056,86.63101604278076,73.21428571428571,86.46616541353383,79.68749999999999,92.70833333333333,84.24369747899159,93.4873949579832,77.66337216704864,88.69447333087214,63.83168608352432,84.80848202881883,0.6578169650766335
245.0,62.110726643598625,57.97770088427527,57.25644699140403,54.355300859598856,54.787714543812086,54.591990364348085,53.658175355450254,45.08293838862559,48.90756302521006,52.352941176470594,55.34412531189501,52.87217433466368,76.74751718869365,86.00349230601331,77.05560912889743,87.27740276438445,80.34077555816688,89.79318448883666,80.6725844998293,92.73813588255378,80.14624554504117,91.01020031952808,78.99254638412569,89.36448315226326,67.16833584801034,71.11832874346348,0.6612681785821499,50.0,86.17021276595744,50.00000000000002,82.89473684210526,49.99999999999999,75.36231884057972,49.999999999999986,85.52188552188554,49.99999999999999,75.0,50.0,80.98983079410559,75.32467532467531,84.06139315230224,74.8663101604278,86.72014260249554,73.21428571428571,86.46616541353383,79.68749999999999,92.70833333333333,84.24369747899159,93.4873949579832,77.46729373567608,88.68868589192962,63.73364686783804,84.8392583430176,0.6571026426428078
246.0,56.901191849288736,44.7520184544406,57.750716332378246,53.63896848137536,61.33694670280035,59.981933152664865,51.62174170616115,48.415284360189574,55.35714285714282,55.75630252100841,56.59354788955426,52.508901393935766,78.44728800611152,85.48510313216195,77.38454944819456,87.05668059573557,81.20446533490014,90.61574618096357,81.80437009218163,93.28098327074088,74.93547990659948,92.87821064274303,78.75523055759746,89.863344764469,67.67438922357586,71.18612307920239,0.6626324006038772,50.0,86.17021276595744,50.00000000000002,82.89473684210526,49.99999999999999,75.36231884057972,49.999999999999986,86.1952861952862,49.99999999999999,78.33333333333333,50.0,81.7911775954524,75.32467532467531,83.94332939787486,75.84670231729056,86.63101604278076,71.42857142857142,86.46616541353383,79.68749999999999,92.70833333333333,84.24369747899159,93.4873949579832,77.30622930990577,88.64724782910119,63.65311465495289,85.2192127122768,0.6562747144166712
247.0,57.76624375240292,62.28373702422145,59.32664756446994,56.891117478510026,46.567299006323395,41.704305931948205,55.17624407582941,51.421800947867304,50.42016806722687,47.52100840336135,53.8513204932505,51.96439395718166,76.62337662337661,84.98854087089381,77.87313832636877,86.35379834994107,81.36897767332552,89.99059929494713,82.83885285080233,93.48241720723797,78.63770431362911,91.45876858793169,79.46840995750047,89.25482486219033,66.65986522537548,70.609609409686,0.6620136667329453,50.0,86.17021276595744,50.00000000000002,82.89473684210526,49.99999999999999,75.36231884057972,49.999999999999986,86.53198653198653,49.99999999999999,78.33333333333333,50.0,81.85851766279245,75.32467532467531,84.06139315230224,75.84670231729056,86.54188948306596,72.74436090225564,86.46616541353383,79.68749999999999,92.70833333333333,84.24369747899159,93.4873949579832,77.56938720464261,88.65303526804371,63.784693602321305,85.25577646541808,0.6561136438162469
248.0,53.78700499807767,51.40330642060745,55.47277936962751,48.12320916905444,54.381210478771436,53.05630834086118,58.06427725118485,50.82938388625593,51.84873949579829,49.15966386554622,54.71080231869195,50.51437433646505,76.66157372039723,84.14274800829422,79.35283402978676,87.53026893817636,81.91539365452411,90.5945945945946,81.26493683851143,91.79924889040628,79.41809020523534,91.42189996313137,79.72256568969097,89.09775207892055,67.21668400419145,69.8060632076928,0.6654378629610909,50.0,86.17021276595744,50.00000000000002,82.89473684210526,49.99999999999999,77.53623188405797,49.999999999999986,87.20538720538721,49.99999999999999,79.16666666666666,50.0,82.59464707283492,75.32467532467531,84.06139315230224,75.84670231729056,86.54188948306596,74.06015037593986,86.65413533834587,79.68749999999999,92.70833333333333,84.24369747899159,93.4873949579832,77.83254509937946,88.69062925300611,63.91627254968973,85.64263816292052,0.6555951047911605
249.0,45.09803921568627,49.21184159938485,45.82378223495704,37.4785100286533,55.6007226738934,55.22433002107798,51.718009478673,49.77784360189573,55.483193277310896,59.49579831932773,50.74474937610412,50.23766471406792,76.41329258976319,85.36232674888137,76.07950283938712,85.52662595092681,78.8190364277321,89.40070505287898,86.04813929668829,92.69033799931718,80.77915693744625,90.77669902912622,79.62782561820339,88.75133895622612,65.18628749715376,69.49450183514702,0.667504864221249,50.0,86.17021276595744,50.00000000000002,82.89473684210526,49.99999999999999,76.81159420289856,49.999999999999986,85.85858585858585,49.99999999999999,78.33333333333333,50.0,82.01369260057609,75.32467532467531,83.94332939787486,75.84670231729056,86.54188948306596,73.21428571428571,86.56015037593986,79.68749999999999,92.83854166666666,84.24369747899159,93.4873949579832,77.66337216704864,88.6742611763061,63.83168608352432,85.34397688844109,0.655496697230102
250.0,60.38062283737025,50.67281814686658,50.82378223495703,48.295128939828075,50.90334236675699,44.655224330021085,59.389810426540315,59.65639810426539,52.54201680672266,46.1764705882353,54.80791493446945,49.8912080218433,76.11726508785331,82.02826585179527,76.73202614379083,86.97953498339227,81.20446533490014,89.41715628672151,80.03584841242744,93.45168999658586,79.123141206833,90.34042030232273,78.64254923716094,88.44341348416353,66.7252320858152,69.16731075300342,0.6710827803275369,50.0,86.17021276595744,50.00000000000002,82.89473684210526,49.99999999999999,76.81159420289856,49.999999999999986,86.1952861952862,49.99999999999999,78.33333333333333,50.0,82.08103266791616,75.32467532467531,83.82526564344745,75.84670231729056,86.54188948306596,72.74436090225564,86.56015037593986,79.68749999999999,92.83854166666666,84.24369747899159,93.4873949579832,77.56938720464261,88.65064842542061,63.784693602321305,85.36584054666838,0.6551314091127277
251.0,49.44252210688197,49.55786236063054,53.896848137535834,48.12320916905444,54.15537488708219,52.574525745257446,48.926244075829395,40.03258293838863,45.27310924369745,41.30252100840336,50.33881969020537,46.318140244346885,76.43239113827349,86.32816763068864,77.71348976749168,87.56669881067181,80.44653349001177,90.41128084606345,82.29941959713214,92.34551041311026,81.80226127565442,93.11171193314489,79.7388190537127,89.9526739267358,65.03881937195904,68.13540708554135,0.6670067466507583,50.0,86.17021276595744,50.00000000000002,83.33333333333333,49.99999999999999,76.81159420289856,49.999999999999986,85.85858585858585,49.99999999999999,78.33333333333333,50.0,82.1014118988217,75.32467532467531,83.82526564344745,75.84670231729056,86.63101604278076,73.21428571428571,86.65413533834587,79.68749999999999,92.83854166666666,84.24369747899159,93.4873949579832,77.66337216704864,88.68727072984478,63.83168608352432,85.39434131433325,0.6548802846910554
252.0,54.30603613994619,58.93886966551326,53.61031518624644,51.24641833810888,58.71725383920504,53.56820234869015,57.82731042654029,59.96741706161137,50.33613445378149,53.57142857142857,54.959410009143895,55.45846719707045,77.79793735676088,85.34595656444397,78.37029893924782,87.93099753562628,82.29142185663927,90.4042303172738,82.00751109593719,92.67326732673267,73.27946417598625,91.48334767113188,78.74932668491428,89.56755988304172,66.8543683470291,72.51301354005608,0.6565937570165753,50.0,87.2340425531915,50.00000000000002,83.33333333333333,49.99999999999999,77.53623188405795,49.999999999999986,85.85858585858585,49.99999999999999,78.33333333333333,50.0,82.45910539250039,75.32467532467531,83.82526564344745,75.84670231729056,86.63101604278076,72.74436090225564,86.56015037593986,79.68749999999999,92.83854166666666,84.24369747899159,93.4873949579832,77.56938720464261,88.66847373736358,63.784693602321305,85.563789564932,0.6548694695375902
253.0,60.207612456747405,64.01384083044984,51.396848137535834,49.99999999999999,58.039747064137295,59.98193315266486,54.509774881516606,45.704976303317544,57.52100840336131,63.4873949579832,56.33499818865969,56.637629048883085,78.44728800611152,84.76481501691586,77.38240651451835,87.75956284153006,81.20446533490014,90.50293772032903,82.20211676340048,93.26732673267327,78.6377043136291,90.36499938552292,79.57479618651192,89.33192833939424,67.9548971875858,72.98477869413867,0.6540927877183331,50.0,87.2340425531915,50.00000000000002,83.33333333333333,49.99999999999999,77.53623188405795,49.999999999999986,86.53198653198653,49.99999999999999,78.33333333333333,50.0,82.59378552718053,75.32467532467531,83.82526564344745,75.84670231729056,86.63101604278076,73.21428571428571,86.56015037593986,79.68749999999999,92.83854166666666,84.24369747899159,93.4873949579832,77.66337216704864,88.66847373736358,63.83168608352432,85.63112963227206,0.654418321155825
254.0,56.03613994617456,59.900038446751246,54.89971346704873,55.98853868194843,56.413730803974694,55.103884372177056,52.56960900473935,47.05272511848341,56.13445378151258,51.218487394957975,55.21072940068999,53.85273480286362,77.9029793735676,84.47015169704245,78.85995928426011,88.37458480660023,78.43713278495889,91.63807285546416,83.58142710822807,93.60191191532945,81.80226127565443,91.16996436032936,80.11675196533382,89.85093712695314,67.66374068301191,71.85183596490839,0.6578690458074968,50.0,87.2340425531915,50.00000000000002,82.89473684210526,49.99999999999999,78.26086956521738,49.999999999999986,85.85858585858585,49.99999999999999,76.66666666666666,50.0,82.18298029715334,75.32467532467531,83.82526564344745,74.8663101604278,86.63101604278076,73.21428571428571,86.46616541353383,79.68749999999999,92.83854166666666,84.24369747899159,93.4873949579832,77.46729373567608,88.64967674488238,63.73364686783804,85.41632852101786,0.6546858879413047
255.0,54.82506728181469,55.94002306805075,60.68051575931235,53.3810888252149,55.82655826558265,58.476362541403184,56.783175355450254,52.22156398104265,51.11344537815123,52.77310924369748,55.84575240806223,54.55842953188179,75.90718105423987,84.18913019753356,78.69709632486872,88.53744776599164,80.235017626322,89.98824911868391,84.7132127005804,93.73164902697167,76.49625168981198,91.501781983532,79.2097518791646,89.58965161854256,67.52775214361341,72.07404057521218,0.6555154823003478,50.0,87.2340425531915,50.00000000000002,82.4561403508772,49.99999999999999,78.26086956521738,49.999999999999986,86.53198653198653,49.99999999999999,78.33333333333333,50.0,82.56327446692119,75.32467532467531,83.82526564344745,75.84670231729056,86.63101604278076,73.21428571428571,86.46616541353383,79.68749999999999,92.83854166666666,84.24369747899159,93.4873949579832,77.66337216704864,88.64967674488238,63.83168608352432,85.60647560590178,0.6543309798705619
256.0,62.28373702422145,67.43560169165706,52.17765042979945,46.01719197707737,48.012646793134586,48.75037639265282,54.79857819905215,45.882701421800945,58.29831932773105,52.94117647058824,55.11418635478774,52.20540959075528,77.14858670741023,84.37465895449088,79.51355405550196,87.16168434586949,79.47121034077558,90.73560517038779,81.85728917719358,93.38340730624786,80.77915693744625,90.8873049035271,79.75395944366554,89.30853213610462,67.43407289922663,70.75697086342996,0.6568860372404135,50.0,87.2340425531915,50.00000000000002,83.33333333333333,49.99999999999999,78.98550724637681,49.999999999999986,87.20538720538721,49.99999999999999,78.33333333333333,50.0,83.01832073432443,75.32467532467531,83.82526564344745,75.84670231729056,86.63101604278076,73.21428571428571,86.46616541353383,79.68749999999999,92.83854166666666,84.24369747899159,93.4873949579832,77.66337216704864,88.64967674488238,63.83168608352432,85.8339987396034,0.6537792130123019
257.0,52.556708958093054,58.40061514801999,53.25931232091692,54.025787965616054,52.710027100271006,47.42547425474255,59.24911137440761,55.06516587677724,56.78571428571424,57.689075630252105,54.91217480788057,54.52122377508158,77.39686783804429,85.60242278729675,76.73309761062893,87.20882888674596,80.49941245593422,89.60517038777908,82.3523386821441,94.28473881870946,78.73294826102986,91.67383556593339,79.14293296955627,89.67499928929291,67.02755388871842,72.09811153218725,0.6529338839078795,50.0,87.2340425531915,50.00000000000002,82.89473684210526,49.99999999999999,79.71014492753623,49.999999999999986,87.20538720538721,49.99999999999999,80.83333333333333,50.0,83.5755289723107,75.32467532467531,83.82526564344745,75.84670231729056,86.63101604278076,75.37593984962406,86.56015037593986,79.68749999999999,92.83854166666666,84.24369747899159,93.4873949579832,78.0957029941163,88.66847373736358,64.04785149705815,86.12200135483715,0.6534163502733671
258.0,52.38369857747022,60.86120722798925,51.68338108882523,51.0888252148997,56.187895212285454,58.89792231255645,63.55894549763036,63.15165876777251,55.357142857142826,45.840336134453786,55.83421264667082,55.96798993153434,77.50190985485102,85.97620866528429,77.38454944819456,86.75452694739097,81.91539365452411,90.86956521739131,81.95459201092524,92.72447934448617,80.5364384908443,93.09327762074474,79.85857669186785,89.88361155905949,67.84639466926933,72.92580074529691,0.6486930335571187,50.0,87.2340425531915,50.00000000000002,82.89473684210526,49.99999999999999,80.43478260869566,49.999999999999986,88.21548821548821,49.99999999999999,79.16666666666666,50.0,83.58914337722945,75.32467532467531,83.82526564344745,74.8663101604278,86.63101604278076,73.21428571428571,86.37218045112782,79.68749999999999,92.83854166666666,84.24369747899159,93.69747899159664,77.46729373567608,88.67289655912387,63.73364686783804,86.13101996817666,0.653211424668265
259.0,51.864667435601696,51.826220684352165,62.113180515759325,60.272206303724914,55.78139114724478,61.668172237277915,62.374111374407605,47.230450236966824,58.21428571428569,52.01680672268907,58.069527237459816,54.60277123700217,75.46791443850266,83.26967150496561,78.0413586199507,87.3159755705561,80.01175088131613,89.05522914218567,81.51246159098669,92.50938886992147,81.89750522305518,91.9503502519356,79.38619815076227,88.82012306791289,68.72786269411104,71.71144715245754,0.6592145133978417,50.0,87.2340425531915,50.00000000000002,82.89473684210526,49.99999999999999,80.43478260869566,49.999999999999986,88.21548821548821,49.99999999999999,78.33333333333333,50.0,83.42247671056279,75.32467532467531,83.82526564344745,74.8663101604278,86.63101604278076,73.21428571428571,86.46616541353383,79.68749999999999,92.83854166666666,84.24369747899159,93.4873949579832,77.46729373567608,88.64967674488238,63.73364686783804,86.03607672772259,0.6528083745160655
260.0,51.51864667435602,51.94156093810073,56.905444126074514,55.44412607449857,55.78139114724478,60.614272809394755,56.36107819905215,55.21327014218009,52.54201680672266,53.403361344537814,54.62171539069002,55.32331826174239,77.27272727272727,84.28462294008513,78.69388192435443,86.91738990678239,79.3066980023502,88.89776733254995,81.07033117104817,91.88801638784568,81.16934988324937,90.06390561632051,79.5025976507459,88.41034043671672,67.06215652071796,71.86682934922956,0.6592311734533198,50.0,87.2340425531915,50.00000000000002,82.89473684210526,49.99999999999999,80.43478260869566,49.999999999999986,87.87878787878789,49.99999999999999,80.83333333333333,50.0,83.85513664322272,75.32467532467531,83.82526564344745,75.84670231729056,86.63101604278076,74.53007518796993,86.46616541353383,79.68749999999999,92.83854166666666,84.24369747899159,93.4873949579832,77.92653006178548,88.64967674488238,63.96326503089274,86.25240669405255,0.6521404449595116
261.0,50.13456362937332,44.790465205690126,62.68624641833812,64.7134670487106,52.529358626919596,49.20204757603132,51.5773104265403,47.808056872037916,46.78571428571425,50.50420168067227,52.742638677377116,51.40364767662845,77.71199388846448,84.12910618792972,78.3692274724097,86.73631201114326,77.13278495887194,89.78848413631022,83.53704335950837,92.83373164902697,77.85731842202286,90.70910655032569,78.92167362025546,88.83934810694716,65.8321561488163,70.12149789178781,0.659546958801705,50.0,87.2340425531915,50.00000000000002,82.89473684210526,49.99999999999999,80.43478260869566,49.999999999999986,88.21548821548821,49.99999999999999,79.16666666666666,50.0,83.58914337722945,75.32467532467531,83.82526564344745,74.8663101604278,86.63101604278076,73.21428571428571,86.1842105263158,79.68749999999999,92.83854166666666,84.24369747899159,93.4873949579832,77.46729373567608,88.59328576743877,63.73364686783804,86.09121457233411,0.6518496959240786
262.0,57.76624375240292,59.900038446751246,51.96991404011463,51.83381088825215,49.23215898825654,52.694971394158394,53.61374407582941,52.34004739336492,54.62184873949577,54.159663865546214,53.44078191921985,54.185706397614595,76.74751718869365,85.76612463167085,78.20529304618019,86.64952319725704,80.49941245593422,89.03877790834312,83.13929668828952,93.93991123250257,80.72692638564581,93.97812461595183,79.86368915294868,89.87449231714508,66.65223553608426,72.03009935737984,0.6505290966518167,50.0,87.2340425531915,50.00000000000002,82.89473684210526,49.99999999999999,80.43478260869566,49.999999999999986,88.21548821548821,49.99999999999999,78.33333333333333,50.0,83.42247671056279,75.32467532467531,83.82526564344745,74.8663101604278,86.54188948306596,71.8984962406015,86.09022556390977,79.68749999999999,92.83854166666666,84.24369747899159,93.4873949579832,77.20413584093924,88.5566634630146,63.60206792046962,85.98957008678869,0.6520211579075775
263.0,58.45828527489427,46.21299500192234,55.75931232091692,51.96275071633237,53.5230352303523,52.09274314965372,56.73874407582941,54.72452606635071,54.663865546218446,50.294117647058826,55.82864848964226,51.05742651626359,77.81703590527118,84.44832478445925,78.69602485803063,87.59884281581485,81.36897767332552,89.68272620446534,82.14919767838852,93.50973028337316,84.13420179427308,92.54639301954037,80.83308758185778,89.55720342153059,68.33086803575003,70.30731496889709,0.651703282701558,50.0,87.2340425531915,50.00000000000002,82.89473684210526,49.99999999999999,81.15942028985508,49.999999999999986,88.21548821548821,49.99999999999999,80.0,50.0,83.90073758012801,75.32467532467531,83.70720188902008,74.8663101604278,86.45276292335116,73.21428571428571,86.2781954887218,79.68749999999999,92.70833333333333,84.24369747899159,93.4873949579832,77.46729373567608,88.52677771848191,63.73364686783804,86.21375764930497,0.651771796442824
264.0,39.54248366013072,44.52133794694348,40.39398280802293,44.670487106017184,55.37488708220414,56.157783800060216,58.915876777251206,57.864336492891,56.91176470588232,53.15126050420168,50.22779900669827,51.273041170022715,77.27272727272727,86.79471788715487,77.71027536697737,87.07382406514517,78.76028202115162,89.97179788484137,82.98907476954592,93.57459883919425,81.65478677645325,92.24529925033796,79.67742924137109,89.93204758533473,64.95261412403468,70.60254437767873,0.6562701730756927,50.0,87.2340425531915,50.00000000000002,82.89473684210526,49.99999999999999,81.15942028985508,49.999999999999986,88.21548821548821,49.99999999999999,80.0,50.0,83.90073758012801,75.32467532467531,83.70720188902008,74.8663101604278,86.45276292335116,74.53007518796993,86.2781954887218,79.68749999999999,92.70833333333333,84.24369747899159,93.4873949579832,77.73045163041293,88.52677771848191,63.865225815206465,86.21375764930497,0.6517046961148125
265.0,52.72971933871589,43.44482891195693,62.68624641833813,56.9054441260745,56.413730803974694,51.40018066847335,53.473045023696685,48.133886255924175,53.3193277310924,55.00000000000001,55.724413863163555,50.97686799248579,76.53743315508021,86.87111208119612,78.53101896496301,89.08175291974713,78.38425381903645,89.82373678025851,82.89177193581429,94.49641515875726,84.67186923927737,92.34976035393879,80.20326942283427,90.52455545877956,67.96384164299891,70.75071172563267,0.6533694655942484,50.0,87.2340425531915,50.00000000000002,82.89473684210526,49.99999999999999,81.15942028985508,49.999999999999986,88.55218855218855,49.99999999999999,79.16666666666666,50.0,83.80141098080142,75.32467532467531,83.82526564344747,74.8663101604278,86.45276292335116,71.8984962406015,86.09022556390978,79.68749999999999,92.70833333333333,84.24369747899159,93.4873949579832,77.20413584093924,88.51279648440499,63.60206792046962,86.1571037326032,0.6517025971619033
266.0,51.691657054978855,50.63437139561707,54.75644699140404,54.512893982808016,61.96928635953024,56.66967780788919,52.42890995260665,48.59300947867299,59.726890756302474,51.890756302521,56.114638222964444,52.460141793501656,77.48281130634072,85.5696824184219,76.89488910318222,85.91021107896711,81.63924794359579,91.11868390129258,83.38682144076476,93.73164902697167,76.83421408381467,90.77669902912622,79.24759677553963,89.4213850909559,67.68111749925204,70.94076344222877,0.6538981820230853,50.0,87.2340425531915,50.00000000000002,82.89473684210526,49.99999999999999,81.15942028985508,49.999999999999986,87.87878787878789,49.99999999999999,79.16666666666666,50.0,83.66673084612128,75.32467532467531,83.94332939787486,74.8663101604278,86.45276292335116,71.8984962406015,85.99624060150376,79.68749999999999,92.70833333333333,84.24369747899159,93.69747899159664,77.20413584093924,88.55962904953195,63.60206792046962,86.11317994782661,0.6517259065668076
267.0,52.21068819684738,54.97885428681276,66.33237822349572,73.19484240687679,53.11653116531164,48.29870520927431,54.702310426540315,55.746445497630326,50.29411764705879,43.99159663865546,55.33120513185078,55.242088807849925,76.66157372039723,86.36363636363636,77.71348976749168,88.52887603128683,80.07050528789662,89.17978848413631,81.75998634346193,92.65961078866508,79.51333415263612,92.84748678874278,79.14377785437671,89.91587969129348,67.23749149311374,72.5789842495717,0.6488345263070607,50.0,87.2340425531915,50.00000000000002,82.89473684210526,49.99999999999999,81.15942028985508,49.999999999999986,87.87878787878788,49.99999999999999,80.0,50.0,83.83339751278794,75.32467532467531,83.94332939787486,74.8663101604278,86.54188948306594,73.21428571428571,86.09022556390978,79.68749999999999,92.70833333333333,84.24369747899159,93.4873949579832,77.46729373567608,88.55423454723342,63.73364686783804,86.19381603001068,0.6512415313081572
268.0,55.690119184928875,67.55094194540561,54.183381088825236,54.11174785100287,49.23215898825655,48.72026498042759,52.8065758293839,47.60071090047393,49.60084033613442,49.579831932773104,52.30261508550579,53.512699522016625,77.71199388846448,86.12081196114809,78.69281045751632,88.87174541947928,80.76968272620451,88.81316098707404,81.71560259474224,93.61556845339707,79.75605259923803,90.62307975912499,79.7292284532331,89.6088733160447,66.01592176936944,71.56078641903066,0.6539288310964383,50.0,87.2340425531915,50.00000000000002,82.89473684210526,49.99999999999999,81.15942028985508,49.999999999999986,88.21548821548821,49.99999999999999,80.0,50.0,83.90073758012801,75.32467532467531,83.94332939787486,74.8663101604278,86.63101604278074,74.53007518796993,85.99624060150376,79.68749999999999,92.70833333333333,84.24369747899159,93.4873949579832,77.73045163041293,88.55326286669518,63.865225815206465,86.2270002234116,0.6514211335787411
269.0,35.371011149557866,36.37062668204536,58.037249283667634,53.05157593123209,50.22583559168924,44.986449864498645,54.08767772511851,50.26658767772511,61.93277310924367,55.63025210084034,51.930909371855385,48.06109845126831,76.74751718869365,81.87820582778565,79.02389371048963,87.98885674488375,80.98707403055231,91.56991774383079,84.8190508706043,95.18265619665415,75.08295440580066,92.47880054073984,79.33209804122811,89.81968741077883,65.63150370654175,68.94039293102357,0.656503967803388,50.0,87.2340425531915,50.00000000000002,82.89473684210526,49.99999999999999,81.15942028985508,49.999999999999986,88.21548821548821,49.99999999999999,79.16666666666666,50.0,83.73407091346135,75.32467532467531,83.82526564344745,74.8663101604278,86.54188948306594,71.8984962406015,85.99624060150376,79.68749999999999,92.83854166666666,84.24369747899159,93.27731092436974,77.20413584093924,88.49584966381072,63.60206792046962,86.11496028863604,0.6515215455993962
270.0,51.864667435601696,49.28873510188389,59.75644699140402,54.82808022922636,55.7813911472448,52.54441433303221,55.4576421800948,51.362559241706165,56.17647058823526,52.47899159663865,55.80732366851612,52.10055610049746,77.06264323911383,88.1643566517516,78.53209043180111,86.94953391192543,78.66039952996478,90.53113983548766,85.05804028678729,94.29156708774326,80.38896399164311,92.11625906353692,79.94042749586201,90.41057131008898,67.87387558218907,71.25556370529321,0.6499487464812733,50.0,87.2340425531915,50.00000000000002,82.89473684210526,49.99999999999999,81.15942028985508,49.999999999999986,88.21548821548821,49.99999999999999,79.16666666666666,50.0,83.73407091346135,75.32467532467531,83.82526564344745,74.8663101604278,86.63101604278074,71.8984962406015,85.99624060150376,79.68749999999999,92.70833333333333,84.24369747899159,93.27731092436974,77.20413584093924,88.487633309087,63.60206792046962,86.11085211127417,0.6515399527839001
271.0,42.13763936947328,32.06459054209919,55.616045845272225,54.2406876790831,57.226738934056,54.140319180969584,56.02784360189575,53.125,60.46218487394954,55.084033613445385,54.29409052492936,49.73092620311945,77.37776928953399,86.45640074211502,78.04135861995069,88.61673631201114,80.49941245593422,91.0951821386604,85.0136565380676,93.56094230112666,81.60255622465283,91.87046823153496,80.50695062562787,90.31994594508964,67.40052057527862,70.02543607410455,0.6512028837349809,50.0,87.2340425531915,50.00000000000002,82.89473684210526,49.99999999999999,81.15942028985508,49.999999999999986,88.21548821548821,49.99999999999999,79.16666666666666,50.0,83.73407091346135,75.32467532467531,83.82526564344745,74.8663101604278,86.54188948306594,71.8984962406015,85.90225563909775,79.68749999999999,92.70833333333333,84.24369747899159,93.27731092436974,77.20413584093924,88.45101100466283,63.60206792046962,86.09254095906209,0.6517236898793111
272.0,65.05190311418684,70.74202229911573,59.469914040114624,58.53868194842406,58.26558265582654,55.91689250225835,53.095379146919456,49.08175355450237,49.60084033613443,47.60504201680672,57.096723858636366,56.376878464221456,76.76661573720396,85.66790352504638,78.69816779170682,87.14454087645987,80.28202115158639,89.97414806110459,84.91635370433595,93.91942642540116,83.89148334767114,94.5372987587563,80.91092834650085,90.24866352935365,69.00382610256861,73.31277099678755,0.6402759583347818,50.0,87.2340425531915,50.00000000000002,82.89473684210526,49.99999999999999,81.15942028985508,49.999999999999986,88.21548821548821,49.99999999999999,79.16666666666666,50.0,83.73407091346135,75.32467532467531,83.70720188902007,74.8663101604278,86.54188948306594,73.21428571428571,85.80827067669172,79.68749999999999,92.70833333333333,84.24369747899159,93.27731092436974,77.46729373567608,88.40860126129617,63.73364686783804,86.07133608737877,0.6514875946200478
273.0,57.247212610534405,41.138023836985774,56.96991404011463,53.45272206303725,55.194218608852744,53.44775669978922,56.168542654028464,49.18542654028436,45.31512605042014,45.0,54.17900279279009,48.44478582801932,77.60695187165774,86.05260285932555,78.3692274724097,86.90238937104897,79.35957696827263,92.31492361927144,82.7415500170707,93.61215431888017,82.38294211625906,90.58006636352464,80.09204968913397,89.89242730641016,67.13552624096204,69.16860656721474,0.6574610568059158,50.0,87.2340425531915,50.00000000000002,82.89473684210526,49.99999999999999,81.15942028985508,49.999999999999986,88.21548821548821,49.99999999999999,80.0,50.0,83.90073758012801,75.32467532467531,83.58913813459267,74.8663101604278,86.54188948306594,73.21428571428571,85.80827067669172,79.68749999999999,92.70833333333333,84.24369747899159,93.27731092436974,77.46729373567608,88.38498851041068,63.73364686783804,86.14286304526934,0.6510667389563092
274.0,57.939254133025756,56.516724336793544,59.75644699140403,51.633237822349564,48.6449864498645,50.617283950617285,52.3326421800948,47.14158767772511,46.0924369747899,45.252100840336134,52.9531533458358,50.232186925564335,76.34644766997708,85.62697806395285,77.22275795564126,87.29454623379407,81.75088131609874,90.36192714453584,85.15534312051895,93.82383065892796,81.26459383065011,93.75076809635001,80.34800477857723,90.17161003951215,66.65057906220652,70.20189848253824,0.6522728038921641,50.0,87.2340425531915,50.00000000000002,82.89473684210526,49.99999999999999,81.8840579710145,49.999999999999986,88.21548821548821,49.99999999999999,79.16666666666666,50.0,83.87899844969323,75.32467532467531,83.70720188902007,74.8663101604278,86.63101604278074,71.8984962406015,85.80827067669172,79.68749999999999,92.70833333333333,84.24369747899159,93.27731092436974,77.20413584093924,88.42642657323911,63.60206792046962,86.15271251146618,0.6511113374688187
275.0,62.45674740484431,55.2479815455594,48.545845272206314,47.87965616045845,53.748870822041525,47.42547425474254,53.37677725118485,50.96267772511849,54.62184873949577,49.03361344537815,54.55001789795456,50.1098806262514,78.55233002291826,84.94488704572738,75.91235401264329,88.30386799528554,79.35957696827263,89.78143360752055,80.47797883236602,93.12393308296346,78.9756667076318,90.67223792552538,78.65558130876641,89.36527193140446,66.6027996033605,69.73757627882793,0.6566581227171104,50.0,87.2340425531915,50.00000000000002,82.89473684210526,49.99999999999999,81.8840579710145,49.999999999999986,88.21548821548821,49.99999999999999,79.16666666666666,50.0,83.87899844969323,75.32467532467531,83.70720188902007,74.8663101604278,86.72014260249554,73.21428571428571,85.80827067669172,79.68749999999999,92.70833333333333,84.24369747899159,93.27731092436974,77.46729373567608,88.44425188518207,63.73364686783804,86.16162516743765,0.6508232294282439
276.0,54.45982314494425,57.47789311803153,60.90257879656163,64.15472779369627,53.11653116531164,47.78681120144534,63.46267772511851,54.680094786729846,48.25630252100837,49.705882352941174,56.03958267058888,54.761081850568836,77.18678380443085,85.82069191312888,77.54848387442408,86.67523840137147,80.44653349001177,88.93301997649824,83.23659952202117,93.13076135199726,78.34275531522675,91.39732087993117,79.35223120122293,89.1914065045854,67.69590693590591,71.97624417757712,0.6527583439519635,50.0,87.2340425531915,50.00000000000002,82.89473684210526,49.99999999999999,81.8840579710145,49.999999999999986,88.55218855218855,49.99999999999999,79.16666666666666,50.0,83.9463385170333,75.32467532467531,83.70720188902007,74.8663101604278,86.72014260249554,73.21428571428571,85.80827067669172,79.68749999999999,92.70833333333333,84.24369747899159,93.27731092436974,77.46729373567608,88.44425188518207,63.73364686783804,86.19529520110768,0.6505415190142592
277.0,48.558246828143034,47.44329104190696,57.54297994269342,50.02865329512895,57.4074074074074,52.12285456187895,59.530509478673,58.604857819905206,53.23529411764702,55.33613445378152,55.25488755491277,52.70715823452032,78.13216195569136,86.01440576230492,79.35176256294865,88.0317154184078,80.2232667450059,91.78143360752055,82.94469102082623,94.07306247866167,79.90352709843923,93.0748433083446,80.11108187658228,90.5950921150479,67.68298471574752,71.65112517478411,0.6437512109480418,50.0,87.2340425531915,50.00000000000002,83.33333333333334,49.99999999999999,82.6086956521739,49.999999999999986,88.21548821548821,49.99999999999999,80.83333333333333,50.0,84.44497861750406,75.32467532467531,83.58913813459267,75.84670231729056,86.72014260249554,73.21428571428571,85.80827067669172,79.68749999999999,92.70833333333333,84.24369747899159,93.27731092436974,77.66337216704864,88.42063913429661,63.83168608352432,86.43280887590034,0.6503922956229043
278.0,48.385236447520185,44.44444444444444,62.048710601719215,63.108882521489974,56.59439927732609,57.27190605239385,54.228376777251206,50.148104265402836,53.10924369747896,54.28571428571429,54.87319336025913,53.851810313889075,76.53743315508021,84.89031976426934,77.38562091503265,88.24172291867566,79.95299647473563,91.3325499412456,81.60976442471835,93.87162854216456,83.40604645446726,93.75691286715005,79.77837228480682,90.41862680670104,67.32578282253297,72.13521856029506,0.6454423707059511,50.0,87.2340425531915,50.00000000000002,83.33333333333334,49.99999999999999,82.6086956521739,49.999999999999986,88.55218855218855,49.99999999999999,80.0,50.0,84.34565201817746,75.32467532467531,83.58913813459267,74.8663101604278,86.63101604278074,73.21428571428571,85.71428571428572,79.68749999999999,92.70833333333333,84.24369747899159,93.27731092436974,77.46729373567608,88.38401682987244,63.73364686783804,86.36483442402495,0.6502569858167564
279.0,57.420222991157246,58.97731641676278,64.26217765042982,70.77363896848138,49.006323396567296,50.888286660644376,56.36107819905215,56.82760663507109,53.23529411764702,59.20168067226891,56.057019270970706,59.333705870645716,77.27272727272727,82.19469606024228,78.3681560055716,89.0538947819565,78.60164512338429,91.71092831962397,79.49641515875727,94.39399112325026,78.00479292122404,92.64470935234115,78.34874729633289,89.99964392748284,67.2028832836518,74.66667489906428,0.6426997553650676,50.0,87.2340425531915,50.00000000000002,83.33333333333334,49.99999999999999,82.6086956521739,49.999999999999986,89.22558922558923,49.99999999999999,79.16666666666666,50.0,84.31366548619091,75.32467532467531,83.58913813459267,74.8663101604278,86.72014260249554,73.21428571428571,85.71428571428572,79.68749999999999,92.70833333333333,84.24369747899159,93.27731092436974,77.46729373567608,88.40184214181541,63.73364686783804,86.35775381400316,0.6502655615096022
280.0,59.32333717800845,58.20838139177239,53.18051575931234,51.647564469914045,54.561878952122846,52.81541704305932,48.73370853080571,46.78613744075829,48.949579831932745,46.890756302521005,52.94980405043642,51.26965132960502,76.4514896867838,85.51784350103678,75.74949105325187,87.34169077467052,80.11750881316101,89.4641598119859,81.95459201092524,91.99044042335268,79.36585965343494,90.30969644832248,78.72778824351137,88.92476619187366,65.83879614697389,70.09720876073933,0.659211289484032,50.0,87.2340425531915,50.00000000000002,83.33333333333334,49.99999999999999,81.8840579710145,49.999999999999986,88.8888888888889,49.99999999999999,79.16666666666666,50.0,84.10139788261897,75.32467532467531,83.58913813459267,74.8663101604278,86.80926916221034,73.21428571428571,85.80827067669172,79.68749999999999,92.70833333333333,84.24369747899159,92.85714285714286,77.46729373567608,88.35443083279418,63.73364686783804,86.22791435770657,0.6497130709040698
281.0,56.55517108804305,59.86159169550172,58.467048710601745,53.882521489971346,51.67118337850044,50.10538994278833,51.00710900473936,53.96919431279621,51.02941176470585,50.54621848739495,53.745984789318086,53.67298318569051,78.13216195569136,88.3089599476154,75.41626486660236,88.08314582663667,81.96239717978851,90.06110458284373,82.05189484465689,92.63229771252988,78.73294826102986,92.2883126459383,79.2591334215538,90.27476414311279,66.50255910543595,71.97387366440165,0.6487657838382473,50.0,87.2340425531915,50.00000000000002,83.33333333333334,49.99999999999999,82.6086956521739,49.999999999999986,89.22558922558923,49.99999999999999,79.16666666666666,50.0,84.31366548619091,75.32467532467531,83.58913813459267,74.8663101604278,86.80926916221034,73.21428571428571,85.90225563909775,79.68749999999999,92.578125,84.24369747899159,92.85714285714286,77.46729373567608,88.34718615860872,63.73364686783804,86.33042582239982,0.6494865021465832
282.0,58.45828527489427,63.51403306420607,54.46991404011463,57.750716332378225,45.347786811201445,39.415838602830476,53.51747630331756,50.84419431279621,47.43697478991593,47.52100840336134,51.84608744388877,51.80915814311446,78.86745607333842,86.18083597075193,77.05668059573554,87.89242472945462,81.47473560517042,89.9294947121034,84.66882895186072,93.67019460566746,83.6487649010692,92.41735283273935,81.14329322543486,90.01806057014336,66.49469033466181,70.91360935662891,0.649362146629826,50.0,87.2340425531915,50.00000000000002,83.33333333333334,49.99999999999999,82.6086956521739,49.999999999999986,88.8888888888889,49.99999999999999,79.16666666666666,50.0,84.24632541885087,75.32467532467531,83.58913813459267,74.8663101604278,86.72014260249554,73.21428571428571,85.90225563909775,79.68749999999999,92.578125,84.24369747899159,92.85714285714286,77.46729373567608,88.32936084666576,63.73364686783804,86.28784313275833,0.6494197549690498
283.0,52.556708958093054,56.51672433679353,49.26217765042981,44.770773638968485,57.633242999096645,50.76784101174346,54.702310426540315,54.75414691943128,53.15126050420166,53.15126050420168,53.46114010767229,51.992149282227686,76.64247517188694,86.64738622721816,77.22168648880314,88.06171648987464,80.11750881316101,89.5464159811986,83.63434619324002,92.51621713895527,81.11711933144895,93.124001474745,79.74662719970802,89.97914746239834,66.60388365369016,70.98564837231302,0.6519378447068005,50.0,87.2340425531915,50.00000000000002,83.33333333333334,49.99999999999999,82.6086956521739,49.999999999999986,88.88888888888889,49.99999999999999,80.0,50.0,84.41299208551752,75.32467532467531,83.47107438016529,75.84670231729056,86.72014260249554,73.21428571428571,85.99624060150374,79.68749999999999,92.578125,84.24369747899159,92.85714285714286,77.66337216704864,88.32454508826149,63.83168608352432,86.3687685868895,0.6491302561958611
284.0,40.23452518262207,39.52326028450596,53.832378223495716,55.64469914040116,50.903342366757,47.034025895814516,55.55390995260665,59.597156398104254,51.8067226890756,47.94117647058824,50.46617568291141,49.948063637882825,78.34224598930479,87.80148423005566,79.67855994856956,87.21311475409837,80.99294947121037,90.97532314923619,79.93001024240355,92.61864117446228,81.11711933144893,92.3006021875384,80.01217699658744,90.18183309907818,65.23917633974943,70.0649483684805,0.6541996127137519,50.0,87.2340425531915,50.00000000000002,83.33333333333334,49.99999999999999,83.33333333333333,49.999999999999986,89.56228956228956,49.99999999999999,79.16666666666666,50.0,84.52593308976289,75.32467532467531,83.3530106257379,74.8663101604278,86.63101604278076,73.21428571428571,85.71428571428571,79.68749999999999,92.578125,84.24369747899159,92.85714285714286,77.46729373567608,88.22671604798946,63.73364686783804,86.37632456887617,0.6492122338729127
285.0,56.728181468665895,66.78200692041523,60.32951289398283,60.787965616045845,50.6323396567299,45.709123757904244,57.59034360189575,52.14751184834123,53.8865546218487,49.747899159663866,55.833386448624616,55.03490146047409,78.13216195569137,84.80574047800938,79.34854816243435,88.70031072538306,79.52408930669803,90.29847238542891,82.25503584841245,93.36292249914646,81.65478677645324,93.11171193314489,80.1829244099379,90.05583160422253,68.00815542928126,72.54536653234831,0.6417117229250532,50.0,87.2340425531915,50.00000000000002,83.33333333333334,49.99999999999999,83.33333333333333,49.999999999999986,89.56228956228955,49.99999999999999,79.16666666666666,50.0,84.52593308976289,75.32467532467531,83.2349468713105,74.8663101604278,86.63101604278076,73.21428571428571,85.90225563909775,79.68749999999999,92.31770833333333,84.24369747899159,92.85714285714286,77.46729373567608,88.18861394873304,63.73364686783804,86.35727351924797,0.6487748136308136
286.0,45.27104959630912,44.94425221068819,56.18911174785103,50.14326647564469,54.92321589882565,64.58897922312555,59.293542654028464,55.287322274881525,51.84873949579829,51.84873949579831,53.50513187856251,53.362511936027644,76.28915202444614,84.74844483247846,78.20529304618019,89.23175827708133,81.09870740305526,91.3207990599295,81.46807784226698,94.37009218163196,81.31682438245053,92.35590512473884,79.67561093967983,90.40539989517201,66.59037140912116,71.88395591559983,0.6423774896367657,50.0,87.2340425531915,50.00000000000002,83.33333333333334,49.99999999999999,83.33333333333333,49.999999999999986,89.8989898989899,49.99999999999999,79.16666666666666,50.0,84.59327315710296,75.32467532467531,83.3530106257379,74.8663101604278,86.63101604278076,73.21428571428571,85.80827067669172,79.68749999999999,92.44791666666666,84.24369747899159,92.85714285714286,77.46729373567608,88.21947137380398,63.73364686783804,86.40637226545347,0.6486063375091261
287.0,53.767781622452915,55.440215301806994,60.55157593123211,51.088825214899714,55.37488708220415,61.607949412827466,62.23341232227491,64.46978672985783,47.521008403361314,49.49579831932773,55.88973307230508,56.42051499574395,77.08174178762414,84.42376950780313,77.05668059573554,86.48023143683703,81.03995299647475,90.63689776733254,83.38682144076476,94.34619324001366,81.750030723854,93.09327762074474,80.06304550889065,89.79607391454621,67.97638929059787,73.10829445514509,0.6424503612376932,50.0,87.2340425531915,50.00000000000002,83.33333333333334,49.99999999999999,82.6086956521739,49.999999999999986,89.8989898989899,49.99999999999999,79.16666666666666,50.0,84.44834562087105,75.32467532467531,83.3530106257379,74.8663101604278,86.63101604278076,73.21428571428571,85.80827067669172,79.68749999999999,92.31770833333333,84.24369747899159,92.85714285714286,77.46729373567608,88.19342970713731,63.73364686783804,86.32088766400418,0.6480895988215023
288.0,66.95501730103807,71.74163783160323,53.25931232091692,48.681948424068764,58.039747064137295,58.08491418247517,58.30124407582941,58.160545023696685,54.66386554621846,51.5126050420168,58.24383726162803,57.63633010077213,78.55233002291826,89.13838262577758,77.87742419372118,87.60741455051966,81.52761457109285,90.64394829612222,82.00751109593718,93.73506316148857,79.46110360083568,91.87661300233502,79.88519669690102,90.60028432724862,69.06451697926452,74.11830721401037,0.6357892731563499,50.0,87.2340425531915,50.00000000000002,82.89473684210526,49.99999999999999,82.6086956521739,51.515151515151494,89.56228956228955,49.99999999999999,80.0,50.303030303030305,84.45995292195205,75.32467532467531,83.3530106257379,74.8663101604278,86.63101604278076,73.21428571428571,85.80827067669173,79.68749999999999,92.44791666666666,84.24369747899159,92.85714285714286,77.46729373567608,88.21947137380398,63.88516201935319,86.33971214787802,0.6478229933902669
289.0,45.79008073817762,48.750480584390615,57.97277936962754,50.30085959885386,45.52845528455284,40.921409214092144,53.139810426540315,49.437203791469194,53.3193277310924,58.36134453781512,51.15009070999814,49.554259545324186,78.11306340718104,86.8492851686129,78.3681560055716,89.61320047144541,79.80023501762635,90.9165687426557,81.3178559235234,92.74496415158757,76.59149563721273,91.39117610913114,78.83816119822302,90.30303892868655,64.99412595411059,69.92864923700537,0.654371260687609,50.0,87.2340425531915,50.00000000000002,82.89473684210526,49.99999999999999,83.33333333333333,49.999999999999986,89.22558922558923,49.99999999999999,79.16666666666666,50.0,84.37087372417719,74.67532467532467,83.11688311688312,71.92513368983957,86.63101604278076,73.21428571428571,85.80827067669172,79.68749999999999,92.31770833333333,84.24369747899159,93.0672268907563,76.7491883116883,88.18822101208904,63.37459415584415,86.27954736813311,0.6478931747881749
290.0,59.4963475586313,61.28412149173394,55.04297994269343,50.88825214899714,55.194218608852744,44.32399879554351,53.658175355450254,54.38388625592416,49.51680672268905,34.91596638655462,54.581705637663354,49.15924501575067,77.69289533995416,88.32260176797992,78.3660130718954,88.5845923068681,80.98707403055232,90.23736780258518,85.16387845681122,94.60908159781495,80.3367334398427,91.75371758633403,80.50931886781116,90.70147221231643,67.54551225273725,69.93035861403355,0.645951779887699,50.0,87.2340425531915,50.00000000000002,82.89473684210526,49.99999999999999,82.6086956521739,49.999999999999986,89.56228956228956,49.99999999999999,79.16666666666666,50.0,84.29328625528538,75.32467532467531,83.11688311688312,73.88591800356507,86.63101604278076,73.21428571428571,85.80827067669173,79.68749999999999,92.31770833333333,84.24369747899159,93.0672268907563,77.27121530430352,88.18822101208904,63.63560765215176,86.2407536336872,0.6475447868946544
291.0,49.961553248750484,54.4405997693195,57.82951289398282,58.137535816618914,56.63956639566394,52.84552845528455,53.37677725118486,55.850118483412324,54.62184873949577,52.77310924369748,54.48585170581557,54.80937835366656,77.16768525592053,84.5492742551566,78.03921568627447,87.84742312225437,79.78848413631025,90.3807285546416,83.88187094571528,94.03209286445886,84.67186923927737,92.55868256114047,80.70982505269959,89.87364027153039,67.59783837925758,72.34150931259848,0.6428153657781273,50.0,87.2340425531915,50.00000000000002,82.4561403508772,49.99999999999999,82.6086956521739,51.515151515151494,89.56228956228955,49.99999999999999,79.16666666666666,50.303030303030305,84.20556695703976,75.32467532467531,83.11688311688312,74.8663101604278,86.63101604278076,73.21428571428571,85.80827067669173,79.68749999999999,92.31770833333333,84.24369747899159,93.0672268907563,77.46729373567608,88.18822101208904,63.88516201935319,86.19689398456441,0.647091035162273
292.0,43.17570165321031,42.40676662821991,54.97851002865332,58.28080229226361,60.07226738934055,57.21168322794339,55.88714454976304,52.48815165876777,51.764705882352914,51.890756302521,53.17566590066402,52.455632021943146,77.29182582123758,84.34737531376186,80.3332261866495,89.75034822672238,80.6639247943596,89.59106933019976,83.19221577330147,93.23318538750426,79.55634754823645,92.41735283273934,80.20750802475692,89.86786621818551,66.69158696271047,71.16174912006433,0.6476081199062477,50.0,87.2340425531915,50.00000000000002,83.33333333333333,49.99999999999999,83.33333333333333,49.999999999999986,89.56228956228956,49.99999999999999,80.83333333333333,50.0,84.8592664230962,75.97402597402596,83.11688311688312,74.8663101604278,86.72014260249554,73.21428571428571,85.80827067669173,79.68749999999999,92.44791666666666,84.24369747899159,93.27731092436974,77.59716386554621,88.27410479742136,63.798581932773104,86.56668561025879,0.6468918611730538
293.0,52.72971933871589,63.59092656670511,57.76504297994271,58.166189111747855,51.03884372177055,49.65371875940981,57.827310426540315,57.18305687203791,56.05042016806719,55.378151260504204,55.08226732700733,56.79440851408098,77.04354469060351,84.48652188147987,78.3638701382192,88.02100075002679,78.3901292596945,90.63924794359576,83.53704335950837,94.00477978832367,80.09401499324076,92.57097210274057,79.48572048825326,89.94450449323332,67.2839939076303,73.36945650365715,0.6447790974527748,50.0,87.2340425531915,50.00000000000002,83.33333333333334,49.99999999999999,82.6086956521739,49.999999999999986,89.56228956228956,49.99999999999999,80.0,50.0,84.54767222019765,74.67532467532467,83.11688311688312,71.92513368983957,86.63101604278076,73.21428571428571,85.71428571428572,79.68749999999999,92.44791666666666,84.24369747899159,93.27731092436974,76.7491883116883,88.2374824929972,63.37459415584415,86.39257735659743,0.647034027061518
294.0,53.42176086120723,53.210303729334875,53.896848137535834,56.81948424068768,49.59349593495934,45.64890093345378,59.345379146919456,55.36137440758294,49.55882352941174,52.39495798319328,53.16326152200672,52.687004258850514,78.55233002291826,86.92840772672706,77.71134683381547,88.71959712846888,81.2573443008226,89.62867215041128,84.07647661317857,92.15773301468077,79.70382204743764,93.62172790954898,80.26026396363451,90.21122758596739,66.71176274282061,71.44911592240895,0.6464222043260505,50.0,87.2340425531915,50.00000000000002,83.7719298245614,49.99999999999999,82.6086956521739,49.999999999999986,89.8989898989899,49.99999999999999,80.83333333333333,50.0,84.86939825245,75.97402597402596,83.11688311688312,73.88591800356507,86.72014260249554,73.21428571428571,85.6203007518797,79.68749999999999,92.1875,84.24369747899159,93.27731092436974,77.40108543417367,88.18442747912562,63.70054271708683,86.5269128657878,0.6466820868124435
295.0,65.91695501730104,60.207612456747405,58.89684813753583,66.48997134670488,57.4074074074074,56.33845227341162,54.606042654028464,52.59182464454977,46.78571428571425,46.42857142857143,56.722593500397394,56.41128642999703,79.18258212375858,85.76885299574374,78.53423336547732,87.96957034179792,77.94359576968274,91.25499412455933,85.26118129054286,94.08330488221236,79.70382204743764,93.4865429519479,80.12508291937984,90.51265305925224,68.42383820988861,73.46196974462464,0.6346137336016984,50.0,87.2340425531915,50.00000000000002,83.33333333333333,49.99999999999999,82.6086956521739,49.999999999999986,89.56228956228956,49.99999999999999,83.33333333333334,50.0,85.21433888686434,75.97402597402596,83.11688311688312,73.88591800356507,86.63101604278076,73.21428571428571,85.6203007518797,79.68749999999999,92.44791666666666,84.24369747899159,93.27731092436974,77.40108543417367,88.21868550051599,63.70054271708683,86.71651219369016,0.6465261477090573
296.0,61.39946174548252,54.632833525567094,60.90257879656161,57.263610315186256,54.33604336043359,53.29719963866306,54.08767772511851,50.01481042654028,53.3193277310924,51.932773109243705,56.80901787173773,53.42824540304008,77.79793735676088,85.4032522099749,79.18675666988105,87.84313725490196,81.79788484136313,91.12808460634547,83.2365995220212,94.12086036189827,81.65478677645325,92.54639301954037,80.7347930332959,90.2083454905322,68.77190545251682,71.81829544678614,0.6402881350837795,50.0,87.2340425531915,50.00000000000002,83.33333333333333,49.99999999999999,83.33333333333333,49.999999999999986,89.56228956228956,49.99999999999999,85.0,50.0,85.69259975642953,75.97402597402596,82.99881936245572,73.88591800356507,86.63101604278076,73.21428571428571,85.6203007518797,79.68749999999999,92.31770833333333,84.24369747899159,93.27731092436974,77.40108543417367,88.16903108296385,63.70054271708683,86.9308154196967,0.6462925705388443
297.0,53.075740099961564,48.750480584390615,60.616045845272225,60.53008595988538,62.78229448961154,59.80126467931346,58.30124407582941,52.22156398104265,54.705882352941146,51.17647058823529,57.89624137272317,54.495973158573484,77.48281130634072,86.49732620320856,78.85781635058393,88.04457302046502,81.36897767332553,90.70975323149237,84.51860703311709,93.64629566404916,82.53041661546025,91.6123878579329,80.9517257957655,90.1020671954296,69.42398358424433,72.29902017700154,0.640547791797421,50.0,87.2340425531915,50.00000000000002,83.77192982456141,49.99999999999999,83.33333333333333,51.515151515151494,89.56228956228956,49.99999999999999,87.5,50.303030303030305,86.28031905467516,75.97402597402596,82.99881936245572,73.88591800356507,86.72014260249554,73.21428571428571,85.6203007518797,79.68749999999999,92.1875,84.24369747899159,93.27731092436974,77.40108543417367,88.16081472824014,63.85205786860199,87.22056689145765,0.645939389942226
298.0,67.30103806228375,67.01268742791234,50.759312320916926,52.664756446991404,56.41373080397468,49.05149051490515,58.06427725118485,60.35248815165877,54.705882352941146,48.27731092436976,57.448848158260276,55.47174669316748,78.23720397249808,87.01844374113283,78.2042215793421,88.8096003428694,79.41833137485315,91.08578143360752,83.28951860703313,94.51348583134175,79.8512965466388,92.44807668673958,79.80011441607306,90.77507760713821,68.62448128716667,73.12341215015284,0.638037587080329,50.0,88.29787234042553,50.877192982456165,83.77192982456141,49.99999999999999,83.33333333333333,51.515151515151494,89.22558922558923,49.99999999999999,90.0,50.47846889952153,86.9257449447819,75.97402597402596,82.76269185360094,75.84670231729056,86.72014260249554,73.21428571428571,85.71428571428571,79.68749999999999,92.05729166666666,84.24369747899159,93.0672268907563,77.79324229691876,88.06432774556103,64.13585559822015,87.49503634517146,0.6457608205133418
299.0,65.74394463667821,64.82122260668974,52.048710601719215,49.04011461318052,55.329719963866296,54.80277024992471,59.7230450236967,65.66943127962087,58.94957983193273,58.94957983193277,58.35900001157863,58.65662371626972,77.16768525592053,85.90527119938885,78.03921568627449,89.63891567555984,80.82843713278498,90.78025851938895,80.57528166609765,92.62888357801296,82.14022366965712,93.16087009954529,79.75016868214696,90.42283981437917,69.0545843468628,74.53973176532445,0.6366410679278014,51.06382978723404,88.29787234042553,50.877192982456165,83.77192982456141,49.99999999999999,83.33333333333333,51.515151515151494,89.22558922558923,49.99999999999999,91.66666666666667,50.691234856968336,87.25907827811524,75.97402597402596,82.76269185360094,73.88591800356507,86.72014260249554,73.21428571428571,85.6203007518797,79.68749999999999,92.05729166666666,84.24369747899159,92.85714285714286,77.40108543417367,88.00351394635716,64.04616014557101,87.6312961122362,0.6453141583931162
300.0,58.28527489427143,53.55632449058054,57.04871060171921,53.882521489971346,53.703703703703695,53.417645287563985,62.13714454976304,57.92357819905214,54.705882352941146,58.4873949579832,57.17614322047971,55.45349288503024,77.3968678380443,83.69529630033831,79.02175077681342,89.15032679738563,80.60517038777911,90.94712103407754,80.47797883236602,93.84090133151246,82.14022366965712,92.85363155954283,79.928398300932,90.09745540457136,68.55227076070585,72.7754741448008,0.638032716471656,51.06382978723404,88.29787234042553,51.75438596491231,82.89473684210526,49.99999999999999,83.33333333333333,53.030303030303,89.22558922558923,49.99999999999999,91.66666666666667,51.169703756489874,87.08363968162402,75.32467532467531,82.76269185360094,72.90552584670232,86.72014260249554,73.21428571428571,85.6203007518797,79.68749999999999,92.1875,84.24369747899159,93.27731092436974,77.07513687293098,88.11358922646919,64.12242031471042,87.59861445404661,0.644694011879006
301.0,60.53440984236832,55.28642829680892,61.69770773638971,67.76504297994269,54.33604336043359,45.25745257452575,54.7541469194313,56.25,51.84873949579829,41.806722689075634,56.634209470884244,53.2731293080706,78.13216195569136,86.77561933864455,77.55062680810025,89.27033108325297,81.47473560517042,90.65804935370153,81.56538067599864,94.43154660293615,80.09401499324075,93.25918643234607,79.76338400764028,90.87894656217625,68.19879673926226,72.07603793512342,0.639301083324893,52.12765957446809,88.29787234042553,51.75438596491231,83.33333333333333,49.99999999999999,83.33333333333333,54.54545454545452,89.22558922558923,49.99999999999999,91.66666666666667,51.68550001696698,87.17135897986962,75.32467532467531,82.76269185360094,72.90552584670232,86.72014260249554,73.21428571428571,85.6203007518797,79.68749999999999,92.05729166666666,84.24369747899159,93.27731092436974,77.07513687293098,88.08754755980253,64.38031844494898,87.62945326983608,0.6442515284092358
302.0,62.091503267973856,63.93694732795079,51.61891117478511,54.02578796561605,57.00090334236674,54.140319180969584,49.63714454976305,48.000592417061604,57.52100840336131,57.98319327731093,55.573894147650016,55.61736803378178,77.27272727272727,85.02673796791443,79.18782813671915,87.76170577520625,80.28202115158639,90.28202115158636,84.17377944691022,94.40423352680097,81.11711933144893,89.62762688951703,80.40669506787839,89.42046506220501,67.9902946077642,72.5189165479934,0.6446129485313877,51.06382978723404,88.29787234042553,50.877192982456165,82.89473684210526,49.99999999999999,83.33333333333333,51.515151515151494,89.56228956228956,49.99999999999999,88.33333333333333,50.691234856968336,86.4843130822974,75.32467532467531,82.76269185360094,72.90552584670232,86.63101604278076,73.21428571428571,85.52631578947368,79.68749999999999,92.05729166666666,84.24369747899159,93.27731092436974,77.07513687293098,88.05092525537836,63.88318586494966,87.26761916883788,0.6441328247071779
303.0,55.49788542868128,56.74740484429065,56.76217765042981,53.83954154727794,54.20054200542004,53.23697681421259,56.36107819905215,56.649881516587676,52.45798319327728,47.98319327731092,55.05593329537211,53.69139959993595,78.11306340718104,85.32412965186074,79.02067930997534,88.61673631201114,80.49941245593422,90.21621621621621,83.48412427449642,93.55411403209285,83.40604645446726,92.22072016713777,80.90466518041087,89.98638327586374,67.98029923789149,71.83889143789985,0.6430294457061848,51.06382978723404,88.29787234042553,50.877192982456165,83.33333333333333,49.99999999999999,83.33333333333333,51.515151515151494,89.56228956228956,49.99999999999999,91.66666666666667,50.691234856968336,87.23869904720968,75.97402597402596,82.76269185360094,72.90552584670232,86.54188948306596,73.21428571428571,85.52631578947368,79.68749999999999,92.05729166666666,84.24369747899159,93.27731092436974,77.20500700280112,88.0330999434354,63.94812092988473,87.63589949532255,0.6440615909720178
304.0,59.4963475586313,66.1284121491734,51.554441260745,49.92836676217765,59.07859078590785,56.639566395663955,55.176244075829395,55.12440758293838,52.45798319327728,45.46218487394958,55.552721374878175,54.65658755278059,77.9029793735676,85.49874495252647,79.02389371048963,88.83317261330762,81.36897767332552,90.56874265569918,81.37077500853535,94.93342437692046,79.36585965343494,92.51566916554013,79.80649708387061,90.46995075279878,67.67960922937439,72.56326915278969,0.6417016915547258,51.06382978723404,89.36170212765958,50.877192982456165,83.33333333333333,49.99999999999999,83.33333333333333,51.515151515151494,89.22558922558923,49.99999999999999,91.66666666666667,50.691234856968336,87.38412493731643,75.97402597402596,82.76269185360094,73.88591800356507,86.54188948306596,73.21428571428571,85.6203007518797,79.68749999999999,92.05729166666666,84.24369747899159,93.27731092436974,77.40108543417367,88.0518969359166,64.04616014557101,87.71801093661651,0.6436927628666796
305.0,48.03921568627451,42.09919261822376,62.90830945558741,67.26361031518626,56.18789521228544,62.119843420656416,53.37677725118485,54.887440758293835,54.01260504201677,53.865546218487395,54.90496052946979,56.04712666616954,78.86745607333842,86.15628069409583,77.22061502196505,88.22886531661845,81.7450058754407,91.49706227967098,84.3240013656538,94.52714236940936,81.60255622465283,93.4005161607472,80.75192691221017,90.76197336410837,67.82844372083997,73.40455001513895,0.6329815588186642,51.06382978723404,89.36170212765958,50.877192982456165,83.33333333333333,49.99999999999999,83.33333333333333,51.515151515151494,89.8989898989899,49.99999999999999,90.83333333333334,50.691234856968336,87.3521384053299,75.97402597402596,82.76269185360094,72.90552584670232,86.54188948306596,73.21428571428571,85.6203007518797,79.68749999999999,92.05729166666666,84.24369747899159,93.27731092436974,77.20500700280112,88.0518969359166,63.94812092988473,87.70201767062325,0.643430627481822
306.0,52.72971933871589,54.74817377931564,48.7679083094556,49.842406876790825,45.257452574525736,47.96747967479675,60.19697867298579,59.523104265402836,49.64285714285712,41.26050420168067,51.31898320770803,50.668333759597346,78.97249809014514,87.24489795918366,78.53209043180111,87.39526411657559,80.17038777908347,90.29377203290248,80.8228064185729,94.08671901672926,82.7731350620622,92.3374708123387,80.25418355633295,90.27162478754595,65.7865833820205,70.46997927357165,0.6462896292288893,51.06382978723404,88.29787234042553,50.877192982456165,83.33333333333333,49.99999999999999,83.33333333333333,51.515151515151494,89.8989898989899,49.99999999999999,90.83333333333334,50.691234856968336,87.13937244788308,75.32467532467531,82.76269185360094,72.90552584670232,86.45276292335116,73.21428571428571,85.5263157894737,79.68749999999999,92.05729166666666,84.24369747899159,93.27731092436974,77.07513687293098,88.01527463149243,63.88318586494966,87.57732353968775,0.6432774015919234
307.0,61.572472126105346,51.63398692810457,54.69197707736391,53.624641833810884,59.710930442637746,64.10719662752183,56.73874407582941,53.480450236966824,55.357142857142826,57.14285714285714,57.614253315815844,55.99782655385225,78.4281894576012,84.91214667685256,77.87635272688308,88.35529840351441,81.90364277320803,91.60047003525264,84.07647661317857,94.02185046090817,81.750030723854,93.11785670394495,80.80693845894498,90.40152445609455,69.2105958873804,73.1996755049734,0.6303933690182021,51.06382978723404,88.29787234042553,51.75438596491231,83.33333333333333,49.99999999999999,83.33333333333333,51.515151515151494,89.56228956228956,49.99999999999999,91.66666666666667,50.86667345345957,87.23869904720968,75.97402597402596,82.64462809917356,73.88591800356507,86.45276292335116,73.21428571428571,85.5263157894737,79.68749999999999,92.05729166666666,84.24369747899159,93.27731092436974,77.40108543417367,87.99166188060697,64.13387944381662,87.61518046390833,0.643241597386947
308.0,61.572472126105346,58.2083813917724,60.98137535816621,57.59312320916905,57.18157181571816,58.86781090033122,55.17624407582941,52.23637440758294,59.768907563025174,57.310924369747895,58.93611418776885,56.8433228557207,78.23720397249808,87.875150060024,79.02282224365153,88.47530268938178,81.3160987074031,91.18448883666275,81.3178559235234,93.34585182656197,80.48420793904388,93.88595305395108,80.07563775722399,90.95334929331631,69.50587597249643,73.89833607451851,0.62626856173411,52.12765957446809,88.29787234042553,51.75438596491231,83.33333333333333,52.17391304347825,83.33333333333333,54.54545454545452,88.88888888888889,49.99999999999999,91.66666666666667,52.120282625662625,87.10401891252955,76.6233766233766,82.64462809917356,75.84670231729056,86.45276292335116,71.42857142857142,85.5263157894737,79.68749999999999,92.05729166666666,84.24369747899159,93.27731092436974,77.56596956964603,87.99166188060697,64.84312609765433,87.54784039656826,0.642852288182192
309.0,67.64705882352942,70.89580930411381,60.48710601719199,65.0573065902579,55.37488708220415,55.58566696778079,59.389810426540315,63.758886255924175,47.47899159663862,44.621848739495796,58.0755707892209,59.983903571514496,77.27272727272727,84.62839681327075,78.3681560055716,88.60602164363014,80.44653349001177,90.7614571092832,77.56913622396723,92.91567087743256,81.26459383065013,93.12400147474499,78.9842293645856,90.00710958367233,68.52990007690325,74.99550657759342,0.6345425776705884,52.12765957446809,88.29787234042553,51.75438596491231,82.89473684210526,49.99999999999999,83.33333333333333,53.030303030303,89.8989898989899,49.99999999999999,90.83333333333334,51.38246971393668,87.05165314963747,75.97402597402596,82.64462809917356,71.92513368983957,86.36363636363636,73.21428571428571,85.43233082706767,79.68749999999999,91.92708333333333,84.24369747899159,93.27731092436974,77.00892857142857,87.92899790951613,64.19569914268263,87.49032552957681,0.6424813243779045
310.0,60.70742022299117,52.05690119184929,45.680515759312335,42.73638968481376,60.52393857271904,64.76964769647697,54.087677725118496,53.93957345971564,46.82773109243695,49.03361344537815,53.5654566745156,52.50722509564675,76.95760122230709,86.15628069409583,78.85995928426011,88.16886317368477,80.33490011750885,89.08578143360751,82.69716626835098,93.41413451689998,83.01585350866414,93.27762074474623,80.37309608021823,90.02053611260686,66.96927637736692,71.26388060412681,0.643900695890975,52.12765957446809,88.29787234042553,51.75438596491231,83.33333333333333,49.99999999999999,83.33333333333333,53.030303030303,89.8989898989899,49.99999999999999,88.33333333333333,51.38246971393668,86.63937244788308,75.97402597402596,82.64462809917356,71.92513368983957,86.27450980392156,73.21428571428571,85.52631578947368,79.68749999999999,91.92708333333333,84.24369747899159,93.27731092436974,77.00892857142857,87.92996959005438,64.19569914268263,87.28467101896874,0.6423057209783924
311.0,37.44713571703191,43.098808150711264,57.9083094555874,61.891117478510026,58.626919602529334,57.90424570912376,56.50177725118486,59.44905213270141,46.61764705882349,44.20168067226891,51.4203578170314,53.308980828663074,75.95492742551565,85.64334824839025,77.87849566055928,89.92821172184722,80.76968272620451,89.91069330199765,83.73164902697167,94.13793103448276,83.25857195526608,91.09622711072876,80.31866535890343,90.14328228348933,65.86951158796742,71.7261315560762,0.640132402182786,51.06382978723404,88.29787234042553,51.75438596491231,83.33333333333333,49.99999999999999,83.33333333333333,51.515151515151494,89.8989898989899,49.99999999999999,90.83333333333334,50.86667345345957,87.13937244788308,75.97402597402596,82.64462809917356,72.90552584670232,86.27450980392156,73.21428571428571,85.52631578947368,79.68749999999999,91.92708333333333,84.24369747899159,93.27731092436974,77.20500700280112,87.92996959005438,64.03584022813035,87.53467101896874,0.6420207659571435
312.0,60.53440984236833,52.51826220684352,63.62464183381091,59.828080229226366,54.516711833784996,55.52544414333032,59.01214454976304,63.16646919431279,56.78571428571425,59.28571428571428,58.8947244690883,58.06479401188544,79.268525592055,85.38688202553747,77.87635272688308,89.97964213007607,81.04582843713281,89.6427732079906,82.2021167634005,94.71491976783885,79.99877104583999,93.68317561754947,80.07831891306228,90.6814785497985,69.4865216910753,74.37313628084198,0.6350975023567705,51.06382978723404,88.29787234042553,51.75438596491231,83.33333333333333,49.99999999999999,83.33333333333333,51.515151515151494,89.56228956228956,49.99999999999999,91.66666666666667,50.86667345345957,87.23869904720968,76.6233766233766,82.64462809917356,72.90552584670232,86.27450980392156,73.21428571428571,85.52631578947368,79.68749999999999,91.92708333333333,84.24369747899159,93.27731092436974,77.33487713267124,87.92996959005438,64.1007752930654,87.58433431863203,0.6420996257546893
313.0,49.59630911188005,58.093041138023835,51.76217765042982,52.86532951289398,57.994579945799444,53.417645287563985,59.62677725118485,57.997630331753555,56.05042016806719,54.20168067226891,55.006052825472274,55.315065388500855,79.28762414056531,86.86565535305031,78.53101896496301,89.43962284367299,81.20446533490015,90.1786133960047,84.66882895186072,94.51348583134175,80.48420793904388,91.90733685633526,80.83522906626662,90.58094285608101,67.92064094586945,72.94800412229094,0.6350245242521804,51.06382978723404,88.29787234042553,51.75438596491231,83.33333333333333,49.99999999999999,83.33333333333333,51.515151515151494,89.56228956228956,49.99999999999999,91.66666666666667,50.86667345345957,87.23869904720968,76.6233766233766,82.64462809917356,72.90552584670232,86.36363636363636,73.21428571428571,85.52631578947368,79.68749999999999,91.92708333333333,84.24369747899159,93.27731092436974,77.33487713267124,87.94779490199733,64.1007752930654,87.5932469746035,0.6418288373901476
314.0,62.437524029219524,64.3598615916955,60.265042979942706,57.40687679083094,59.259259259259245,62.75218307738633,60.43394549763036,56.82760663507109,58.21428571428569,51.218487394957975,60.1220114960675,58.513003097988374,78.02711993888464,86.17810760667903,78.85674488374582,88.2631522554377,81.58636897767335,90.88131609870742,86.3485831341755,95.78354387162854,81.11711933144895,93.57871451394864,81.18718725318566,90.93696686928027,70.65459937462657,74.72498498363433,0.6193711899889491,52.12765957446809,88.29787234042553,52.63157894736845,83.33333333333333,49.99999999999999,83.33333333333333,54.54545454545452,88.88888888888889,49.99999999999999,91.66666666666667,51.86093861345821,87.10401891252955,76.6233766233766,82.64462809917356,73.88591800356507,86.27450980392157,73.21428571428571,85.6203007518797,79.68749999999999,91.92708333333333,84.24369747899159,93.27731092436974,77.5309555640438,87.94876658253558,64.695947088751,87.52639274753257,0.6413584264985656
315.0,63.30257593233372,60.515186466743565,62.33524355300861,59.312320916905435,61.9241192411924,59.65070761818729,59.582345971563996,59.834123222748815,55.357142857142826,52.142857142857146,60.50028551104831,58.29103907348845,78.7624140565317,87.83968132707628,79.67855994856957,88.44744455159113,80.22914218566395,90.43243243243244,86.0481392966883,94.31546602936156,85.0620621850805,93.68932038834951,81.9560635345068,90.94486894576218,71.22817452277755,74.61795400962532,0.6249878837612457,53.191489361702125,88.29787234042553,52.63157894736845,83.33333333333333,52.17391304347825,84.05797101449276,59.09090909090908,88.21548821548821,49.99999999999999,90.83333333333333,53.417578088691585,86.94759964741463,76.6233766233766,82.64462809917356,72.90552584670232,86.18538324420678,73.21428571428571,85.6203007518797,79.68749999999999,91.92708333333333,84.24369747899159,93.27731092436974,77.33487713267124,87.93094127059263,65.37622761068141,87.43927045900364,0.6410458560779757
316.0,58.093041138023835,51.67243367935409,56.1246418338109,60.787965616045845,53.4327009936766,57.27190605239386,50.11107819905215,47.02310426540284,59.075630252100794,54.32773109243697,55.367418483332855,54.21662814112672,77.27272727272727,87.3021936047146,77.71456123432976,89.23390121075752,81.69212690951824,91.43830787309048,82.83885285080233,93.66678047115056,80.48420793904388,93.0502642251444,80.0004952412843,90.9382894769715,67.68395686230858,72.57745880904912,0.6330773976866153,53.191489361702125,88.29787234042553,52.63157894736845,82.89473684210526,52.17391304347825,84.05797101449276,56.060606060606034,88.21548821548821,49.99999999999999,90.83333333333333,52.811517482630975,86.85988034916902,77.27272727272727,82.64462809917356,74.8663101604278,86.09625668449196,73.21428571428571,85.6203007518797,79.68749999999999,91.92708333333333,84.24369747899159,93.27731092436974,77.85690412528648,87.91311595864966,65.33421080395873,87.38649815390934,0.6410062274583833
317.0,65.0326797385621,58.51595540176855,50.40830945558741,49.49856733524356,50.85817524841916,53.116531165311656,56.457345971563996,58.116113744075825,54.05462184873946,55.21008403361345,55.36222645257442,54.891450336002606,77.69289533995416,84.19185856160647,78.20422157934209,88.91246115932712,78.97767332549944,90.30317273795534,83.13929668828952,94.72857630590646,81.11711933144895,93.62172790954898,79.82624125290684,90.35155933486888,67.59423385274063,72.62150483543574,0.6339242197968076,53.191489361702125,89.36170212765958,52.63157894736845,82.89473684210526,52.17391304347825,84.05797101449276,56.060606060606034,89.22558922558923,49.99999999999999,90.83333333333333,52.811517482630975,87.27466650863605,77.27272727272727,82.64462809917356,72.90552584670232,86.18538324420678,73.21428571428571,85.52631578947368,79.68749999999999,91.92708333333333,84.24369747899159,93.0672268907563,77.46474726254138,87.87012747138871,65.13813237258617,87.57239699001238,0.6407139394789322
318.0,46.11687812379855,48.904267589388695,54.97851002865332,55.644699140401144,45.07678410117435,40.86118638964167,57.59034360189575,60.39691943127961,46.0504201680672,45.042016806722685,49.96258720471784,50.16981787148676,78.55233002291826,86.50823965950016,77.38669238187076,87.3138326368799,79.7943595769683,91.44535840188014,87.08262205530897,93.73847729600546,81.2123632788497,93.33906845274672,80.80567346318318,90.46899528940246,65.38413033395051,70.3194065804446,0.6442152907743153,52.12765957446809,89.36170212765958,52.63157894736845,82.89473684210526,49.99999999999999,84.05797101449276,54.54545454545452,89.22558922558923,49.99999999999999,91.66666666666667,51.86093861345821,87.44133317530272,77.27272727272727,82.64462809917356,73.88591800356508,86.18538324420678,73.21428571428571,85.43233082706767,79.68749999999999,91.92708333333333,84.24369747899159,93.27731092436974,77.66082569391394,87.89334728563021,64.76088215368607,87.66734023046646,0.6407286007795437
319.0,67.30103806228374,72.4721261053441,60.551575931232115,61.10315186246418,59.66576332429989,57.813911472448055,57.4052132701422,61.64099526066351,54.01260504201678,58.235294117647065,59.78723912599495,62.25309576371338,77.65469824293353,87.75510204081633,79.67963141540767,89.5167684560163,81.42185663924796,92.05170387779083,84.66882895186072,95.12461590986685,81.41206832985131,91.80902052353449,80.96741671586024,91.25144216160496,70.3773279209276,76.75226896265917,0.6201793814122931,53.191489361702125,89.36170212765958,52.63157894736845,82.89473684210526,52.17391304347825,84.05797101449276,56.060606060606034,88.55218855218855,49.99999999999999,90.0,52.811517482630975,86.97331970728924,77.27272727272727,82.64462809917356,72.90552584670232,86.18538324420678,73.21428571428571,85.43233082706767,79.68749999999999,91.92708333333333,84.24369747899159,93.27731092436974,77.46474726254138,87.89334728563021,65.13813237258617,87.43333349645972,0.6400270713259087
320.0,61.74548250672819,63.744713571703194,54.26217765042981,55.787965616045845,54.74254742547424,56.30834086118638,57.782879146919456,58.397511848341225,52.54201680672266,47.52100840336135,56.21502070725487,56.351908060127606,78.00802139037432,88.68001746153007,78.5299474981249,88.61459337833494,82.02115158636902,90.38072855464159,83.19221577330147,94.54421304199386,83.74400884846995,92.54024824874033,81.09906901932793,90.95196013704818,68.6570448632914,73.65193409858789,0.6314411812693536,52.12765957446809,89.36170212765958,52.63157894736845,82.89473684210526,49.99999999999999,84.05797101449276,54.54545454545452,90.23569023569024,49.99999999999999,90.83333333333333,51.86093861345821,87.47668671065624,76.6233766233766,82.64462809917356,72.90552584670232,86.27450980392156,73.21428571428571,85.52631578947368,79.68749999999999,91.92708333333333,84.24369747899159,93.27731092436974,77.33487713267124,87.92996959005438,64.59790787306473,87.7033281503553,0.6395693774800032
321.0,69.03114186851211,62.86043829296424,58.0515759312321,51.70487106017192,61.9241192411924,67.32911773562181,60.57464454976304,59.80450236966824,57.605042016806685,54.03361344537815,61.43730472150126,59.14650858076087,77.50190985485102,87.38131616282875,81.64363012964746,89.61320047144541,81.48061104582845,91.4876615746181,82.40525776715603,94.87196995561625,80.09401499324076,93.21617303674573,80.62508475814475,91.31406424025084,71.03119473982301,75.23028641050585,0.6210753790200707,56.38297872340425,89.36170212765958,57.017543859649145,82.4561403508772,54.347826086956516,84.05797101449276,62.121212121212096,88.55218855218855,49.99999999999999,90.0,55.9739121582444,86.88560040904363,77.27272727272727,82.52656434474616,74.8663101604278,86.27450980392156,71.42857142857142,85.43233082706767,79.68749999999999,91.92708333333333,84.24369747899159,93.27731092436974,77.4997612681436,87.8875598466877,66.73683671319401,87.38658012786567,0.6393430093337151
322.0,55.324875048058445,62.20684352172241,54.276504297994286,56.074498567335226,61.69828364950314,58.77747666365553,58.63447867298579,53.85071090047393,56.302521008403325,56.9327731092437,57.247332535389,57.56846055248616,78.65737203972498,87.17396049328823,78.3660130718954,88.64245151612558,81.36310223266747,92.19741480611047,84.76613178559236,94.52031410037556,77.6145999754209,91.13309573552907,80.15344382106022,90.73344733028578,68.70038817822461,74.15095394138598,0.6291501894485494,57.44680851063829,89.36170212765958,57.017543859649145,82.4561403508772,54.347826086956516,84.05797101449276,62.121212121212096,88.55218855218855,49.99999999999999,90.0,56.1866781156912,86.88560040904363,77.27272727272727,82.52656434474616,72.90552584670232,86.18538324420678,73.21428571428571,85.43233082706767,79.68749999999999,91.92708333333333,84.24369747899159,93.27731092436974,77.46474726254138,87.86973453474472,66.82571268911629,87.37766747189417,0.6387920119289007
323.0,62.091503267973856,54.8635140330642,61.2679083094556,65.01432664756447,57.994579945799444,57.33212887684432,56.55361374407584,60.35248815165877,56.13445378151256,52.85714285714286,58.808411809763456,58.08392011325493,77.06264323911383,85.90254283531594,79.34854816243435,88.07028822457946,79.84723854289074,90.46533490011751,83.63434619324002,93.86821440764767,82.14022366965712,93.35750276514686,80.40659996146722,90.33277662656148,69.60750588561534,74.20834836990821,0.6267905286721027,54.25531914893617,89.36170212765958,55.26315789473688,82.4561403508772,54.347826086956516,84.78260869565219,59.09090909090908,88.55218855218855,49.99999999999999,90.83333333333333,54.591442444307724,87.19719461194217,77.27272727272727,82.64462809917356,72.90552584670232,86.27450980392156,73.21428571428571,85.43233082706767,79.68749999999999,92.05729166666666,84.24369747899159,93.27731092436974,77.46474726254138,87.93721426423986,66.02809485342455,87.56720443809101,0.6384037954030287
324.0,57.74702037677816,52.979623221837755,52.27077363896849,50.34383954154728,67.4345076784101,65.94399277326107,47.26747630331755,50.340639810426545,53.19327731092434,49.495798319327726,55.58261106167972,53.82077873328008,77.35867074102367,87.82603950671177,79.51248258866386,89.25961641487197,81.15746180963576,91.27614571092832,82.94469102082623,93.99453738477295,80.48420793904388,93.00725082954405,80.29150281983867,91.07271796936581,67.93705694075919,72.44674835132295,0.6341078411046943,59.57446808510638,89.36170212765958,60.52631578947371,82.4561403508772,56.52173913043478,84.78260869565219,62.121212121212096,88.21548821548821,49.99999999999999,90.0,57.74874702524539,86.96318787793544,77.27272727272727,82.64462809917356,72.90552584670232,86.27450980392156,73.21428571428571,85.43233082706767,79.68749999999999,92.05729166666666,84.24369747899159,93.27731092436974,77.46474726254138,87.93721426423986,67.60674714389339,87.45020107108765,0.6380307841662886
325.0,68.85813148788928,65.82083813917724,57.33524355300862,50.91690544412608,50.22583559168925,56.609454983438724,60.19697867298579,57.73104265402843,51.19747899159661,51.72268907563026,57.56273365943391,56.560186059280134,77.50190985485102,87.61322710902543,77.71241830065357,88.26315225543769,81.20446533490014,91.44770857814336,84.42130419938546,94.53055650392625,80.5364384908443,92.97038220474376,80.2753072361269,90.9650053302553,68.91902044778041,73.76259569476771,0.6310047656448857,57.44680851063829,89.36170212765958,57.017543859649145,82.4561403508772,54.347826086956516,84.78260869565219,60.606060606060595,89.22558922558923,49.99999999999999,90.83333333333333,55.8836478126609,87.3318747466223,77.27272727272727,82.64462809917356,72.90552584670232,86.27450980392157,73.21428571428571,85.43233082706767,79.68749999999999,91.92708333333333,84.24369747899159,93.27731092436974,77.46474726254138,87.91117259757318,66.67419753760115,87.62152367209774,0.6373550953613126
326.0,68.16608996539793,78.96962706651288,56.8409742120344,59.527220630372504,52.439024390243894,51.61096055404999,55.74644549763035,53.99881516587678,56.17647058823526,53.865546218487395,57.87380093070836,59.59443392705991,78.13216195569136,87.11939321183019,79.35069109611057,88.80102860816457,81.14571092831966,91.06462984723855,81.66268350973027,94.29839535677704,80.57945188644464,92.68157797714146,80.1741398752593,90.79300500023035,69.02397040298384,75.19371946364512,0.6264896959804973,54.25531914893617,89.36170212765958,54.38596491228074,82.89473684210526,54.347826086956516,84.78260869565217,56.060606060606034,89.56228956228956,49.99999999999999,90.83333333333333,53.80994324175589,87.48693411220798,77.27272727272727,82.52656434474616,72.90552584670232,86.18538324420678,73.21428571428571,85.43233082706767,79.68749999999999,91.92708333333333,84.24369747899159,93.27731092436974,77.46474726254138,87.86973453474472,65.63734525214863,87.67833432347635,0.6372073446751719
327.0,59.496347558631314,58.2083813917724,56.18911174785103,50.95988538681948,51.85185185185185,49.74405299608551,58.6344786729858,54.872630331753555,47.521008403361314,51.59663865546218,54.73855964693627,53.07631775237862,78.3231474407945,88.67728909745716,78.69602485803064,88.95531983285117,82.94359576968276,90.78495887191539,83.04199385455787,94.25742574257426,79.60857810003688,92.36819466633895,80.52266800462053,91.00863764222738,67.6306138257784,72.042477697303,0.632945503878419,55.319148936170215,89.36170212765958,54.38596491228074,82.89473684210526,54.347826086956516,84.78260869565217,56.060606060606034,89.8989898989899,49.99999999999999,90.83333333333333,54.0227091992027,87.55427417954805,77.27272727272727,82.52656434474618,72.90552584670232,86.09625668449196,73.21428571428571,85.43233082706767,79.68749999999999,91.79687499999999,84.24369747899159,93.4873949579832,77.46474726254138,87.86788436285781,65.74372823087204,87.71107927120292,0.6369309765813529
328.0,70.24221453287197,74.62514417531719,64.48424068767909,66.1461318051576,57.8590785907859,60.97560975609756,54.04324644549766,57.68661137440758,63.27731092436972,61.47058823529412,61.98121823624088,64.18081706925481,76.83346065699007,85.79886500054566,77.87635272688308,88.46458802100075,81.69212690951824,90.52173913043478,86.19836121543189,94.24376920450666,80.77915693744625,91.77829666953421,80.67589168925392,90.1614516052044,71.3285549627474,77.1711343372296,0.6223190814605546,62.76595744680851,89.36170212765958,65.78947368421055,82.89473684210526,63.043478260869556,85.5072463768116,63.63636363636361,88.21548821548821,49.99999999999999,90.0,61.047054605650445,87.19583471241293,77.27272727272727,82.4085005903188,72.90552584670232,86.09625668449196,73.21428571428571,85.52631578947368,79.68749999999999,91.79687499999999,84.24369747899159,93.27731092436974,77.46474726254138,87.82105179773085,69.2559009340959,87.50844325507188,0.6359053704991561
329.0,57.74702037677817,58.74663590926566,56.41117478510031,59.398280802292255,56.36856368563684,56.699789220114425,50.58501184834125,49.11137440758294,51.19747899159661,51.134453781512605,54.46184993749064,55.018106824153584,77.27272727272727,87.62686892938993,78.0413586199507,86.89596057002036,80.38777908343128,91.80023501762633,84.07647661317857,93.75554796858995,83.79623940027037,94.1501781983532,80.71491619791163,90.84575813679596,67.58838306770113,72.93193248047477,0.6328540236167179,65.95744680851064,89.36170212765958,66.6666666666667,82.89473684210526,63.043478260869556,84.78260869565217,65.15151515151514,88.21548821548821,49.99999999999999,90.83333333333333,62.163821377512406,87.21757384284771,77.27272727272727,82.4085005903188,72.90552584670232,85.91800356506238,73.21428571428571,85.52631578947368,79.68749999999999,91.79687499999999,84.24369747899159,93.4873949579832,77.46474726254138,87.82741798056762,69.8142843200269,87.52249591170767,0.6354420999466767
330.0,61.74548250672819,58.90042291426374,58.33810888252151,58.32378223495702,58.17524841915085,57.81391147244806,56.598045023696706,55.50947867298579,52.45798319327728,56.470588235294116,57.46297360507491,57.40363670598974,77.88388082505729,86.08807159227328,79.68070288224577,89.16747026679525,80.17626321974151,90.56639247943596,84.76613178559236,94.72857630590644,80.09401499324075,91.96878456433575,80.52019874117555,90.50385904174934,68.99158617312523,73.95374787386953,0.6378203007204024,59.57446808510638,89.36170212765958,63.15789473684214,83.33333333333333,58.69565217391304,86.23188405797102,62.121212121212096,88.21548821548821,49.99999999999999,90.83333333333333,58.709845423414734,87.5951482135571,77.27272727272727,82.4085005903188,73.88591800356508,85.91800356506238,73.21428571428571,85.52631578947368,79.68749999999999,91.79687499999999,84.24369747899159,93.4873949579832,77.66082569391394,87.82741798056762,68.18533555866433,87.71128309706236,0.6353894038818715
331.0,66.24375240292196,69.74240676662822,61.91977077363898,67.00573065902579,61.47244805781389,61.517615176151764,64.269845971564,58.19016587677726,52.58403361344535,53.403361344537814,61.29797016387683,61.97185596462417,78.74331550802138,87.54228964312998,78.86103075109824,88.55887710275367,79.47121034077558,91.96004700352528,87.67497439399112,94.38374871969955,82.2354676170579,93.13014624554505,81.39719972218884,91.11502174293071,71.34758494303284,76.54343885377745,0.6186337717258958,67.02127659574467,89.36170212765958,69.29824561403512,83.33333333333333,63.043478260869556,85.5072463768116,68.18181818181816,87.87878787878788,54.166666666666664,90.0,64.34229706382683,87.21621394331848,77.27272727272727,82.4085005903188,74.8663101604278,85.91800356506238,71.42857142857142,85.52631578947368,79.68749999999999,91.79687499999999,84.24369747899159,93.4873949579832,77.4997612681436,87.82741798056762,70.92102916598522,87.52181596194305,0.6349986312259076
332.0,65.55171088043062,63.51403306420607,53.9111747851003,57.95128939828081,63.50496838301716,63.59530261969286,54.7541469194313,54.29502369668246,58.298319327731065,59.075630252100844,59.20406405914209,59.686255806192605,77.88388082505729,86.29269889774092,79.67855994856956,88.48387442408658,82.24441833137487,91.44770857814336,82.3523386821441,94.63639467395015,83.40604645446724,92.15927245913727,81.11304884832262,90.60398980661164,70.15855645373236,75.14512280640213,0.6271358237906844,65.95744680851064,89.36170212765958,67.54385964912284,82.89473684210526,63.043478260869556,85.5072463768116,65.15151515151514,88.21548821548821,49.99999999999999,90.0,62.33925997400363,87.19583471241293,77.27272727272727,82.52656434474618,73.88591800356508,86.00713012477719,73.21428571428571,85.43233082706767,79.68749999999999,91.79687499999999,84.24369747899159,93.4873949579832,77.66082569391394,87.85005905091485,70.00004283395879,87.5229468816639,0.6345757932691702
333.0,50.09611687812381,53.71011149557863,59.849570200573076,60.32951289398281,55.329719963866296,58.71725383920505,59.01214454976304,64.14395734597156,59.03361344537812,56.21848739495798,56.66423300754087,58.62386459393921,77.92207792207792,85.88071592273273,78.20422157934209,88.46887388835316,82.23854289071683,90.2397179788484,82.54694434960737,95.38750426766815,81.11711933144895,92.89050018434311,80.40578121463864,90.57346244838911,68.53500711108975,74.59866352116416,0.6275016959041793,65.95744680851064,89.36170212765958,67.54385964912284,82.89473684210526,63.043478260869556,84.78260869565217,63.63636363636361,88.55218855218855,49.99999999999999,90.83333333333333,62.03622967097333,87.28491391018778,77.27272727272727,82.52656434474618,72.90552584670232,85.91800356506238,73.21428571428571,85.43233082706767,79.68749999999999,91.79687499999999,84.24369747899159,93.27731092436974,77.46474726254138,87.7902169322492,69.75048846675736,87.53756542121849,0.6342920566519452
334.0,52.36447520184545,64.39830834294501,52.84383954154729,53.151862464183374,59.168925022583544,57.51279735019572,60.57464454976304,60.30065165876777,49.6848739495798,53.90756302521008,54.92735165306383,57.85423656826039,76.6042780748663,87.93517406962785,78.04135861995069,89.19104253723347,81.80376028202117,92.27732079905992,81.41515875725503,94.43496073745305,81.89750522305519,93.6647413051493,79.95241219142967,91.50064788970471,67.43988192224676,74.67744222898256,0.6231729638309826,59.57446808510638,89.36170212765958,61.40350877192986,82.89473684210526,54.347826086956516,85.5072463768116,60.606060606060595,88.88888888888889,49.99999999999999,90.83333333333333,57.186372710010666,87.49718151375973,77.27272727272727,82.52656434474618,72.90552584670232,85.91800356506238,73.21428571428571,85.33834586466165,79.68749999999999,91.79687499999999,84.24369747899159,93.27731092436974,77.46474726254138,87.77141993976798,67.32555998627602,87.63430072676385,0.6342427597564688
335.0,58.09304113802385,70.8958093041138,57.414040114613194,53.89684813753581,57.18157181571814,54.260764829870524,54.702310426540315,54.887440758293835,58.25630252100837,54.87394957983193,57.12945320318077,57.76296252192917,76.39419404125285,86.09625668449198,79.18675666988104,89.59177113468338,81.52761457109287,91.60047003525264,83.38682144076478,95.23386821440765,83.25857195526606,93.32677891114662,80.75079173565152,91.16982899599645,68.94012246941614,74.46639575896282,0.6238805980283004,62.76595744680851,89.36170212765958,63.15789473684214,82.89473684210526,56.52173913043478,84.78260869565217,62.121212121212096,89.22558922558923,49.99999999999999,90.0,58.9133606870595,87.25292737820125,77.27272727272727,82.52656434474618,72.90552584670232,86.09625668449196,73.21428571428571,85.33834586466165,79.68749999999999,91.79687499999999,84.24369747899159,93.4873949579832,77.46474726254138,87.8490873703766,68.18905397480044,87.55100737428893,0.634006208504767
336.0,62.437524029219524,66.62821991541715,56.91977077363899,59.36962750716332,60.885275519421846,63.8964167419452,58.25681279620854,58.66409952606636,51.02941176470585,53.865546218487395,57.90575897663895,60.484781981815885,75.99312452253628,84.64476699770817,78.203150112504,89.72677595628416,80.88131609870743,90.8789659224442,83.23659952202117,94.88221235916696,81.75003072385401,91.63082217033305,80.01284419592459,90.3527086811873,68.95930158628177,75.41874533150158,0.6285951630424579,67.02127659574467,89.36170212765958,69.29824561403512,82.89473684210526,67.3913043478261,84.78260869565217,68.18181818181816,88.21548821548821,54.166666666666664,90.0,65.21186228121815,87.05090717618104,77.27272727272727,82.52656434474618,73.88591800356508,86.00713012477719,73.21428571428571,85.24436090225565,79.68749999999999,91.79687499999999,84.24369747899159,93.4873949579832,77.66082569391394,87.81246506595245,71.43634398756603,87.43168612106675,0.6333881386876878
337.0,59.65013456362938,63.821607074202234,64.34097421203441,60.00000000000001,60.02710027100271,56.91056910569105,52.858412322274894,53.11018957345972,53.3193277310924,63.02521008403361,58.039189820006754,59.37351516747733,77.98892284186401,87.40041471133908,78.203150112504,87.49812493303332,80.710928319624,91.02937720329025,83.48412427449642,94.71150563332195,84.76711318667815,93.65245176354921,81.03084774703333,90.85837484890678,69.53501878352004,75.11594500819206,0.6236295313843017,67.02127659574467,89.36170212765958,69.29824561403512,82.89473684210526,63.043478260869556,85.5072463768116,63.63636363636361,88.88888888888889,49.99999999999999,90.83333333333333,62.5998728214026,87.49718151375973,77.27272727272727,82.52656434474618,72.90552584670232,86.00713012477719,73.21428571428571,85.24436090225565,79.68749999999999,91.79687499999999,84.24369747899159,93.4873949579832,77.46474726254138,87.81246506595245,70.03231004197198,87.6548232898561,0.6331370927989723
338.0,54.094579008073815,62.59131103421761,58.41690544412609,54.15472779369628,64.31797651309843,62.42095754290876,60.8634478672986,63.847748815165886,54.747899159663824,53.65546218487395,58.488161598452145,59.3340414741725,78.21810542398777,85.71155735021281,78.53209043180112,87.558127075967,82.12690951821389,90.7614571092832,80.92010925230456,94.33936497097986,80.24148949244193,94.11945434435296,80.00774082374986,90.49799217015916,69.247951211101,74.91601682216583,0.6227405858115963,67.02127659574467,89.36170212765958,69.29824561403512,82.89473684210526,67.3913043478261,85.5072463768116,68.18181818181816,87.87878787878788,49.99999999999999,90.0,64.3785289478848,87.12849464507286,77.27272727272727,82.52656434474618,72.90552584670232,86.09625668449196,73.21428571428571,85.24436090225565,79.68749999999999,91.79687499999999,84.24369747899159,93.4873949579832,77.46474726254138,87.83029037789541,70.92163810521309,87.47939251148414,0.6323412100245148
339.0,48.7120338331411,55.209534794309874,53.273638968481386,55.816618911174785,57.4074074074074,56.940680517916284,63.27754739336494,66.89869668246445,54.705882352941146,51.97478991596638,55.47530199106719,57.36806416436635,77.58785332314743,87.22852777474625,79.35176256294866,88.76245580199293,80.71680376028205,90.92126909518214,83.04199385455787,93.82041652441106,80.38896399164311,92.91507926754332,80.21747549851582,90.72954969277514,67.84638874479151,74.04880692857074,0.6295733488387923,67.02127659574467,89.36170212765958,69.29824561403512,82.89473684210526,65.21739130434783,85.5072463768116,65.15151515151514,87.87878787878788,49.99999999999999,90.83333333333333,63.337685733128545,87.29516131173952,77.27272727272727,82.4085005903188,73.88591800356508,86.09625668449196,73.21428571428571,85.15037593984962,79.68749999999999,91.79687499999999,84.24369747899159,93.4873949579832,77.66082569391394,87.7878806345287,70.49925571352124,87.54152097313411,0.6319882793421565
340.0,58.958093041138035,62.89888504421377,65.6303724928367,72.43553008595988,58.17524841915084,65.13098464317977,60.670912322274894,56.27962085308057,56.953781512605005,57.899159663865554,60.07768155760109,62.9288360580599,78.00802139037432,86.07988650005457,79.84463730847528,89.133183327976,81.75088131609873,92.0117508813161,84.51860703311712,94.30522362581085,82.14022366965712,93.7876367211503,81.25247414354452,91.06353621126156,70.6650778505728,76.99618613466073,0.6152671882759478,68.08510638297871,89.36170212765958,69.29824561403512,82.89473684210526,67.3913043478261,86.23188405797102,71.21212121212119,88.21548821548821,54.166666666666664,90.83333333333333,66.03068884472556,87.50742891531148,77.27272727272727,82.4085005903188,72.90552584670232,86.09625668449196,73.21428571428571,85.15037593984962,79.68749999999999,91.79687499999999,84.24369747899159,93.4873949579832,77.46474726254138,87.7878806345287,71.74771805363346,87.64765477492008,0.6310867318181234
341.0,66.4167627835448,63.206459054209915,57.34957020057308,55.20057306590258,55.329719963866296,56.82023486901535,62.18898104265405,63.921800947867304,53.97058823529408,59.411764705882355,59.05112444518646,59.712166528575494,76.9576012223071,86.25723016479319,76.72881174327652,89.07960998607093,80.65804935370154,90.90246768507639,82.50256060088769,93.26049846363948,81.35983777805089,93.32063414034656,79.64137213964474,90.56408808798531,69.3462482924156,75.1381273082804,0.627235491741268,68.08510638297871,90.42553191489361,69.29824561403512,82.89473684210526,67.3913043478261,86.95652173913044,69.69696969696967,88.55218855218855,54.166666666666664,90.83333333333333,65.72765854169526,87.93246247633024,77.9220779220779,82.29043683589138,72.90552584670232,86.00713012477718,73.21428571428571,85.15037593984962,79.68749999999999,91.79687499999999,84.24369747899159,93.4873949579832,77.5946173924115,87.74644257170027,71.66113796705338,87.83945252401526,0.630792522895744
342.0,62.76432141484045,61.7839292579777,56.63323782234958,56.7621776504298,56.36856368563684,56.30834086118639,59.34537914691944,59.7600710900474,53.8865546218487,50.0,57.799611338319,56.92290377192826,77.69289533995415,86.64738622721816,81.15182685095894,90.53680488588878,81.69212690951825,92.4042303172738,83.28951860703314,94.83100034141346,82.77313506206218,94.51886444635616,81.31990055390534,91.7876572436301,69.55975594611218,74.35528050777918,0.6156002098168828,70.2127659574468,90.42553191489361,69.29824561403512,83.7719298245614,67.3913043478261,86.95652173913044,69.69696969696967,88.88888888888889,54.166666666666664,90.83333333333333,66.15319045658887,88.17524114016155,77.9220779220779,82.4085005903188,72.90552584670232,85.82887700534758,73.21428571428571,85.0563909774436,79.68749999999999,91.79687499999999,84.24369747899159,93.4873949579832,77.5946173924115,87.71560770621863,71.87390392450018,87.94542442319009,0.6306604336945734
343.0,60.16916570549788,65.62860438292964,60.56590257879658,65.12893982808022,53.29719963866305,50.37639265281542,61.100414691943136,62.67772511848341,53.36134453781509,53.15126050420168,57.69880543054315,59.392584497302074,79.268525592055,87.50272836407291,78.52994749812493,90.56037715632701,79.62984723854291,91.84958871915394,82.3523386821441,94.10378968931376,80.96964483224775,94.08873049035272,80.15006076862294,91.62104288384407,68.92443309958304,75.50681369057307,0.6193270432221817,70.2127659574468,91.48936170212765,70.17543859649126,83.7719298245614,67.3913043478261,87.68115942028987,72.7272727272727,87.87878787878788,58.33333333333333,90.83333333333333,67.76802299247404,88.33091443182002,77.9220779220779,82.4085005903188,72.90552584670232,85.91800356506238,73.21428571428571,84.9624060150376,79.68749999999999,91.79687499999999,84.24369747899159,93.4873949579832,77.5946173924115,87.71463602568039,72.68132019244277,88.0227752287502,0.6301255162964213
344.0,67.62783544790464,75.39407920030757,61.425501432664774,65.37249283667622,63.55013550135499,60.7347184582957,62.470379146919456,66.2914691943128,54.57983193277307,53.19327731092437,61.930736692323386,64.19720740010334,77.50190985485102,87.8451380552221,79.84142290796098,88.92317582770814,80.71680376028205,91.2502937720329,85.70331171048142,95.54455445544554,82.86837900946296,94.31608700995453,81.32636544860767,91.57584982407265,71.62855107046553,77.886528612088,0.6066396578899251,72.34042553191487,91.48936170212765,71.92982456140355,84.21052631578948,67.3913043478261,86.95652173913044,72.7272727272727,88.21548821548821,58.33333333333333,91.66666666666666,68.54443210035011,88.5077129278405,77.9220779220779,82.29043683589138,72.90552584670232,85.82887700534758,73.21428571428571,84.86842105263158,79.68749999999999,91.79687499999999,84.24369747899159,93.4873949579832,77.5946173924115,87.65440097037074,73.06952474638081,88.08105694910563,0.6297248309636323
345.0,56.170703575547876,60.630526720492114,69.7063037249284,71.59025787965616,56.72990063233965,56.790123456790134,68.5352488151659,65.75829383886256,56.9957983193277,54.20168067226891,61.62759101346192,61.79417651361398,76.53743315508021,83.31878205827786,77.71241830065357,88.04457302046501,79.52408930669802,91.18213866039953,82.75008535336292,94.82417207237965,79.36585965343494,92.6385645815411,79.17797715384594,90.00164607861264,70.40278408365393,75.8979112961133,0.6248027998123127,73.40425531914893,91.48936170212765,71.92982456140355,84.21052631578948,67.3913043478261,86.95652173913044,72.7272727272727,88.21548821548821,58.33333333333333,90.83333333333333,68.75719805779691,88.34104626117383,77.9220779220779,82.29043683589138,73.88591800356508,85.82887700534758,73.21428571428571,84.86842105263158,79.68749999999999,91.79687499999999,84.24369747899159,93.4873949579832,77.79069582378405,87.65440097037074,73.27394694079048,87.99772361577229,0.6287786020386172
346.0,67.80084582852749,62.78354479046521,53.273638968481386,53.86819484240688,56.54923215898826,60.88527551942185,60.3895142180095,63.566350710900466,49.64285714285711,51.80672268907563,57.53121766337274,58.582017710454,75.6588999236058,86.71423114700426,78.3670845387335,88.28458159219973,81.85663924794363,91.71797884841364,82.94469102082623,93.40730624786616,81.35983777805089,94.02728278235222,80.037430501832,90.8302761235672,68.78432408260238,74.7061469170106,0.6200408838411168,71.27659574468083,91.48936170212765,71.92982456140355,84.21052631578948,67.3913043478261,86.95652173913044,72.7272727272727,88.21548821548821,58.33333333333333,90.83333333333333,68.3316661429033,88.34104626117383,77.9220779220779,82.29043683589138,73.88591800356508,85.82887700534758,73.21428571428571,84.86842105263158,79.68749999999999,91.79687499999999,84.24369747899159,93.69747899159664,77.79069582378405,87.69641777709344,73.06118098334368,88.01873201913364,0.6283666302463886
347.0,72.83737024221453,69.01191849288735,67.20630372492839,71.24641833810888,58.17524841915086,59.95182174043963,59.20468009478675,59.61196682464455,55.4411764705882,60.58823529411765,62.57295579033375,64.08207213803959,76.76661573720396,87.78784240969115,79.02175077681342,90.07178827815278,79.7356051703878,91.67332549941246,83.63434619324002,95.47285763059065,79.60857810003688,91.94420548113555,79.75337919553643,91.39000385979652,71.16316749293509,77.73603799891805,0.6110953417762616,73.40425531914893,91.48936170212765,71.92982456140355,84.64912280701755,67.3913043478261,87.68115942028987,72.7272727272727,88.21548821548821,58.33333333333333,90.83333333333333,68.75719805779691,88.57369309565132,77.9220779220779,82.29043683589138,73.88591800356508,85.82887700534758,71.42857142857142,84.86842105263158,79.68749999999999,91.79687499999999,84.24369747899159,93.69747899159664,77.4335529666412,87.69641777709344,73.09537551221905,88.13505543637238,0.6278352078961708
348.0,54.61361014994234,55.47866205305652,63.925501432664774,68.5243553008596,63.0984643179765,58.41613971695272,66.26184834123224,65.52132701421802,54.01260504201678,51.63865546218488,60.382405856766525,59.91582790945434,77.9029793735676,87.46316708501583,80.497160612879,89.39462123647274,81.03995299647475,91.4054054054054,82.2021167634005,94.09013315124616,80.38896399164311,92.02408750153619,80.406234747593,90.87548287593526,70.39432030217976,75.3956553926948,0.6237433899502786,73.40425531914893,91.48936170212765,71.92982456140355,84.64912280701755,67.3913043478261,87.68115942028987,72.7272727272727,88.21548821548821,58.33333333333333,90.83333333333333,68.75719805779691,88.57369309565132,77.9220779220779,82.29043683589138,73.88591800356508,85.82887700534758,73.21428571428571,84.86842105263158,79.68749999999999,91.79687499999999,84.24369747899159,93.69747899159664,77.79069582378405,87.69641777709344,73.27394694079048,88.13505543637238,0.6271657079813333
349.0,61.553248750480584,64.62898885044214,58.8467048710602,57.14899713467049,53.658536585365844,53.59831376091538,58.59004739336494,60.737559241706165,54.66386554621846,52.64705882352941,57.462480629298014,57.75218356225271,76.74751718869365,87.25581141547528,77.71348976749167,88.87174541947927,80.55229142185667,91.05992949471211,84.91635370433596,94.29156708774326,80.48420793904388,93.30834459874646,80.08277200428437,90.95747960323126,68.77262631679119,74.35483158274198,0.6261358284102765,71.27659574468083,91.48936170212765,71.92982456140355,84.64912280701755,67.3913043478261,87.68115942028987,72.7272727272727,88.21548821548821,54.166666666666664,91.66666666666666,67.49833280956997,88.74035976231798,77.9220779220779,82.17237308146399,73.88591800356508,85.7397504456328,73.21428571428571,84.86842105263158,79.68749999999999,91.79687499999999,84.24369747899159,93.69747899159664,77.79069582378405,87.65497971426501,72.644514316677,88.1976697382915,0.6269504082269757
350.0,65.55171088043062,57.13187235678585,67.63610315186249,74.02578796561605,57.81391147244804,61.24661246612466,57.0719786729858,60.23400473933649,55.525210084033596,48.27731092436975,60.719782852352104,60.18311769044656,78.95339954163484,86.98024664411219,79.67748848173147,90.09750348226723,80.11750881316101,91.29259694477085,83.82895186070331,94.52372823489246,86.08516652328869,93.28376551554626,81.73250304410386,91.23556816431781,71.22614294822799,75.70934292738218,0.615485078162375,71.27659574468083,91.48936170212765,70.17543859649126,84.64912280701755,67.3913043478261,87.68115942028987,71.21212121212119,89.22558922558923,54.166666666666664,91.66666666666666,66.84442531355721,88.94237996433819,77.9220779220779,82.29043683589138,71.92513368983957,85.7397504456328,73.21428571428571,84.77443609022556,79.68749999999999,91.79687499999999,84.24369747899159,93.69747899159664,77.39853896103895,87.65979547266929,72.12148213729807,88.30108771850374,0.6268789376868222
351.0,52.19146482122261,53.97923875432525,55.91690544412611,58.223495702005735,50.99367660343269,50.34628124059017,59.389810426540315,54.11729857819905,57.605042016806685,63.949579831932766,55.21937986242568,56.123178821410605,77.29182582123758,86.78653279493615,79.34961962927244,90.08678881388622,82.07403055229146,90.89541715628673,84.66882895186072,95.73916012290884,83.55352095366844,92.70615706034164,81.38756518166613,91.24281118967193,68.30347252204591,73.68299500554127,0.6259409028062551,69.14893617021276,91.48936170212765,69.29824561403512,84.64912280701755,67.3913043478261,87.68115942028987,66.66666666666664,89.8989898989899,49.99999999999999,92.5,64.50103055974813,89.243726765685,77.9220779220779,82.29043683589138,71.92513368983957,85.7397504456328,73.21428571428571,84.86842105263158,79.68749999999999,91.66666666666666,84.24369747899159,93.69747899159664,77.39853896103895,87.65255079848382,70.94978476039354,88.44813878208441,0.6271828337684496
352.0,65.89773164167629,60.82276047673971,67.06303724928368,65.20057306590259,62.51129177958445,62.782294489611566,62.75177725118485,59.730450236966824,51.07142857142855,43.69747899159664,61.85905329863156,58.446711452163456,78.74331550802138,87.94063079777365,79.35069109611057,89.41390763955856,83.37250293772036,91.03407755581668,84.4742232843974,95.26800955957665,81.99274917045595,94.08258571955267,81.58669639934114,91.54784225445565,71.72287484898635,74.99727685330956,0.6164085473653911,71.27659574468083,91.48936170212765,71.05263157894741,84.64912280701755,67.3913043478261,88.40579710144928,71.21212121212119,89.56228956228955,54.166666666666664,92.5,67.01986391004844,89.3213142345768,77.9220779220779,82.29043683589138,71.92513368983957,85.7397504456328,73.21428571428571,84.86842105263158,79.68749999999999,91.66666666666666,84.24369747899159,93.69747899159664,77.39853896103895,87.65255079848382,72.20920143554369,88.48693251653032,0.6262662397265857
353.0,66.76278354479047,59.28489042675893,56.06017191977079,59.7134670487106,64.95031616982834,65.2514302920807,61.0041469194313,60.27843601895735,63.487394957983156,68.52941176470587,62.45296270236081,62.61152711024268,77.81703590527118,86.94204954709156,77.87635272688308,88.78388513875495,81.96827262044656,91.87309048178615,84.91635370433595,95.23386821440764,82.28769816885831,94.26078407275409,80.97314262515901,91.41873549095888,71.71305266375991,77.01513130060079,0.6082525464424305,74.46808510638296,91.48936170212765,71.92982456140355,84.64912280701755,67.3913043478261,88.40579710144928,72.7272727272727,89.22558922558923,58.33333333333333,92.5,68.96996401524373,89.25397416723675,77.9220779220779,82.29043683589138,72.90552584670232,85.7397504456328,73.21428571428571,84.77443609022556,79.68749999999999,91.79687499999999,84.24369747899159,93.69747899159664,77.5946173924115,87.65979547266929,73.28229070382761,88.45688481995302,0.6254652572208433
354.0,62.24529027297193,58.708189158016154,58.27363896848139,59.08309455587393,56.775067750677486,60.0120445648901,55.46504739336494,57.93838862559242,51.28151260504199,52.77310924369748,56.808111398107556,57.702965229614016,77.18678380443086,87.42769835206809,78.04028715311259,90.46608807457409,80.44065804935374,90.98237367802585,83.97917377944691,94.84465687948105,82.53041661546025,94.86297161115891,80.43546388036086,91.7167577190616,68.62178763923421,74.70986147433781,0.6201088030479365,72.34042553191487,91.48936170212765,71.05263157894741,85.5263157894737,67.3913043478261,88.40579710144928,68.18181818181816,89.8989898989899,49.99999999999999,93.33333333333333,65.79323592810131,89.73075956507478,77.9220779220779,82.29043683589138,74.19786096256685,85.650623885918,73.21428571428571,84.68045112781954,79.68749999999999,91.66666666666666,84.24369747899159,93.69747899159664,77.8530844155844,87.59713150157845,71.82316017184286,88.66394553332661,0.6261520145178531
355.0,74.39446366782008,79.12341407151095,55.565902578796575,57.86532951289398,63.32429990966575,66.69677807889191,63.70704976303321,66.02488151658767,56.95378151260502,58.02521008403362,62.789099486384124,65.54712265278361,77.27272727272727,86.1208119611481,80.0042858673524,90.03964427300974,82.07403055229146,91.46650998824913,84.37692045066576,95.34994878798224,81.69780017205358,93.0379746835443,81.08515286301808,91.2029779387867,71.9371261747011,78.37505029578516,0.6057986865869142,74.46808510638296,91.48936170212765,74.56140350877197,85.5263157894737,71.73913043478261,89.13043478260869,72.7272727272727,88.21548821548821,58.33333333333333,92.5,70.36584502210872,89.37232009793965,77.9220779220779,82.17237308146399,73.88591800356508,85.7397504456328,73.21428571428571,84.68045112781954,79.68749999999999,91.66666666666666,84.24369747899159,93.69747899159664,77.79069582378405,87.59134406263593,74.07827042294639,88.48183208028779,0.6246928044928352
356.0,66.22452902729721,65.12879661668589,66.56876790830947,71.27507163323781,62.87262872628724,63.956639566395665,61.100414691943136,64.85485781990522,54.789915966386516,59.32773109243698,62.311251264044714,64.90861934573232,76.83346065699007,86.47004256247955,77.21847208828885,89.10318225650916,80.94007050528792,90.9048178613396,84.51860703311712,93.83065892796176,81.60255622465283,93.32063414034656,80.22263330166736,90.72586714972734,71.26694228285604,77.81724324772983,0.613030097492626,74.46808510638296,91.48936170212765,74.56140350877197,85.5263157894737,69.56521739130434,89.13043478260869,72.7272727272727,88.55218855218855,58.33333333333333,92.5,69.93106241341306,89.43966016527972,77.9220779220779,82.17237308146399,72.90552584670232,85.650623885918,73.21428571428571,84.68045112781954,79.68749999999999,91.53645833333333,84.24369747899159,93.69747899159664,77.5946173924115,87.5474770840263,73.76283990291228,88.49356862465301,0.6241132222976007
357.0,60.169165705497896,62.24529027297194,53.209169054441276,54.78510028653295,63.73080397470638,64.7094248720265,64.1291469194313,67.46149289099526,57.647058823529385,52.18487394957984,59.77706889552125,60.27723645442129,78.44728800611152,87.91334715704464,77.87635272688308,89.71820422157934,79.95299647473563,91.80493537015278,86.10105838170026,94.98805052919084,79.46110360083568,90.47560525992381,80.36775983805323,90.98002850757828,70.07241436678724,75.62863248099978,0.6158397425544303,77.6595744680851,91.48936170212765,74.56140350877197,85.5263157894737,71.73913043478261,89.13043478260869,72.7272727272727,88.21548821548821,62.499999999999986,91.66666666666666,71.83747622778247,89.20565343127298,77.9220779220779,82.0543093270366,73.88591800356508,85.7397504456328,71.42857142857142,84.77443609022556,79.68749999999999,91.66666666666666,84.24369747899159,93.69747899159664,77.4335529666412,87.58652830423166,74.63551459721184,88.39609086775232,0.6233409883661369
358.0,62.418300653594784,59.361783929257975,61.13896848137538,61.06017191977078,64.7244805781391,70.0391448358928,62.0927132701422,68.82405213270142,65.65126050420166,60.12605042016806,63.20514469749063,63.882240647558206,77.3968678380443,86.59827567390592,77.87635272688308,88.4217293474767,80.87544065804938,91.358401880141,81.91020826220554,94.18572891771936,82.77313506206218,92.29445741673835,80.1664009094489,90.57171864719626,71.68577280346976,77.22697964737723,0.6132209164912215,77.6595744680851,91.48936170212765,75.43859649122811,85.5263157894737,71.73913043478261,89.13043478260869,72.7272727272727,88.21548821548821,66.66666666666666,91.66666666666666,72.84624815760704,89.20565343127298,77.9220779220779,81.93624557260921,73.88591800356508,85.7397504456328,71.42857142857142,84.86842105263158,79.68749999999999,91.79687499999999,84.24369747899159,93.69747899159664,77.4335529666412,87.60775421249404,75.13990056212413,88.40670382188351,0.6230144685916431
359.0,70.74202229911573,75.00961168781237,56.28223495702007,61.41833810888252,61.69828364950314,58.98825654923216,55.8427132701422,54.94668246445498,58.42436974789912,61.9327731092437,60.59792478473605,62.45913238392514,76.64247517188693,87.92971734148205,77.71241830065357,88.95960570020358,81.90951821386606,92.10340775558169,83.97917377944691,94.73199044042335,81.50731227725205,94.08258571955265,80.3501795486211,91.56146139144866,70.47405216667858,77.0102968876869,0.6117768219523528,77.6595744680851,91.48936170212765,75.43859649122811,85.5263157894737,71.73913043478261,89.13043478260869,72.7272727272727,88.55218855218855,62.499999999999986,91.66666666666666,72.01291482427371,89.27299349861305,77.9220779220779,81.93624557260921,73.88591800356508,85.650623885918,73.21428571428571,84.86842105263158,79.68749999999999,91.66666666666666,84.24369747899159,93.69747899159664,77.79069582378405,87.5638872338844,74.90180532402889,88.41844036624872,0.6225513856328607
360.0,66.39753940792004,78.50826605151865,63.78223495702008,70.21489971346705,59.981933152664844,61.45739235170129,59.3009478672986,59.656398104265406,59.075630252100794,61.26050420168067,61.707657127400864,66.2194920845266,78.02711993888462,88.6008949034159,77.87742419372118,88.33386906675238,81.42185663924796,91.20799059929494,87.33014680778423,94.90269716626834,80.24148949244194,94.78923436155831,80.97960741441598,91.56693721945798,71.34363227090842,78.8932146519923,0.6018108055063566,81.91489361702125,91.48936170212765,68.20175438596496,85.5263157894737,80.43478260869567,89.13043478260869,75.75757575757574,88.55218855218855,66.66666666666666,89.16666666666667,74.59513460718486,88.77299349861306,78.57142857142857,81.93624557260921,74.8663101604278,85.7397504456328,71.42857142857142,84.86842105263158,79.68749999999999,91.79687499999999,84.24369747899159,93.69747899159664,77.75950152788387,87.60775421249404,76.17731806753437,88.19037385555356,0.6221017585246741
361.0,72.29911572472126,79.73856209150327,66.99856733524356,73.0515759312321,56.8654019873532,60.43360433604336,55.46504739336494,61.18187203791469,53.36134453781509,54.91596638655463,60.997895395699615,65.86431615664961,77.29182582123758,85.28866091891302,78.3670845387335,90.7039537126326,80.99294947121038,91.90364277320798,84.66882895186072,93.33219528849438,83.25857195526606,96.05505714636844,80.91585214766164,91.45670196792328,70.95687377168062,78.66050906228645,0.6035147048118826,81.91489361702125,91.48936170212765,68.20175438596496,85.5263157894737,80.43478260869567,89.85507246376811,72.7272727272727,88.8888888888889,66.66666666666666,91.66666666666666,73.98907400112425,89.48526110218502,77.9220779220779,82.0543093270366,73.88591800356508,85.650623885918,71.42857142857142,84.68045112781954,79.68749999999999,91.66666666666666,84.24369747899159,93.69747899159664,77.4335529666412,87.54990599980749,75.71131348388272,88.51758355099625,0.6216431964609546
362.0,58.07381776239908,58.861976163014226,64.72063037249285,71.08882521489971,67.38934056007227,66.69677807889191,69.6238151658768,66.98755924170617,54.05462184873946,49.36974789915966,62.772445141916094,62.60097731953433,74.52253628724216,86.47822765469823,78.2010071788278,89.58534233365478,79.52408930669803,92.3689776733255,85.65039262546946,95.16217138955274,80.24148949244194,94.62947032075704,79.62790297813588,91.64483787439767,71.20017406002599,77.122907596966,0.6100689190745399,84.04255319148935,91.48936170212765,68.20175438596496,85.96491228070175,80.43478260869567,89.85507246376811,72.7272727272727,88.8888888888889,66.66666666666666,91.66666666666666,74.41460591601788,89.57298040043062,77.27272727272727,81.93624557260921,73.88591800356508,85.5614973262032,73.21428571428571,84.58646616541353,79.68749999999999,91.53645833333333,84.24369747899159,93.69747899159664,77.66082569391394,87.46362927783119,76.0377158049659,88.5183048391309,0.6210722542410647
363.0,72.64513648596694,73.35640138408304,63.717765042979956,73.49570200573066,67.75067750677503,67.53989762119843,62.38151658767773,60.97452606635072,60.50420168067223,59.07563025210083,65.39985946081438,66.88843146589274,76.8716577540107,87.16577540106951,79.02067930997532,89.15675559841422,83.26674500587548,92.72855464159812,81.56538067599864,94.24035506998976,79.85129654663882,95.21322354676171,80.11515185849979,91.70093285156665,72.75750565965708,79.2946821587297,0.5980769599190531,85.10638297872339,91.48936170212765,70.83333333333337,85.52631578947368,80.43478260869567,90.57971014492753,77.27272727272725,88.8888888888889,66.66666666666666,91.66666666666666,76.06277857202926,89.6301886384169,77.27272727272727,81.93624557260921,73.88591800356508,85.47237076648841,73.21428571428571,84.68045112781954,79.68749999999999,91.53645833333333,84.24369747899159,93.69747899159664,77.66082569391394,87.46460095836943,76.8618021329716,88.54739479839316,0.6203802689226318
364.0,57.38177623990774,62.014609765474816,60.58022922636105,66.44699140401147,62.69196025293584,62.45106895513399,61.715047393364955,60.90047393364929,61.281512605041975,71.38655462184875,60.730105143522316,64.63993973602366,76.43239113827349,86.95023463931028,78.20422157934209,90.83681560055716,81.25734430082258,92.45828437132786,82.69716626835098,94.28132468419255,80.24148949244194,93.7999262627504,79.76652255584621,91.66531711162766,70.24831384968427,78.15262842382566,0.6040573779750397,85.10638297872339,92.5531914893617,71.71052631578951,85.52631578947368,82.60869565217392,89.85507246376811,77.27272727272725,89.22558922558923,66.66666666666666,90.83333333333334,76.67299977721613,89.59870046030521,77.27272727272727,81.81818181818181,73.88591800356508,85.47237076648841,73.21428571428571,84.68045112781954,79.68749999999999,91.53645833333333,84.24369747899159,93.69747899159664,77.66082569391394,87.44098820748395,77.16691273556503,88.51984433389458,0.6197168035614244
365.0,67.78162245290274,74.54825067281816,61.79083094555876,67.53581661891117,60.97560975609756,62.75218307738633,59.7748815165877,64.79561611374407,63.44537815126048,62.563025210084035,62.75366456448145,66.43897833858875,75.90718105423987,87.69507803121247,78.3660130718954,89.36462016500589,80.06462984723855,90.68390129259694,83.43974052577674,95.28166609764425,81.89750522305519,93.45581909794764,79.93501394444115,91.29621693688145,71.3443392544613,78.8675976377351,0.6021902481006227,86.17021276595742,92.5531914893617,72.58771929824566,85.52631578947368,82.60869565217392,89.85507246376811,77.27272727272725,88.8888888888889,66.66666666666666,91.66666666666666,77.06120433115419,89.69802705963181,77.27272727272727,81.81818181818181,73.88591800356508,85.47237076648841,73.21428571428571,84.58646616541353,79.68749999999999,91.53645833333333,84.24369747899159,93.69747899159664,77.66082569391394,87.42219121500275,77.36101501253407,88.56010913731728,0.6189826642274571
366.0,66.05151864667435,71.89542483660131,55.35816618911177,60.80229226361031,63.45980126467929,61.87895212285456,56.55361374407585,59.730450236966824,56.91176470588232,54.74789915966387,59.66697291008472,61.81100372393937,77.27272727272727,86.65011459129106,77.05560912889744,89.48462445087326,81.58636897767336,91.55581668625148,81.3178559235234,93.86821440764766,84.42915079267544,94.4881405923559,80.33234241909938,91.20938214568386,69.99965766459205,76.51019293481161,0.6128505565371309,85.10638297872339,92.5531914893617,70.83333333333337,85.52631578947368,80.43478260869567,89.13043478260869,72.7272727272727,89.22558922558923,66.66666666666666,91.66666666666666,75.15368766293837,89.62043959073999,77.9220779220779,81.81818181818181,73.88591800356508,85.47237076648841,73.21428571428571,84.58646616541353,79.68749999999999,91.40625,84.24369747899159,93.69747899159664,77.79069582378405,87.39614954833607,76.47219174336121,88.50829456953804,0.6182863051162025
367.0,71.43406382160708,79.43098808150711,70.78796561604588,70.0,58.94308943089429,64.04697380307137,61.24111374407584,61.952014218009474,50.42016806722687,51.17647058823529,62.56528013597,65.32128933816465,77.9029793735676,88.51085888901015,77.05560912889744,90.35465552341155,81.48061104582847,92.1433607520564,83.38682144076476,94.83782861044725,84.13420179427308,94.70320757035763,80.79204455666627,92.10998226905659,71.67866234631813,78.71563580361061,0.5989667997461492,87.23404255319147,92.5531914893617,73.4649122807018,85.52631578947368,82.60869565217392,89.13043478260869,78.78787878787877,89.22558922558923,66.66666666666666,91.66666666666666,77.75243918812252,89.62043959073999,77.9220779220779,81.81818181818181,73.88591800356508,85.38324420677361,73.21428571428571,84.58646616541353,79.68749999999999,91.40625,84.24369747899159,93.69747899159664,77.79069582378405,87.37832423639313,77.77156750595329,88.49938191356657,0.6177901595937345
368.0,79.0657439446367,80.85351787773934,56.36103151862466,61.87679083094556,59.168925022583565,67.20867208672087,60.3895142180095,65.41765402843602,65.69327731092437,74.2016806722689,64.13569840295577,69.91166309922214,76.07906799083268,86.65829968350978,79.02175077681342,88.70459659273546,80.6639247943596,91.44300822561692,83.73164902697167,94.19938545578695,81.65478677645325,94.57416738355661,80.23023587308613,91.11589146824114,72.18296713802096,80.51377728373164,0.5975742861907664,89.36170212765956,92.5531914893617,73.4649122807018,85.08771929824562,82.60869565217392,89.85507246376811,78.78787878787877,88.8888888888889,66.66666666666666,91.66666666666666,78.17797110301615,89.61030776138621,76.6233766233766,81.70011806375442,71.92513368983957,85.38324420677361,73.21428571428571,84.21052631578947,79.68749999999999,91.40625,84.24369747899159,93.69747899159664,77.1387987012987,87.27952351558284,77.65838490215742,88.44491563848453,0.6169058924370472
369.0,78.54671280276816,79.62322183775471,60.15042979942695,64.94269340974212,60.388437217705516,63.14363143631435,58.35308056872041,56.01303317535545,57.68907563025208,57.81512605042016,63.02554720377462,64.30754118191737,75.99312452253629,88.50540216086435,77.38347798135646,89.22532947605272,81.25734430082258,92.04700352526439,82.55547968589963,95.24411061795834,83.01585350866414,90.8504362787268,80.04105599985581,91.17445641177332,71.53330160181523,77.74099879684535,0.6081656270679373,89.36170212765956,92.5531914893617,73.4649122807018,84.64912280701755,74.27536231884059,89.13043478260869,78.78787878787877,89.56228956228956,66.66666666666666,90.83333333333334,76.51130443634948,89.34567439492216,77.27272727272727,81.46399055489965,73.88591800356508,85.38324420677361,73.21428571428571,84.30451127819549,79.68749999999999,91.40625,84.24369747899159,93.69747899159664,77.66082569391394,87.25109500629307,77.0860650651317,88.29838470060761,0.6158714757509457
370.0,62.91810841983854,64.51364859669357,61.79083094555876,69.87106017191978,58.53658536585365,60.97560975609755,57.12381516587679,57.982819905213276,62.71008403361342,56.80672268907563,60.61588478614824,62.02997222379996,77.14858670741023,86.49186947506276,79.35069109611057,89.66677381335049,80.54641598119862,92.4394829612221,84.91635370433595,95.50699897575964,82.7731350620622,91.83974437753473,80.94703651022351,91.18897392058594,70.78146064818588,76.60947307219294,0.6096648660698687,88.29787234042551,92.5531914893617,73.4649122807018,84.21052631578948,82.60869565217392,89.13043478260869,72.7272727272727,88.8888888888889,66.66666666666666,91.66666666666666,76.75308393344812,89.28994162866309,77.27272727272727,81.46399055489965,73.88591800356508,85.38324420677361,73.21428571428571,84.39849624060149,79.68749999999999,91.40625,84.24369747899159,93.69747899159664,77.66082569391394,87.26989199877428,77.20695481368102,88.27991681371869,0.6157106440382686
371.0,67.08958093041139,65.359477124183,68.71776504297996,69.12607449856733,62.646793134598,60.644384221619994,56.74614928909955,55.93898104265402,60.58823529411761,63.48739495798319,63.15770473824131,62.911262369001506,76.6233766233766,87.69234966713958,79.67855994856956,90.12107575270545,81.42185663924796,92.46298472385428,83.04199385455787,95.12120177534995,83.501290401868,93.32677891114662,80.853415493524,91.74487816603917,72.00556011588264,77.32807026752033,0.6037281095637105,85.10638297872339,92.5531914893617,71.71052631578951,84.21052631578948,78.2608695652174,89.13043478260869,72.7272727272727,89.22558922558923,66.66666666666666,91.66666666666666,74.89434365073393,89.35728169600316,77.9220779220779,81.46399055489965,73.88591800356508,85.38324420677361,73.21428571428571,84.30451127819549,79.68749999999999,91.40625,84.24369747899159,93.69747899159664,77.79069582378405,87.25109500629307,76.34251973725898,88.30418835114811,0.6159981512811248
372.0,60.495963091118796,65.70549788542867,65.50143266475646,67.39255014326648,64.9051490514905,70.581150255947,61.0041469194313,65.77310426540285,57.605042016806685,52.64705882352941,61.902346748720745,64.41987227471488,75.34377387318564,87.96245771035687,76.89596057002032,88.31029679631416,80.93419506462986,90.41833137485311,86.7377944691021,96.13178559235234,84.7240997910778,93.55413543074845,80.92716475360314,91.27540138092499,71.41475575116195,77.84763682781994,0.6027696381825872,86.17021276595742,92.5531914893617,73.4649122807018,84.64912280701755,82.60869565217392,89.13043478260869,72.7272727272727,88.8888888888889,66.66666666666666,90.83333333333334,76.3275520185545,89.21099426024205,77.9220779220779,81.34592680047226,73.88591800356508,85.38324420677361,71.42857142857142,84.49248120300751,79.68749999999999,91.40625,84.24369747899159,93.69747899159664,77.4335529666412,87.26507624037,76.88055249259784,88.23803525030603,0.614891468532007
373.0,61.53402537485583,63.09111880046135,66.50429799426935,67.29226361031519,61.653116531165296,63.2640770852153,61.47808056872041,67.9058056872038,60.54621848739493,57.18487394957983,62.34314779128116,63.74762782655508,76.64247517188694,88.04430863254393,77.87742419372118,87.7188471016822,82.07403055229145,90.67215041128085,86.54318880163879,95.31922157733015,78.88042276023104,92.65699889394125,80.40350829595388,90.88230532335567,71.37332804361752,77.31496657495538,0.6132214415772932,85.10638297872339,92.5531914893617,69.95614035087723,84.64912280701755,78.2608695652174,89.13043478260869,72.7272727272727,89.22558922558923,66.66666666666666,90.83333333333334,74.54346645775146,89.27833432758212,77.9220779220779,81.46399055489965,73.88591800356508,85.38324420677361,73.21428571428571,84.49248120300751,79.68749999999999,91.40625,84.24369747899159,93.69747899159664,77.79069582378405,87.28868899125548,76.16708114076775,88.28351165941879,0.6147864337141202
374.0,79.0657439446367,80.16147635524797,61.64756446991406,63.19484240687678,69.01535682023486,73.26106594399278,57.92357819905215,65.00296208530806,64.83193277310922,57.85714285714286,66.49683524138939,67.89549792971368,77.9029793735676,87.25035468732948,79.84463730847526,89.89821065038038,81.6980023501763,92.50998824911868,84.07647661317857,95.05291908501195,82.38294211625906,94.26078407275409,81.18100755233135,91.79445134891891,73.83892139686037,79.84497463931629,0.5905117990733237,90.4255319148936,92.5531914893617,73.4649122807018,84.64912280701755,82.60869565217392,89.13043478260869,75.75757575757574,88.8888888888889,66.66666666666666,90.83333333333334,77.78467645440234,89.21099426024205,77.27272727272727,81.34592680047226,73.88591800356508,85.29411764705883,71.42857142857142,84.58646616541353,79.68749999999999,91.40625,84.24369747899159,93.69747899159664,77.30368283677106,87.26604792090825,77.5441796455867,88.23852109057515,0.6132144671324247
375.0,73.16416762783545,75.74009996155324,74.29083094555877,80.91690544412607,62.42095754290875,68.3227943390545,63.84774881516589,63.24052132701422,49.76890756302518,55.21008403361344,64.69852249889883,68.68608102107228,76.5183346065699,88.17527010804322,78.2063645130183,89.15675559841422,81.96827262044656,92.23501762632198,83.93479003072721,95.22703994537385,85.0620621850805,95.22551308836181,81.13796479116849,92.00391927330301,72.91824364503366,80.34500014718765,0.588806324731056,91.48936170212764,92.5531914893617,74.34210526315795,84.64912280701755,74.27536231884059,89.13043478260869,80.30303030303027,88.8888888888889,66.66666666666666,90.0,77.41530525076462,89.04432759357537,77.27272727272727,81.34592680047226,73.88591800356508,85.38324420677361,71.42857142857142,84.58646616541353,79.68749999999999,91.40625,84.24369747899159,93.69747899159664,77.30368283677106,87.28387323285122,77.35949404376784,88.1641004132133,0.6122974056787847
376.0,63.26412918108421,66.3590926566705,64.14756446991406,67.79369627507164,67.9765130984643,68.44323998795542,63.751481042654056,70.30509478672985,54.74789915966384,57.98319327731093,62.777517390356095,66.17686339674766,76.22230710466005,88.23802248171997,77.54955534126216,87.92456873459767,80.61104582843717,92.00940070505288,85.26118129054286,95.52406964834415,80.874400884847,93.25918643234607,80.10369808994986,91.39104960041216,71.44060774015298,78.78395649857991,0.6055792584309744,91.48936170212764,92.5531914893617,74.34210526315795,84.64912280701755,74.27536231884059,88.40579710144927,77.27272727272725,88.8888888888889,66.66666666666666,90.83333333333334,76.80924464470402,89.06606672401014,77.27272727272727,81.22786304604487,73.88591800356508,85.38324420677361,71.42857142857142,84.68045112781954,79.68749999999999,91.40625,84.24369747899159,93.69747899159664,77.30368283677106,87.27905747444694,77.05646374073754,88.17256209922854,0.6115915149200082
377.0,70.54978854286813,77.50865051903114,60.15042979942695,63.13753581661891,64.95031616982834,71.9361638060825,59.397215639810454,63.492298578199055,59.810924369747866,61.30252100840337,62.971734904336344,67.47543394566699,74.88540870893812,87.03481392557023,79.18568520304295,91.06610950391085,81.85663924794362,91.76498237367802,84.66882895186072,94.68077842266986,85.0620621850805,94.16861251075335,81.13172485937318,91.74305934731646,72.05172988185475,79.60924664649173,0.5935706985505163,92.55319148936168,92.5531914893617,75.21929824561408,84.64912280701755,70.28985507246378,88.40579710144927,81.81818181818178,88.55218855218855,66.66666666666666,91.66666666666666,77.3094386584576,89.16539332333676,76.6233766233766,81.22786304604487,72.90552584670232,85.38324420677361,71.42857142857142,84.77443609022556,79.68749999999999,91.40625,84.24369747899159,93.69747899159664,76.97773427552838,87.29785446692814,77.14358646699299,88.23162389513246,0.6107348408484132
378.0,70.72279892349096,78.39292579777009,66.01002865329514,70.61604584527221,64.04697380307135,69.43691659138814,59.20468009478675,61.84834123222749,56.953781512605005,60.00000000000001,63.38765259744984,68.05884589333158,76.74751718869365,88.5681545345411,78.53209043180111,88.67888138862102,81.86251468860168,92.10810810810811,85.8979173779447,95.44213041993854,81.750030723854,94.18090205235346,80.958014082179,91.79563530071245,72.17283333981442,79.927240597022,0.59342943002313,92.55319148936168,92.5531914893617,75.21929824561408,84.64912280701755,70.28985507246378,88.40579710144927,78.78787878787877,88.8888888888889,66.66666666666666,92.5,76.70337805239699,89.39940005734348,76.6233766233766,81.22786304604487,72.90552584670232,85.38324420677361,73.21428571428571,84.49248120300751,79.68749999999999,91.53645833333333,84.24369747899159,93.69747899159664,77.33487713267124,87.2675051561512,77.01912759253412,88.33345260674734,0.6098619759438506
379.0,62.7450980392157,61.322568242983465,63.717765042979956,68.0515759312321,66.35049683830171,68.65401987353206,58.019845971563996,57.997630331753555,61.15546218487392,61.260504201680675,62.397733615387054,63.45725971623638,76.22230710466005,87.06209756629924,78.53101896496301,89.94535519125684,81.63924794359579,92.12455934195066,84.22669853192217,94.96756572208946,86.4231289172914,94.27921838515422,81.40848029248647,91.67575924135008,71.90310695393677,77.56650947879322,0.6045917862074163,92.55319148936168,92.5531914893617,74.34210526315795,84.64912280701755,82.60869565217392,88.40579710144927,74.24242424242422,89.56228956228956,66.66666666666666,93.33333333333333,78.08261666275689,89.70074685869028,77.27272727272727,81.22786304604487,73.88591800356508,85.5614973262032,73.21428571428571,84.30451127819549,79.68749999999999,91.40625,84.24369747899159,93.69747899159664,77.66082569391394,87.23952012840805,77.8717211783354,88.47013349354916,0.6097070420656948
380.0,79.5847750865052,74.50980392156863,72.07736389684815,72.6647564469914,67.61517615176149,73.68262571514603,66.4988151658768,72.95616113744077,66.38655462184873,66.9327731092437,70.43253698456809,72.14922406607812,77.60695187165774,87.10847975553858,78.20529304618022,89.89821065038038,79.85311398354881,91.7156286721504,85.45578695800614,95.37043359508365,84.37692024087502,92.81061816394248,81.09961322005358,91.38067416741909,75.76607510231084,81.7649491167486,0.5876840137176343,94.68085106382976,92.5531914893617,76.97368421052636,84.64912280701755,76.81159420289856,88.40579710144927,83.33333333333331,88.8888888888889,66.66666666666666,91.66666666666666,79.69322589545092,89.23273339067683,76.6233766233766,81.22786304604487,71.92513368983958,85.47237076648841,73.21428571428571,84.49248120300751,79.68749999999999,91.53645833333333,84.24369747899159,93.69747899159664,77.1387987012987,87.28533046809414,78.41601229837481,88.25903192938549,0.6075707287723084
381.0,68.45444059976933,71.6647443291042,66.58309455587393,70.07163323782235,64.90514905149051,68.83468834688347,65.5509478672986,68.42417061611374,66.42857142857143,67.10084033613445,66.38444070060076,69.21921537321165,75.67799847211612,88.3089599476154,78.69495339119251,89.59177113468337,82.45593419506466,91.06933019976499,85.95083646295664,95.21679754182315,83.40604645446726,92.6508541231412,81.23715379515943,91.36754258940562,73.81079724788009,80.29337898130863,0.5915307749482094,94.68085106382976,92.5531914893617,76.97368421052636,84.64912280701755,76.81159420289856,88.40579710144927,83.33333333333331,88.55218855218855,66.66666666666666,92.5,79.69322589545092,89.33205999000342,76.6233766233766,80.99173553719008,71.92513368983958,85.29411764705881,71.42857142857142,84.58646616541353,79.68749999999999,91.53645833333333,84.24369747899159,93.69747899159664,76.78165584415584,87.22125133491848,78.23744086980338,88.27665566246094,0.6070782541168773
382.0,70.03075740099963,74.31757016532103,54.369627507163344,60.787965616045845,63.866305329719964,71.90605239385727,69.009182464455,68.80924170616115,62.01680672268905,63.739495798319325,63.858535885005395,67.91206513594094,75.99312452253628,87.47953726945323,79.51462552234007,88.54601950069646,81.03995299647477,91.75088131609871,84.863434619324,93.55411403209285,83.40604645446726,94.10102003195281,80.96343682302847,91.08631443005882,72.41098635401693,79.49918978299988,0.6011798590248117,93.61702127659572,92.5531914893617,76.97368421052636,84.64912280701755,76.81159420289856,88.40579710144927,81.81818181818178,88.55218855218855,66.66666666666666,92.5,79.1774296349738,89.33205999000342,76.6233766233766,80.99173553719008,71.92513368983958,85.29411764705883,73.21428571428571,84.58646616541353,79.68749999999999,91.53645833333333,84.24369747899159,93.69747899159664,77.1387987012987,87.22125133491849,78.15811416813625,88.27665566246095,0.6062914741606907
383.0,69.16570549788543,75.70165321030373,68.36676217765044,69.88538681948424,61.5627822944896,60.58416139716953,63.610781990521346,64.8548578199052,60.546218487394924,67.43697478991596,64.65045008958836,67.69260680735573,78.02711993888464,86.62828767870785,78.20636451301829,89.62605807350263,82.72620446533493,91.09988249118683,86.7377944691021,95.58210993513143,81.60255622465283,94.5741673835566,81.46000792219857,91.50210111241707,73.05522900589347,79.59735395988639,0.5932321221088057,93.61702127659572,92.5531914893617,76.09649122807024,85.08771929824562,72.46376811594205,88.40579710144927,81.81818181818178,88.55218855218855,66.66666666666666,93.33333333333333,78.13242582109129,89.58644595491569,76.6233766233766,80.99173553719008,71.92513368983958,85.38324420677361,71.42857142857142,84.58646616541353,79.68749999999999,91.53645833333333,84.24369747899159,93.69747899159664,76.78165584415584,87.23907664686143,77.45704083262356,88.41276130088856,0.6058778868127136
384.0,70.72279892349097,73.58708189158017,59.36962750716334,64.74212034383955,72.26738934056004,73.38151159289372,59.91558056872041,60.51540284360188,59.159663865546186,65.29411764705883,64.28701204109619,67.50404686379483,77.50190985485102,88.36079886500055,79.84356584163717,89.62820100717883,83.43125734430086,92.82961222091657,84.76613178559236,95.80061454421305,86.18041047068947,94.30379746835442,82.34465505941418,92.18460482113267,73.31583355025518,79.84432584246375,0.5904024776815013,93.61702127659572,92.5531914893617,76.09649122807024,85.08771929824562,70.28985507246378,88.40579710144927,78.78787878787877,88.21548821548821,66.66666666666666,93.33333333333333,77.09158260633504,89.51910588757562,76.6233766233766,80.99173553719008,72.90552584670232,85.20499108734401,71.42857142857142,84.58646616541353,79.68749999999999,91.53645833333333,84.24369747899159,93.69747899159664,76.97773427552838,87.20342602297552,77.03465844093171,88.36126595527557,0.6054967242224897
385.0,59.26566705113419,56.0553633217993,69.86389684813756,71.44699140401146,70.82204155374886,76.99488105992171,58.11611374407584,63.6404028436019,63.44537815126047,66.30252100840336,64.30261946967138,66.88803192754754,75.72574484339188,87.47408054130743,78.53316189863921,90.09536054859102,80.44653349001177,92.69565217391305,83.33390235575283,94.16182997610105,81.26459383065011,93.81836057515055,79.86078728368916,91.64905676301262,72.08170337668028,79.26854434528008,0.6010220566313536,92.55319148936168,92.5531914893617,74.34210526315795,85.5263157894737,82.60869565217392,88.40579710144927,75.75757575757574,88.8888888888889,66.66666666666666,94.16666666666667,78.38564696578719,89.90817198716806,77.27272727272727,81.10979929161748,72.90552584670232,85.47237076648841,73.21428571428571,84.3984962406015,79.68749999999999,91.53645833333333,84.24369747899159,93.69747899159664,77.46474726254138,87.24292072472747,77.92519711416429,88.57554635594776,0.6053610462096716
386.0,73.16416762783545,80.16147635524798,70.15042979942695,72.86532951289398,73.71273712737126,72.38783498946101,57.782879146919456,61.41883886255924,56.21848739495795,54.66386554621848,66.20574021930221,68.29946905327614,76.74751718869365,89.09745716468406,76.2402228651023,88.69816779170685,83.15511163337254,91.76733254994124,85.11095937179924,94.06964834414477,84.91458768587931,93.45581909794764,81.23367974896942,91.41768498968491,73.71970998413582,79.85857702148053,0.5913810043288162,92.55319148936168,92.5531914893617,76.09649122807024,85.5263157894737,68.11594202898551,88.40579710144927,78.78787878787877,88.8888888888889,66.66666666666666,94.16666666666667,76.44403404019256,89.90817198716806,76.6233766233766,81.10979929161748,72.90552584670232,85.56149732620321,71.42857142857142,84.58646616541353,79.68749999999999,91.53645833333333,84.24369747899159,93.69747899159664,76.97773427552838,87.29834002163284,76.71088415786048,88.60325600440045,0.6041020879040621
387.0,63.78316032295272,65.82083813917724,72.29942693409744,78.89684813753581,70.23486901535681,68.47335140018068,62.80361374407585,66.27665876777252,55.52521008403358,65.04201680672269,64.92925602010328,68.90194265027779,75.6779984721161,86.49732620320856,79.51676845601627,89.86178077788492,81.3160987074031,90.86016451233843,86.7377944691021,93.70775008535335,85.84244807668675,94.30379746835442,81.81822163626487,91.04616380942794,73.37373882818407,79.97405322985287,0.594206301983373,93.61702127659572,92.5531914893617,76.09649122807024,85.5263157894737,72.46376811594205,87.68115942028986,78.78787878787877,88.55218855218855,66.66666666666666,93.33333333333333,77.52636521503068,89.52923771692943,77.27272727272727,81.10979929161748,71.92513368983958,85.47237076648841,71.42857142857142,84.49248120300751,79.68749999999999,91.53645833333333,84.24369747899159,93.69747899159664,76.91152597402596,87.26171771720867,77.21894559452832,88.39547771706904,0.6033406168405113
388.0,70.54978854286814,73.27950788158401,69.16189111747852,70.48710601719198,71.81571815718156,73.05028605841615,64.50681279620855,66.98755924170615,61.974789915966355,60.67226890756302,67.60180010594061,68.89534562129225,75.99312452253628,88.68274582560296,78.20529304618019,89.02817957784205,81.09870740305526,92.66039952996475,86.43735063161489,95.70160464322294,85.15730613248125,94.61103600835689,81.37835634717358,92.13679311699792,74.4900782265571,80.51606936914509,0.5865086751427759,93.61702127659572,93.61702127659575,76.09649122807024,85.5263157894737,72.46376811594205,88.40579710144928,78.78787878787877,88.8888888888889,66.66666666666666,93.33333333333333,77.52636521503068,89.9542712779482,76.6233766233766,81.10979929161748,71.92513368983958,85.56149732620321,71.42857142857142,84.49248120300751,79.68749999999999,91.53645833333333,84.24369747899159,93.69747899159664,76.78165584415584,87.27954302915164,77.15401052959325,88.61690715354992,0.6025340074762638
389.0,71.93387158785085,73.70242214532871,67.01289398280804,72.87965616045847,67.34417344173441,73.3815115928937,60.3895142180095,62.52962085308057,55.56722689075628,58.445378151260506,64.44953602423182,68.1877177806044,78.02711993888464,88.05795045290844,77.54848387442406,89.8446373084753,81.26321974148064,91.27849588719155,86.64049163537044,95.40116080573574,80.24148949244194,93.16087009954529,80.74416093652034,91.54862291077127,72.59684848037608,79.86817034568784,0.5906827162355596,94.68085106382976,93.61702127659575,76.97368421052636,85.5263157894737,76.81159420289856,87.68115942028986,80.30303030303027,88.55218855218855,66.66666666666666,93.33333333333333,79.08716528939033,89.74200367437624,76.6233766233766,81.10979929161748,71.92513368983958,85.47237076648841,71.42857142857142,84.3984962406015,79.68749999999999,91.53645833333333,84.24369747899159,93.69747899159664,76.78165584415584,87.24292072472747,77.93441056677308,88.49246219955185,0.6016273315650147
390.0,71.06881968473664,71.78008458285274,60.72349570200575,65.44412607449857,65.31165311653115,69.28635953026196,56.6498815165877,60.66350710900474,59.810924369747866,68.8655462184874,62.712954877921824,67.20792470302108,77.04354469060351,88.11797446251227,79.35283402978676,88.55459123540126,81.59224441833139,92.01645123384255,88.21440764766132,94.46910208262206,83.25857195526606,94.34681086395477,81.89232054832982,91.50098597566657,72.30263771312582,79.35445533934382,0.5918565107932036,93.61702127659572,95.74468085106383,76.09649122807024,85.5263157894737,72.46376811594205,88.40579710144928,78.78787878787877,88.8888888888889,66.66666666666666,94.16666666666667,77.52636521503068,90.54646985950848,77.27272727272727,81.10979929161748,71.92513368983958,85.47237076648841,71.42857142857142,84.3984962406015,79.68749999999999,91.53645833333333,84.24369747899159,93.69747899159664,76.91152597402596,87.24292072472747,77.21894559452832,88.89469529211797,0.6008208154259821
391.0,71.76086120722799,75.93233371780084,62.65042979942695,64.11174785100286,66.93766937669375,74.2848539596507,57.7384478672986,62.17417061611374,56.91176470588233,60.33613445378151,63.19983459130592,67.36784811966993,77.58785332314743,89.33482483902652,78.85888781742203,89.82749383906568,80.39365452408933,92.32432432432432,85.60600887674975,95.09730283373166,82.92060956126338,93.11785670394495,81.07340282053437,91.94036050801863,72.13661870592014,79.65410431384427,0.5938247555461468,93.61702127659572,95.74468085106383,76.09649122807024,85.5263157894737,72.46376811594205,88.40579710144928,78.78787878787877,88.88888888888889,66.66666666666666,94.16666666666667,77.52636521503068,90.54646985950848,77.27272727272727,81.10979929161748,71.92513368983958,85.38324420677361,71.42857142857142,84.58646616541353,79.68749999999999,91.53645833333333,84.24369747899159,93.69747899159664,76.91152597402596,87.26268939774693,77.21894559452832,88.9045796286277,0.5999045856801257
392.0,75.75932333717803,76.93194925028834,73.30229226361034,76.86246418338108,67.163504968383,73.53206865401987,56.79058056872041,62.41113744075829,57.64705882352937,59.32773109243698,66.13255199228423,69.8130701241769,76.30825057295645,87.75510204081634,78.04028715311259,89.24461587913855,81.42185663924796,92.50528789659225,83.97917377944691,96.45954250597472,85.79021752488633,95.24394740076195,81.10795713393004,92.24169914465676,73.62025456310714,81.02738463441683,0.5857615899774502,94.68085106382976,95.74468085106383,76.97368421052636,85.5263157894737,76.81159420289856,88.40579710144928,78.78787878787877,88.88888888888889,66.66666666666666,94.16666666666667,78.78413498636003,90.54646985950848,77.27272727272727,80.99173553719008,71.92513368983958,85.47237076648841,71.42857142857142,84.39849624060149,79.68749999999999,91.66666666666666,84.24369747899159,93.69747899159664,76.91152597402596,87.24534964050865,77.847830480193,88.89590975000857,0.5995223952615639
393.0,70.20376778162246,73.12572087658593,61.58309455587394,63.55300859598854,64.9051490514905,68.17223727792833,60.10811611374409,63.595971563981045,60.50420168067223,60.3781512605042,63.46086583668065,65.76501791499761,75.63980137509549,87.23125613881916,77.55169827493836,90.08893174756241,81.53349001175091,90.6321974148061,86.29566404916356,95.61283714578354,85.20953668428169,92.52181393634018,81.246038079046,91.21740727666229,72.35345195786333,78.49121259582995,0.5968045070896517,93.61702127659572,95.74468085106383,76.09649122807024,85.5263157894737,70.28985507246378,88.40579710144928,78.78787878787877,88.88888888888889,66.66666666666666,95.0,77.09158260633504,90.71313652617513,76.6233766233766,80.87367178276268,71.92513368983958,85.29411764705883,71.42857142857142,84.21052631578947,79.68749999999999,91.66666666666666,84.24369747899159,93.4873949579832,76.78165584415584,87.10647547405216,76.93661922524544,88.90980600011365,0.5986912257279313
394.0,76.27835447904653,77.93156478277585,71.58309455587396,74.2406876790831,67.9765130984643,74.49563384522735,61.144845971563996,66.23222748815165,56.21848739495795,54.87394957983194,66.64025909998135,69.55481267501398,76.098166539343,87.97609953072137,79.67963141540767,90.51537554912676,83.04935370152764,92.03995299647472,85.99522021167634,94.44520314100376,86.18041047068945,93.33292368194667,82.20055646772883,91.66191097985465,74.4204077838551,80.60836182743432,0.5837484945176986,94.68085106382976,95.74468085106383,76.97368421052636,85.5263157894737,76.81159420289856,88.40579710144928,78.78787878787877,88.55218855218855,66.66666666666666,93.33333333333333,78.78413498636003,90.31246312550174,77.27272727272727,80.99173553719008,71.92513368983958,85.29411764705883,71.42857142857142,84.30451127819549,79.68749999999999,91.53645833333333,84.24369747899159,93.4873949579832,76.91152597402596,87.1228435507522,77.847830480193,88.71765333812696,0.5972317596276874
395.0,71.76086120722799,72.43367935409458,63.653295128939845,67.65042979942693,73.3062330623306,75.73020174646192,63.6552132701422,70.49763033175356,56.17647058823526,57.05882352941176,65.71041465137517,68.67415295222976,77.35867074102367,89.10291389282985,78.85995928426014,90.35894139076396,79.62984723854292,91.19623971797884,83.48412427449642,95.33970638443154,81.11711933144893,93.80607103355045,80.08994417395442,91.96077448391092,72.9001794126648,80.31746371807034,0.5885152876611159,94.68085106382976,94.68085106382979,76.97368421052636,85.5263157894737,76.81159420289856,88.40579710144928,78.78787878787877,88.88888888888889,66.66666666666666,94.16666666666667,78.78413498636003,90.33370390206167,77.27272727272727,80.7556080283353,71.92513368983958,85.29411764705883,71.42857142857142,84.30451127819549,79.68749999999999,91.53645833333333,84.24369747899159,93.4873949579832,76.91152597402596,87.07561804898123,77.847830480193,88.70466097552145,0.5964819098067894
396.0,66.89734717416378,71.16493656286043,74.51289398280805,72.17765042979943,62.87262872628724,67.35922914784703,52.48074644549765,58.264218009478675,57.68907563025208,59.49579831932773,62.89053839180176,65.69236649386265,77.58785332314743,87.59958528866092,78.3692274724097,89.5231972570449,84.08343125734433,91.62632197414806,84.81051553431206,95.70501877773985,85.4000245790832,93.7753471795502,82.05021043325935,91.64589409542877,72.47037441253056,78.66913029464571,0.5933588423133977,93.61702127659572,94.68085106382979,76.97368421052636,85.5263157894737,72.46376811594205,88.40579710144928,78.78787878787877,88.55218855218855,66.66666666666666,94.16666666666667,77.7018038115219,90.2663638347216,77.27272727272727,80.6375442739079,71.92513368983958,85.38324420677361,71.42857142857142,84.30451127819549,79.68749999999999,91.53645833333333,84.24369747899159,93.4873949579832,76.91152597402596,87.06983061003871,77.30666489277394,88.66809722238015,0.5963768598420506
397.0,75.06728181468665,81.27643214148404,63.93982808022925,69.88538681948424,65.49232158988254,71.09304426377598,64.9363151658768,66.43957345971565,58.38235294117643,64.74789915966387,65.56361991837034,70.68846716882476,75.97402597402598,87.95700098221107,76.56809171756133,89.33461909353906,83.16686251468865,91.73443008225617,85.7476954592011,95.12803004438375,85.20953668428167,92.3251812707386,81.33324246995174,91.29585229462573,73.44843119416103,80.99215973172525,0.5849479870904448,95.7446808510638,94.68085106382979,78.72807017543863,85.5263157894737,76.81159420289856,88.40579710144928,78.78787878787877,88.55218855218855,66.66666666666666,94.16666666666667,79.34777813678929,90.2663638347216,77.27272727272727,80.6375442739079,71.92513368983958,85.20499108734403,71.42857142857142,84.21052631578947,79.68749999999999,91.53645833333333,84.24369747899159,93.4873949579832,76.91152597402596,87.01538299367158,78.12965205540763,88.64087341419659,0.5954172782333624
398.0,60.82276047673973,65.24413687043445,69.36962750716334,71.34670487106018,76.55826558265582,79.67479674796748,62.8998815165877,65.89158767772511,59.810924369747866,58.865546218487395,65.89229189057889,68.20455447713492,76.53743315508021,88.46174833569792,77.54848387442406,89.12461159327118,81.42185663924796,92.53349001175089,88.11710481392969,96.31614885626493,81.99274917045595,94.98586702715988,81.12352553062757,92.28437316482896,73.50790871060323,80.24446382098193,0.5832274896778812,70.7446808510638,94.68085106382979,80.4824561403509,85.08771929824562,76.81159420289856,89.1304347826087,80.30303030303027,88.21548821548821,66.66666666666666,92.5,75.00168563280204,89.92289867203446,72.72727272727273,80.6375442739079,71.92513368983958,85.20499108734403,71.42857142857142,84.11654135338345,79.68749999999999,91.66666666666666,84.24369747899159,93.4873949579832,76.00243506493506,87.02262766785705,75.50206034886855,88.47276316994575,0.5952137152036765
399.0,67.58938869665513,78.62360630526719,72.37822349570204,80.47277936962752,64.453477868112,66.03432700993676,62.4259478672986,63.6404028436019,61.28151260504199,65.84033613445376,65.62571010656197,70.92229033257743,75.99312452253628,87.62686892938993,78.85888781742203,89.82535090538948,81.64512338425384,91.572267920094,84.76613178559236,95.62307954933425,84.67186923927737,94.26692884355414,81.18702734981639,91.78289922955236,73.40636872818918,81.3525947810649,0.5817262086610921,71.80851063829785,94.68085106382979,80.4824561403509,85.08771929824562,76.81159420289856,89.1304347826087,80.30303030303027,88.21548821548821,66.66666666666666,92.5,75.21445159024884,89.92289867203446,72.72727272727273,80.6375442739079,71.92513368983958,85.20499108734403,71.42857142857142,84.11654135338345,79.68749999999999,91.53645833333333,84.24369747899159,93.4873949579832,76.00243506493506,86.99658600119038,75.60844332759194,88.45974233661242,0.5941505602227258
400.0,79.04652056901192,84.92887351018838,71.80515759312324,74.64183381088824,77.59710930442635,79.31345980126467,65.17328199052135,71.63803317535545,61.932773109243655,66.5126050420168,71.1109685132653,75.4069610679427,76.32734912146675,86.57372039724982,78.0435015536269,89.50391085395908,82.23266745005878,92.81081081081082,87.08262205530897,96.28883578012973,82.92060956126338,95.2746712547622,81.32134994834496,92.09038981938234,76.21615923080513,83.74867544366252,0.5658938318946456,71.80851063829785,94.68085106382979,80.4824561403509,85.08771929824562,76.81159420289856,88.40579710144928,80.30303030303027,88.55218855218855,66.66666666666666,94.16666666666667,75.21445159024884,90.178644536476,77.27272727272727,80.6375442739079,70.94474153297683,85.29411764705883,71.42857142857142,84.11654135338345,79.68749999999999,91.53645833333333,84.24369747899159,93.4873949579832,76.71544754265342,87.01441131313335,75.96494956645114,88.59652792480468,0.5936680516249153
401.0,64.10995770857365,76.6243752402922,72.29942693409744,72.96561604584528,62.42095754290875,71.69527250828064,60.05627962085309,63.1664691943128,64.18067226890753,65.63025210084034,64.61345881506809,70.01639701791426,75.36287242169594,89.0128778784241,80.16822029358188,91.342547948141,83.10223266745008,92.1786133960047,86.69341072038237,96.16251280300445,84.28167629347426,93.70160992994961,81.9216824793169,92.47963239110479,73.26757064719249,81.24801470450953,0.5729562315026655,71.80851063829785,94.68085106382979,81.35964912280706,85.08771929824562,76.81159420289856,88.40579710144928,80.30303030303027,88.21548821548821,66.66666666666666,92.5,75.38989018674008,89.77797113580259,72.72727272727273,80.6375442739079,70.94474153297683,85.29411764705883,71.42857142857142,84.11654135338345,79.68749999999999,91.53645833333333,84.24369747899159,93.4873949579832,75.8063566335625,87.01441131313335,75.59812341015129,88.39619122446797,0.5933250964177551
402.0,68.45444059976933,79.77700884275278,70.80229226361033,73.69627507163324,64.85998193315264,71.60493827160495,68.86848341232229,67.03199052132702,64.22268907563023,72.6890756302521,67.44157745689697,72.95985766751402,76.01222307104659,87.72509003601441,76.56809171756132,89.57248473159756,80.98707403055234,92.72855464159811,89.30180949129397,94.84465687948105,83.06808406046456,93.30834459874646,81.18745647418375,91.6358261774875,74.31451696554035,82.29784192250077,0.5750334189680695,71.80851063829785,94.68085106382979,83.11403508771934,85.08771929824562,78.98550724637681,88.40579710144928,84.84848484848483,88.55218855218855,75.0,90.83333333333334,78.75130756417576,89.51197786980933,72.72727272727273,80.6375442739079,70.94474153297683,85.20499108734403,71.42857142857142,84.02255639097744,79.68749999999999,91.53645833333333,84.24369747899159,93.4873949579832,75.8063566335625,86.97778900870918,77.27883209886913,88.24488343925925,0.5922711861813371
403.0,78.70049980776625,81.93002691272588,71.31088825214901,74.11174785100286,71.63504968383016,73.56218006624509,60.3895142180095,66.58767772511848,64.91596638655459,66.30252100840336,69.3903836696619,72.49883071269912,75.48701298701297,89.738622721816,79.67855994856956,89.47176684881603,81.96827262044656,92.03995299647474,84.863434619324,95.45920109252305,80.58866904264471,91.96878456433575,80.51718984359955,91.73566564479312,74.95378675663073,82.11724817874611,0.5787888175083375,71.80851063829785,94.68085106382979,83.11403508771934,85.08771929824562,78.98550724637681,88.40579710144928,83.33333333333331,88.55218855218855,75.0,90.83333333333334,78.44827726114546,89.51197786980933,72.72727272727273,80.51948051948052,70.94474153297683,85.20499108734403,70.95864661654136,84.11654135338345,79.68749999999999,91.53645833333333,84.24369747899159,93.4873949579832,75.71237167115649,86.9729732503049,77.08032446615098,88.24247556005712,0.5915043435409116
404.0,66.55132641291812,70.81891580161476,76.4541547277937,82.22063037249285,75.33875338753386,79.37368262571513,62.855450236966846,65.66943127962087,67.07983193277308,67.77310924369748,69.65590333959712,73.17115386462822,75.76394194041252,88.60635163156172,78.69602485803063,89.18889960355727,83.76028202115161,92.8225616921269,84.96073745305563,95.19631273472176,86.08516652328869,95.17021015116136,81.85323055918782,92.19686716262581,75.75456694939247,82.68401051362702,0.5656440735647726,71.80851063829785,94.68085106382979,83.11403508771934,85.08771929824562,78.98550724637681,88.40579710144928,81.81818181818178,88.55218855218855,75.0,90.83333333333334,78.14524695811515,89.51197786980933,72.72727272727273,80.51948051948052,70.94474153297683,85.20499108734403,72.74436090225564,84.11654135338345,79.68749999999999,91.40625,84.24369747899159,93.4873949579832,76.06951452829935,86.94693158363825,77.10738074320724,88.22945472672379,0.5904766905822911
405.0,78.70049980776625,83.46789696270665,68.52435530085963,73.96848137535817,65.89882565492319,67.871123155676,61.67061611374409,69.40165876777252,65.60924369747897,70.71428571428572,68.08070811495443,73.08468919515981,74.57028265851794,88.68001746153007,77.05882352941175,89.82106503803708,80.50528789659226,93.05052878965923,86.49026971662683,93.88187094571526,85.0620621850805,93.24075211994592,80.73734519724584,91.7348468709775,74.40902665610014,82.40976803306866,0.5755164986031279,71.80851063829785,94.68085106382979,81.35964912280706,85.08771929824562,78.98550724637681,88.40579710144928,80.30303030303027,88.55218855218855,70.83333333333331,90.83333333333334,76.65800612876906,89.51197786980933,72.72727272727273,80.40141676505313,70.94474153297683,85.20499108734403,70.95864661654136,84.11654135338345,79.68749999999999,91.40625,84.24369747899159,93.4873949579832,75.71237167115649,86.92331883275276,76.18518889996278,88.21764835128104,0.5892945176063508
406.0,80.94963475586313,83.66013071895425,73.09455587392551,77.44985673352436,71.81571815718155,76.18187292984041,65.2177132701422,68.05390995260665,56.953781512605005,57.56302521008403,69.60628071394349,72.58175910900194,74.15011459129104,88.77551020408163,77.38669238187076,90.25393764063003,82.72620446533493,91.77908343125735,86.4373506316149,95.70843291225674,86.86555241489492,93.96583507435173,81.51318289700131,92.0965598525155,75.55973180547241,82.33915948075872,0.5702232336285004,71.80851063829785,94.68085106382979,81.35964912280706,85.08771929824562,78.98550724637681,87.68115942028987,80.30303030303027,88.55218855218855,70.83333333333331,90.83333333333334,76.65800612876906,89.36705033357744,72.72727272727273,80.51948051948052,70.94474153297683,85.20499108734403,71.42857142857142,84.11654135338345,79.68749999999999,91.40625,84.24369747899159,93.4873949579832,75.8063566335625,86.94693158363825,76.23218138116579,88.15699095860785,0.5882807409042069
407.0,70.01153402537487,79.16186082276047,75.6733524355301,79.55587392550143,70.5962059620596,77.6272207166516,57.975414691943136,62.38151658767773,55.483193277310896,55.16806722689075,65.94794007844372,70.77890785589639,76.01222307104658,87.80421259412856,77.71563270116789,90.00964320154293,82.99647473560519,93.57461809635723,85.00512120177535,94.91293956981906,85.20953668428167,93.53570111834829,81.38779767877534,91.96742291603923,73.66786887860954,81.37316538596781,0.5693461443242679,72.87234042553189,94.68085106382979,83.11403508771934,85.08771929824562,78.98550724637681,87.68115942028987,80.30303030303027,87.87878787878788,70.83333333333331,90.83333333333334,77.22164927919832,89.2323701988973,72.72727272727273,80.40141676505313,70.94474153297683,85.20499108734403,71.42857142857142,84.11654135338345,79.68749999999999,91.27604166666666,84.24369747899159,93.4873949579832,75.8063566335625,86.8972771660861,76.51400295638041,88.06482368249169,0.5866805616475863
408.0,65.14801999231065,74.39446366782008,66.37535816618913,69.68481375358166,62.60162601626015,63.50496838301717,63.5145142180095,71.77132701421802,50.42016806722687,53.109243697478995,61.61193729199927,66.49296330322318,73.30977845683726,88.55996944232238,80.00750026786669,91.26754526947391,84.24794359576971,92.85311398354877,84.46568794810517,94.56128371457837,83.94371389947156,93.84293965835074,81.19492483361009,92.21697041365483,71.40343106280469,79.35496685843901,0.5878565996917795,71.80851063829785,94.68085106382979,80.4824561403509,85.08771929824562,78.98550724637681,87.68115942028987,78.78787878787877,87.54208754208753,66.66666666666666,90.83333333333334,75.34620389591419,89.16503013155723,72.72727272727273,80.28335301062573,71.92513368983958,85.20499108734403,72.74436090225564,84.11654135338345,79.68749999999999,91.27604166666666,84.24369747899159,93.4873949579832,76.2655929596719,86.87366441520061,75.80589842779304,88.01934727337891,0.5864848964936507
409.0,73.14494425221069,80.19992310649751,73.44555873925503,78.55300859598854,61.5627822944896,66.967780788919,63.89218009478675,70.1718009478673,57.52100840336131,66.68067226890757,65.91329475682068,72.51463714163597,76.18411000763942,88.1479864673142,76.89488910318222,89.82963677274188,80.88719153936549,91.58871915393654,85.65039262546944,96.28200751109594,87.35098930809882,95.21936831756175,81.39351451675108,92.21354364453006,73.65340463678588,82.36409039308302,0.5739032421962826,72.87234042553189,94.68085106382979,81.35964912280706,85.08771929824562,78.98550724637681,87.68115942028987,78.78787878787877,87.54208754208753,70.83333333333331,90.83333333333334,76.56774178318557,89.16503013155723,72.72727272727273,80.28335301062573,70.94474153297683,85.29411764705883,72.74436090225564,84.11654135338345,79.68749999999999,91.40625,84.24369747899159,93.69747899159664,76.06951452829935,86.95954820053294,76.31862815574246,88.06228916604508,0.5855979578470883
410.0,64.97500961168782,82.12226066897347,70.45128939828082,75.22922636103152,69.33152664859979,73.62240289069557,63.136848341232245,69.68305687203792,64.22268907563023,67.81512605042018,66.42347261508618,73.69441456863174,75.2387318563789,89.51762523191094,78.86424515161254,90.13286188792456,81.09870740305526,92.41363102232667,85.4028678729942,94.49982929327415,84.67186923927737,92.75531522674204,81.05528430466366,91.86385253243567,73.73937845987493,82.77913355053371,0.5685059379661557,73.93617021276593,94.68085106382979,81.35964912280706,85.08771929824562,78.98550724637681,87.68115942028987,78.78787878787877,87.2053872053872,70.83333333333331,90.00000000000001,76.78050774063237,88.93102339755049,72.07792207792207,80.28335301062573,70.94474153297683,85.29411764705883,70.95864661654136,84.02255639097744,79.68749999999999,91.27604166666666,84.24369747899159,93.69747899159664,75.58250154128636,86.91470954138506,76.18150464095936,87.92286646946778,0.5846029607272963
411.0,75.74009996155327,84.08304498269896,59.878223495702024,68.10888252148996,73.26106594399275,79.91568804576934,69.00918246445501,72.26007109004739,58.38235294117643,66.68067226890757,67.2541849613759,74.20967178178265,76.13636363636364,87.92153224926334,80.010714668381,90.73931211828994,83.76028202115162,93.09753231492361,83.77603277569136,94.65687948105156,86.23264102248986,93.33906845274672,81.9832068248155,91.95086492325504,74.61869589309569,83.08026835251884,0.5622173063350219,73.93617021276593,94.68085106382979,83.11403508771934,85.08771929824562,78.98550724637681,87.68115942028987,73.23232323232321,87.2053872053872,74.99999999999999,90.00000000000001,76.85360715583707,88.93102339755049,72.07792207792207,80.16528925619835,70.94474153297683,85.20499108734403,72.74436090225564,84.02255639097744,79.68749999999999,91.27604166666666,84.24369747899159,93.69747899159664,75.93964439842922,86.87327147855663,76.39662577713315,87.90214743805356,0.5838496722223641
412.0,74.52902729719338,78.16224529027298,76.37535816618914,81.67621776504299,74.29990966576331,76.21198434206565,63.84774881516589,68.15758293838863,59.159663865546186,64.95798319327731,69.64234156197159,73.8332027058095,77.4637127578304,89.04288988322602,77.05989499624984,88.95960570020358,82.67920094007053,92.11515863689776,88.36462956640491,94.80368726527824,86.71807791569375,93.30834459874646,82.45710323524989,91.64593721687042,76.04972239861074,82.73956996133995,0.5652986785131263,73.93617021276593,94.68085106382979,83.11403508771934,85.08771929824562,78.98550724637681,87.68115942028987,73.23232323232321,87.2053872053872,70.83333333333331,90.00000000000001,76.02027382250373,88.93102339755049,72.72727272727273,80.16528925619835,70.94474153297683,85.29411764705883,70.95864661654136,84.11654135338345,78.12499999999999,91.27604166666666,84.24369747899159,93.69747899159664,75.39987167115649,86.90989378298079,75.71007274683011,87.92045859026564,0.5821514558170124
413.0,65.49404075355633,80.12302960399846,70.37249283667623,77.65042979942693,74.07407407407406,78.56067449563385,59.63418246445499,62.855450236966824,62.66806722689072,64.9579831932773,66.44857147113046,72.82951346586067,75.78304048892282,87.64051074975444,77.88063859423548,90.99324975891996,78.76615746180966,91.52291421856638,85.84499829293274,95.25776715602595,83.45827700626766,93.68932038834951,80.34662236883368,91.82075245432324,73.39759691998208,82.32513296009196,0.5652212392777584,73.93617021276593,94.68085106382979,70.61403508771934,85.08771929824562,81.15942028985508,87.68115942028987,80.80808080808077,87.2053872053872,79.16666666666667,90.00000000000001,77.13687461301757,88.93102339755049,72.07792207792207,80.04722550177095,70.94474153297683,85.11586452762924,70.95864661654136,84.02255639097744,78.12499999999999,91.27604166666666,82.77310924369749,93.90756302521008,74.97588389422755,86.87385022245088,76.05637925362257,87.9024368100007,0.5819102222129378
414.0,75.0480584390619,80.93041138023837,69.09742120343842,68.76790830945558,72.44805781391145,76.06142728093947,63.7070497630332,69.53495260663507,56.17647058823526,60.63025210084033,67.29541156153604,71.18499033562176,75.88808250572956,88.34715704463602,78.03921568627449,89.74391942569378,81.04582843713281,92.15746180963572,86.23420962785934,94.94366678047116,85.40924173528327,93.85522919995084,81.32331559845589,91.8094868520775,74.30936357999596,81.49723859384963,0.5726667590006268,73.93617021276593,94.68085106382979,80.4824561403509,85.08771929824562,78.98550724637681,87.68115942028987,78.78787878787877,87.2053872053872,66.66666666666666,90.83333333333334,75.77173581080781,89.09769006421716,72.07792207792207,80.16528925619835,71.92513368983958,85.29411764705883,72.74436090225564,84.02255639097744,79.68749999999999,91.14583333333333,84.24369747899159,93.90756302521008,76.13572282980178,86.9070719305556,75.9537293203048,88.00238099738638,0.5807252101414684
415.0,77.47020376778163,87.96616685890042,77.09169054441264,83.02292263610316,66.30532971996385,71.0328214393255,66.73578199052135,72.09715639810426,59.894957983193244,61.30252100840337,69.49959280117454,75.08431766816734,77.79793735676087,90.63079777365492,79.51998285653058,90.58394942676523,81.75088131609874,93.64042303172737,86.43735063161489,95.43188801638784,85.45225513088361,94.9367088607595,82.19168145837773,93.04475342185899,75.84563712977614,84.06453554501317,0.5492474326451839,73.93617021276593,94.68085106382979,70.61403508771934,85.5263157894737,81.15942028985508,87.68115942028987,73.23232323232321,87.2053872053872,74.99999999999999,90.00000000000001,74.78838976453271,89.0187426957961,72.07792207792207,80.04722550177095,70.94474153297683,85.11586452762924,70.95864661654136,84.02255639097744,78.12499999999999,91.14583333333333,84.24369747899159,93.69747899159664,75.27000154128636,86.80579174906151,75.02919565290954,87.91226722242881,0.5804927193983306
416.0,71.5686274509804,85.58246828143021,66.59742120343842,73.42406876790832,73.89340560072264,77.71755495332731,65.50651658767775,70.31990521327015,62.836134453781476,65.54621848739495,68.08042105932014,74.5180431406662,74.69442322383499,88.64182036450944,78.04135861995069,89.80820743597985,80.66980023501765,93.0716803760282,86.34004779788324,96.25810856947764,84.23866289787392,94.35910040555487,80.79685855491209,92.42778343031,74.43863980711612,83.47291328548809,0.5528944993509239,73.93617021276593,94.68085106382979,70.61403508771934,85.5263157894737,81.15942028985508,87.68115942028987,73.23232323232321,87.2053872053872,74.99999999999999,90.00000000000001,74.78838976453271,89.0187426957961,71.42857142857143,80.04722550177095,70.94474153297683,85.38324420677361,72.74436090225564,84.02255639097744,79.68749999999999,91.14583333333333,84.24369747899159,93.69747899159664,75.8097742685591,86.8592676848904,75.2990820165459,87.93900519034325,0.5791917862553246
417.0,63.9369473279508,70.54978854286813,75.30802292263613,81.9627507163324,71.2285456187895,75.97109304426377,66.26184834123224,69.32760663507109,57.56302521008401,58.73949579831933,66.85967788413853,71.31014694737095,76.24140565317035,89.79046163920114,78.37029893924779,89.6860602164363,81.10458284371332,92.65804935370153,89.5937179924889,96.23762376237623,85.84244807668675,93.78149195035026,82.23049070106143,92.43073738441309,74.54508429259998,81.87044216589203,0.5714794399955152,73.93617021276593,94.68085106382979,82.2368421052632,85.08771929824562,78.98550724637681,87.68115942028987,73.23232323232321,86.86868686868686,74.99999999999999,90.00000000000001,76.67816855934583,88.86368333021043,72.07792207792207,80.04722550177095,71.92513368983958,85.38324420677361,70.95864661654136,84.02255639097744,78.12499999999999,91.14583333333333,84.24369747899159,93.69747899159664,75.46607997265892,86.8592676848904,76.07212426600238,87.86147550755041,0.5782926038683914
418.0,81.6416762783545,83.04498269896193,73.09455587392553,80.2865329512894,71.5898825654923,77.74766636555253,62.80361374407585,70.67535545023696,58.991596638655416,69.15966386554622,69.62426502010072,76.18284026631741,76.41329258976317,89.83138710029466,78.53637629915352,90.72966891674703,83.21974148061106,92.99647473560518,85.50017070672584,95.33970638443154,85.0620621850805,95.43443529556347,81.74632865226681,92.86633448652837,75.68529683618377,84.52458737642289,0.5464010973688415,73.93617021276593,94.68085106382979,70.61403508771934,85.08771929824562,81.15942028985508,88.40579710144928,76.26262626262624,86.86868686868686,74.99999999999999,89.16666666666667,75.39445037059332,88.84194419977565,72.72727272727272,80.04722550177095,71.92513368983958,85.29411764705883,70.95864661654136,84.02255639097744,78.12499999999999,91.14583333333333,82.77310924369749,93.69747899159664,75.30183245547023,86.84144237294744,75.34814141303178,87.84169328636155,0.5782652945115123
419.0,81.46866589773165,86.46674356016916,60.945558739255034,71.10315186246419,68.74435411020774,72.95995182174045,58.6863151658768,64.7808056872038,62.016806722689054,64.07563025210084,66.37234012715206,71.87725663673568,75.02864782276546,87.47680890538034,78.36815600557159,90.98467802421514,80.99882491186841,91.75558166862515,87.12700580402868,95.12461590986685,87.20351480889764,95.20093400516161,81.74522987062636,92.10852370264982,74.05878499888921,81.99289016969274,0.5648563760633069,73.93617021276593,94.68085106382979,70.61403508771934,85.08771929824562,81.15942028985508,88.40579710144928,73.23232323232321,86.86868686868686,74.99999999999999,90.00000000000001,74.78838976453271,89.00861086644231,72.72727272727272,80.04722550177095,71.92513368983958,85.38324420677361,70.95864661654136,84.02255639097744,78.12499999999999,91.14583333333333,82.77310924369749,93.69747899159664,75.30183245547023,86.8592676848904,75.04511111000147,87.93393927566635,0.5773752022864486
420.0,86.85121107266436,86.35140330642062,66.37535816618913,74.64183381088824,72.4028906955736,72.92984040951521,66.2174170616114,75.14810426540285,64.13865546218484,69.87394957983193,71.19710649164466,75.78902627441178,76.18411000763942,89.06471679580923,80.3353691203257,90.89467480981463,81.48648648648651,91.14923619271444,88.16148856264937,96.33663366336634,83.94371389947156,94.73393142435789,82.0222336153145,92.43583857721251,76.60967005347959,84.11243242581214,0.5504801157488174,73.93617021276593,94.68085106382979,69.7368421052632,84.64912280701753,78.98550724637681,88.40579710144928,78.78787878787877,86.86868686868686,70.83333333333331,90.00000000000001,74.4559463371236,88.92089156819668,72.72727272727272,79.92916174734356,71.92513368983958,85.38324420677361,70.95864661654136,84.02255639097744,78.12499999999999,91.14583333333333,84.24369747899159,93.69747899159664,75.59595010252905,86.8356549340049,75.02594821982632,87.8782732511008,0.5754739558785498
421.0,82.33371780084585,85.39023452518262,71.59742120343842,77.3352435530086,72.44805781391145,79.94579945799458,60.15254739336494,68.05390995260663,61.1974789915966,66.5546218487395,69.54584464063144,75.45596186750637,75.30557677616501,89.54218050856707,78.86424515161254,91.41112182577949,81.80963572267923,91.7273795534665,85.3584841242745,95.39433253670194,81.9497357748556,93.44967432714759,80.65753550991737,92.30493775033253,75.1016900752744,83.88044980891945,0.5502117305010612,73.93617021276593,94.68085106382979,70.61403508771934,84.21052631578947,81.15942028985508,88.40579710144928,74.74747474747471,86.53198653198653,74.99999999999999,89.16666666666667,75.091420067563,88.59916553594435,72.72727272727272,79.92916174734356,72.90552584670232,85.38324420677361,70.95864661654136,84.02255639097744,78.12499999999999,91.14583333333333,82.77310924369749,93.90756302521008,75.49791088684277,86.8776717407276,75.2946654772029,87.73841863833599,0.5748605428221906
422.0,80.2575932333718,82.50672818146867,68.44555873925503,76.6189111747851,71.86088527551941,77.02499247214695,64.4623815165877,68.14277251184835,59.11764705882349,64.45378151260505,68.82881316471148,73.74943717057083,78.23720397249808,87.40041471133908,79.35497696346295,89.95392692596164,81.2690951821387,93.43595769682726,85.00512120177535,95.06998975759645,87.40321985989922,93.92896644955144,82.25392343595486,91.95785110825516,75.54136830033318,82.85364413941299,0.5534821387784858,73.93617021276593,94.68085106382979,69.7368421052632,84.21052631578947,81.15942028985508,87.68115942028986,73.23232323232321,86.53198653198653,74.99999999999999,90.00000000000001,74.61295116804148,88.62090466637913,72.72727272727272,79.92916174734356,72.90552584670232,85.38324420677361,70.95864661654136,84.02255639097744,78.12499999999999,91.14583333333333,82.77310924369749,93.90756302521008,75.49791088684277,86.8776717407276,75.05543102744213,87.74928820355336,0.5736257456251987
423.0,72.0876585928489,83.85236447520185,72.95128939828082,79.15472779369628,65.04065040650406,70.3101475459199,62.32968009478675,67.65402843601895,66.26050420168065,71.84873949579831,67.73395653882024,74.56400154932706,76.49923605805958,89.13838262577758,80.00857173470479,89.6046287367406,83.331374853114,92.44418331374852,86.68487538409013,95.77330146807785,83.12031461226496,94.5495883003564,81.9288745284467,92.30201688894019,74.83141553363347,83.43300921913362,0.558358112606634,73.93617021276593,94.68085106382979,70.61403508771934,83.77192982456141,81.15942028985508,87.68115942028986,74.74747474747471,86.53198653198653,74.99999999999999,90.00000000000001,75.091420067563,88.53318536813353,72.72727272727272,79.92916174734356,71.92513368983958,85.38324420677361,70.95864661654136,84.11654135338345,78.12499999999999,91.14583333333333,82.77310924369749,93.90756302521008,75.30183245547023,86.8964687332088,75.19662626151663,87.71482705067118,0.5737448612790006
424.0,75.39407920030757,79.54632833525565,71.31088825214901,79.8567335243553,80.21680216802166,87.29298404095151,65.884182464455,74.9111374407583,54.789915966386516,60.882352941176464,69.51917361026395,76.49790725649945,76.098166539343,89.93233657099204,77.71670416800598,91.06396657023465,83.92479435957699,93.60047003525264,87.37453055650394,95.88938204165242,82.73012166646186,93.95354553275163,81.56886345797835,92.88794015017668,75.54401853412115,84.69292370333807,0.5425843288478148,48.936170212765944,93.61702127659574,58.11403508771933,83.77192982456141,81.15942028985508,87.68115942028986,80.80808080808077,86.86868686868686,79.16666666666667,89.16666666666667,69.63687461301757,88.22109281136012,72.07792207792207,79.92916174734356,72.90552584670232,85.38324420677361,70.95864661654136,84.11654135338345,78.64583333333331,91.14583333333333,82.77310924369749,93.90756302521008,75.47220742363932,86.8964687332088,72.55454101832845,87.55878077228446,0.5740149884186352
425.0,64.97500961168782,75.4709727028066,71.80515759312324,75.91690544412609,63.59530261969285,74.34507678410117,67.58738151658771,70.03850710900474,62.01680672268903,62.6890756302521,65.99593161275612,71.69210753405814,75.74484339190221,88.39081086980246,76.24450873245472,90.5518054216222,84.9001175088132,93.05992949471211,87.22430863776034,94.80368726527824,86.32788496989062,94.37753471795502,82.08833264816421,92.23675355387401,74.04213213046017,81.96443054396607,0.564143098486308,73.93617021276593,93.61702127659574,70.61403508771934,84.21052631578948,81.15942028985508,87.68115942028986,77.77777777777776,86.86868686868686,74.99999999999999,89.16666666666667,75.69748067362363,88.30881210960573,73.37662337662336,79.92916174734356,72.90552584670232,85.38324420677361,72.27443609022556,84.11654135338345,76.56249999999999,91.14583333333333,82.77310924369749,93.90756302521008,75.57843891144975,86.8964687332088,75.63795979253669,87.60264042140727,0.5720006585432794
426.0,70.70357554786621,83.42945021145714,74.8137535816619,79.41260744985674,74.8419150858175,77.59710930442637,58.82701421800949,63.906990521327025,62.79411764705879,66.42857142857143,68.39607521608278,74.15494578312774,77.9029793735676,90.14242060460548,79.51569698917817,91.92328297439194,82.57344300822565,92.05640423031727,88.10856947763742,94.94366678047116,83.94371389947156,94.24234976035393,82.40888054961607,92.66162487002796,75.40247788284942,83.40828532657785,0.5503527329385292,73.93617021276593,93.61702127659574,69.7368421052632,84.21052631578948,81.15942028985508,87.68115942028986,73.23232323232321,86.86868686868686,74.99999999999999,89.16666666666667,74.61295116804148,88.30881210960573,73.37662337662336,79.92916174734356,72.90552584670232,85.38324420677361,72.27443609022556,84.02255639097744,78.64583333333331,91.14583333333333,82.77310924369749,93.90756302521008,75.99510557811641,86.8776717407276,75.30402837307895,87.59324192516667,0.5714555788949351
427.0,77.47020376778163,81.81468665897731,80.10028653295132,82.8080229226361,77.37127371273709,81.84281842818429,64.6549170616114,71.9638625592417,62.01680672268905,69.41176470588235,72.3226975595541,77.56823105498435,76.28915202444614,88.32533013205281,78.53637629915352,90.21750776813458,82.78495887191542,92.73560517038779,87.81666097644248,96.06691703653124,80.88361804104707,92.76760476834214,81.26215324260093,92.02259297508972,76.79242540107751,84.79541201503704,0.5446329108294126,73.93617021276593,93.61702127659574,70.61403508771934,84.21052631578948,81.15942028985508,86.95652173913044,74.74747474747471,86.86868686868686,74.99999999999999,90.00000000000001,75.091420067563,88.33055124004049,73.37662337662336,79.92916174734356,72.90552584670232,85.38324420677361,72.27443609022556,84.11654135338345,78.64583333333331,91.14583333333333,82.77310924369749,93.90756302521008,75.99510557811641,86.8964687332088,75.54326282283971,87.61350998662465,0.5700097667875013
428.0,63.9369473279508,76.239907727797,76.59742120343842,83.35243553008597,75.70009033423663,76.57332128876845,63.37381516587681,66.01007109004739,57.605042016806685,62.64705882352941,67.44266320966187,72.96455889204564,77.35867074102367,89.02379133471571,78.372441872924,89.72034715525554,83.00235017626325,92.16451233842538,86.28712871287128,96.30590645271424,85.26176723608211,93.59714882634879,82.05647174783286,92.16234122149191,74.74956747874737,82.56345005676877,0.5588662439462835,73.93617021276593,93.61702127659574,69.7368421052632,84.21052631578948,81.15942028985508,86.95652173913044,74.74747474747471,86.53198653198653,74.99999999999999,89.16666666666667,74.91598147107177,88.09654450603378,73.37662337662336,79.92916174734356,73.88591800356507,85.38324420677361,70.95864661654136,84.11654135338345,76.56249999999999,91.14583333333333,82.77310924369749,93.90756302521008,75.51135944808546,86.8964687332088,75.21367045957862,87.4965066196213,0.5695448864294949
429.0,72.4336793540946,86.159169550173,73.0300859598854,79.38395415472779,68.69918699186991,75.8205359831376,71.9934834123223,77.47334123222748,61.28151260504199,61.97478991596639,69.48758966464284,76.16235816724644,76.18411000763942,87.6978063952854,80.66109503910852,90.53251901853639,83.71327849588721,92.48413631022326,85.19972686923865,93.98429498122226,82.58264716726067,91.9380607103355,81.6681715158269,91.32736348312056,75.57788059023487,83.74486082518351,0.5539065984310241,48.936170212765944,93.61702127659574,70.61403508771934,84.21052631578948,81.15942028985508,86.95652173913044,77.77777777777776,86.53198653198653,74.99999999999999,89.16666666666667,70.69748067362363,88.09654450603378,72.72727272727272,79.92916174734356,69.34046345811052,85.38324420677361,71.80451127819549,84.02255639097744,78.64583333333331,91.27604166666666,81.30252100840337,93.90756302521008,74.76412036106308,86.90371340739426,72.73080051734335,87.50012895671402,0.5692038717195648
430.0,88.06228373702422,87.65859284890428,71.1031518624642,82.378223495702,68.06684733514,73.44173441734418,66.8320497630332,71.38625592417061,64.18067226890753,72.73109243697479,71.64900099331382,77.51917982461917,76.07906799083268,89.70861071701407,80.66430943962283,91.84828029572485,82.13866039953,92.2726204465335,85.54455445544555,95.42505974735404,83.12031461226496,94.55573307115645,81.5093813795392,92.76206085555658,76.57919118642651,85.14062034008788,0.5396917895487203,73.93617021276593,93.61702127659574,69.7368421052632,84.21052631578948,81.15942028985508,86.95652173913044,77.77777777777776,86.53198653198653,74.99999999999999,90.00000000000001,75.5220420771324,88.26321117270044,73.37662337662336,79.92916174734356,71.6131907308378,85.38324420677361,72.27443609022556,84.02255639097744,78.64583333333331,91.27604166666666,82.77310924369749,93.90756302521008,75.7366385549435,86.90371340739426,75.62934031603794,87.58346229004735,0.5675052927456153
431.0,84.23683198769703,90.27297193387159,72.17048710601722,79.49856733524355,71.36404697380306,78.77145438121048,65.2695497630332,73.65225118483411,65.65126050420166,70.63025210084034,71.73843526695043,78.56509938720001,76.49923605805958,89.86412746916949,76.24343726561659,89.48033858352085,83.38425381903645,91.96239717978848,89.69102082622057,96.40150221918744,84.33390684527467,93.8245053459506,82.03037096284157,92.30657415952336,76.884403114896,85.43583677336169,0.5362652866939389,48.936170212765944,93.61702127659574,70.61403508771934,84.21052631578948,81.15942028985508,86.95652173913044,77.77777777777776,86.53198653198653,74.99999999999999,90.00000000000001,70.69748067362363,88.26321117270044,72.72727272727272,79.92916174734356,73.88591800356507,85.38324420677361,72.27443609022556,84.21052631578947,76.56249999999999,91.27604166666666,82.77310924369749,93.69747899159664,75.64464721295217,86.89929058563398,73.17106394328789,87.58125087916721,0.5661867760208148
432.0,73.12572087658593,79.12341407151095,74.95702005730661,79.29799426934098,74.07407407407406,75.8205359831376,65.884182464455,66.4691943127962,66.30252100840333,74.45378151260505,70.868703696165,75.03298402987816,77.48281130634071,87.76055876896213,79.18997107039533,91.07253830493946,83.21974148061106,92.05405405405406,85.29702970297032,94.88562649368386,83.94371389947156,93.08098807914465,81.8266534919578,91.77075314015683,76.34767859406139,83.4018685850175,0.5559158652297295,73.93617021276593,93.61702127659574,69.7368421052632,84.21052631578948,81.15942028985508,87.68115942028986,77.77777777777776,86.19528619528619,74.99999999999999,88.33333333333334,75.5220420771324,88.00746530825893,73.37662337662336,79.92916174734356,69.34046345811052,85.29411764705883,71.80451127819549,84.11654135338345,78.64583333333331,91.40625,81.30252100840337,93.69747899159664,74.89399049093322,86.88870994787649,75.20801628403281,87.44808762806771,0.5649714192217994
433.0,83.19876970396002,87.04344482891196,72.88681948424069,83.0945558739255,73.44173441734416,79.82535380909364,66.12114928909955,68.24644549763033,69.28571428571428,73.36134453781513,72.98683743607174,78.31422890947532,76.72841864018334,89.07563025210085,80.33536912032571,90.77038465659487,81.33372502937722,92.3196239717979,87.11847046773642,95.95083646295663,84.87157429027897,95.01659088116014,82.07751150958033,92.62661324492208,77.53217447282603,85.4704210771987,0.5322482785676269,48.936170212765944,93.61702127659574,70.61403508771934,84.21052631578948,81.15942028985508,87.68115942028986,77.77777777777776,86.19528619528619,74.99999999999999,89.16666666666667,70.69748067362363,88.17413197492559,72.72727272727272,79.92916174734356,71.6131907308378,85.29411764705883,72.27443609022556,84.02255639097744,76.56249999999999,91.27604166666666,82.77310924369749,93.69747899159664,75.19010175840671,86.84387128872864,72.94379121601517,87.50900163182712,0.5639548813820474
434.0,67.05113417916186,81.85313341022683,73.95415472779372,81.0458452722063,69.33152664859979,76.30231857874134,63.89218009478675,76.27369668246445,57.64705882352937,67.01680672268908,66.3752108947743,76.49836013326559,74.90450725744843,88.70730110225908,80.1725061609343,90.78109932497588,82.9494712103408,91.67567567567568,83.87333560942301,93.95015363605326,88.374093646307,94.24234976035393,82.05478277689072,91.87131589986356,74.21499683583251,84.18483801656458,0.5497914838367878,73.93617021276593,93.61702127659574,69.7368421052632,84.21052631578947,81.15942028985508,87.68115942028986,77.77777777777776,86.19528619528619,74.99999999999999,89.16666666666667,75.5220420771324,88.17413197492559,73.37662337662336,79.92916174734356,71.6131907308378,85.02673796791444,70.48872180451127,83.83458646616542,78.64583333333331,91.40624999999999,82.77310924369749,93.69747899159664,75.37949569780065,86.77884303460402,75.45076888746652,87.4764875047648,0.5622948575082499
435.0,85.27489427143406,90.11918492887351,72.17048710601722,80.35816618911176,74.25474254742545,80.00602228244506,67.1134478672986,73.17831753554502,53.36134453781509,61.51260504201681,70.43498326599808,77.03485919559843,77.0244461420932,89.97053366801266,79.35390549662485,91.62541519339977,84.03642773207993,93.21504112808461,87.96688289518607,95.11778764083306,82.8253656138626,94.29150792675433,82.24140557596934,92.84405711141689,76.33819442098371,84.93945815350766,0.5341570435467824,48.936170212765944,93.61702127659574,69.7368421052632,84.21052631578947,81.15942028985508,87.68115942028986,77.77777777777776,86.86868686868686,74.99999999999999,89.16666666666667,70.5220420771324,88.30881210960573,73.37662337662336,80.04722550177095,71.6131907308378,85.11586452762924,70.48872180451127,84.02255639097744,78.64583333333331,91.27604166666666,82.77310924369749,93.69747899159664,75.37949569780065,86.8318334157282,72.95076888746652,87.57032276266696,0.5618737049207827
436.0,72.95271049596309,84.85198000768935,74.3194842406877,79.29799426934098,72.4028906955736,75.7302017464619,59.34537914691944,66.35071090047393,62.05882352941173,64.91596638655463,68.21585762171111,74.22937066210416,76.6042780748663,89.9023245661901,80.49930354655523,90.50680381442194,83.54876615746186,93.1186839012926,87.12700580402868,95.36360532604984,88.13137519970506,95.66793658596535,83.18214575652343,92.91187083878397,75.69900168911727,83.57062075044406,0.5415867573926142,73.93617021276593,93.61702127659574,68.85964912280706,84.64912280701755,81.15942028985508,87.68115942028986,73.23232323232321,86.86868686868686,74.99999999999999,89.16666666666667,74.43751257155026,88.39653140785134,73.37662337662336,80.04722550177095,72.59358288770055,85.20499108734403,72.27443609022556,84.02255639097744,76.56249999999999,91.27604166666666,82.77310924369749,93.69747899159664,75.5160503196494,86.84965872767116,74.97678144559983,87.62309506776126,0.5611862859733252
437.0,83.71780084582853,88.96578239138793,78.95415472779372,86.91977077363896,70.776874435411,80.99969888587775,63.277547393364955,71.35663507109004,59.03361344537812,65.16806722689076,71.15199816955527,78.68199086977708,76.41329258976317,88.876459674779,79.19211400407154,89.5253401907211,84.20094007050531,91.19858989424206,88.40901331512462,95.39774667121885,86.08516652328869,94.54344352955634,82.86010530055067,91.90831599210347,77.00605173505298,85.29515343094027,0.5312029453498006,48.936170212765944,93.61702127659574,70.61403508771934,84.64912280701755,81.15942028985508,87.68115942028986,77.77777777777776,86.53198653198653,74.99999999999999,89.16666666666667,70.69748067362363,88.32919134051127,72.07792207792207,79.92916174734356,69.34046345811052,85.11586452762924,71.80451127819549,84.02255639097744,78.64583333333331,91.14583333333333,81.30252100840337,93.69747899159664,74.63425023119296,86.78217899817604,72.6658654524083,87.55568516934366,0.5613906006562175
438.0,90.31141868512111,92.69511726259132,75.8166189111748,81.79083094555875,71.18337850045164,74.85697079193014,68.77221563981045,77.81398104265402,64.83193277310922,73.27731092436974,74.18311290193344,80.08684219342081,77.69289533995416,88.96649568918477,79.35711989713916,91.77113468338156,82.68507638072859,92.63454759106932,86.6319562990782,94.78661659269375,88.0361312523043,94.48199582155584,82.88063583384088,92.52815807557704,78.53187436788716,86.30750013449892,0.5274089971357186,48.936170212765944,93.61702127659574,58.11403508771933,84.64912280701755,81.15942028985508,88.40579710144928,79.29292929292926,86.53198653198653,79.16666666666667,88.33333333333334,69.33384430998726,88.30745221007649,72.07792207792207,79.92916174734356,69.34046345811052,85.02673796791444,70.48872180451127,83.83458646616542,78.64583333333331,91.14583333333333,81.30252100840337,93.69747899159664,74.3710923364561,86.72675970127068,71.85246832322167,87.51710595567359,0.5613033393265545
439.0,65.840061514802,77.4317570165321,69.95702005730662,81.08882521489971,72.80939476061427,81.96326407708521,67.54295023696685,72.33412322274881,64.95798319327729,66.9327731092437,68.2214819525934,75.9501485281019,74.55118411000763,88.94466877660155,79.02710811100394,90.82395799849994,82.4618096357227,91.63337250293772,86.53465346534655,95.61966541481735,84.87157429027897,94.42054811355537,81.48926592247196,92.28844256128238,74.85537393753268,84.11929554469214,0.5434645771365105,48.936170212765944,93.61702127659574,70.61403508771934,84.64912280701755,81.15942028985508,88.40579710144928,77.77777777777776,86.53198653198653,74.99999999999999,89.16666666666667,70.69748067362363,88.47411887674316,72.07792207792207,80.04722550177095,69.34046345811052,85.02673796791443,70.48872180451127,83.83458646616542,78.64583333333331,91.14583333333333,81.30252100840337,93.69747899159664,74.3710923364561,86.75037245215616,72.53428650503986,87.61224566444966,0.5601805981132107
440.0,83.37178008458285,89.11956939638598,71.59742120343842,80.48710601719198,73.2158988256549,80.90936464920205,67.82434834123224,75.41469194312795,62.7521008403361,68.23529411764706,71.75230985904889,78.83320522471101,77.0244461420932,89.86685583324238,79.8489231758277,90.92039001392908,84.7943595769683,92.45358401880141,87.47183339023557,95.30215090474564,85.50448568268403,95.20093400516161,82.92880959356177,92.74878295517603,77.34055972630533,85.79099408994352,0.527589957895943,48.936170212765944,93.61702127659574,58.11403508771933,84.21052631578947,81.15942028985508,88.40579710144928,79.29292929292926,86.53198653198653,79.16666666666667,90.0,69.33384430998726,88.55306624516422,72.07792207792207,80.04722550177095,69.34046345811052,84.93761140819964,69.17293233082708,83.6466165413534,78.64583333333331,91.015625,81.30252100840337,93.69747899159664,74.10793444171927,86.66891148858413,71.72088937585326,87.61098886687418,0.5602113666467728
441.0,82.85274894271436,88.96578239138793,71.59742120343842,77.53581661891118,74.07407407407406,75.9108702198133,62.4259478672986,70.73459715639811,62.058823529411725,68.02521008403362,70.60180312338743,76.23445529410884,77.25362872421697,89.64312997926443,79.51998285653058,91.14754098360656,84.08930669800237,91.37720329024677,86.6319562990782,95.54114032092865,84.96681823767975,94.61718077915694,82.49233856310157,92.46523907064068,76.5470708432445,84.34984718237476,0.5367619625017639,48.936170212765944,93.61702127659574,58.11403508771933,84.21052631578947,81.15942028985508,88.40579710144928,77.77777777777776,86.53198653198653,79.16666666666667,90.0,69.03081400695696,88.55306624516422,72.07792207792207,80.04722550177095,69.34046345811052,85.11586452762923,70.48872180451127,83.6466165413534,78.64583333333331,91.015625,81.30252100840337,93.69747899159664,74.3710923364561,86.70456211247004,71.70095317170653,87.62881417881712,0.5587345626251675
442.0,78.3352556708958,85.5440215301807,75.243553008596,78.06590257879657,77.32610659439925,85.12496236073471,69.6238151658768,79.29502369668246,67.85714285714285,71.42857142857143,73.67717465938213,79.89169631899318,74.90450725744843,89.82593037214886,78.3692274724097,91.31254687667418,82.07990599294949,94.52878965922444,85.9866848753841,94.85489928303176,87.0130269140961,95.74167383556593,81.67067050245757,93.25276800532905,77.67392258091985,86.57223216216111,0.52329960829581,48.936170212765944,93.61702127659574,58.11403508771933,83.77192982456141,81.15942028985508,88.40579710144928,77.77777777777776,86.19528619528619,74.99999999999999,90.83333333333333,68.19748067362363,88.56467354624519,72.07792207792207,80.04722550177095,69.34046345811052,85.11586452762923,70.48872180451127,83.7406015037594,78.64583333333331,91.015625,81.30252100840337,93.69747899159664,74.3710923364561,86.72335910495124,71.28428650503986,87.64401632559822,0.5572363084396644
443.0,75.20184544405998,85.15955401768551,72.60028653295132,76.99140401146131,76.28726287262872,81.6019271303824,61.8113151658768,64.73637440758293,58.42436974789914,65.21008403361344,68.8650159526832,74.73986872014513,76.46103896103895,88.44810651533341,80.1757205614486,90.64823743705132,83.39012925969452,93.7156286721504,87.47183339023557,95.48310003414136,85.89467862848717,94.87526115275901,82.67868016018096,92.6340667622871,75.77184805643208,83.68696774121611,0.5394477146292321,48.936170212765944,93.61702127659574,58.11403508771933,83.77192982456141,81.15942028985508,88.40579710144928,77.77777777777776,86.53198653198653,74.99999999999999,89.16666666666667,68.19748067362363,88.29868028025194,72.07792207792207,80.04722550177095,69.34046345811052,85.11586452762923,70.48872180451127,83.83458646616542,78.64583333333331,91.14583333333333,81.30252100840337,93.69747899159664,74.3710923364561,86.76819776409911,71.28428650503986,87.53343902217553,0.5568052808969285
444.0,79.37331795463284,84.89042675893887,76.3896848137536,79.45558739255014,70.37037037037034,73.95362842517314,66.9727488151659,77.47334123222748,65.65126050420167,66.47058823529412,71.75147649162487,76.44871440883676,75.51566080977845,88.67183236931136,78.372441872924,91.01896496303439,82.79083431257347,92.74265569917743,88.45339706384432,95.89962444520314,86.13739707508911,94.77694481995822,82.25394622684186,92.6220044593369,77.00271135923336,84.53535943408684,0.5367714811180564,48.936170212765944,93.61702127659574,68.85964912280706,82.89473684210526,81.15942028985508,89.13043478260869,77.77777777777776,86.19528619528619,74.99999999999999,90.83333333333333,70.34660348064116,88.53416248598583,72.07792207792207,80.04722550177095,70.32085561497328,85.11586452762923,70.48872180451127,83.83458646616542,78.64583333333331,91.14583333333333,81.30252100840337,93.90756302521008,74.56717076782866,86.8102145708218,72.45688712423491,87.67218852840381,0.5566823744697122
445.0,67.05113417916188,75.4709727028066,69.24068767908312,79.92836676217765,80.80397470641371,83.10749774164408,63.98844786729859,70.18661137440758,62.7521008403361,69.41176470588235,68.76726905445868,75.62104265738364,76.14591291061879,88.75368329149842,79.02925104468014,90.54323368691739,82.95534665099885,91.08108108108108,87.47183339023557,94.42471833390236,87.4984638073,92.34361558313876,82.62016156076668,91.42926639530761,75.69371530761268,83.52515452634563,0.5526295938164001,48.936170212765944,94.68085106382979,68.85964912280706,82.45614035087719,81.15942028985508,89.13043478260869,77.77777777777776,86.19528619528619,74.99999999999999,90.83333333333333,70.34660348064116,88.65920914518703,72.07792207792207,79.92916174734357,71.30124777183602,84.93761140819964,71.80451127819549,83.55263157894737,78.64583333333331,91.27604166666666,81.30252100840337,93.90756302521008,75.02640709393805,86.72060188527347,72.6865052872896,87.68990551523025,0.555410988229322
446.0,83.71780084582853,88.58131487889274,68.8896848137536,76.91977077363897,79.81029810298101,84.46251129177959,62.75918246445499,67.72808056872039,52.58403361344535,62.26890756302521,69.5521999680927,75.99211701521138,77.33957219251336,90.1806177016261,81.81292189006749,89.76749169613201,85.61104582843716,93.81433607520565,87.66643905769888,96.18299761010583,82.09721027405678,92.54024824874033,82.90543784855474,92.49713826636199,76.22881890832372,84.24462764078669,0.5365106294952744,48.936170212765944,94.68085106382979,68.85964912280706,82.45614035087719,81.15942028985508,89.13043478260869,77.77777777777776,86.19528619528619,74.99999999999999,90.83333333333333,70.34660348064116,88.65920914518703,72.07792207792207,79.92916174734357,72.28163992869877,84.93761140819964,71.80451127819549,83.64661654135338,79.16666666666666,91.015625,81.30252100840337,93.90756302521008,75.32665219197727,86.68731554442135,72.83662783630922,87.67326234480419,0.5547318724422599
447.0,72.08765859284891,80.85351787773934,72.88681948424072,80.5730659025788,70.55103884372174,78.1692261367058,64.22541469194314,66.32109004739337,64.18067226890753,65.25210084033614,68.7863207763324,74.2338001609507,78.61917494270435,89.99508894466878,77.06418086360225,90.41251473266902,85.235017626322,94.03290246768509,88.99283031751452,95.39091840218505,86.86555241489492,93.97812461595183,83.35535123300761,92.76190983263196,76.07083600467001,83.49785499679132,0.5396611000623485,48.936170212765944,94.68085106382979,68.85964912280706,82.45614035087719,81.15942028985508,89.13043478260869,77.77777777777776,86.19528619528619,74.99999999999999,90.83333333333333,70.34660348064116,88.65920914518703,72.07792207792207,79.92916174734357,71.30124777183602,85.02673796791443,71.80451127819549,83.64661654135338,80.72916666666666,91.27604166666666,81.30252100840337,93.90756302521008,75.44307376060472,86.75722418969762,72.89483862062295,87.70821666744233,0.5543404154961894
448.0,83.5447904652057,87.77393310265282,75.6733524355301,83.65329512893983,71.99638663053295,77.35621800662452,69.009182464455,76.5995260663507,67.0378151260504,70.21008403361344,73.45230542435483,79.11861126763627,77.88388082505729,88.89555822328931,79.19532840458587,91.11753991213972,84.14806110458287,94.0352526439483,88.30317514510074,95.45237282348924,88.13137519970506,94.62332554995699,83.53236413580638,92.8248098305647,78.4923347800806,85.9717105491005,0.5199202620237284,48.936170212765944,95.74468085106383,68.85964912280706,82.45614035087719,81.15942028985508,89.13043478260869,77.77777777777776,85.85858585858585,74.99999999999999,90.0,70.34660348064116,88.63796836862711,72.07792207792207,80.04722550177095,72.28163992869877,85.02673796791443,71.80451127819549,83.55263157894737,79.16666666666666,91.27604166666666,81.30252100840337,93.90756302521008,75.32665219197727,86.7620399481019,72.83662783630922,87.70000415836451,0.553978498542713
449.0,73.8177623990773,83.27566320645904,79.0329512893983,81.36103151862464,69.9638663053297,76.48298705209274,64.4623815165877,71.28258293838863,68.50840336134452,77.94117647058823,71.1570729743475,78.06868823723065,77.35867074102367,88.53814252973918,78.54173363334402,90.3160827172399,85.01762632197418,92.62514688601644,88.06418572891772,95.94742232843973,87.40321985989922,94.32837655155464,83.27708725703175,92.35103420259799,77.21708011568963,85.20986121991432,0.5335396546242411,48.936170212765944,95.74468085106383,68.85964912280706,82.45614035087719,81.15942028985508,89.13043478260869,77.77777777777776,85.85858585858585,74.99999999999999,90.83333333333333,70.34660348064116,88.80463503529378,72.07792207792207,79.92916174734357,72.28163992869877,85.02673796791443,71.80451127819549,83.64661654135338,79.16666666666666,91.14583333333334,81.30252100840337,93.90756302521008,75.32665219197727,86.73118252303097,72.83662783630922,87.76790877916238,0.5525275637224302
450.0,90.48442906574395,91.15724721261054,78.10888252149,79.48424068767909,77.32610659439926,79.07256850346282,69.8163507109005,72.9117298578199,59.075630252100794,59.57983193277312,74.9622798289269,76.4411236388691,77.77883880825057,89.015606242497,78.70245365905923,90.43822993678347,82.25029377203293,92.86251468860164,89.48787982246502,96.01911915329464,87.40321985989922,95.20707877596165,83.12453718434139,92.70850975942767,79.04340850663414,84.57481669914839,0.5322146637153764,48.936170212765944,95.74468085106383,56.359649122807056,82.45614035087719,81.15942028985508,89.13043478260869,77.77777777777776,85.85858585858585,74.99999999999999,90.83333333333333,67.84660348064116,88.80463503529378,72.07792207792207,79.92916174734357,71.30124777183602,84.93761140819964,71.80451127819549,83.45864661654136,78.64583333333331,91.14583333333333,81.30252100840337,93.90756302521008,75.02640709393805,86.67576322612561,71.4365052872896,87.7401991307097,0.553738568035442
451.0,73.47174163783163,84.73663975394079,76.676217765043,83.567335243553,74.4805781391147,81.45137006925624,69.95704976303323,74.54087677725119,69.32773109243698,72.56302521008404,72.7826636794919,79.37184941081706,77.44461420932008,88.60635163156171,79.84999464266579,91.91471123968714,85.98707403055234,93.80493537015275,89.44349607374531,96.31273472174804,87.55069435910042,94.43898242595552,84.05517466307677,93.01554307782104,78.41891917128433,86.19369624431906,0.5143574174243298,48.936170212765944,95.74468085106383,58.11403508771933,82.01754385964912,81.15942028985508,89.13043478260869,79.29292929292926,86.19528619528619,79.16666666666667,90.0,69.33384430998726,88.61758913772157,72.07792207792207,79.5749704840614,73.2620320855615,84.93761140819964,70.48872180451127,83.45864661654136,78.64583333333331,91.015625,81.30252100840337,93.90756302521008,75.15540606194631,86.5788833068025,72.24462518596678,87.59823622226203,0.5553652430436505
452.0,79.71933871587854,94.11764705882352,68.1733524355301,77.50716332378224,73.62240289069555,80.78891900030112,66.73578199052135,70.80864928909952,68.55042016806722,76.1344537815126,71.36025924013856,79.87136649070379,75.7257448433919,88.61726508785331,79.35497696346296,91.95756991321119,84.04230317273799,92.68155111633372,88.75384090133151,95.89621031068624,87.01302691409612,94.63561509155709,82.9779785590041,92.75764230392831,77.16911889957133,86.31450439731606,0.516954069605378,48.936170212765944,95.74468085106383,56.359649122807056,82.01754385964912,81.15942028985508,89.13043478260869,77.77777777777776,86.19528619528619,79.16666666666667,90.0,68.6799368139745,88.61758913772157,72.07792207792207,79.33884297520662,74.24242424242425,84.84848484848484,70.48872180451127,83.45864661654136,80.72916666666666,90.88541666666667,81.30252100840337,93.4873949579832,75.76815115998552,86.40375721297654,72.22404398698,87.51067317534905,0.5533362131299472
453.0,78.3352556708958,87.54325259515572,67.45702005730661,76.3323782234957,72.99006323396566,78.50045167118338,66.59508293838866,72.48222748815166,66.42857142857143,81.17647058823529,70.36119866582564,79.20695611324435,80.2139037433155,90.6144275892175,79.52426872388297,90.83895853423337,83.66039952996478,93.38895417156287,87.71935814271083,95.48310003414134,86.38011552169105,94.01499324075212,83.49960913231301,92.86808671398144,76.93040389906932,86.0375214136129,0.5157744389937036,48.936170212765944,95.74468085106383,56.359649122807056,82.01754385964912,81.15942028985508,89.13043478260869,77.77777777777776,85.85858585858585,74.99999999999999,90.0,67.84660348064116,88.5502490703815,72.07792207792207,79.33884297520662,73.2620320855615,85.02673796791443,71.80451127819549,83.45864661654136,78.64583333333331,91.015625,81.30252100840337,93.90756302521008,75.41856395668314,86.5494831169745,71.63258371866215,87.54986609367799,0.550809649953971
454.0,84.0638216070742,86.7358708189158,75.3868194842407,80.74498567335243,80.80397470641371,84.25173140620295,60.485781990521346,67.2245260663507,67.0378151260504,78.0672268907563,73.55564258286007,79.40486817111564,75.8307868601986,88.61726508785333,82.304725168756,91.6532733311904,85.23501762632199,93.02937720329025,89.39057698873336,96.05667463298055,87.8886567531031,96.07349145876859,84.1299526794226,93.08601634281663,78.84279763114134,86.24544225696613,0.5191391806639155,48.936170212765944,95.74468085106383,56.359649122807056,82.01754385964912,81.15942028985508,89.13043478260869,77.77777777777776,85.85858585858585,74.99999999999999,90.83333333333333,67.84660348064116,88.71691573704815,72.07792207792207,79.10271546635184,73.2620320855615,85.02673796791443,71.80451127819549,83.45864661654136,80.72916666666666,90.75520833333334,81.30252100840337,93.4873949579832,75.83523062334982,86.36614066842483,71.84091705199549,87.54152820273649,0.5494189135951142
455.0,80.41138023836987,88.23529411764706,78.3166189111748,83.40974212034385,73.44173441734415,76.57332128876845,60.2488151658768,72.70438388625593,63.44537815126048,72.26890756302521,71.17278537680521,78.6383297952081,75.16233766233766,87.67325111862927,81.48398157077035,90.20250723240115,83.22561692126912,93.2855464159812,88.01126664390577,96.62683509730283,87.74118225390193,96.6510999139732,83.12487701043696,92.88784795565753,77.14883119362108,85.76308887543281,0.5187154778709884,48.936170212765944,94.68085106382979,68.85964912280706,82.01754385964912,78.98550724637681,89.13043478260869,77.77777777777776,85.85858585858585,74.99999999999999,90.83333333333333,69.91182087194552,88.50414977960136,72.07792207792207,79.2207792207792,73.2620320855615,84.93761140819964,71.80451127819549,83.6466165413534,78.64583333333331,90.88541666666666,81.30252100840337,93.90756302521008,75.41856395668314,86.5195973724418,72.66519241431433,87.51187357602157,0.5478574688957388
456.0,79.02729719338717,88.35063437139561,77.17048710601722,85.73065902578797,71.5898825654923,75.60975609756096,64.69934834123224,67.84656398104265,68.46638655462183,73.44537815126051,72.19068035215017,78.19659832540954,75.8307868601986,89.89141110989851,80.33858352084,90.84967320261438,84.20094007050531,92.46768507638072,87.1713895527484,94.80710139979514,88.0361312523043,95.80926631436647,83.11556625131934,92.76502742061106,77.65312330173475,85.48081287301031,0.5273038846597996,48.936170212765944,94.68085106382979,68.85964912280706,82.01754385964912,78.98550724637681,89.13043478260869,77.77777777777776,85.85858585858585,74.99999999999999,90.83333333333333,69.91182087194552,88.50414977960136,72.07792207792207,79.2207792207792,73.2620320855615,85.02673796791443,71.80451127819549,83.6466165413534,78.64583333333331,91.015625,81.30252100840337,93.4873949579832,75.41856395668314,86.47943073760605,72.66519241431433,87.49179025860371,0.5474795971024577
457.0,84.0638216070742,88.42752787389465,75.53008595988541,79.58452722063038,74.43541102077687,82.29448961156278,64.4623815165877,71.8601895734597,67.0798319327731,73.65546218487394,73.11430640741946,79.16443929288428,75.39152024446142,89.19294990723562,81.97364191578268,90.7103825136612,83.17273795534669,92.9635722679201,88.01126664390577,95.67429156708775,88.76428659211011,95.18864446356152,83.46269067032134,92.74596814389324,78.2884985388704,85.95520371838876,0.5208472600210006,48.936170212765944,94.68085106382979,56.359649122807056,82.01754385964912,78.98550724637681,89.13043478260869,77.77777777777776,85.85858585858585,74.99999999999999,90.83333333333333,67.41182087194552,88.50414977960136,72.07792207792207,79.2207792207792,73.2620320855615,85.02673796791443,71.80451127819549,83.6466165413534,78.64583333333331,91.015625,81.30252100840337,93.69747899159664,75.41856395668314,86.52144754432874,71.41519241431433,87.51279866196505,0.5470085897305561
458.0,91.6955017301038,92.57977700884275,77.67908309455589,80.2865329512894,71.36404697380304,79.37368262571513,67.20971563981045,77.99170616113744,66.38655462184873,72.81512605042016,74.86698041202439,80.60936495948098,75.93582887700533,88.52722907344757,80.66859530697522,91.51612557591343,83.93066980023505,93.11633372502938,87.56913622396723,96.65756230795492,85.2617672360821,95.03502519356027,82.67319948885299,92.97045517518112,78.77008995043869,86.78991006733105,0.5119929437481082,48.936170212765944,94.68085106382979,56.359649122807056,82.01754385964912,81.15942028985508,89.13043478260869,77.77777777777776,85.85858585858585,74.99999999999999,90.0,67.84660348064116,88.33748311293469,72.07792207792207,79.2207792207792,71.96969696969698,84.93761140819964,70.48872180451127,83.55263157894737,78.64583333333331,91.015625,81.30252100840337,93.4873949579832,74.8969390387734,86.4428084331819,71.37177125970729,87.3901457730583,0.5476583683575698
459.0,68.26220684352172,81.58400615148021,63.237822349570216,72.87965616045844,74.4805781391147,77.95844625112919,61.100414691943136,69.01658767772511,60.546218487394924,68.8655462184874,65.52544810230894,74.06084849185608,76.04087089381207,89.33482483902651,80.33858352084,90.50037501339334,83.56051703877793,92.02115158636897,86.7821782178218,95.68794810515536,85.94690918028758,95.13948629716111,82.53381177030788,92.53675716822104,74.02962993630841,83.29880283003857,0.5350769629946611,48.936170212765944,93.61702127659574,68.85964912280706,82.01754385964912,78.98550724637681,89.13043478260869,77.77777777777776,85.85858585858585,74.99999999999999,90.83333333333333,69.91182087194552,88.29138382215454,72.07792207792207,79.33884297520662,73.2620320855615,85.02673796791443,71.80451127819549,83.7406015037594,78.64583333333331,91.015625,81.30252100840337,93.4873949579832,75.41856395668314,86.52184048097273,72.66519241431433,87.40661215156364,0.5460397927478713
460.0,91.34948096885813,91.84928873510188,76.3896848137536,83.03724928366762,79.99096657633241,86.14875037639266,67.35041469194316,71.2085308056872,66.38655462184873,70.96638655462185,76.29342033454722,80.64204115109425,76.25095492742551,89.41394739714067,79.35604843030106,90.18964963034394,82.96122209165691,93.46886016451234,88.31171048139296,96.14885626493684,85.5997296300848,93.85522919995083,82.49593311217225,92.61530853137693,79.39467672335974,86.62867484123558,0.5139282090515921,48.936170212765944,93.61702127659574,56.359649122807056,82.01754385964912,81.15942028985508,89.13043478260869,77.77777777777776,85.85858585858585,74.99999999999999,90.0,67.84660348064116,88.12471715548789,72.07792207792207,79.2207792207792,71.96969696969698,84.93761140819964,71.80451127819549,83.7406015037594,78.64583333333331,91.27604166666666,81.30252100840337,93.4873949579832,75.16009693351025,86.53248575147762,71.5033502070757,87.32860145348275,0.5456578713845535
461.0,86.83198769703961,92.50288350634371,80.0358166189112,87.10601719197709,72.80939476061425,78.98223426678712,66.63951421800948,72.48222748815165,64.22268907563023,72.39495798319328,74.10788047404097,80.69366408729056,77.5496562261268,90.04419949798101,80.83038679952853,90.3117968498875,86.05170387779086,92.71915393654525,89.04574940252647,95.58210993513144,85.74720412928598,94.85682684035885,83.84494008705173,92.70281741198082,78.97641028054635,86.69824074963569,0.5080135429179297,48.936170212765944,93.61702127659574,56.359649122807056,82.01754385964912,81.15942028985508,89.13043478260869,79.29292929292926,85.85858585858585,79.16666666666667,90.0,68.9829671170048,88.12471715548789,72.07792207792207,79.2207792207792,71.96969696969698,85.11586452762923,70.48872180451127,83.7406015037594,79.16666666666666,91.14583333333333,81.30252100840337,93.69747899159664,75.00110570544007,86.58411151541956,71.99203641122244,87.35441433545373,0.5455092837772296
462.0,85.79392541330259,91.54171472510572,72.53581661891121,83.33810888252148,74.8419150858175,83.98072869617586,66.35811611374409,72.37855450236967,65.65126050420166,75.67226890756302,73.03620674719541,81.38227514274715,78.07486631016043,90.00873076503328,82.46758812814741,91.6468445301618,83.3901292596945,93.51351351351352,88.85114373506316,96.23762376237623,86.77030846749416,93.87980828315105,83.91080718011193,93.05730417084717,78.47350696365368,87.21978965679716,0.5002331892480408,48.936170212765944,93.61702127659574,56.359649122807056,82.01754385964912,81.15942028985508,89.13043478260869,77.77777777777776,85.85858585858585,74.99999999999999,90.0,67.84660348064116,88.12471715548789,72.07792207792207,79.33884297520662,71.96969696969698,85.11586452762923,70.48872180451127,83.6466165413534,77.60416666666666,91.14583333333333,83.40336134453781,93.69747899159664,75.10877377266696,86.58892727382384,71.47768862665407,87.35682221465586,0.5434527162506919
463.0,73.64475201845445,88.81199538638985,77.3925501432665,83.82521489971346,70.95754290876239,81.36103583258054,68.1131516587678,78.76184834123222,65.77731092436973,73.65546218487395,71.17706153072416,81.28311132895801,77.00534759358288,90.47528102149951,79.52319725704487,90.43822993678346,83.66039952996478,91.475910693302,86.72925913280984,94.55445544554456,84.19564950227357,94.00270369915202,82.22277060313519,92.18931615925631,76.69991606692967,86.73621374410716,0.5095495152503695,48.936170212765944,93.61702127659574,56.359649122807056,82.01754385964912,81.15942028985508,89.13043478260869,77.77777777777776,85.85858585858585,74.99999999999999,90.83333333333333,67.84660348064116,88.29138382215454,72.07792207792207,79.456906729634,71.96969696969698,85.20499108734403,71.80451127819549,83.6466165413534,79.16666666666666,91.14583333333333,84.87394957983193,93.69747899159664,75.97854931446261,86.63036533665228,71.91257639755189,87.46087457940341,0.5410698266343857
464.0,82.85274894271436,92.23375624759707,75.3868194842407,83.89684813753581,75.24841915085815,84.13128575730201,62.522215639810454,72.24526066350711,55.483193277310896,61.26050420168067,70.29867929898691,78.75353100152452,77.6355996944232,89.83684382844046,78.70245365905923,90.36537019179256,83.83078730904822,93.21739130434783,88.99283031751452,95.44554455445544,84.14341895047315,93.56028020154848,82.66101798610366,92.48508601611695,76.47984864254528,85.61930850882074,0.5166711176150081,48.936170212765944,94.68085106382979,56.359649122807056,82.01754385964912,78.98550724637681,89.85507246376811,77.77777777777776,85.85858585858585,74.99999999999999,90.83333333333333,67.41182087194552,88.64907731583324,72.07792207792207,79.33884297520662,71.96969696969698,85.11586452762923,71.80451127819549,83.7406015037594,77.60416666666666,91.14583333333333,83.40336134453781,93.69747899159664,75.3719316674038,86.60772426630504,71.39187626967467,87.62840079106914,0.5401228950323549
465.0,85.62091503267975,90.11918492887351,73.3166189111748,81.17478510028653,76.69376693766935,82.86660644384222,66.0767180094787,68.2760663507109,66.38655462184873,73.15126050420169,73.61891470257027,79.11758066558296,76.37509549274255,89.69224053257668,80.99860709311044,91.03182256509162,85.28789659224444,93.95064629847238,88.64800273130761,95.92010925230456,89.49244193191595,95.98131989676784,84.1604087682642,93.3152277090426,78.88966173541723,86.21640418731278,0.5048729421840654,48.936170212765944,94.68085106382979,56.359649122807056,82.01754385964912,78.98550724637681,89.85507246376811,77.77777777777776,85.85858585858585,74.99999999999999,90.83333333333333,67.41182087194552,88.64907731583324,72.07792207792207,79.2207792207792,71.96969696969698,85.11586452762923,71.80451127819549,83.6466165413534,79.16666666666666,91.27604166666666,81.30252100840337,93.69747899159664,75.2642636001769,86.59135618960504,71.33804223606121,87.62021675271913,0.5392161627808442
466.0,85.62091503267973,90.81122645136485,74.46275071633241,83.49570200573065,77.32610659439926,85.12496236073471,61.8113151658768,75.54798578199053,56.21848739495795,65.0,71.08791498084923,79.99597531996415,75.87853323147439,89.71133908108698,79.68606021643629,90.44465873781206,85.55816686251471,93.11868390129258,90.92010925230454,96.50734038921132,86.91778296669536,93.3882266191471,83.79213050588507,92.63404974571002,77.44002274336715,86.31501253283707,0.5037379942643914,48.936170212765944,94.68085106382979,56.359649122807056,82.01754385964912,78.98550724637681,89.85507246376811,77.77777777777776,85.85858585858585,74.99999999999999,91.66666666666667,67.41182087194552,88.81574398249992,72.07792207792207,79.33884297520662,71.96969696969698,85.02673796791443,71.80451127819549,83.7406015037594,78.64583333333331,91.27604166666667,81.30252100840337,93.90756302521008,75.16009693351025,86.65795742775144,71.28595890272788,87.73685070512568,0.5381452212829492
467.0,85.96693579392542,94.11764705882352,74.46275071633241,78.1948424068768,72.35772357723576,82.56549232158989,69.24614928909955,73.37085308056872,68.50840336134453,75.3361344537815,74.10839254758753,80.71699386432809,79.02024446142093,88.99105096584088,78.70352512589733,89.450337512054,85.235017626322,93.60752056404232,87.81666097644248,95.57869580061453,85.01904878948014,93.36979230674697,83.15889939591258,92.19947942985975,78.63364597175006,86.45823664709391,0.5131778612255758,48.936170212765944,94.68085106382979,56.359649122807056,82.01754385964912,78.98550724637681,89.85507246376811,77.77777777777776,85.85858585858585,74.99999999999999,91.66666666666667,67.41182087194552,88.81574398249992,72.07792207792207,79.2207792207792,71.96969696969698,85.20499108734403,71.80451127819549,83.83458646616542,78.64583333333331,91.27604166666667,81.30252100840337,93.90756302521008,75.16009693351025,86.68879229323309,71.28595890272788,87.75226813786651,0.5365797838393331
468.0,93.0795847750865,95.77085736255286,78.1733524355301,84.46991404011462,67.47967479674794,79.67479674796748,64.08471563981045,71.60841232227489,66.38655462184873,73.57142857142858,73.84077645380475,81.0190818088677,78.0557677616501,89.83411546436756,79.35604843030106,89.59819993571199,81.70975323149237,92.0235017626322,86.92386480027314,95.38067599863436,88.81651714391052,94.34066609315472,82.97239027352543,92.23543185090016,78.40658336366509,86.62725682988392,0.5069556670646953,48.936170212765944,94.68085106382979,56.359649122807056,82.01754385964912,78.98550724637681,89.85507246376811,77.77777777777776,85.85858585858585,74.99999999999999,90.83333333333333,67.41182087194552,88.64907731583324,72.07792207792207,79.33884297520662,71.96969696969698,85.11586452762923,71.80451127819549,83.7406015037594,78.64583333333331,91.40625,81.30252100840337,93.90756302521008,75.16009693351025,86.70182440636107,71.28595890272788,87.67545086109715,0.5364146494439301
469.0,91.34948096885813,95.57862360630527,79.7492836676218,83.22349570200572,74.25474254742545,81.75248419150857,67.30598341232229,73.01540284360189,62.7521008403361,72.85714285714285,75.08231828731275,81.28542984011287,75.79258976317799,88.45356324347921,79.84999464266579,91.41969356048432,83.98354876615748,92.1997649823737,88.89552748378287,96.86241037896893,85.74720412928598,95.37298758756299,82.85377295701402,92.86168395057383,78.96804562216337,87.07355689534336,0.5061650737862824,48.936170212765944,94.68085106382979,56.359649122807056,82.01754385964912,78.98550724637681,89.85507246376811,77.77777777777776,85.85858585858585,74.99999999999999,90.83333333333333,67.41182087194552,88.64907731583324,72.07792207792207,79.2207792207792,71.96969696969698,85.11586452762923,71.80451127819549,83.6466165413534,78.64583333333331,91.27604166666667,81.30252100840337,93.69747899159664,75.16009693351025,86.59135618960504,71.28595890272788,87.62021675271913,0.5354056094573914
470.0,87.17800845828529,94.80968858131487,67.60028653295132,81.79083094555875,77.32610659439926,84.73351400180668,65.1288507109005,73.74111374407583,65.65126050420166,76.34453781512605,72.5769025601476,82.28393701757645,78.07486631016043,89.27480082942267,80.01392906889528,92.50187506696669,85.12925969447711,93.0716803760282,88.35609423011267,96.52441106179583,85.2617672360821,93.58485928474867,83.36718330794551,92.99152532379242,77.97204293404656,87.63773117068443,0.49824903621228395,48.936170212765944,94.68085106382979,57.2368421052632,82.01754385964912,83.33333333333334,89.85507246376811,77.77777777777776,85.18518518518518,79.16666666666667,90.0,69.2901580191614,88.34773051448644,72.07792207792207,79.33884297520662,71.96969696969698,85.11586452762923,71.80451127819549,83.6466165413534,80.72916666666666,91.27604166666667,84.87394957983193,93.90756302521008,76.29104931446261,86.65698574721321,72.790603666812,87.50235813084983,0.5370030076153618
471.0,80.41138023836987,91.34948096885813,72.5358166189112,82.621776504298,73.2158988256549,78.3498946100572,67.30598341232229,71.84537914691943,62.79411764705879,70.50420168067227,71.25263934846342,78.934146582161,78.16080977845684,90.47528102149951,78.54066216650591,90.7853851923283,85.01175088131612,92.74735605170387,89.4434960737453,95.97132127005803,86.6750645200934,95.14563106796116,83.5663566840235,93.02499492071017,77.40949801624346,85.97957075143559,0.513668488796234,48.936170212765944,94.68085106382979,56.359649122807056,82.01754385964912,78.98550724637681,89.85507246376811,77.77777777777776,85.85858585858585,74.99999999999999,90.83333333333333,67.41182087194552,88.64907731583324,72.07792207792207,79.2207792207792,71.96969696969698,85.11586452762923,71.80451127819549,83.6466165413534,78.64583333333331,91.14583333333334,81.30252100840337,93.69747899159664,75.16009693351025,86.56531452293837,71.28595890272788,87.6071959193858,0.5349338114658294
472.0,87.00499807766244,88.58131487889274,78.1733524355301,82.97994269340974,74.0289069557362,81.36103583258055,64.55864928909955,74.64454976303317,60.54621848739493,71.55462184873949,72.86242504908464,79.82429300333114,76.2318563789152,90.1860744297719,78.54066216650591,90.65252330440373,84.63572267920098,93.01997649823737,87.91396381017414,96.17616934107204,90.03010937692025,95.40371144156325,83.4704628823433,93.08769100300965,78.16644396571397,86.4559920031704,0.5041029322456883,48.936170212765944,94.68085106382979,56.359649122807056,82.01754385964912,78.98550724637681,89.85507246376811,77.77777777777776,85.18518518518518,74.99999999999999,90.83333333333333,67.41182087194552,88.5143971811531,72.07792207792207,79.22077922077922,71.96969696969698,85.20499108734403,71.80451127819549,83.6466165413534,78.64583333333331,91.14583333333334,81.30252100840337,93.69747899159664,75.16009693351025,86.58313983488134,71.28595890272788,87.54876850801722,0.5342794291666789
473.0,85.62091503267973,93.92541330257593,73.3166189111748,84.48424068767908,76.91960252935861,84.64317976513098,68.6759478672986,77.91765402843602,65.60924369747897,72.05882352941177,74.02846560759814,82.60586226264675,78.58097784568372,89.49034159118192,81.97792778313509,91.24825886638808,83.66627497062284,92.50528789659225,89.487879822465,95.72550358484125,87.25574536069806,94.1870468231535,84.19376115652094,92.63128775243139,79.11111338205953,87.61857500753908,0.49524211199674073,48.936170212765944,94.68085106382979,57.2368421052632,82.01754385964912,83.33333333333334,89.85507246376811,77.77777777777776,84.84848484848484,79.16666666666667,90.0,69.2901580191614,88.28039044714637,72.72727272727273,79.22077922077922,72.95008912655973,85.11586452762923,74.43609022556392,83.45864661654136,77.60416666666666,91.015625,83.40336134453781,93.4873949579832,76.22419601812018,86.4596620645866,72.75717701864079,87.37002625586649,0.5350067543809814
474.0,85.27489427143406,91.6955017301038,77.82234957020059,86.36103151862464,80.80397470641371,86.47997591087022,58.07168246445499,66.83945497630333,66.4285714285714,77.22689075630252,73.68029448821494,81.7205709784409,78.26585179526356,89.60220451817091,81.32647594556947,90.3739419264974,84.3654524089307,94.00235017626322,87.02116763400478,95.80061454421303,89.30195403711441,95.37913235836302,84.05618036417658,93.03164870470152,78.86823742619576,87.3761098415712,0.4938470523958846,48.936170212765944,94.68085106382979,57.2368421052632,82.01754385964912,83.33333333333334,89.85507246376811,79.29292929292926,84.84848484848484,79.16666666666667,90.0,69.5931883221917,88.28039044714637,72.72727272727273,79.22077922077922,72.95008912655973,85.11586452762923,74.43609022556392,83.55263157894737,77.60416666666666,91.14583333333333,83.40336134453781,93.4873949579832,76.22419601812018,86.50450072373448,72.90869217015594,87.39244558544043,0.5357105057052344
475.0,92.21453287197232,96.96270665128796,74.74928366762181,81.6189111747851,75.42908762420956,82.83649503161698,65.50651658767775,72.85248815165876,65.69327731092436,71.5126050420168,74.71853961248117,81.15664121027312,75.70664629488158,89.6158463385354,78.69816779170684,90.56680595735563,83.17861339600474,92.77320799059929,89.33765790372142,96.28200751109594,85.2617672360821,94.5250092171562,82.43657052447934,92.75257540294851,78.57755506848025,86.95460830661082,0.5018046750057169,48.936170212765944,94.68085106382979,56.359649122807056,82.01754385964912,78.98550724637681,89.85507246376811,77.77777777777776,85.52188552188551,74.99999999999999,90.83333333333333,67.41182087194552,88.58173724849317,72.07792207792207,79.22077922077922,72.95008912655973,84.93761140819964,71.80451127819549,83.55263157894737,78.64583333333331,91.015625,81.30252100840337,93.4873949579832,75.3561753648828,86.4428084331819,71.38399811841415,87.51227284083754,0.533112515888082
476.0,90.83044982698964,92.73356401384083,83.45988538681951,88.35243553008597,79.35862691960251,84.01084010840107,64.321682464455,73.13388625592417,57.64705882352937,68.94957983193278,75.12354068427922,81.43606114803696,75.49656226126812,89.28571428571428,80.67073824065143,90.77895639129969,84.4242068155112,91.99059929494712,88.30317514510074,96.12154318880164,89.30195403711443,94.68477325795747,83.63932729992919,92.57231728374404,79.3814339921042,87.0041892158905,0.4974287623959538,48.936170212765944,93.61702127659574,56.359649122807056,82.45614035087718,78.98550724637681,89.85507246376811,77.77777777777776,85.18518518518518,74.99999999999999,90.83333333333333,67.41182087194552,88.38935052195191,72.07792207792207,79.22077922077922,71.96969696969698,85.11586452762923,71.80451127819549,83.6466165413534,78.64583333333331,90.88541666666667,81.30252100840337,93.27731092436974,75.16009693351025,86.42919757615967,71.28595890272788,87.4092740490558,0.5322190093078955
477.0,92.73356401384085,94.34832756632065,75.8166189111748,79.41260744985674,75.06775067750675,85.54652213188798,64.9363151658768,70.20142180094786,66.4705882352941,67.35294117647058,75.00496740073865,79.37236402509674,76.40374331550802,88.91738513587254,79.85106610950389,91.68970320368585,85.07638072855467,93.12103407755582,89.29327415500173,95.78695800614544,83.51050755806808,93.87366351235099,82.82699437332727,92.67774878712211,78.91598088703296,86.02505640610943,0.5050639826717871,48.936170212765944,93.61702127659574,56.359649122807056,82.45614035087718,78.98550724637681,89.85507246376811,77.77777777777776,84.84848484848484,74.99999999999999,90.83333333333333,67.41182087194552,88.32201045461184,72.07792207792207,79.22077922077922,72.95008912655973,85.11586452762923,74.43609022556392,83.64661654135338,80.72916666666666,91.015625,81.30252100840337,93.4873949579832,76.29915782102314,86.49725604954901,71.85548934648433,87.40963325208043,0.5304963924303601
478.0,87.00499807766245,94.30988081507112,77.1060171919771,82.02005730659026,74.43541102077684,82.65582655826557,64.55864928909955,71.48992890995261,67.20588235294116,72.22689075630252,74.06219158649142,80.54051686923641,76.40374331550802,88.27349121466769,80.67180970748952,91.01253616200579,84.04817861339605,91.74383078730905,88.55069989757597,95.55821099351314,87.5506943591004,95.14563106796116,83.44502517861399,92.34674004509137,78.7536083825527,86.4436284571639,0.5035829950420504,48.936170212765944,93.61702127659574,56.359649122807056,82.45614035087718,81.15942028985508,89.85507246376811,77.77777777777776,84.84848484848484,74.99999999999999,90.0,67.84660348064116,88.15534378794518,72.72727272727273,79.22077922077922,72.95008912655973,85.20499108734403,74.43609022556392,83.64661654135338,79.16666666666666,91.015625,83.40336134453781,93.4873949579832,76.53669601812018,86.51508136149197,72.19164974938067,87.33521257471858,0.5301313590136687
479.0,81.27643214148405,92.34909650134564,78.88968481375362,87.50716332378224,79.94579945799455,87.17253839205058,68.15758293838866,74.62973933649289,62.71008403361342,68.8655462184874,74.19591667704687,82.10481675443175,77.82658517952635,90.21062970642802,80.18214936247719,90.98253509053895,83.5546415981199,91.99529964747357,86.82656196654148,95.90986684875384,86.91778296669534,94.83224775715865,83.06154421467204,92.78611581007061,78.62873044585945,87.44546628225118,0.4858298516155065,48.936170212765944,93.61702127659574,56.359649122807056,82.45614035087718,81.15942028985508,89.85507246376811,77.77777777777776,84.5117845117845,79.16666666666667,90.0,68.6799368139745,88.08800372060512,72.72727272727273,79.33884297520662,72.95008912655973,85.38324420677361,74.43609022556392,83.74060150375941,77.60416666666666,91.015625,83.40336134453781,93.4873949579832,76.22419601812018,86.59314172874457,72.45206641604734,87.34057272467484,0.5281881734966949
480.0,87.00499807766244,94.34832756632065,75.46561604584528,85.80229226361031,80.80397470641371,89.55133995784402,68.77221563981045,77.51777251184834,62.71008403361342,72.73109243697479,74.95137770066906,83.99016494731961,77.6355996944232,90.37160318672925,79.85213757634199,90.51537554912676,83.18448883666278,92.80611045828438,89.04574940252647,95.79720040969613,89.54467248371635,93.77534717955021,83.85252959873415,92.65312735667735,79.4019536497016,88.32164615199848,0.4822846705328604,48.936170212765944,93.61702127659574,57.2368421052632,82.45614035087718,83.33333333333334,89.85507246376811,79.29292929292926,84.5117845117845,83.33333333333334,90.0,70.42652165552502,88.08800372060512,73.37662337662337,79.33884297520662,72.95008912655973,85.38324420677361,73.12030075187971,83.7406015037594,77.60416666666666,91.015625,83.40336134453781,93.27731092436974,76.09090825325346,86.55112492202188,73.25871495438923,87.31956432131349,0.5313683917403713
481.0,87.35101883890813,91.46482122260669,76.2464183381089,85.65902578796562,76.69376693766935,82.62571514604035,66.0767180094787,74.51125592417061,69.32773109243698,77.10084033613444,75.1391306433204,82.27233168338356,77.1772345301757,90.24337007530285,80.01500053573339,90.67395264116577,83.60752056404233,93.57931844888367,86.72072379651759,95.76647319904403,86.52759002089223,94.29150792675432,82.80961388947223,92.91092445823013,78.97437226639632,87.59162807080685,0.49035386393242825,48.936170212765944,93.61702127659574,57.2368421052632,82.45614035087718,83.33333333333334,89.85507246376811,79.29292929292926,84.5117845117845,83.33333333333334,90.0,70.42652165552502,88.08800372060512,72.07792207792207,79.33884297520662,72.95008912655973,85.38324420677361,74.43609022556392,83.7406015037594,77.60416666666666,91.14583333333333,83.40336134453781,93.69747899159664,76.09432588825004,86.66120020213393,73.26042377188753,87.37460196136952,0.5284261361275839
482.0,91.34948096885813,92.81045751633987,81.3252148997135,88.43839541547278,79.76513098464316,84.43239987955435,67.7799170616114,73.26718009478674,62.7521008403361,64.15966386554622,76.59436895103246,80.62161935434,80.50993124522535,90.84906689948707,80.99753562627234,91.16468445301619,83.23149236192717,93.85428907168038,89.88562649368384,95.99180607715944,87.4984638073,94.88755069435909,84.42460990688173,93.34947943914044,80.5094894289571,86.98554939674023,0.4946565712335198,48.936170212765944,93.61702127659574,56.359649122807056,82.45614035087718,78.98550724637681,89.85507246376811,77.77777777777776,84.84848484848484,74.99999999999999,92.5,67.41182087194552,88.65534378794518,74.02597402597402,79.456906729634,72.95008912655973,85.47237076648841,74.43609022556392,83.83458646616542,79.16666666666666,91.14583333333333,84.87394957983193,93.4873949579832,77.09055392491925,86.67941845072087,72.25118739843239,87.66738111933303,0.5235835333718007
483.0,93.59861591695504,97.77008842752787,78.8896848137536,84.82808022922636,82.02348690153566,82.65582655826557,65.50651658767775,73.90402843601896,62.71008403361342,72.60504201680672,76.5456776507071,82.3526131335691,78.54278074866309,90.71264869584196,80.18000642880101,90.69538197792778,85.61692126909522,93.30669800235017,89.39057698873336,95.88938204165244,85.01904878948015,93.4496743271476,83.74986684495457,92.81075700898398,80.14777224783083,87.58168507127654,0.4841138784468561,48.936170212765944,93.61702127659574,57.2368421052632,82.45614035087718,83.33333333333334,89.85507246376811,79.29292929292926,84.5117845117845,83.33333333333334,91.66666666666667,70.42652165552502,88.42133705393846,73.37662337662337,79.456906729634,72.95008912655973,85.47237076648841,74.43609022556392,83.83458646616542,77.60416666666666,91.27604166666666,83.40336134453781,93.4873949579832,76.3540661479903,86.70546011738753,73.39029390175766,87.563398585663,0.5261257562093646
484.0,80.93041138023838,90.81122645136487,75.46561604584528,83.4813753581662,78.50045167118337,85.27551942186088,67.82434834123224,74.54087677725119,67.16386554621847,71.34453781512605,73.97693859694354,81.09070716475384,80.82505729564552,91.01276874386119,82.14293367620269,90.55609128897461,84.85898942420683,94.28202115158638,90.76988733356094,96.01570501877774,87.25574536069804,95.74781860636598,85.17052261806279,93.52288096191317,79.57373060750317,87.30679406333351,0.4878150491507076,48.936170212765944,92.5531914893617,56.359649122807056,82.45614035087718,78.98550724637681,89.85507246376811,77.77777777777776,84.84848484848484,74.99999999999999,92.5,67.41182087194552,88.44257783049837,74.02597402597402,79.5749704840614,72.95008912655973,85.56149732620322,74.43609022556392,84.11654135338347,77.08333333333331,91.14583333333333,81.30252100840337,93.4873949579832,75.95960154396687,86.77724749099292,71.68571120795619,87.60991266074564,0.5240045808952775
485.0,79.54632833525567,88.35063437139561,72.96561604584528,83.00859598853869,79.3586269196025,85.09485094850947,67.40225118483414,76.85130331753555,66.38655462184873,77.89915966386555,73.13187542147726,82.24090885796898,79.31627196333078,90.68263669104006,80.34394085503051,90.50037501339334,83.71327849588724,92.60634547591069,88.74530556503927,96.32297712529872,85.40924173528327,94.94899840235959,83.50560772291422,93.01226654160048,78.31874157219573,87.62658769978472,0.48785154766421956,48.936170212765944,92.5531914893617,56.359649122807056,82.45614035087718,78.98550724637681,89.85507246376811,77.77777777777776,85.18518518518519,74.99999999999999,92.5,67.41182087194552,88.50991789783843,73.37662337662336,79.5749704840614,72.95008912655973,85.56149732620322,73.12030075187971,83.83458646616542,78.64583333333331,91.14583333333333,81.30252100840337,93.4873949579832,75.87907351935989,86.72085651354931,71.64544719565271,87.61538720569388,0.5234929958290758
486.0,86.83198769703961,91.0803537101115,73.39541547277938,82.50716332378222,75.6549232158988,83.13760915386932,63.136848341232245,67.74289099526067,68.55042016806722,75.33613445378151,73.51391897900345,79.96083032736105,78.91520244461421,89.85867074102369,80.34179792135431,91.23325833065466,86.32197414806113,93.72972972972973,89.78832365995221,95.86206896551724,87.64593830650117,94.4266928843554,84.60264729609659,93.02208413025616,79.05828313755002,86.4914572288086,0.4970635491065685,48.936170212765944,92.5531914893617,56.359649122807056,82.45614035087718,81.15942028985508,89.85507246376811,77.77777777777776,84.84848484848484,83.33333333333334,91.66666666666667,69.51327014730785,88.2759111638317,74.67532467532467,79.456906729634,72.95008912655973,85.56149732620322,74.43609022556392,83.83458646616542,77.08333333333331,91.01562499999999,81.30252100840337,93.06722689075629,76.08947167383701,86.58716848255179,72.80137091057243,87.43153982319174,0.5242348605344901
487.0,88.38908112264515,93.34871203383314,79.7492836676218,84.15472779369625,79.17795844625111,85.87774766636555,68.63151658767775,78.05094786729858,69.32773109243698,72.85714285714285,77.05511418332657,82.85785564366728,74.9331550802139,88.69638764596748,80.01392906889528,92.21472195435551,84.64159811985901,92.20681551116334,89.39057698873337,96.42540116080575,87.16050141329728,94.0395723239523,83.22795213419977,92.71657971924887,80.14153315876317,87.78721768145807,0.4822912238960187,48.936170212765944,92.5531914893617,57.2368421052632,82.45614035087718,83.33333333333334,89.85507246376811,79.29292929292926,84.84848484848484,83.33333333333334,90.83333333333333,70.42652165552502,88.10924449716502,74.02597402597402,79.33884297520662,72.95008912655973,85.38324420677361,74.43609022556392,83.92857142857143,77.60416666666666,91.015625,83.40336134453781,93.4873949579832,76.48393627786044,86.63073571370697,73.45522896669273,87.36999010543599,0.5286293010136724
488.0,91.6955017301038,95.42483660130719,79.7492836676218,88.36676217765043,76.4679313459801,85.99819331526648,69.8163507109005,77.0882701421801,65.56722689075627,70.04201680672269,76.65925886907249,83.38401580862538,76.25095492742551,90.39343009931245,80.99860709311044,91.1882567234544,84.25969447708582,94.17626321974149,86.72072379651759,95.05291908501195,88.42632419810741,95.11490721396092,83.33126089844936,93.18515526829624,79.99525988376092,88.28458553846082,0.4810944756794386,48.936170212765944,92.5531914893617,57.2368421052632,82.45614035087718,83.33333333333334,89.85507246376811,79.29292929292926,84.84848484848484,83.33333333333334,90.83333333333333,70.42652165552502,88.10924449716502,74.02597402597402,79.456906729634,72.95008912655973,85.29411764705883,74.43609022556392,83.83458646616542,77.60416666666666,91.015625,83.40336134453781,93.4873949579832,76.48393627786044,86.6177261601683,73.45522896669273,87.36348532866666,0.5272266070186432
489.0,81.10342176086122,91.15724721261054,81.24641833810891,84.58452722063038,73.39656729900629,83.46883468834689,65.83975118483414,75.45912322274881,63.44537815126047,75.29411764705883,73.00630734681421,81.9927699982791,78.14171122994651,90.14242060460549,83.12439729990353,93.02903675131256,85.24089306698004,93.31609870740306,87.21577330146808,94.87879822465005,87.30797591249846,94.66019417475728,84.20615016215933,93.20530969254568,78.60622875448678,87.59903984541239,0.478916365183494,48.936170212765944,93.61702127659575,57.2368421052632,82.45614035087718,81.15942028985508,89.85507246376811,79.29292929292926,84.84848484848484,83.33333333333334,91.66666666666667,69.99173904682937,88.48867712127853,74.02597402597402,79.33884297520662,72.95008912655973,85.38324420677361,74.43609022556392,83.74060150375941,78.64583333333331,91.01562499999999,81.30252100840337,93.4873949579832,76.27210154396687,86.59314172874457,73.13192029539812,87.54090942501155,0.5252694402094656
490.0,86.3129565551711,92.50288350634371,72.1060171919771,83.89684813753581,73.80307136404696,79.52423968684131,69.6756516587678,78.77665876777252,72.8781512605042,75.3781512605042,74.95516960609343,82.01575627179952,78.49503437738731,90.54076175924915,81.65005893067607,91.15396978463517,85.2937720329025,93.9623971797885,88.40901331512462,96.03618982587913,84.7240997910778,94.20548113555365,83.71439568943367,93.17975993702113,79.33478264776355,87.59775810441033,0.4874979515009381,48.936170212765944,92.5531914893617,57.2368421052632,82.45614035087718,81.15942028985508,89.85507246376811,79.29292929292926,84.84848484848484,83.33333333333334,90.83333333333333,69.99173904682937,88.10924449716502,74.02597402597402,79.33884297520662,72.95008912655973,85.47237076648841,74.43609022556392,83.74060150375941,77.60416666666666,90.88541666666667,84.87394957983193,93.06722689075629,76.77805392491925,86.50089176057548,73.38489648587431,87.30506812887026,0.5244432698141951
491.0,85.96693579392542,95.27104959630911,75.60888252148999,85.40114613180516,77.50677506775065,81.87292984040951,70.05331753554505,79.39869668246445,69.32773109243698,77.52100840336135,75.69272840222962,83.89296613086991,78.79106187929716,91.23103786969334,80.50573234758382,91.12396871316832,85.72267920094009,93.45005875440657,86.62342096278593,95.47285763059065,88.52156814550818,95.32382942116259,84.03289250722304,93.3203504778043,79.86281045472633,88.6066583043371,0.4685995225825419,48.936170212765944,92.5531914893617,57.2368421052632,82.45614035087718,83.33333333333334,89.85507246376811,79.29292929292926,84.84848484848484,83.33333333333334,90.83333333333333,70.42652165552502,88.10924449716502,74.02597402597402,79.33884297520662,72.95008912655973,85.47237076648841,74.43609022556392,83.74060150375941,77.60416666666666,91.015625,83.40336134453781,93.06722689075629,76.48393627786044,86.52693342724214,73.45522896669273,87.31808896220357,0.5285261969159186
492.0,82.14148404459823,92.61822376009226,72.8223495702006,82.69340974212035,79.13279132791327,88.82866606443842,70.1495853080569,74.39277251184835,68.5924369747899,71.38655462184875,74.56772944511178,81.98392534006963,76.44194041252864,90.98548510313216,80.0128576020572,90.60966463087968,83.71327849588721,92.60634547591069,88.40047797883237,95.38409013315126,85.40924173528327,94.36524517635492,82.79555924491774,92.79016610388575,78.68164434501476,87.3870457219777,0.48554504023573025,48.936170212765944,92.5531914893617,57.2368421052632,82.45614035087718,83.33333333333334,89.85507246376811,79.29292929292926,84.84848484848484,83.33333333333334,90.83333333333333,70.42652165552502,88.10924449716502,74.02597402597402,79.2207792207792,72.95008912655973,85.47237076648841,74.43609022556392,84.11654135338347,77.60416666666666,91.015625,83.40336134453781,93.27731092436974,76.48393627786044,86.62052545300416,73.45522896669273,87.36488497508459,0.5254091794138432
493.0,88.04306036139947,94.80968858131487,73.10888252148999,83.49570200573065,78.0939476061427,84.49262270400482,69.2017180094787,79.02843601895735,65.77731092436973,74.15966386554622,74.84498388457611,83.19722263511078,78.24675324675323,89.00742115027829,80.83252973320474,91.2568306010929,83.71327849588721,93.68272620446534,89.88562649368384,97.15944008193922,86.38011552169105,95.876858793167,83.81166069824401,93.39665536618855,79.32832229141006,88.29693900064967,0.47669371160263607,48.936170212765944,92.5531914893617,57.2368421052632,82.45614035087718,83.33333333333334,89.85507246376811,79.29292929292926,84.84848484848484,83.33333333333334,90.83333333333333,70.42652165552502,88.10924449716502,74.02597402597402,79.2207792207792,72.95008912655973,85.47237076648841,74.43609022556392,83.92857142857143,77.08333333333331,90.75520833333334,81.30252100840337,93.27731092436974,75.95960154396687,86.53084813470844,73.19306159974595,87.32004631593674,0.5253791515247503
494.0,92.560553633218,96.92425990003845,74.60601719197712,85.38681948424069,73.39656729900629,79.52423968684131,66.59508293838866,75.25177725118483,63.57142857142855,71.5546218487395,74.14592992680373,81.72834363420895,79.40221543162718,91.50387427698352,81.16039858566376,91.99614271938283,85.51116333725032,93.77673325499411,89.04574940252647,94.98122226015705,88.27884969890623,95.1149072139609,84.6796752911948,93.47457594509568,79.41280260899927,87.60145978965232,0.4823592636064295,48.936170212765944,93.61702127659575,57.2368421052632,82.45614035087718,81.15942028985508,89.85507246376811,79.29292929292926,84.5117845117845,83.33333333333334,90.83333333333333,69.99173904682937,88.25467038727177,74.02597402597402,79.33884297520662,72.95008912655973,85.56149732620322,74.43609022556392,83.92857142857143,78.64583333333331,90.75520833333334,81.30252100840337,93.27731092436974,76.27210154396687,86.57228619753687,73.13192029539812,87.41347829240432,0.5253344902585602
495.0,92.38754325259517,94.11764705882352,79.25501432664758,85.20057306590257,73.80307136404694,83.80006022282444,69.57938388625594,73.82997630331754,67.81512605042015,71.9327731092437,76.56802777599316,81.77620595202237,77.80748663101605,89.06198843173634,80.18107789563909,90.79395692703312,86.15746180963573,92.73090481786134,88.93991123250257,95.74598839194263,87.40321985989922,95.05345950596042,84.09783148573851,92.67725961490677,80.33292963086583,87.22673278346457,0.4886095446650665,48.936170212765944,93.61702127659575,57.2368421052632,82.01754385964912,81.15942028985508,89.85507246376811,79.29292929292926,84.17508417508417,83.33333333333334,90.83333333333333,69.99173904682937,88.0996110216861,74.67532467532467,79.2207792207792,72.95008912655973,85.47237076648841,74.43609022556392,83.74060150375941,78.64583333333331,90.75520833333334,81.30252100840337,93.27731092436974,76.40197167383701,86.49325414974604,73.19685536033319,87.29643258571608,0.5244763616379604
496.0,81.44944252210689,92.61822376009226,74.60601719197709,81.69054441260745,79.58446251129175,87.2628726287263,67.7799170616114,75.97748815165876,75.12605042016808,85.25210084033613,75.70917794143104,84.56024595868419,81.12108479755537,92.19960711557349,80.99753562627234,90.75538412086146,86.64512338425385,93.08813160987074,89.34619324001366,95.51382724479343,83.80545655647045,94.54344352955634,84.38307872091313,93.22007872413108,80.04612833117208,88.89016234140763,0.47155318928422535,48.936170212765944,93.61702127659575,57.2368421052632,82.01754385964912,81.15942028985508,89.85507246376811,79.29292929292926,84.17508417508417,83.33333333333334,90.83333333333333,69.99173904682937,88.0996110216861,74.67532467532467,79.33884297520662,72.95008912655973,85.56149732620322,74.43609022556392,84.11654135338345,78.64583333333331,90.75520833333334,81.30252100840337,93.27731092436974,76.40197167383701,86.60988018249927,73.19685536033319,87.35474560209269,0.5241537385642796
497.0,76.75893886966553,90.11918492887352,83.9684813753582,85.73065902578797,73.62240289069555,82.08370972598614,63.7070497630332,70.15699052132702,68.5924369747899,78.15126050420169,73.32986197470848,81.24836094123526,79.29717341482048,90.54621848739495,80.67073824065142,89.94535519125684,83.82491186839016,91.6545240893067,88.70092181631958,95.11437350631616,87.4984638073,95.72323952316579,83.99844182949633,92.59674215948809,78.6641519021024,86.92255155036167,0.49012090211299797,48.936170212765944,93.61702127659575,57.2368421052632,82.01754385964912,81.15942028985508,89.85507246376811,79.29292929292926,84.5117845117845,83.33333333333334,90.83333333333333,69.99173904682937,88.16695108902617,74.67532467532467,79.33884297520662,72.95008912655973,85.65062388591801,74.43609022556392,84.21052631578947,77.08333333333331,90.75520833333334,81.30252100840337,93.4873949579832,76.08947167383701,86.68851929364612,73.04060536033319,87.42773519133615,0.5222576099192167
498.0,92.90657439446366,94.92502883506344,78.2521489971347,87.29226361031519,73.80307136404696,83.22794339054501,67.06901658767774,75.8441943127962,68.5924369747899,76.42857142857143,76.12464966362259,83.54360031545826,78.9820473644003,90.43435556040598,82.14614807671701,91.3361191471124,83.45475910693305,92.48413631022328,91.11471491976785,95.79378627517924,87.79341280570236,94.13174388595306,84.69821645470412,92.83602823577478,80.41143305916336,88.18981427561653,0.4735003927277976,48.936170212765944,93.61702127659575,57.2368421052632,82.01754385964912,81.15942028985508,89.85507246376811,79.29292929292926,84.5117845117845,83.33333333333334,90.83333333333333,69.99173904682937,88.16695108902617,74.67532467532467,79.33884297520662,72.95008912655973,85.56149732620322,74.43609022556392,84.11654135338347,78.64583333333331,90.625,81.30252100840337,93.4873949579832,76.40197167383701,86.62585532255531,73.19685536033319,87.39640320579073,0.522968368101941
499.0,93.59861591695503,95.84775086505189,80.4656160458453,83.36676217765043,78.0939476061427,86.35953026196928,66.6913507109005,75.44431279620854,69.28571428571428,78.73949579831933,77.62704891311157,83.95157037983988,77.40641711229945,90.36614645858346,81.48933890496087,91.70898960677167,84.8061104582844,93.55111633372503,88.55069989757597,96.24445203141005,83.12031461226496,94.26692884355414,83.07457619707714,93.22752665480887,80.35081255509435,88.58954851732437,0.4738401449990952,48.936170212765944,93.61702127659575,57.2368421052632,81.57894736842105,81.15942028985508,89.85507246376811,79.29292929292926,84.5117845117845,83.33333333333334,90.83333333333333,69.99173904682937,88.07923179078055,70.77922077922078,78.98465171192444,72.95008912655973,85.56149732620322,74.43609022556392,83.92857142857143,78.64583333333331,90.625,81.30252100840337,93.4873949579832,75.62275089461623,86.51742308493647,72.80724497072279,87.29832743785852,0.5208955629018339
500.0,81.10342176086121,90.38831218762013,79.31948424068771,85.48710601719198,76.06142728093945,85.48629930743752,69.72008293838866,79.32464454976304,64.95798319327729,73.36134453781511,74.23247988283087,82.80954131996555,78.47593582887698,92.01680672268907,82.79867138112074,91.08968177434909,85.99294947121037,93.81668625146887,89.78832365995221,96.25810856947763,88.66904264470935,95.39142189996312,85.14498459717393,93.71454104358955,79.6887322400024,88.26204118177755,0.47637191934464235,48.936170212765944,93.61702127659575,57.2368421052632,81.57894736842105,81.15942028985508,89.85507246376811,79.29292929292926,84.5117845117845,83.33333333333334,90.83333333333333,69.99173904682937,88.07923179078055,70.12987012987011,78.86658795749705,72.95008912655973,85.56149732620322,74.43609022556392,83.83458646616542,77.08333333333331,90.75520833333334,84.87394957983193,93.4873949579832,75.8946664790318,86.50105500823646,72.94320276293058,87.29014339950851,0.5222368500010947
501.0,79.89234909650136,91.50326797385621,76.3896848137536,83.61031518624642,77.10027100271,85.27551942186088,68.82405213270144,74.37796208530806,62.01680672268903,70.7563025210084,72.84463275367109,81.10467343765599,79.40221543162718,91.23649459783914,80.66966677381335,91.28468873888353,83.01410105757934,92.68625146886016,91.31785592352341,97.29941959713213,84.3861373970751,93.32677891114662,83.7579953167237,93.16672666277233,78.3013140351974,87.13570005021415,0.48699495486255756,48.936170212765944,93.61702127659575,57.2368421052632,81.57894736842105,81.15942028985508,89.85507246376811,79.29292929292926,84.17508417508417,83.33333333333334,90.83333333333333,69.99173904682937,88.01189172344048,75.32467532467531,78.98465171192444,72.95008912655973,85.56149732620322,74.43609022556392,83.92857142857143,78.64583333333331,90.75520833333334,81.30252100840337,93.06722689075629,76.53184180370712,86.45943113815774,73.26179042526825,87.23566143079911,0.5221596280715453
502.0,87.52402921953095,94.34832756632065,74.4627507163324,87.17765042979941,75.06775067750675,81.57181571815718,67.87618483412324,75.50355450236967,67.20588235294116,73.69747899159663,74.4273195600869,82.45976544164871,78.68601986249045,90.04965622612681,82.95939140683592,91.67684560162863,85.6169212690952,93.2385428907168,88.60361898258792,95.29532263571184,85.89467862848717,95.10876244316087,84.35212602989932,93.07382595946899,79.3897227949931,87.76679570055884,0.47693267376746346,48.936170212765944,93.61702127659575,57.2368421052632,81.57894736842105,81.15942028985508,90.57971014492753,79.29292929292926,84.17508417508417,83.33333333333334,90.83333333333333,69.99173904682937,88.15681925967236,70.77922077922078,78.98465171192444,72.95008912655973,85.8288770053476,74.43609022556392,84.21052631578947,75.52083333333331,90.625,83.40336134453781,93.06722689075629,75.41791896184311,86.54325638476357,72.70482900433623,87.35003782221796,0.5198668106488792
503.0,92.38754325259515,94.73279507881584,84.46275071633241,87.17765042979944,76.69376693766935,81.48148148148148,69.009182464455,75.72571090047393,63.44537815126047,72.47899159663865,77.19972430446248,82.31932589744187,80.68181818181817,91.9131288879188,81.9811421836494,90.52823315118398,85.07638072855468,93.43360752056404,87.21577330146808,95.34312051894844,87.40321985989922,94.17475728155338,84.47166685107791,93.07856947203375,80.8356955777702,87.69894768473782,0.4826747520395084,48.936170212765944,93.61702127659575,57.2368421052632,81.57894736842105,81.15942028985508,90.57971014492753,79.29292929292926,84.17508417508417,83.33333333333334,90.83333333333333,69.99173904682937,88.15681925967236,70.77922077922078,79.10271546635182,72.95008912655973,85.73975044563281,74.43609022556392,84.21052631578947,75.52083333333331,90.625,83.40336134453781,93.06722689075629,75.41791896184311,86.54904382370607,72.70482900433623,87.35293154168922,0.5213802271251367
504.0,82.14148404459823,90.00384467512495,78.39541547277939,84.58452722063036,72.99006323396566,82.59560373381511,65.36581753554503,75.07405213270141,63.48739495798317,76.0924369747899,72.4760350489743,81.67009294741234,79.21122994652406,90.38524500709374,82.1440051430408,91.82042215793422,85.02350176263222,92.40658049353702,88.40047797883237,95.98839194264254,85.01904878948015,93.87980828315105,83.95965272410193,92.89608957687172,78.2178438865381,87.28309126214202,0.4899606133499123,48.936170212765944,93.61702127659575,57.2368421052632,81.57894736842105,81.15942028985508,90.57971014492753,79.29292929292926,84.17508417508417,83.33333333333334,90.83333333333333,69.99173904682937,88.15681925967236,70.77922077922078,79.10271546635182,72.95008912655973,85.8288770053476,74.43609022556392,84.02255639097744,77.60416666666666,90.49479166666666,83.40336134453781,93.06722689075629,75.83458562850977,86.50323348401996,72.91316233766958,87.33002637184616,0.5201242461385749
505.0,92.38754325259517,96.00153787004997,78.8896848137536,86.97707736389684,78.0939476061427,85.18518518518519,67.1652843601896,75.54798578199052,66.38655462184873,76.47058823529413,76.58460293090596,84.03647488728333,77.2631779984721,90.27611044417768,81.32540447873136,91.37040608593165,86.11045828437135,93.97884841363103,89.58518265619666,96.46295664049164,86.13739707508911,93.99041415755192,84.08432409857211,93.21574714835678,80.33446351473904,88.62611101782005,0.46358921597121705,48.936170212765944,93.61702127659575,57.2368421052632,81.57894736842105,81.15942028985508,90.57971014492753,79.29292929292926,83.83838383838383,83.33333333333334,90.83333333333333,69.99173904682937,88.08947919233229,70.77922077922078,78.98465171192444,72.95008912655973,85.8288770053476,74.43609022556392,84.21052631578947,75.52083333333331,90.75520833333333,79.83193277310924,93.06722689075629,74.7036332475574,86.56929805143022,72.34768614719339,87.32938862188126,0.5219531302337145
506.0,91.86851211072667,96.19377162629758,78.9684813753582,81.87679083094555,78.31978319783195,86.29930743751882,72.186018957346,77.34004739336493,70.02100840336135,76.1344537815126,78.27276080892483,83.56887421392788,79.21122994652406,89.13019753355887,82.96153434051213,90.82610093217615,82.74383078730908,92.58754406580493,89.63810174120862,95.70501877773985,86.91778296669533,95.71709475236574,84.29449595644984,92.7931912123291,81.28362838268734,88.1810327131285,0.4770478942057032,48.936170212765944,93.61702127659575,57.2368421052632,81.57894736842105,81.15942028985508,90.57971014492753,79.29292929292926,83.83838383838383,83.33333333333334,90.83333333333333,69.99173904682937,88.08947919233229,70.12987012987011,79.10271546635182,72.95008912655973,85.8288770053476,74.43609022556392,84.21052631578947,75.52083333333331,90.49479166666666,83.40336134453781,93.06722689075629,75.28804883197299,86.54082746898237,72.63989393940118,87.31515333065732,0.5228923009301621
507.0,88.04306036139947,96.00153787004999,81.75501432664758,90.02865329512893,82.02348690153568,89.70189701897019,67.87618483412324,78.00651658767774,69.28571428571428,76.63865546218487,77.79669214188405,86.07545204680235,78.79106187929716,90.30885081305249,80.34394085503051,91.0296796314154,84.91186839012929,94.31257344300823,89.77978832365996,96.21713895527483,89.39719798451517,93.75691286715005,84.64477148652642,93.1250311419802,81.22073181420524,89.60024159439128,0.4473583503914876,48.936170212765944,93.61702127659575,57.2368421052632,81.57894736842105,83.33333333333334,90.57971014492753,73.73737373737373,83.83838383838383,87.50000000000001,90.83333333333333,70.14874387774725,88.08947919233229,70.12987012987011,78.98465171192444,73.93048128342245,85.73975044563281,74.43609022556392,84.21052631578947,79.6875,90.75520833333334,83.40336134453781,93.4873949579832,76.31746059667886,86.63550635293265,73.23310223721305,87.36249277263246,0.5249409788166706
508.0,92.38754325259517,93.81007304882736,81.89828080229228,83.35243553008596,76.06142728093947,81.63203854260765,70.52725118483414,76.94016587677726,67.89915966386553,77.3529411764706,77.75473243690531,82.61753083495377,79.73644003055766,92.71799628942486,82.63473695489122,90.9503910853959,82.52643948296125,93.56286721504112,88.16148856264937,96.34004779788323,86.13739707508911,95.76625291876614,83.83930042122972,93.86751106130227,80.79701642906753,88.24252094812802,0.4688779982764135,48.936170212765944,93.61702127659575,57.2368421052632,81.14035087719299,81.15942028985508,90.57971014492753,79.29292929292926,83.83838383838383,83.33333333333334,90.83333333333333,69.99173904682937,88.00175989408669,70.77922077922078,78.98465171192444,72.95008912655973,85.8288770053476,74.43609022556392,84.02255639097744,78.64583333333331,90.625,81.30252100840337,93.27731092436974,75.62275089461623,86.54767920652384,72.80724497072279,87.27471955030526,0.5199305981560043
509.0,92.90657439446366,95.00192233756249,81.3252148997135,83.88252148997134,77.2809394760614,83.46883468834689,65.74348341232229,73.56338862559242,72.96218487394958,76.9327731092437,78.04367941130208,82.56988805014336,79.52635599694423,90.43708392447888,81.65220186435226,91.84399442837244,83.55464159811987,92.20681551116334,91.16763400477977,96.82144076476614,88.76428659211011,94.72778665355783,84.93302401126125,93.20742425646772,81.48835171128167,87.88865615330553,0.4730212870115067,48.936170212765944,93.61702127659575,57.2368421052632,81.57894736842105,81.15942028985508,90.57971014492753,79.29292929292926,83.83838383838383,83.33333333333334,90.83333333333333,69.99173904682937,88.08947919233229,70.77922077922078,78.98465171192444,73.93048128342245,86.00713012477719,74.43609022556392,83.92857142857142,77.60416666666666,90.36458333333333,83.40336134453781,93.27731092436974,76.03066405988233,86.51244950459522,73.01120155335585,87.30096434846376,0.5184314735756551
510.0,92.73356401384082,95.61707035755478,79.74928366762181,85.45845272206304,74.61607949412826,83.28816621499548,62.99614928909955,71.38625592417063,69.28571428571428,77.60504201680672,75.87615815008095,82.67099744711814,80.7868601986249,91.04005238459018,82.1450766098789,91.64470159648559,85.7814336075206,93.21974148061103,89.77978832365996,96.46295664049163,86.18962762688952,94.9858670271599,84.93655727331478,93.47066382586766,80.40635771169786,88.0708306364929,0.4639090066809591,48.936170212765944,93.61702127659575,57.2368421052632,81.14035087719299,81.15942028985508,90.57971014492753,79.29292929292926,83.83838383838383,83.33333333333334,90.83333333333333,69.99173904682937,88.00175989408669,70.77922077922078,79.10271546635182,73.93048128342245,86.00713012477719,74.43609022556392,84.21052631578947,78.64583333333331,90.625,81.30252100840337,93.27731092436974,75.81882932598876,86.64453656625764,72.90528418640906,87.32314823017217,0.5184097428628116
511.0,87.69703960015379,94.54056132256825,77.39255014326649,86.40401146131805,78.95212285456185,86.87142426979825,63.32938388625594,72.00829383886256,72.3529411764706,80.0420168067227,75.94480753214174,83.97326153985395,80.89190221543161,90.93364618574704,78.0520732883317,90.69752491160399,85.72855464159814,93.41950646298474,87.51621713895528,95.13827244793444,87.16050141329728,93.33906845274672,83.8698497395228,92.70560369220338,79.90732863583227,88.33943261602866,0.46619736120180677,48.936170212765944,93.61702127659575,57.2368421052632,81.57894736842105,81.15942028985508,90.57971014492753,79.29292929292926,84.17508417508417,83.33333333333334,90.83333333333333,69.99173904682937,88.15681925967236,71.42857142857142,79.10271546635182,73.93048128342245,86.09625668449198,74.43609022556392,84.21052631578947,75.52083333333331,90.625,83.40336134453781,93.27731092436974,75.74386752308578,86.66236187820061,72.86780328495757,87.4095905689365,0.5186942899454204
512.0,82.48750480584391,93.11803152633603,84.8925501432665,87.0916905444126,79.53929539295392,85.51641071966274,68.63151658767775,77.02902843601895,68.55042016806722,76.5126050420168,76.82025741956186,83.85355325368943,80.36669213139801,91.15464367565208,82.80295724847313,91.54398371370405,83.98942420681553,93.10223266745007,89.73540457494026,96.95459201092523,87.40321985989922,94.9121297775593,84.85953960430523,93.53351636905815,80.83989851193354,88.69353481137378,0.4598011067394239,48.936170212765944,93.61702127659575,57.2368421052632,81.57894736842105,81.15942028985508,90.57971014492753,79.29292929292926,84.17508417508417,87.50000000000001,90.83333333333333,70.82507238016271,88.15681925967236,70.12987012987011,79.22077922077922,73.93048128342245,86.18538324420678,74.43609022556392,84.39849624060149,77.60416666666666,90.75520833333334,83.40336134453781,93.27731092436974,75.90079393001218,86.76743559265813,73.36293315508745,87.46212742616524,0.5214071243963043
513.0,93.42560553633218,95.57862360630527,77.53581661891118,87.17765042979943,73.57723577235771,84.40228846732911,70.24585308056874,78.83590047393363,64.30672268907558,73.8655462184874,75.81824673944908,83.97200183917097,79.31627196333078,90.66899487067555,80.83681560055713,91.5761277188471,84.31257344300825,92.7027027027027,90.66404916353706,96.98190508706044,87.16050141329728,93.97197984515178,84.4580423167461,93.18034204488751,80.1381445280976,88.57617194202925,0.4665620200087064,48.936170212765944,93.61702127659575,57.2368421052632,80.7017543859649,81.15942028985508,90.57971014492753,79.29292929292926,83.83838383838383,83.33333333333334,90.83333333333333,69.99173904682937,87.91404059584107,70.77922077922078,79.22077922077922,72.95008912655973,86.09625668449198,73.12030075187971,84.11654135338347,78.64583333333331,90.75520833333334,81.30252100840337,93.06722689075629,75.35959299987937,86.65120249654885,72.67566602335437,87.28262154619496,0.516471833945076
514.0,81.27643214148405,93.19492502883506,77.10601719197709,84.15472779369627,80.17163504968381,90.45468232460104,71.80835308056874,76.34774881516587,69.32773109243698,75.79831932773111,75.93803371123013,83.99008065800587,77.59740259740259,89.89959620211721,82.63580842172932,91.62327225972356,85.18213866039956,92.7614571092832,89.9829293274155,96.24445203141005,88.9117610913113,95.84613493916677,84.86200801965165,93.27498250834017,80.4000208654409,88.63253158317302,0.4591217023415601,48.936170212765944,92.5531914893617,57.2368421052632,81.14035087719299,81.15942028985508,90.57971014492753,79.29292929292926,84.5117845117845,83.33333333333334,90.83333333333333,69.99173904682937,87.92367407132,70.77922077922078,79.10271546635184,72.95008912655973,86.27450980392157,73.12030075187971,84.30451127819549,78.64583333333331,90.625,81.30252100840337,93.27731092436974,75.35959299987937,86.71680949456773,72.67566602335437,87.32024178294387,0.5172799042573706
515.0,88.04306036139947,94.11764705882352,77.96561604584528,82.73638968481376,78.31978319783195,85.30563083408612,68.1131516587678,75.38507109004739,70.79831932773108,78.19327731092437,76.64798611831512,83.14760319573904,78.85790679908327,90.27611044417768,82.47401692917602,92.06257366334512,84.91186839012929,94.17861339600469,88.70092181631958,95.51724137931033,84.38613739707509,93.98426938675188,83.86617026635665,93.20376165391795,80.25707819233588,88.1756824248285,0.4658784803058985,48.936170212765944,92.5531914893617,57.2368421052632,81.14035087719299,81.15942028985508,90.57971014492753,79.29292929292926,83.83838383838383,83.33333333333334,90.83333333333333,69.99173904682937,87.78899393663987,71.42857142857142,78.98465171192444,73.93048128342245,86.36363636363636,73.12030075187971,84.21052631578947,78.64583333333331,90.49479166666667,81.30252100840337,93.06722689075629,75.68554156112205,86.62416658975465,72.83864030397571,87.20658026319725,0.5171990489904552
516.0,85.10188389081124,94.27143406382162,77.53581661891118,85.45845272206304,78.7262872628726,83.43872327612165,65.83975118483414,69.92002369668245,72.96218487394958,80.88235294117648,76.03318476627575,82.79419733997305,79.71734148204736,91.7657972279821,81.81827922425798,91.36612021857923,85.18213866039956,93.26439482961221,87.80812564015022,95.19972686923866,87.79341280570236,94.05186186555241,84.46385956251149,93.12958020219291,80.24852216439362,87.96188877108298,0.46922555763155827,48.936170212765944,93.61702127659575,57.2368421052632,81.14035087719299,81.15942028985508,90.57971014492753,79.29292929292926,84.17508417508417,83.33333333333334,91.66666666666667,69.99173904682937,88.23576662809343,71.42857142857142,79.22077922077922,73.93048128342245,86.36363636363636,73.12030075187971,84.21052631578947,78.64583333333331,90.49479166666667,81.30252100840337,93.06722689075629,75.68554156112205,86.6713920915256,72.83864030397571,87.45357935980951,0.5155010394905661
517.0,81.27643214148405,95.07881584006151,78.6819484240688,84.89971346704871,72.583559168925,82.32460102378802,66.6913507109005,74.54087677725119,65.04201680672269,79.45378151260505,72.85506145042021,83.25955772415088,78.56187929717339,90.34977627414602,81.00075002678665,90.59466409514624,85.45828437132788,93.04582843713278,89.63810174120862,96.89313758962102,87.74118225390193,95.16406538036131,84.4800395380797,93.20949435528146,78.66755049424995,88.23452603971617,0.47084382742067993,48.936170212765944,92.5531914893617,57.2368421052632,80.7017543859649,81.15942028985508,90.57971014492753,79.29292929292926,84.5117845117845,83.33333333333334,92.5,69.99173904682937,88.16928810640772,71.42857142857142,79.5749704840614,72.95008912655973,86.54188948306596,73.12030075187971,84.21052631578947,78.64583333333331,90.49479166666667,81.30252100840337,93.06722689075629,75.48946312974951,86.77788096806796,72.74060108828944,87.47358453723784,0.5147174314590114
518.0,93.9446366782007,95.80930411380237,79.74928366762181,86.54727793696276,73.2158988256549,83.73983739837398,69.10545023696686,77.16232227488152,76.63865546218487,78.90756302521007,78.53078497412584,84.43326094984613,80.2807486631016,91.58299683509767,81.81720775741988,92.46758812814744,85.45240893066982,94.26556991774382,91.11471491976785,96.02936155684534,86.47535946909181,95.07189381836058,85.0280879480102,93.88348205123899,81.77943646106802,89.15837150054256,0.4543733060362697,48.936170212765944,92.5531914893617,57.2368421052632,80.7017543859649,81.15942028985508,90.57971014492753,79.29292929292926,84.51178451178451,87.50000000000001,90.83333333333333,70.82507238016271,87.83595477307439,71.42857142857142,79.5749704840614,72.95008912655973,86.36363636363636,73.12030075187971,84.21052631578947,78.64583333333331,90.625,81.30252100840337,93.06722689075629,75.48946312974951,86.7682720108487,73.15726775495611,87.30211339196154,0.5173679291924684
519.0,92.560553633218,96.73202614379085,82.32808022922639,89.87106017191977,83.01716350496837,89.46100572116832,66.92831753554505,75.62203791469194,65.77731092436973,77.43697478991596,78.12228516546551,85.82462094829737,79.29717341482046,89.77136309069083,81.82042215793417,92.11400407157399,86.9741480611046,93.63572267920094,88.85114373506315,96.34687606691705,85.50448568268403,94.8998402359592,84.48947461032128,93.3535612288684,81.3058798878934,89.58909108858288,0.44569212053428775,48.936170212765944,92.5531914893617,57.2368421052632,81.14035087719299,81.15942028985508,90.57971014492753,80.80808080808079,84.84848484848484,87.50000000000001,90.83333333333333,71.128102683193,87.99101413866006,71.42857142857142,79.456906729634,72.95008912655973,86.54188948306594,73.12030075187971,84.39849624060149,78.64583333333331,90.625,81.30252100840337,93.06722689075629,75.48946312974951,86.81790386881154,73.30878290647127,87.40445900373581,0.518662459206862
520.0,93.0795847750865,96.92425990003844,81.1819484240688,90.05730659025788,80.35230352303519,87.11231556760013,71.7120853080569,78.8951421800948,62.83613445378149,75.3781512605042,77.83241129680577,85.67343509969909,79.71734148204736,90.82178325875805,82.63473695489122,91.9725704489446,85.12925969447711,94.29142185663923,88.60361898258792,96.91020826220551,88.76428659211012,94.98586702715988,84.96984874122276,93.79637017074145,81.40113001901426,89.73490263522027,0.44359497892457433,48.936170212765944,92.5531914893617,57.2368421052632,81.14035087719299,83.33333333333334,90.57971014492753,71.21212121212119,84.84848484848484,91.66666666666669,90.83333333333333,70.47702670603007,87.99101413866006,70.77922077922078,79.33884297520662,73.93048128342245,86.54188948306594,73.12030075187971,84.30451127819549,77.08333333333331,90.625,81.30252100840337,93.06722689075629,75.24317143125192,86.77549412544487,72.860099068641,87.38325413205246,0.521542498579707
521.0,87.87004998077663,95.77085736255286,73.53868194842408,81.40401146131805,79.76513098464316,86.11863896416742,74.45941943127966,78.95438388625593,72.26890756302522,79.32773109243698,77.58043798162976,84.31512455334624,78.33269671504965,91.11371821455856,81.81720775741988,92.73331190399658,85.94007050528793,94.22326674500589,89.24035506998976,95.61283714578353,86.38011552169105,95.15792060956126,84.34208911388765,93.76821092378117,80.9612635477587,89.0416677385637,0.4513372496849344,48.936170212765944,92.5531914893617,57.2368421052632,80.7017543859649,83.33333333333334,90.57971014492753,71.21212121212119,84.51178451178451,91.66666666666669,90.83333333333333,70.47702670603007,87.83595477307439,71.42857142857142,79.22077922077922,73.93048128342245,86.54188948306594,73.12030075187971,84.11654135338347,77.08333333333331,90.625,81.30252100840337,93.06722689075629,75.37304156112205,86.71428738959699,72.92503413357606,87.2751210813357,0.5215720799169653
522.0,86.83198769703961,96.0399846212995,83.33094555873929,87.1489971346705,80.75880758807587,85.93797049081601,67.26155213270144,74.77784360189574,67.24789915966385,75.63025210084034,77.08623842724401,83.9070095899044,82.50572956455309,91.96223944123103,83.28940319297115,92.611164684453,83.17861339600474,92.58754406580493,89.63810174120862,96.21713895527483,85.40924173528327,95.71094998156569,84.80421792600417,93.8178074256659,80.94522817662408,88.86240850778515,0.45048503566845444,48.936170212765944,92.5531914893617,57.2368421052632,80.7017543859649,81.15942028985508,90.57971014492753,79.29292929292926,85.52188552188552,87.50000000000001,92.5,70.82507238016271,88.37130830842793,71.42857142857142,79.33884297520662,72.95008912655973,86.54188948306594,74.90601503759399,84.21052631578947,78.64583333333331,90.49479166666667,81.30252100840337,93.27731092436974,75.84660598689236,86.77267227301971,73.33583918352753,87.57199029072382,0.5174808608431026
523.0,87.87004998077663,95.38638985005767,78.39541547277939,86.21776504297995,78.7262872628726,82.50526949713941,67.40225118483414,74.9111374407583,70.06302521008404,76.68067226890756,76.49140582226936,83.14024681996857,79.78418640183345,91.46294881588999,81.16254151933995,92.34972677595628,84.37132784958875,93.84723854289072,88.30317514510074,95.79378627517924,88.85953053951087,95.29310556716234,84.49615229107476,93.74936119541572,80.49377905667205,88.44480400769214,0.46293912713959695,48.936170212765944,92.5531914893617,57.2368421052632,80.26315789473684,81.15942028985508,90.57971014492753,75.25252525252523,85.18518518518519,91.66666666666669,90.83333333333333,70.85032490541523,87.88291560950891,71.42857142857142,79.45690672963401,73.93048128342245,86.63101604278076,73.12030075187971,84.3984962406015,77.08333333333331,90.625,81.30252100840337,92.85714285714285,75.37304156112205,86.79371237403183,73.11168323326865,87.33831399177038,0.5184101546292497
524.0,86.3129565551711,94.34832756632065,76.81948424068771,84.41260744985672,70.73170731707314,81.99337548931045,67.54295023696685,74.51125592417061,65.69327731092436,76.9327731092437,73.42007513216463,82.43966790778043,81.7322383498854,91.3347157044636,81.49362477231328,91.53969784635166,86.64512338425385,94.75910693301998,88.85114373506315,96.20348241720724,84.23866289787392,95.999754209168,84.59215862787792,93.96735142204209,79.00611688002127,88.20350966491125,0.4638373003823351,48.936170212765944,92.5531914893617,57.2368421052632,80.7017543859649,81.15942028985508,90.57971014492753,80.80808080808079,85.18518518518519,91.66666666666669,90.83333333333333,71.96143601652633,87.97063490775453,71.42857142857142,79.69303423848876,73.93048128342245,86.63101604278076,73.12030075187971,84.49248120300751,77.08333333333331,90.88541666666667,81.30252100840337,92.85714285714285,75.37304156112205,86.91181820161731,73.66723878882419,87.44122655468593,0.5179049160452665
525.0,86.83198769703961,93.96386005382546,80.60888252149,87.03438395415472,79.53929539295392,84.82384823848238,68.1131516587678,77.87322274881517,69.28571428571428,79.45378151260505,76.87580631119312,84.62981930157657,82.25744843391902,90.48892284186401,82.63259402121501,90.7853851923283,85.235017626322,93.4524089306698,88.89552748378287,95.39091840218504,85.35701118348287,93.28376551554626,84.87551974974437,92.68028017651868,80.87566303046874,88.65504973904763,0.46544737026801475,48.936170212765944,92.5531914893617,57.2368421052632,80.26315789473684,81.15942028985508,90.57971014492753,75.25252525252523,84.84848484848484,91.66666666666669,90.83333333333333,70.85032490541523,87.81557554216884,71.42857142857142,79.5749704840614,73.93048128342245,86.63101604278076,73.12030075187971,84.58646616541353,77.08333333333331,90.88541666666667,81.30252100840337,92.85714285714285,75.37304156112205,86.90700244321303,73.11168323326865,87.36128899269093,0.5180492863512288
526.0,87.69703960015379,95.34794309880816,82.8223495702006,87.83667621776505,82.61065943992772,88.5275519421861,61.76688388625594,71.29739336492891,67.07983193277308,74.11764705882354,76.39535288586221,83.42544233650236,78.96294881588999,91.00458365164248,82.79974284795883,91.5718418514947,83.29024676850767,93.04347826086956,89.33765790372141,96.49709798566063,86.622833968293,95.17021015116136,84.20268606087419,93.45744238016574,80.29901947336819,88.44144235833406,0.4585583466693985,48.936170212765944,92.5531914893617,57.2368421052632,80.26315789473684,83.33333333333334,90.57971014492753,71.21212121212119,84.84848484848484,91.66666666666669,90.83333333333333,70.47702670603007,87.81557554216884,71.42857142857142,79.5749704840614,73.93048128342245,86.63101604278076,74.43609022556392,84.49248120300751,79.16666666666666,91.01562500000001,83.40336134453781,93.06722689075629,76.47303418975244,86.95626392412119,73.47503044789126,87.38591973314502,0.5206963621075473
527.0,89.25413302575933,95.92464436755095,73.25214899713468,86.9054441260745,82.4299909665763,89.40078289671786,61.48548578199055,72.00829383886256,70.88235294117648,81.26050420168067,75.46082234252746,85.0999338861773,80.24255156608095,89.6240314307541,82.31329690346081,91.39397835636987,82.85546415981202,93.17508813160987,87.51621713895528,96.03960396039604,88.9117610913113,95.81541108516653,84.36785817192407,93.20962259285929,79.91434025722577,89.1547782395183,0.4454522967797322,48.936170212765944,92.5531914893617,57.2368421052632,80.26315789473684,83.33333333333334,90.57971014492753,71.21212121212119,85.18518518518519,91.66666666666669,90.83333333333333,70.47702670603007,87.88291560950891,71.42857142857142,79.69303423848879,72.95008912655973,86.72014260249554,74.90601503759399,84.58646616541354,77.08333333333331,91.14583333333334,81.30252100840337,93.06722689075629,75.53410598689236,87.04254064609749,73.00556634646122,87.4627281278032,0.5201509131006029
528.0,82.66051518646675,92.079969242599,74.11174785100289,86.69054441260747,76.24209575429086,83.8602830472749,67.97245260663509,76.33293838862559,69.32773109243698,74.87394957983194,74.06290849816652,82.76753693418779,81.01604278074866,91.47386227218159,81.65220186435226,91.76684881602914,83.66627497062282,93.52996474735605,90.08023216114717,96.48344144759304,83.94371389947155,95.02888042276024,84.07169313526849,93.65659954118401,79.0673008167175,88.2120682376859,0.46338274383433237,48.936170212765944,92.5531914893617,57.2368421052632,80.26315789473684,81.15942028985508,90.57971014492753,76.76767676767675,85.52188552188552,91.66666666666669,90.83333333333333,71.15335520844553,87.95025567684897,71.42857142857142,79.5749704840614,73.93048128342245,86.72014260249554,73.12030075187971,84.30451127819549,77.08333333333331,90.75520833333334,81.30252100840337,93.06722689075629,75.37304156112205,86.8844119177684,73.26319838478379,87.41733379730869,0.5181477634542839
529.0,92.90657439446368,96.69357939254132,85.7521489971347,90.41547277936961,80.57813911472445,86.23908461306836,70.24585308056874,78.09537914691943,70.84033613445378,81.84873949579831,80.06461034426907,86.65845108553941,81.01604278074866,91.9240423442104,83.13189756777025,91.53326904532304,85.83431257344303,94.16216216216216,89.78832365995221,96.43905769887333,87.25574536069806,95.60034410716482,85.40526438852244,93.93177507154675,82.73493736639576,90.29511307854308,0.4453102886674396,48.936170212765944,92.5531914893617,57.2368421052632,80.26315789473684,81.15942028985508,89.85507246376811,73.73737373737373,85.52188552188552,91.66666666666669,91.66666666666667,70.54729460238494,87.97199480728378,72.07792207792207,79.5749704840614,72.95008912655973,86.72014260249554,74.90601503759399,84.30451127819549,78.64583333333331,91.015625,81.30252100840337,92.85714285714285,75.9764761167625,86.89447844437906,73.26188535957371,87.43323662583143,0.5137814205365808
530.0,82.14148404459823,91.38792772010765,82.1848137535817,84.49856733524356,83.24299909665763,91.47847034025895,64.0402843601896,72.65995260663507,69.28571428571428,75.71428571428571,76.17905910814828,83.1478407433062,79.67914438502672,91.06460766124633,81.16468445301615,91.72399014250509,84.20094007050531,92.22796709753233,90.03584841242744,96.43222942983954,84.62885584367703,94.85068206955881,83.94189463293053,93.25989528013642,80.0604768705394,88.20386801172131,0.46321814997892835,48.936170212765944,93.61702127659575,57.2368421052632,80.26315789473684,81.15942028985508,89.85507246376811,78.28282828282825,85.52188552188552,91.66666666666669,90.83333333333333,71.45638551147583,88.01809409806391,71.42857142857142,79.5749704840614,73.93048128342245,86.80926916221034,73.12030075187971,84.21052631578947,77.08333333333331,90.625,81.30252100840337,92.85714285714285,75.37304156112205,86.8153817638408,73.41471353629893,87.41673793095237,0.516305920156062
531.0,88.73510188389082,94.65590157631681,77.82234957020059,87.29226361031519,79.71996386630532,88.91900030111412,68.96475118483414,77.05864928909952,65.77731092436973,76.0924369747899,76.20389548592011,84.8036503503271,79.59320091673032,91.59118192731638,82.79867138112073,90.74038358512804,85.83431257344304,93.73678025851939,87.1713895527484,95.53089791737794,84.68108639547745,95.37913235836302,84.01573216390399,93.39567520934095,80.10981382491205,89.09966277983403,0.446181934372717,48.936170212765944,93.61702127659575,57.2368421052632,80.26315789473684,81.15942028985508,89.85507246376811,78.28282828282825,85.52188552188552,91.66666666666669,91.66666666666667,71.45638551147583,88.18476076473058,71.42857142857142,79.5749704840614,72.95008912655973,86.80926916221034,74.90601503759399,84.39849624060149,77.08333333333331,91.14583333333333,81.30252100840337,93.06722689075629,75.53410598689236,86.99915922219256,73.4952457491841,87.59195999346157,0.5158764133451158
532.0,87.35101883890812,95.88619761630143,80.40114613180518,88.18051575931231,79.31345980126466,86.35953026196927,67.498518957346,75.59241706161137,65.73529411764703,73.36134453781513,76.05988756939419,83.8760010474019,79.82238349885408,91.36745607333843,81.32647594556947,91.36612021857924,86.80963572267923,94.0705052878966,88.20587231136908,96.18982587913963,86.622833968293,94.51886444635616,84.55744028935297,93.50255438106201,80.30866392937358,88.68927771423196,0.4496531123663619,48.936170212765944,92.5531914893617,57.2368421052632,80.26315789473684,81.15942028985508,89.85507246376811,78.28282828282825,85.52188552188552,91.66666666666669,90.83333333333333,71.45638551147583,87.80532814061709,72.07792207792207,79.69303423848879,73.93048128342245,86.80926916221034,73.12030075187971,84.3984962406015,77.08333333333331,91.14583333333333,79.83193277310924,93.06722689075629,75.20879404393335,87.02277197307805,73.33258977770458,87.41405005684757,0.5165175322653006
533.0,88.21607074202231,94.38677431757017,83.96848137535818,88.23782234957021,79.13279132791325,88.46732911773562,67.83175355450238,76.54028436018957,67.24789915966385,78.23529411764706,77.279399231892,85.17350085254253,79.82238349885408,91.51751609734804,83.29261759348545,91.3361191471124,86.6509988249119,93.83783783783784,90.08023216114717,96.78388528508023,86.82253901929458,94.97972225635985,85.33375421953863,93.69101612474768,81.30657672571532,89.4322584886451,0.44493434394541076,48.936170212765944,93.61702127659575,57.2368421052632,80.26315789473684,72.82608695652173,89.85507246376811,72.72727272727272,85.52188552188552,91.66666666666669,90.83333333333333,68.67860773369804,88.01809409806391,72.07792207792207,79.69303423848876,73.93048128342245,86.80926916221034,74.43609022556392,84.21052631578947,77.08333333333331,90.88541666666667,79.83193277310924,93.06722689075629,75.4719519386702,86.93309465478231,72.07527983618412,87.47559437642312,0.517386549564395
534.0,94.11764705882354,95.96309111880046,79.39828080229228,86.81948424068767,74.8419150858175,83.04727491719362,69.39425355450238,79.97630331753554,67.94117647058823,78.57142857142857,77.13865459440478,84.87551643312918,80.68181818181817,91.09189130197534,82.63580842172932,91.14754098360656,85.07638072855467,93.96944770857813,89.6824854899283,95.84499829293274,86.4753594690918,95.04731473516038,84.91037045822445,93.42023860445065,81.02451252631462,89.14787751878991,0.44827078553338373,48.936170212765944,93.61702127659575,57.2368421052632,80.70175438596492,72.82608695652173,89.85507246376811,78.28282828282825,85.52188552188552,91.66666666666669,91.66666666666667,69.78971884480916,88.2724800629762,72.07792207792207,79.69303423848876,73.93048128342245,86.72014260249554,74.90601503759399,84.30451127819549,77.08333333333331,91.015625,81.30252100840337,93.06722689075629,75.86005454813503,86.96010800198721,72.82488669647209,87.6162940324817,0.5155005405902724
535.0,93.77162629757785,96.38600538254516,80.75214899713468,89.82808022922636,75.42908762420956,86.47997591087022,70.24585308056874,80.92417061611373,65.69327731092433,77.3109243697479,77.17839866208303,86.18583130170067,78.1035141329259,90.35796136636473,83.45762348655306,91.56327011678988,86.15746180963575,94.10105757931844,89.14305223625811,95.55479685899626,87.16050141329728,94.89369546515914,84.80443061573403,93.2941562773257,80.99141463890854,89.73999378951319,0.4372941240587025,48.936170212765944,92.5531914893617,57.2368421052632,80.70175438596492,75.0,89.85507246376811,74.24242424242424,85.18518518518519,86.66666666666669,90.83333333333333,68.41642064542401,87.82570737152265,72.07792207792207,79.69303423848876,73.93048128342245,86.80926916221034,74.43609022556392,84.58646616541354,77.08333333333331,91.27604166666667,79.83193277310924,93.06722689075629,75.4719519386702,87.08640762470712,71.9441862920471,87.45605749811489,0.5193768013084696
536.0,89.25413302575933,95.96309111880046,85.54441260744989,91.69054441260745,82.38482384823847,89.28033724781692,70.57908767772516,80.28732227488152,64.99999999999999,72.81512605042016,78.55249143183457,86.0072842209053,80.89190221543161,91.05915093310051,83.29047465980925,92.08400300010715,85.89306698002353,93.43830787309048,88.20587231136908,95.81768521679753,86.91778296669536,96.15951824996928,85.03981982666576,93.71173305461299,81.79615562925017,89.85950863775915,0.4397350709486866,48.936170212765944,92.5531914893617,57.2368421052632,80.70175438596492,75.0,89.85507246376811,74.24242424242424,85.52188552188552,91.66666666666669,90.83333333333333,69.41642064542401,87.89304743886271,72.07792207792207,80.28335301062575,73.93048128342245,86.80926916221034,76.22180451127821,84.77443609022556,77.08333333333331,91.14583333333333,79.83193277310924,93.27731092436974,75.82909479581306,87.25804050415294,72.62275772061854,87.57554397150783,0.5191324906810285
537.0,87.35101883890812,97.00115340253748,78.53868194842408,87.93696275071635,83.64950316169826,88.82866606443841,66.17298578199055,68.29087677725119,66.59663865546219,76.55462184873949,76.46176567729664,83.72245616873658,80.15660809778457,89.48761322710904,81.9811421836494,91.61255759134255,83.66627497062284,93.9388954171563,90.08023216114717,96.22055308979174,88.18360575150548,95.49588300356396,84.81357263294188,93.35110046579271,80.63766915511926,88.53677831726465,0.4473429969420496,48.936170212765944,92.5531914893617,57.2368421052632,80.70175438596492,72.82608695652173,89.85507246376811,74.24242424242424,85.52188552188552,91.66666666666669,90.83333333333333,68.98163803672836,87.89304743886271,72.07792207792207,80.16528925619835,72.95008912655973,86.72014260249554,74.90601503759399,84.49248120300751,77.08333333333331,91.14583333333333,81.30252100840337,93.06722689075629,75.6639761167625,87.1181946571582,72.32280707674542,87.50562104801045,0.5172245600317393
538.0,93.9446366782007,98.11610918877355,84.25501432664758,89.4699140401146,76.4679313459801,83.70972598614874,69.43868483412324,74.42239336492891,72.26890756302521,80.3781512605042,79.27503494959537,85.219258768094,80.93009931245224,90.67990832696715,81.00075002678665,91.11111111111111,85.07638072855467,93.53936545240893,88.20587231136908,95.72550358484125,86.4753594690918,95.31153987956249,84.3376923696509,93.27348567097818,81.80636365962313,89.24637221953608,0.4408319511944395,48.936170212765944,93.61702127659575,57.2368421052632,80.70175438596492,75.0,89.85507246376811,74.24242424242424,84.84848484848484,90.83333333333336,90.83333333333333,69.24975397875735,87.97113326162938,72.07792207792207,80.16528925619836,73.93048128342245,86.89839572192514,74.90601503759399,84.49248120300751,77.08333333333331,91.015625,81.30252100840337,93.06722689075629,75.86005454813503,87.12780361437746,72.55490426344619,87.54946843800342,0.5207859587805587
539.0,92.38754325259517,95.07881584006151,79.39828080229228,87.36389684813753,77.91327913279132,88.22643781993375,72.0453199052133,78.58412322274881,68.71848739495799,76.21848739495798,78.09258209757002,85.09435222516792,78.52368220015278,90.72356215213358,80.83788706739523,91.12182577949213,86.37485311398358,93.09753231492361,90.08023216114717,96.98190508706043,85.01904878948014,94.75236573675801,84.16714066643178,93.33543821407355,81.1298613820009,89.21489521962073,0.44347519311140776,48.936170212765944,93.61702127659575,57.2368421052632,80.70175438596492,75.0,89.85507246376811,74.24242424242424,85.18518518518519,90.83333333333336,90.83333333333333,69.24975397875735,88.03847332896945,72.07792207792207,80.40141676505313,72.95008912655973,86.80926916221034,74.90601503759399,84.58646616541354,78.64583333333331,91.14583333333333,81.30252100840337,93.06722689075629,75.9764761167625,87.20204246335331,72.61311504775992,87.62025789616138,0.5229027532524001
540.0,94.11764705882354,96.50134563629373,79.11174785100289,86.41833810888252,88.97922312556457,90.87624209575428,67.59478672985783,74.55568720379148,70.84033613445378,81.1344537815126,80.12874817994052,85.89721336524693,80.47173414820473,89.36756520790135,83.29047465980925,92.50187506696668,84.14806110458287,93.9177438307873,87.66643905769887,96.07033117104814,88.9117610913113,96.84773257957478,84.89769401232141,93.74104957125564,82.51322109613096,89.81913146825129,0.43644154599128376,48.936170212765944,93.61702127659575,57.2368421052632,80.70175438596492,81.15942028985508,89.85507246376811,76.76767676767675,85.18518518518519,91.66666666666669,91.66666666666667,71.15335520844553,88.20513999563613,72.07792207792207,80.40141676505314,72.95008912655973,86.80926916221034,74.90601503759399,84.58646616541354,78.64583333333331,91.015625,81.30252100840337,93.06722689075629,75.9764761167625,87.17600079668667,73.56491566260402,87.6905703961614,0.5139805878293887
541.0,94.11764705882354,97.27028066128412,81.1819484240688,84.51289398280802,78.50045167118336,88.13610358325806,66.78761848341233,75.82938388625593,70.02100840336134,79.9579831932773,78.12173480816988,85.1413290613767,82.0855614973262,91.41110989850485,81.65220186435226,91.41540769313188,86.5922444183314,92.71210340775558,90.22191874359851,97.14578354387162,89.24972348531401,94.5741673835566,85.96033000178447,93.45171438536411,82.04103240497717,89.2965217233704,0.437549128531816,48.936170212765944,93.61702127659575,57.2368421052632,80.70175438596492,81.15942028985508,89.85507246376811,72.72727272727272,85.18518518518519,91.66666666666669,90.83333333333333,70.34527440036473,88.03847332896945,72.07792207792207,80.40141676505314,73.93048128342245,86.80926916221034,74.90601503759399,84.49248120300751,77.08333333333331,91.14583333333333,81.30252100840337,93.27731092436974,75.86005454813503,87.22526227759481,73.10266447424988,87.63186780328212,0.5156496126835427
542.0,94.63667820069206,95.88619761630142,81.46848137535818,83.35243553008596,79.31345980126466,88.79855465221318,66.55065165876779,75.93305687203791,66.55462184873949,74.45378151260505,77.70477857696444,83.68480523664871,82.62987012987011,91.69758812615956,82.14721954355511,91.21182899389264,85.99882491186841,93.52761457109284,87.95834755889382,96.09764424718334,87.55069435910042,95.74781860636598,85.25699130065757,93.65649890893886,81.48088493881102,88.67065207279379,0.44828349365538167,47.8723404255319,93.61702127659575,57.2368421052632,80.70175438596492,81.15942028985508,89.85507246376811,76.76767676767675,85.18518518518519,91.66666666666669,92.5,70.94058925099873,88.37180666230279,72.07792207792207,80.51948051948051,72.95008912655973,86.80926916221034,74.90601503759399,84.49248120300751,78.64583333333331,91.14583333333333,81.30252100840337,93.27731092436974,75.9764761167625,87.24887502848028,73.4585326838806,87.81034084539154,0.5132757645240328
543.0,93.25259515570934,97.30872741253364,79.54154727793698,88.00859598853867,75.60975609756096,87.41342968985245,76.59212085308059,79.28021327014218,65.04201680672269,72.14285714285714,78.00760723820211,84.83076470078481,80.74866310160427,90.49165120593692,82.4729454623379,91.62541519339976,87.4030552291422,94.96827262044654,87.31307613519972,95.56503926254695,88.61681209290893,94.71549711195773,85.3109104042386,93.47317507885758,81.65925882122036,89.1519698898212,0.44043322844590255,48.936170212765944,93.61702127659575,57.2368421052632,80.70175438596492,81.15942028985508,89.85507246376811,72.72727272727272,85.18518518518519,91.66666666666669,91.66666666666666,70.34527440036473,88.20513999563612,72.07792207792207,80.51948051948052,73.93048128342245,86.80926916221034,74.90601503759399,84.58646616541353,77.08333333333331,91.14583333333333,81.30252100840337,93.27731092436974,75.86005454813503,87.26767202096148,73.10266447424988,87.7364060082988,0.515081338040685
544.0,93.9446366782007,96.53979238754326,75.32234957020059,86.60458452722062,79.94579945799455,88.19632640770851,68.35011848341233,77.56220379146919,67.12184873949579,71.17647058823529,76.93695058586079,84.01587554043537,81.10198624904508,91.02641056422569,81.49576770598946,90.99753562627235,83.60752056404233,93.23384253819037,88.65653806759987,96.37418914305223,86.622833968293,96.07963622956865,84.29692931099393,93.54232282026187,80.61693994842736,88.77909918034862,0.4493395203660872,48.936170212765944,93.61702127659575,57.2368421052632,80.70175438596492,72.82608695652173,89.85507246376811,74.24242424242424,84.84848484848484,91.66666666666669,91.66666666666666,68.98163803672836,88.13779992829605,72.07792207792207,80.40141676505314,73.93048128342245,86.80926916221034,74.90601503759399,84.49248120300751,77.08333333333331,91.14583333333333,81.30252100840337,93.27731092436974,75.86005454813503,87.22526227759481,72.42084629243169,87.68153110294543,0.5168678102056656
545.0,87.87004998077663,97.6163014225298,81.3252148997135,86.4756446991404,81.57181571815715,85.96808190304125,72.75622037914695,79.635663507109,69.32773109243698,81.63865546218489,78.57020641404624,86.26686939880106,81.39801375095492,91.77398232020082,80.99860709311044,90.38037072752599,85.7814336075206,93.28789659224441,89.54079890747695,96.56879481051554,89.249723485314,95.69251566916554,85.39371536887538,93.54071202393047,81.9819608914608,89.90379071136576,0.4356968945315387,48.936170212765944,93.61702127659575,57.2368421052632,80.70175438596492,75.0,89.85507246376811,74.24242424242424,84.51178451178451,90.83333333333336,91.66666666666666,69.24975397875735,88.07045986095599,72.07792207792207,80.28335301062575,73.93048128342245,86.89839572192514,74.90601503759399,84.49248120300751,77.08333333333331,91.14583333333333,81.30252100840337,93.27731092436974,75.86005454813503,87.21947483865229,72.55490426344619,87.64496734980415,0.520244340593434
546.0,87.69703960015379,93.69473279507882,75.7521489971347,84.92836676217766,83.64950316169826,87.92532369768142,65.3213862559242,74.67417061611374,72.35294117647058,78.4453781512605,76.95460383827631,83.93359440446244,83.11688311688312,91.34562916075521,84.4369441765777,92.31543983713703,86.32197414806113,94.2843713278496,92.10481392966884,96.71901672925914,88.42632419810742,96.22711072876983,86.88138791385964,94.17831355675416,81.91799587606798,89.05595398060831,0.43675723491236484,48.936170212765944,93.61702127659575,57.2368421052632,80.70175438596492,81.15942028985508,89.85507246376811,72.72727272727272,85.18518518518519,91.66666666666669,92.5,70.34527440036473,88.37180666230279,72.07792207792207,80.04722550177095,72.95008912655973,86.80926916221034,74.90601503759399,84.39849624060149,78.64583333333331,91.14583333333333,81.30252100840337,93.27731092436974,75.9764761167625,87.13562703245717,73.1608752585636,87.75371684737998,0.5155207690731254
547.0,92.73356401384082,95.69396386005383,80.89541547277939,88.59598853868195,81.39114724480577,89.19000301114121,68.5870853080569,75.39988151658767,68.71848739495799,77.56302521008404,78.46513988688818,85.28857242730975,81.43621084797556,92.22961912037543,81.65970213221898,91.97899924997321,86.69800235017628,94.27732079905992,87.76374189143054,96.42198702628883,87.25574536069806,95.47744869116381,84.96268051649989,94.07707497737223,81.71391020169403,89.68282370234098,0.435128835806999,47.8723404255319,93.61702127659575,57.2368421052632,80.70175438596492,81.15942028985508,89.85507246376811,71.21212121212119,85.18518518518519,91.66666666666669,91.66666666666666,69.82947813988761,88.20513999563612,72.07792207792207,80.28335301062573,73.93048128342245,86.72014260249554,74.90601503759399,84.49248120300751,77.08333333333331,91.14583333333333,81.30252100840337,93.27731092436974,75.86005454813503,87.18382421476637,72.84476634401132,87.69448210520125,0.514169088616424
548.0,93.77162629757785,96.4244521337947,80.89541547277939,88.42406876790831,84.46251129177956,89.52122854561878,73.9410545023697,78.9840047393365,77.37394957983193,83.19327731092436,82.08891142886769,87.30940629951654,80.45263559969442,91.07552111753792,82.96582020786454,90.33965498767812,84.80023501762636,94.42303172737955,90.92010925230454,96.24445203141003,87.10827086149688,95.35455327516284,85.24941418779734,93.4874426278337,83.66916280833252,90.39842446367513,0.4237998295687268,47.8723404255319,93.61702127659575,57.2368421052632,80.70175438596492,81.15942028985508,89.85507246376811,71.21212121212119,85.18518518518519,91.66666666666669,92.5,69.82947813988761,88.37180666230279,72.07792207792207,80.16528925619835,72.95008912655973,86.72014260249554,74.90601503759399,84.39849624060149,77.08333333333331,91.14583333333333,81.30252100840337,93.27731092436974,75.6639761167625,87.14141447139968,72.74672712832506,87.75661056685124,0.5140271874456859
549.0,86.3129565551711,95.34794309880816,83.82521489971349,90.2865329512894,79.31345980126466,85.63685636856368,66.0767180094787,76.92535545023696,70.1470588235294,75.58823529411765,77.13508161783146,84.75698463260316,83.43200916730329,92.23507584852123,83.78334940533588,92.92403300117861,84.52996474735608,93.79553466509988,91.91020826220554,96.94434960737453,90.27282782352218,96.58350743517265,86.78567188114458,94.49650011146937,81.96037674948802,89.62674237203626,0.4352450209751359,48.936170212765944,93.61702127659575,57.2368421052632,80.70175438596492,72.82608695652173,89.85507246376811,74.24242424242424,85.18518518518519,95.83333333333336,91.66666666666666,69.8149713700617,88.20513999563612,72.07792207792207,79.92916174734357,73.93048128342245,86.72014260249554,74.90601503759399,84.39849624060149,77.08333333333331,91.015625,81.30252100840337,93.27731092436974,75.86005454813503,87.06814730296207,72.83751295909836,87.63664364929909,0.5185642972490071
550.0,92.04152249134948,96.19377162629758,77.96561604584528,88.29512893982809,79.94579945799455,87.35320686540197,75.74052132701424,80.73163507109004,71.57563025210084,83.61344537815127,79.45381791486088,87.2374375761538,81.94232238349886,89.8723125613882,83.62048644594448,92.12043287260259,84.8531139835488,93.67567567567568,90.0273130761352,97.25503584841243,86.91778296669534,93.91053213715126,85.47220377116453,93.36679781904604,82.46301084301271,90.30211769759993,0.42316233812155013,48.936170212765944,92.5531914893617,57.2368421052632,80.70175438596492,75.0,90.57971014492753,74.24242424242424,85.18518518518519,95.83333333333336,91.66666666666666,70.24975397875735,88.13730157442119,72.07792207792207,80.28335301062575,73.93048128342245,86.72014260249554,74.90601503759399,84.58646616541354,77.08333333333331,91.015625,81.30252100840337,93.27731092436974,75.86005454813503,87.1765795405809,73.05490426344619,87.65694055750104,0.5189259455626343
551.0,87.52402921953095,95.69396386005383,81.75501432664758,87.70773638968481,77.68744354110207,90.75579644685334,67.73548578199055,77.19194312796208,75.25210084033614,83.52941176470588,77.99081474192145,86.975770317852,80.66271963330786,91.11917494270435,83.45548055287686,90.74038358512804,85.66980023501766,93.39835487661574,89.9829293274155,95.83475588938204,90.90573921592726,95.41600098316333,86.13533379290902,93.3017340553987,82.06307426741523,90.13875218662534,0.4244163070957968,48.936170212765944,93.61702127659575,57.2368421052632,80.70175438596492,72.82608695652173,90.57971014492753,74.24242424242424,85.18518518518519,95.83333333333336,91.66666666666666,69.8149713700617,88.350067531868,72.07792207792207,80.40141676505314,73.93048128342245,86.63101604278074,74.90601503759399,84.49248120300751,77.08333333333331,91.015625,81.30252100840337,93.27731092436974,75.86005454813503,87.16356998704222,72.83751295909836,87.75681875945511,0.5177327069754376
552.0,89.42714340638217,93.19492502883506,81.61174785100289,89.88538681948425,78.31978319783195,87.29298404095151,72.65995260663509,80.03554502369667,77.41596638655462,82.60504201680672,79.88691868968134,86.60277658595484,82.94499618029029,92.08774418858452,83.61834351226827,92.87688846030215,85.61104582843714,92.53349001175087,90.97302833731649,96.86582451348582,87.8886567531031,96.10421531276884,86.20721412228306,94.09363249737844,83.0470664059822,90.34820454166663,0.42613726042414757,48.936170212765944,93.61702127659575,57.2368421052632,80.70175438596492,75.0,90.57971014492753,75.75757575757574,85.18518518518519,90.83333333333336,91.66666666666666,69.55278428178765,88.350067531868,72.07792207792207,80.28335301062573,73.93048128342245,86.63101604278074,74.90601503759399,84.49248120300751,77.08333333333331,91.015625,81.30252100840337,93.27731092436974,75.86005454813503,87.13995723615673,72.70641941496135,87.74501238401237,0.5198795419108855
553.0,92.560553633218,97.11649365628604,81.7550143266476,86.21776504297995,79.94579945799455,90.78590785907859,71.90462085308059,83.85663507109004,72.3109243697479,80.75630252100841,79.69538252813773,87.7466208300886,80.13750954927424,90.84088180726836,83.29047465980925,90.79181399335691,86.37485311398358,93.75558166862514,88.99283031751452,96.60635029020143,90.32505837532258,95.52660685756422,85.82414520318085,93.5042469234032,82.7597638656593,90.6254338767459,0.4246360217084805,48.936170212765944,93.61702127659575,57.2368421052632,80.70175438596492,75.0,89.85507246376811,74.24242424242424,85.18518518518519,95.83333333333336,92.5,70.24975397875735,88.37180666230279,72.07792207792207,80.6375442739079,73.93048128342245,86.63101604278076,74.90601503759399,84.58646616541354,78.64583333333331,91.015625,81.30252100840337,93.27731092436974,76.17255454813503,87.22959248129439,73.21115426344619,87.80069957179859,0.5191457242051034
554.0,94.29065743944636,96.53979238754326,85.54441260744989,92.53581661891117,73.57723577235771,83.22794339054501,70.86048578199055,79.10248815165876,70.88235294117648,75.21008403361344,79.0310289084842,85.32322491645434,81.52215431627195,91.69485976208665,83.9472838315654,90.91824708025287,83.82491186839016,93.80023501762632,88.40901331512462,95.94059405940594,87.16050141329728,96.49133587317193,84.97277294892987,93.76905435850874,82.00190092870704,89.54613963748153,0.43813119247409327,48.936170212765944,93.61702127659575,57.2368421052632,80.70175438596492,72.82608695652173,90.57971014492753,74.24242424242424,85.18518518518519,95.83333333333336,92.5,69.8149713700617,88.51673419853469,72.07792207792207,80.51948051948052,73.93048128342245,86.72014260249554,74.90601503759399,84.58646616541354,78.64583333333331,91.14583333333334,81.30252100840337,93.27731092436974,76.17255454813503,87.24984670901854,72.99376295909836,87.88329045377662,0.5154017648329056
555.0,87.35101883890812,93.81007304882736,79.39828080229229,88.2378223495702,83.423667570009,89.25022583559169,75.311018957346,81.94609004739337,73.04621848739494,82.22689075630252,79.70604093119007,87.09422040753702,80.87280366692131,91.86128997053366,82.64116575591983,92.65830922532949,86.37485311398358,92.97767332549941,90.23045407989075,96.10788665073405,88.61681209290893,96.21482118716972,85.74721774192487,93.96399607185326,82.72662933655747,90.52910823969515,0.4199475327837879,48.936170212765944,93.61702127659575,57.2368421052632,80.70175438596492,72.82608695652173,90.57971014492753,74.24242424242424,85.18518518518519,95.83333333333336,92.5,69.8149713700617,88.51673419853469,72.7272727272727,80.40141676505314,73.93048128342245,86.63101604278076,74.90601503759399,84.58646616541354,78.64583333333331,91.14583333333334,81.30252100840337,93.27731092436974,76.30242467800517,87.20840864619011,73.05869802403343,87.86257142236241,0.5166828516107724
556.0,92.560553633218,95.38638985005767,84.11174785100289,88.08022922636103,75.83559168925021,84.82384823848238,71.94905213270144,79.63566350710902,72.2689075630252,82.43697478991596,79.34517057383955,86.07262112238521,82.44843391902215,91.37564116555714,81.9832851173256,91.60184292296154,87.35017626321977,94.3572267920094,91.95459201092524,97.99590303857973,86.28487157429029,95.5757650239646,86.0042717769566,94.18127578861449,82.67472117539808,90.12694845549984,0.4273541026252405,48.936170212765944,93.61702127659575,57.2368421052632,80.70175438596492,72.82608695652173,90.57971014492753,74.24242424242424,85.18518518518519,95.83333333333336,92.5,69.8149713700617,88.51673419853469,72.7272727272727,80.51948051948052,73.93048128342245,86.80926916221034,74.90601503759399,84.58646616541354,77.08333333333331,91.015625,81.30252100840337,93.27731092436974,75.98992467800517,87.24163035429483,72.90244802403343,87.87918227641475,0.516136890776354
557.0,89.08112264513649,94.73279507881584,80.11461318051578,84.78510028653295,82.83649503161695,88.43721770551039,70.71978672985784,76.8068720379147,75.25210084033614,78.86554621848738,79.60082368549264,84.72550626545225,81.96142093200916,92.83531594455965,85.25554484088714,92.08400300010715,87.89659224441836,93.12103407755583,90.23045407989075,96.46295664049164,89.73516037851789,96.14722870836917,87.01583449514466,94.1301076742167,83.30832909031865,89.42780696983448,0.43124416594749115,48.936170212765944,93.61702127659575,57.2368421052632,80.70175438596492,72.82608695652173,90.57971014492753,74.24242424242424,85.18518518518519,95.83333333333336,92.5,69.8149713700617,88.51673419853469,72.7272727272727,80.51948051948052,73.93048128342245,86.72014260249554,74.90601503759399,84.58646616541354,77.08333333333331,91.015625,81.30252100840337,93.27731092436974,75.98992467800517,87.22380504235187,72.90244802403343,87.87026962044328,0.5164520133833453
558.0,87.69703960015379,93.23337178008458,81.7550143266476,84.4269340974212,81.39114724480577,89.15989159891599,72.0453199052133,75.97748815165876,73.04621848739497,78.99159663865547,79.1869479128431,84.3578564533472,81.14973262032085,90.85179526355998,83.62262937962066,90.68895317689918,85.83431257344303,94.19271445358402,89.69102082622057,96.94434960737452,87.49846380729998,95.77239768956618,85.559231841381,93.69004203819676,82.37308987711205,89.02394924577197,0.44427624882165573,47.8723404255319,93.61702127659575,57.2368421052632,80.70175438596492,72.82608695652173,90.57971014492753,74.24242424242424,85.18518518518519,95.83333333333336,92.5,69.6022054126149,88.51673419853469,72.7272727272727,80.51948051948052,73.93048128342245,86.80926916221034,74.90601503759399,84.58646616541354,77.08333333333331,91.015625,81.30252100840337,93.27731092436974,75.98992467800517,87.24163035429483,72.79606504531003,87.87918227641475,0.5144145683827441
559.0,93.42560553633218,95.69396386005383,81.3252148997135,91.17478510028654,82.61065943992772,90.30412526347486,72.28228672985784,81.45734597156398,70.79831932773108,80.92436974789916,80.08841718671246,87.91091798865568,83.34606569900687,91.47931900032741,82.31222543662271,89.77606343083681,86.75675675675679,94.16451233842538,90.08023216114717,96.01570501877774,87.64593830650118,94.85682684035886,86.02824367200694,93.25848532574523,83.0583304293597,90.58470165720045,0.4209850248669233,48.936170212765944,93.61702127659575,57.2368421052632,80.70175438596492,72.82608695652173,90.57971014492753,75.75757575757574,85.18518518518519,95.83333333333336,92.5,70.118001673092,88.51673419853469,72.7272727272727,80.7556080283353,73.93048128342245,86.80926916221034,74.90601503759399,84.58646616541354,78.64583333333331,91.015625,81.30252100840337,93.27731092436974,76.30242467800517,87.2888558560658,73.21021317554857,87.90279502730024,0.5173677776145749
560.0,94.29065743944638,96.92425990003845,77.04154727793698,87.07736389684813,73.5772357723577,83.28816621499548,66.17298578199055,76.8068720379147,73.00420168067227,79.9579831932773,76.81732559048078,84.81092904861482,81.94232238349885,91.86674669867946,81.16575591985425,91.52041144326584,86.26321974148064,93.97884841363103,90.38067599863436,97.24479344486173,87.74118225390193,96.11036008356889,85.498631259474,94.14423201680138,81.15797842497739,89.4775805327081,0.4261494190807187,48.936170212765944,93.61702127659575,57.2368421052632,81.14035087719299,75.0,90.57971014492753,75.75757575757574,85.18518518518519,90.83333333333336,91.66666666666666,69.55278428178765,88.43778683011362,72.7272727272727,80.51948051948052,73.93048128342245,86.80926916221034,74.90601503759399,84.49248120300751,77.08333333333331,91.015625,81.30252100840337,93.27731092436974,75.98992467800517,87.22283336181363,72.77135447989642,87.83031009596363,0.5207914293295
561.0,93.9446366782007,97.2318339100346,82.04154727793697,88.12320916905443,81.16531165311652,88.40710629328515,70.86048578199055,80.13921800947867,70.10504201680673,79.28571428571429,79.6234046816103,86.63741633351343,82.48663101604278,91.15737203972498,83.9504982320797,92.56830601092896,87.29729729729733,95.27379553466511,89.9829293274155,96.68487538409013,88.0361312523043,95.71094998156569,86.35069742502792,94.27905979019496,82.9870510533191,90.45823806185419,0.42095759569507085,48.936170212765944,93.61702127659575,57.2368421052632,81.14035087719299,72.82608695652173,90.57971014492753,75.75757575757574,85.18518518518519,90.83333333333336,91.66666666666666,69.118001673092,88.43778683011362,72.7272727272727,80.63754427390792,73.93048128342245,86.72014260249554,74.90601503759399,84.49248120300751,77.08333333333331,91.14583333333334,81.30252100840337,93.27731092436974,75.98992467800517,87.25466246742283,72.55396317554857,87.84622464876823,0.5184278671373151
562.0,92.04152249134947,95.88619761630143,84.82808022922639,88.63896848137536,79.94579945799455,87.65432098765432,68.49081753554506,78.95438388625593,65.81932773109241,77.98319327731093,78.22510948904159,85.8234128497796,81.39801375095492,91.25013641820364,82.31329690346081,92.80188578163506,86.04582843713281,94.3196239717979,89.78832365995221,96.86923864800272,88.7120560403097,96.98291753717587,85.65150375836208,94.44476047136303,81.93830662370183,90.13408666057131,0.4174403377246992,48.936170212765944,93.61702127659575,57.2368421052632,81.14035087719299,75.0,90.57971014492753,75.75757575757574,85.18518518518519,90.83333333333336,91.66666666666666,69.55278428178765,88.43778683011362,72.7272727272727,80.7556080283353,73.93048128342245,86.63101604278074,74.90601503759399,84.58646616541354,77.08333333333331,91.14583333333334,81.30252100840337,93.27731092436974,75.98992467800517,87.27924689884654,72.77135447989642,87.85851686448008,0.5203129634055811
563.0,83.3525567089581,94.8481353325644,77.61461318051576,84.35530085959886,74.61607949412826,85.24540800963564,73.84478672985784,80.79087677725119,60.88235294117644,71.97478991596638,74.06207781092728,83.4429021790033,83.41291061879296,90.79177125395613,83.62155791278258,91.90399657130612,85.6169212690952,93.88014101057578,89.34619324001366,96.27859337657904,86.62283396829298,94.48199582155586,85.72408340179547,93.46729960679458,79.89308060636137,88.45510089289894,0.45060636462733655,47.8723404255319,93.61702127659575,57.2368421052632,81.14035087719299,72.82608695652173,90.57971014492753,75.75757575757574,85.18518518518519,90.83333333333336,92.5,68.90523571564519,88.6044534967803,72.7272727272727,80.51948051948052,73.93048128342245,86.72014260249554,74.90601503759399,84.58646616541354,79.16666666666666,91.14583333333334,81.30252100840337,93.27731092436974,76.40659134467182,87.24984670901854,72.6559135301585,87.92715010289942,0.5164181274438073
564.0,88.04306036139947,96.2322183775471,82.61461318051579,84.72779369627507,81.16531165311652,87.20264980427582,71.80835308056874,79.84300947867298,71.57563025210084,82.14285714285714,79.04139370554027,86.02970569992563,81.52215431627195,91.94859762086652,82.63795135540552,91.88256723454408,88.38425381903645,93.67097532314924,89.44349607374531,96.59952202116764,88.76428659211011,94.5618778419565,86.15042843131387,93.7327080083368,82.59591106842707,89.88120685413122,0.4293481381786829,47.8723404255319,93.61702127659575,57.2368421052632,81.14035087719299,72.82608695652173,90.57971014492753,75.75757575757574,85.18518518518519,90.83333333333336,91.66666666666666,68.90523571564519,88.43778683011362,72.7272727272727,80.28335301062573,73.93048128342245,86.72014260249554,74.90601503759399,84.58646616541354,79.16666666666666,91.14583333333334,81.30252100840337,93.27731092436974,76.40659134467182,87.20262120724757,72.6559135301585,87.8202040186806,0.5176109920251626
565.0,89.0811226451365,95.73241061130335,83.9684813753582,88.8538681948424,84.86901535682023,92.29147847034027,74.08175355450238,79.57642180094787,71.57563025210084,79.66386554621849,80.71520063678363,87.22360892473048,82.65851795263558,91.61846556804541,84.60302153648342,92.32829743919426,86.05757931844892,93.89659224441833,89.33765790372142,96.18299761010584,90.6630207693253,96.30699274917046,86.66395949612293,94.06666912218687,83.68958006645329,90.64513902345868,0.4141796487300129,48.936170212765944,93.61702127659575,57.2368421052632,81.14035087719299,75.0,90.57971014492753,70.2020202020202,85.18518518518519,85.83333333333336,91.66666666666666,67.44167317067654,88.43778683011362,72.7272727272727,80.7556080283353,73.93048128342245,86.63101604278074,74.90601503759399,84.58646616541354,79.16666666666666,91.14583333333334,81.30252100840337,93.27731092436974,76.40659134467182,87.27924689884654,71.92413225767419,87.85851686448008,0.5218287518401769
566.0,94.80968858131487,98.46212995001922,82.75787965616048,88.83954154727793,82.20415537488705,87.41342968985245,70.24585308056874,81.60545023696683,65.08403361344536,80.16806722689076,79.0203220612753,87.29772373020143,82.40068754774637,91.38655462184873,83.78442087217397,91.7218472088289,86.5922444183314,94.2726204465335,90.27483782861044,96.53465346534654,87.64593830650117,94.65404940395723,86.13962579467268,93.71394502930298,82.57997392797398,90.5058343797522,0.4125304543198081,48.936170212765944,93.61702127659575,57.2368421052632,81.14035087719299,75.0,90.57971014492753,70.2020202020202,85.52188552188554,85.83333333333336,91.66666666666666,67.44167317067654,88.50512689745369,72.7272727272727,80.6375442739079,73.93048128342245,86.63101604278074,74.90601503759399,84.68045112781954,79.16666666666666,91.14583333333334,81.30252100840337,93.27731092436974,76.40659134467182,87.27443114044226,71.92413225767419,87.88977901894798,0.5209351675653288
567.0,87.69703960015379,95.88619761630142,82.75787965616048,86.21776504297995,84.86901535682021,90.39445950015055,69.15728672985784,78.70260663507109,72.96218487394958,82.10084033613445,79.48868124338838,86.6603738261275,81.83728036669213,91.15464367565208,84.92981892210435,92.57044894460516,84.69447708578144,93.22914218566393,89.63810174120862,97.39501536360532,89.24972348531401,96.41759862357134,86.06988032022011,94.15336975861956,82.77928078180425,90.40687179237352,0.4169489438339481,48.936170212765944,93.61702127659575,57.2368421052632,81.14035087719299,72.82608695652173,90.57971014492753,75.75757575757574,85.52188552188554,90.83333333333336,92.5,69.118001673092,88.67179356412036,72.7272727272727,80.16528925619832,73.93048128342245,86.63101604278074,76.22180451127821,84.68045112781954,79.16666666666666,91.14583333333334,79.83193277310924,93.27731092436974,76.37563159234986,87.17998013690035,72.74681663272094,87.92588685051035,0.5186535176630492
568.0,94.11764705882354,98.38523644752019,84.97134670487108,89.7134670487106,79.53929539295392,87.38331827762723,75.12588862559242,81.08708530805687,71.53361344537815,76.34453781512606,81.05755824552382,86.58272897940819,79.01069518716577,91.44112190330677,83.78442087217398,91.55469838208506,87.29729729729732,94.71680376028202,90.13315124615912,96.86923864800274,85.89467862848717,94.99815656876,85.22404864625668,93.91600385248732,83.14080344589024,90.24936641594775,0.42007803498852175,48.936170212765944,93.61702127659575,57.2368421052632,81.14035087719299,75.0,90.57971014492753,70.2020202020202,85.52188552188554,85.83333333333336,91.66666666666666,67.44167317067654,88.50512689745369,72.7272727272727,80.40141676505313,73.93048128342245,86.80926916221034,74.43609022556392,84.68045112781954,79.16666666666666,91.14583333333334,79.83193277310924,93.27731092436974,76.018488735207,87.26285626255722,71.73008095294176,87.88399158000546,0.5245383114281144
569.0,92.90657439446368,96.57823913879277,78.6819484240688,86.00286532951289,81.16531165311652,89.46100572116832,66.50622037914695,76.58471563981041,62.962184873949546,70.21008403361346,76.44444794494909,83.76738197257956,83.43200916730328,91.84219142202335,86.2391513982642,94.14121932926176,87.35605170387782,93.74853113983548,88.79822465005121,97.00921816319563,87.0130269140961,94.36524517635492,86.56769276671852,94.22128104613422,81.5060703558338,88.9943315093569,0.43956435785351905,47.8723404255319,93.61702127659575,57.2368421052632,81.14035087719299,72.82608695652173,90.57971014492753,75.75757575757574,85.52188552188554,95.83333333333336,92.5,69.90523571564519,88.67179356412036,72.7272727272727,80.5194805194805,73.93048128342245,86.98752228163994,76.22180451127821,84.68045112781954,77.08333333333331,91.14583333333334,81.30252100840337,93.27731092436974,76.253082572742,87.32211963732861,73.0791591441936,87.99695660072449,0.5157741852108891
570.0,93.42560553633218,93.88696655132641,90.68767908309458,94.36962750716333,84.86901535682021,89.76211984342066,74.8889218009479,80.03554502369667,79.66386554621849,85.7563025210084,84.70701746468266,88.76211228932308,83.74713521772344,92.09320091673032,82.80402871531123,92.3668702453659,87.02702702702706,93.16333725029378,90.72550358484125,96.45954250597474,86.71807791569375,96.46675678997173,86.20435449211935,94.1099415416673,85.45568597840101,91.43602691549519,0.4046134303717638,48.936170212765944,93.61702127659575,57.2368421052632,80.70175438596492,72.82608695652173,90.57971014492753,75.75757575757574,85.52188552188554,90.83333333333336,92.5,69.118001673092,88.58407426587476,73.37662337662337,80.5194805194805,73.93048128342245,86.89839572192514,76.22180451127821,84.58646616541354,79.16666666666666,91.14583333333334,81.30252100840337,93.27731092436974,76.7996193692788,87.28549733290444,72.9588105211854,87.9347857993896,0.5181877428308832
571.0,89.77316416762784,94.84813533256438,87.90114613180519,90.80229226361031,81.57181571815715,86.02830472749173,72.99318720379149,79.50236966824644,71.53361344537814,81.59663865546219,80.75458533335197,86.555548129475,80.62452253628723,91.16010040379788,82.96796314154074,91.59755705560913,85.89306698002353,94.66039952996475,89.04574940252647,96.51758279276203,90.36807177092294,95.37298758756299,85.77987476626018,93.86172547393936,83.26723004980607,90.20863680170717,0.4236773635027439,47.8723404255319,93.61702127659575,57.2368421052632,81.14035087719299,72.82608695652173,90.57971014492753,75.75757575757574,84.84848484848484,90.83333333333336,92.5,68.90523571564519,88.53711342944023,73.37662337662337,80.6375442739079,73.93048128342245,86.89839572192514,76.22180451127821,84.49248120300751,79.16666666666666,91.14583333333334,81.30252100840337,93.27731092436974,76.7996193692788,87.29031309130873,72.852427542462,87.91371326037448,0.516257156895659
572.0,93.59861591695503,96.77047289504037,78.9684813753582,88.72492836676219,85.6820234869015,90.18367961457393,75.12588862559245,80.85011848341233,73.73949579831931,85.54621848739495,81.4229010406253,88.41508356943675,80.64362108479754,92.02772017898067,83.45762348655306,92.31543983713703,86.75675675675679,94.13396004700353,89.83270740867191,96.52099692727893,88.42632419810742,94.80152390315841,85.82340658697734,93.9599281787117,83.62315381380132,91.18750587407422,0.40533785855583065,48.936170212765944,93.61702127659575,57.2368421052632,80.70175438596492,75.0,90.57971014492753,70.2020202020202,84.51178451178451,85.83333333333336,91.66666666666666,67.44167317067654,88.21538739718787,73.37662337662337,80.7556080283353,73.93048128342245,86.72014260249554,75.75187969924812,84.58646616541354,79.16666666666666,91.14583333333334,79.83193277310924,93.27731092436974,76.41151675981396,87.2970722107895,71.92659496524524,87.75622980398867,0.5267546046456703
573.0,88.90811226451366,96.96270665128796,85.2578796561605,87.06303724928367,82.83649503161695,90.93646492020476,73.56338862559242,79.88744075829383,67.20588235294117,78.27731092436974,79.55435158616494,86.62539210068799,81.94232238349885,91.4847757284732,84.92981892210435,91.98971391835423,84.43008225616923,93.9764982373678,91.45954250597474,97.06725844998293,88.91176109131129,96.36844045717096,86.33470543181168,94.17733735826982,82.94452850898831,90.4013647294789,0.41361518198846203,48.936170212765944,93.61702127659575,57.2368421052632,81.14035087719299,75.0,90.57971014492753,70.2020202020202,84.51178451178451,85.83333333333336,92.5,67.44167317067654,88.46977336210016,72.7272727272727,80.6375442739079,73.93048128342245,86.89839572192514,76.22180451127821,84.49248120300751,77.08333333333331,91.14583333333334,81.30252100840337,93.27731092436974,76.253082572742,87.29031309130873,71.84737787170927,87.88004322670444,0.5210117337443124
574.0,94.11764705882354,96.77047289504037,82.04154727793697,90.78796561604584,80.5329719963866,86.1788617886179,79.67268957345975,84.55272511848341,78.10924369747899,84.07563025210084,82.89481992081717,88.47313113405767,81.20702826585179,92.09865764487613,84.11228972463299,91.6554162648666,85.50528789659228,93.03877790834312,91.07033117104814,97.81153977466712,89.24972348531401,96.88460120437509,86.22893210868783,94.29779855942562,84.5618760147525,91.38546484674164,0.4010387601106571,48.936170212765944,93.61702127659575,57.2368421052632,81.14035087719299,75.0,90.57971014492753,70.2020202020202,84.51178451178451,85.83333333333336,92.5,67.44167317067654,88.46977336210016,73.37662337662337,80.51948051948052,73.93048128342245,86.89839572192514,76.22180451127821,84.49248120300751,79.16666666666666,91.14583333333334,81.30252100840337,93.27731092436974,76.7996193692788,87.26670034042327,72.12064626997767,87.86823685126171,0.5240042192591406
575.0,88.21607074202231,96.11687812379853,83.04441260744989,88.10888252148997,81.9783197831978,89.40078289671786,66.03228672985784,75.0,74.43277310924368,81.1344537815126,78.7407725943543,85.9521994647038,82.32429335370512,91.42748008294227,83.45869495339116,92.19329261759349,84.31844888366629,93.97414806110459,90.08023216114717,96.41857289177193,88.13137519970505,95.68022612756545,85.66260891032296,93.93874395619554,82.20169075233864,89.94547171044967,0.4217783074289734,47.8723404255319,93.61702127659575,57.2368421052632,81.14035087719299,72.82608695652173,91.30434782608697,70.2020202020202,84.51178451178451,85.83333333333336,92.5,66.79412460453408,88.61470089833205,72.7272727272727,80.99173553719008,73.93048128342245,86.80926916221034,76.22180451127821,84.49248120300751,79.16666666666666,91.14583333333334,81.30252100840337,93.27731092436974,76.66974923940867,87.34332603202222,71.73193692197137,87.97901346517713,0.5208454443094835
576.0,93.42560553633218,97.4240676662822,80.25787965616048,89.78510028653295,79.31345980126466,90.45468232460102,74.65195497630333,82.6718009478673,73.08823529411764,79.15966386554622,80.14742705283565,87.89906301816595,84.18640183346065,92.35239550365601,83.94728383156537,92.86831672559734,87.02702702702706,94.11045828437133,88.30317514510074,96.49368385114374,87.25574536069803,95.49588300356396,86.14392663957037,94.26414747366647,83.145676846203,91.08160524591621,0.4044796922378911,48.936170212765944,93.61702127659575,57.2368421052632,81.14035087719299,75.0,91.30434782608697,70.2020202020202,84.51178451178451,85.83333333333336,92.5,67.44167317067654,88.61470089833205,73.37662337662337,80.6375442739079,73.93048128342245,86.72014260249554,76.22180451127821,84.3984962406015,79.16666666666666,91.14583333333334,81.30252100840337,93.27731092436974,76.7996193692788,87.2358654749416,72.12064626997767,87.92528318663682,0.5247390358168154
577.0,94.29065743944638,99.19261822376009,83.04441260744989,88.12320916905443,75.83559168925021,85.06473953628425,74.17802132701425,78.43601895734598,68.80252100840335,76.68067226890756,79.23024081431281,85.49945163107047,82.00916730328494,91.99770817417875,82.64009428908172,91.71327547412407,86.1045828437133,94.19271445358402,91.3178559235234,97.00238989416184,88.66904264470936,95.2378026299619,86.14814860086254,94.02877812520211,82.68919470758767,89.7641148781363,0.4212454131982063,47.8723404255319,93.61702127659575,57.2368421052632,81.14035087719299,75.0,90.57971014492753,70.2020202020202,84.51178451178451,85.83333333333336,92.5,67.22890721322973,88.46977336210016,73.37662337662337,80.40141676505313,73.93048128342245,86.72014260249554,76.22180451127821,84.77443609022556,79.16666666666666,91.14583333333334,81.30252100840337,93.27731092436974,76.7996193692788,87.26382794309548,72.01426329125427,87.86680065259782,0.5231811199712274
578.0,94.46366782006919,96.84736639753942,80.97421203438398,87.23495702005731,79.7199638663053,85.54652213188798,68.54265402843606,80.5835308056872,70.88235294117648,78.36134453781513,78.9165701380742,85.7147441785974,83.78533231474407,92.6006766342901,84.43801564341581,91.75827708132434,85.40540540540543,93.22444183313749,91.12325025606009,97.08432912256744,87.88865675310312,94.27307361435419,86.52813207454571,93.78815965713471,82.72235110630996,89.75145191786606,0.4194994703658833,47.8723404255319,92.5531914893617,57.2368421052632,81.14035087719299,72.82608695652173,91.30434782608697,70.2020202020202,84.51178451178451,85.83333333333336,92.5,66.79412460453408,88.40193494088524,73.37662337662337,80.51948051948052,73.93048128342245,86.80926916221033,75.75187969924812,84.58646616541353,79.16666666666666,91.14583333333334,79.83193277310924,93.27731092436974,76.41151675981396,87.2676720209615,71.60282068217401,87.83480348092337,0.5214902733242887
579.0,94.11764705882354,97.96232218377547,83.5386819484241,88.38108882521489,80.12646793134597,89.85245408009635,69.77191943127966,77.81398104265402,76.72268907563024,84.45378151260505,80.8554810891007,87.69272552886916,85.46600458365162,91.07824948161081,84.93089038894243,92.9947498124933,88.06110458284374,94.66745005875441,89.58518265619666,97.04335950836463,89.8396214821187,94.70935234115768,87.57656073875064,94.09863224047616,84.21602091392568,90.89567888467266,0.39942216247275447,47.8723404255319,92.5531914893617,57.2368421052632,81.14035087719299,72.82608695652173,91.30434782608697,75.75757575757574,84.17508417508418,90.83333333333336,92.5,68.90523571564519,88.33459487354517,73.37662337662337,80.51948051948052,74.91087344028521,86.80926916221034,74.43609022556392,84.3984962406015,79.16666666666666,91.14583333333334,81.30252100840337,93.27731092436974,76.63855494350851,87.2300780359991,72.77189532957685,87.78233645477214,0.5175973095776796
580.0,93.77162629757785,97.11649365628605,78.10888252149,87.89398280802291,84.86901535682023,90.93646492020476,74.31872037914695,82.42002369668246,71.57563025210084,77.31092436974791,80.52877496142717,87.13557789018881,85.3418640183346,94.17221434028157,83.94942676524158,92.1268616736312,86.21621621621625,94.53349001175087,90.53089791737796,97.40867190167292,91.05321371512842,95.96903035516775,87.41832372645976,94.84205365650087,83.97354934394346,90.98881577334484,0.40320938054492367,47.8723404255319,92.5531914893617,57.2368421052632,81.14035087719299,72.82608695652173,91.30434782608697,70.2020202020202,84.51178451178451,85.83333333333336,92.5,66.79412460453408,88.40193494088524,73.37662337662337,80.51948051948052,73.93048128342245,86.89839572192514,74.43609022556392,84.30451127819549,79.16666666666666,91.14583333333334,81.30252100840337,93.27731092436974,76.44247651213595,87.22910635546086,71.61830055833502,87.81552064817305,0.5225662342615581
581.0,94.29065743944636,97.73164167627836,84.97134670487108,89.58452722063038,77.05510388437216,87.89521228545618,70.43838862559245,80.34656398104265,67.98319327731092,80.7983193277311,78.9477379863186,87.27125289822773,84.73071046600458,92.04136199934518,83.94942676524158,92.14829101039324,87.6263219741481,94.14571092831963,90.92010925230454,97.32331853875041,89.15447953791325,96.81700872557454,87.27620959912241,94.4951382404766,83.1119737927205,90.88319556935217,0.3999189979070788,47.8723404255319,92.5531914893617,57.2368421052632,81.14035087719299,72.82608695652173,91.30434782608697,70.2020202020202,84.51178451178451,85.83333333333336,92.5,66.79412460453408,88.40193494088524,73.37662337662337,80.51948051948051,74.91087344028521,86.80926916221034,76.22180451127821,84.11654135338345,78.64583333333331,91.27604166666666,81.30252100840337,93.4873949579832,76.8915311339847,87.24174553194483,71.8428278692594,87.82184023641503,0.5224838248969637
582.0,87.69703960015379,96.078431372549,81.4684813753582,90.94555873925502,83.60433604336042,91.65913881361035,70.34212085308059,81.17594786729858,74.55882352941177,81.5546218487395,79.53416028027296,88.2827397282905,81.06378915202444,91.12736003492306,80.02142933676201,91.28897460623594,85.39952996474737,93.24089306698002,89.73540457494028,97.44281324684192,89.00700503871207,95.94445127196757,85.04543161343723,93.8088984453897,82.2897959468551,91.0458190868401,0.40167724633773183,48.936170212765944,92.5531914893617,57.2368421052632,81.14035087719299,75.0,91.30434782608697,70.2020202020202,84.51178451178451,85.83333333333336,91.66666666666666,67.44167317067654,88.23526827421856,73.37662337662337,80.6375442739079,73.93048128342245,86.80926916221033,74.43609022556392,84.49248120300751,79.16666666666666,91.14583333333334,81.30252100840337,93.27731092436974,76.44247651213595,87.27248777936578,71.94207484140625,87.75387802679217,0.5284878006232727
583.0,94.63667820069203,97.38562091503269,84.04727793696276,89.32664756446991,77.86811201445346,88.82866606443842,73.46712085308059,80.09478672985782,75.9873949579832,82.81512605042018,81.2013167926344,87.6901694648438,83.53705118410998,92.36876568809342,84.1155041251473,92.0497160612879,87.35605170387782,93.98589894242068,89.44349607374531,97.34721748036873,88.27884969890623,94.80152390315841,86.54619055715733,94.11062441506581,83.87375367489587,90.90039693995482,0.4050886408313725,47.8723404255319,92.5531914893617,57.2368421052632,81.14035087719299,72.82608695652173,91.30434782608697,70.2020202020202,84.51178451178451,85.83333333333336,92.5,66.79412460453408,88.40193494088524,73.37662337662337,80.6375442739079,73.93048128342245,86.89839572192513,76.22180451127821,84.49248120300751,79.16666666666666,91.14583333333334,81.30252100840337,93.27731092436974,76.7996193692788,87.29031309130873,71.79687198690644,87.84612401609698,0.5248934015231417
584.0,94.98269896193771,95.96309111880045,87.041547277937,93.69627507163324,81.1653116531165,89.31044866004216,70.10515402843606,79.4431279620853,74.55882352941177,80.50420168067227,81.57070709016782,87.78342889864669,81.31207028265851,92.81076066790352,82.14721954355511,92.8361727204543,85.72855464159815,95.17743830787309,91.8572891771936,97.21406623420962,88.37409364630699,96.27012412437016,85.88384545826247,94.86171241096214,83.72727627421514,91.32257065480442,0.3951879880691421,47.8723404255319,92.5531914893617,57.2368421052632,81.14035087719299,72.82608695652173,91.30434782608697,70.2020202020202,84.51178451178451,85.83333333333336,92.5,66.79412460453408,88.40193494088524,73.37662337662337,80.7556080283353,74.91087344028521,86.72014260249554,74.90601503759399,84.21052631578947,78.64583333333331,91.14583333333334,81.30252100840337,93.27731092436974,76.62837323924785,87.22188424086468,71.71124892189096,87.81190959087496,0.5239405619762479
585.0,88.73510188389082,96.19377162629758,78.6819484240688,86.3323782234957,89.38572719060522,92.89370671484491,74.65195497630334,82.0053317535545,71.65966386554622,77.64705882352942,80.62287926808288,87.01444942834442,79.5550038197097,90.88999236058059,84.60302153648342,92.31758277081325,86.11045828437135,94.86016451233843,89.39057698873337,97.27893479003072,88.07914464790464,95.34226373356273,85.5476410554405,94.13778763346514,83.08526016176168,90.57611853090478,0.40881029061787344,47.8723404255319,92.5531914893617,57.2368421052632,81.14035087719299,72.82608695652173,91.30434782608697,70.2020202020202,84.84848484848484,85.83333333333336,92.5,66.79412460453408,88.46927500822531,73.37662337662337,80.8736717827627,74.91087344028521,86.80926916221034,74.90601503759399,84.30451127819549,78.64583333333331,91.14583333333334,81.30252100840337,93.27731092436974,76.62837323924785,87.28211929617433,71.71124892189096,87.87569715219982,0.5241938634501049
586.0,88.562091503268,95.54017685505575,80.11461318051578,87.85100286532952,84.01084010840106,88.43721770551039,72.04531990521329,81.11670616113744,75.25210084033614,81.63865546218487,79.99699310754684,86.9167518098436,81.92322383498853,92.4969987995198,83.95156969891778,92.51044680167149,87.83783783783787,95.28084606345475,89.54079890747695,96.30249231819734,88.76428659211012,94.70320757035763,86.40354337426625,94.2587983106402,83.20026824090655,90.58777506024191,0.4099570089041234,47.8723404255319,92.5531914893617,57.2368421052632,81.14035087719299,72.82608695652173,91.30434782608697,70.2020202020202,84.51178451178451,90.83333333333336,92.5,67.79412460453408,88.40193494088524,73.37662337662337,80.9917355371901,74.91087344028521,86.63101604278076,74.90601503759399,84.3984962406015,80.72916666666666,91.14583333333334,81.30252100840337,93.27731092436974,77.04503990591452,87.28887841565509,72.4195822552243,87.84540667827017,0.520269196122969
587.0,93.0795847750865,97.2318339100346,82.32808022922639,86.70487106017191,83.24299909665763,87.02198133092442,73.23015402843606,79.05805687203791,73.69747899159664,82.56302521008404,81.11565942420064,86.51595367665058,84.7307104660046,93.6429117101386,86.07521697203468,93.10832529733204,85.61692126909522,93.13983548766157,89.68248548992833,96.36736087401843,85.9376920240875,96.21482118716972,86.40860524423006,94.49465091126407,83.76213233421535,90.50530229395733,0.4111076727794244,47.8723404255319,92.5531914893617,57.2368421052632,81.14035087719299,72.82608695652173,91.30434782608697,70.2020202020202,84.51178451178451,85.83333333333336,92.5,66.79412460453408,88.40193494088524,73.37662337662337,80.9917355371901,74.91087344028521,86.72014260249554,74.43609022556392,84.39849624060149,80.72916666666666,91.14583333333334,81.30252100840337,93.27731092436974,76.95105494350851,87.30670372759805,71.8725897740213,87.85431933424164,0.5224552925453604
588.0,94.29065743944638,97.07804690503653,79.25501432664758,83.53868194842407,84.64317976513097,89.22011442336645,71.7639218009479,78.80627962085308,71.53361344537815,80.63025210084034,80.2972773555102,85.85467499970409,84.79755538579067,92.67979919240423,84.76481302903672,91.82256509161041,86.86839012925972,95.01762632197416,92.14919767838853,97.84568111983612,87.35098930809882,94.85682684035885,87.18618910611488,94.44449971323675,83.74173323081254,90.14958735647042,0.41367714513368165,47.8723404255319,92.5531914893617,57.2368421052632,81.14035087719299,72.82608695652173,91.30434782608697,70.2020202020202,84.51178451178451,85.83333333333336,92.5,66.79412460453408,88.40193494088524,73.37662337662337,80.9917355371901,74.91087344028521,86.72014260249554,76.22180451127821,84.39849624060149,80.72916666666666,91.14583333333334,81.30252100840337,93.06722689075629,77.30819780065136,87.26468692087535,72.05116120259271,87.83331093088029,0.5205564718102792
589.0,93.9446366782007,96.88581314878894,77.3925501432665,86.08882521489971,80.75880758807585,87.8952122854562,69.15728672985784,78.6137440758294,75.25210084033614,81.9747899159664,79.3010763959474,86.29167692818812,83.9763177998472,92.60613336243588,85.25661630772525,92.27686703096539,88.87191539365456,95.22914218566392,90.28337316490271,96.94776374189142,88.374093646307,95.45286960796362,87.35246326248736,94.50255518578406,83.32676982921738,90.39711605698609,0.4051103860435641,47.8723404255319,92.5531914893617,57.2368421052632,81.14035087719299,72.82608695652173,91.30434782608697,70.2020202020202,84.51178451178451,85.83333333333336,92.5,66.79412460453408,88.40193494088524,73.37662337662337,80.9917355371901,74.91087344028521,86.72014260249554,74.43609022556392,84.49248120300751,79.16666666666666,91.14583333333334,81.30252100840337,93.27731092436974,76.63855494350851,87.32550072007925,71.7163397740213,87.86371783048224,0.5247653529700177
590.0,94.80968858131487,98.0392156862745,79.54154727793698,85.60171919770772,81.7976513098464,88.67810900331226,74.55568720379149,81.20556872037915,69.49579831932773,79.15966386554622,80.04007453844349,86.53685529464397,83.43200916730326,91.44657863145258,85.25661630772527,93.16618450658952,85.50528789659228,92.87544065804936,89.88562649368387,96.99897575964492,87.74118225390193,95.42214575396338,86.36414442384132,93.98186506193994,83.2021094811424,90.25936017829196,0.41503849991121455,47.8723404255319,92.5531914893617,57.2368421052632,81.14035087719299,72.82608695652173,91.30434782608697,75.75757575757574,84.51178451178451,90.83333333333336,92.5,68.90523571564519,88.40193494088524,73.37662337662337,80.9917355371901,74.91087344028521,86.80926916221034,74.43609022556392,84.68045112781954,80.72916666666666,91.14583333333334,81.30252100840337,93.06722689075629,76.95105494350851,87.33890321026192,72.92814532957685,87.87041907557358,0.5196954573084542
591.0,88.38908112264515,94.69434832756632,86.11747851002866,90.21489971346705,81.75248419150857,85.03462812405903,69.3942535545024,75.9478672985782,71.70168067226889,82.6470588235294,79.47099561019073,85.70776045744,81.90412528647822,91.41110989850485,80.51323261545053,91.03825136612022,86.37485311398358,94.27967097532314,89.58518265619666,96.05326049846364,89.73516037851789,96.14722870836918,85.62251081012538,93.78590428935621,82.54675321015804,89.7468323733981,0.41888813609700204,47.8723404255319,92.5531914893617,57.2368421052632,81.14035087719299,72.82608695652173,91.30434782608697,75.75757575757574,85.18518518518519,95.83333333333336,92.5,69.90523571564519,88.53661507556538,73.37662337662337,81.34592680047224,74.91087344028521,86.72014260249554,74.90601503759399,84.77443609022556,78.64583333333331,91.14583333333334,81.30252100840337,93.06722689075629,76.62837323924785,87.41071314345659,73.26680447744653,87.97366410951099,0.5153687072820121
592.0,93.42560553633218,95.92464436755095,87.90114613180519,93.0515759312321,80.57813911472445,88.70822041553748,72.99318720379149,82.04976303317537,63.65546218487391,74.41176470588235,79.71070803430544,86.82919369067565,85.02673796791443,92.45607333842628,84.2783670845387,93.19189971070395,88.81316098707404,95.06462984723855,92.20211676340048,97.47012632297714,86.13739707508911,95.45286960796362,87.29155597560334,94.72711976546191,83.5011320049544,90.77815672806878,0.40500630229318635,47.8723404255319,92.5531914893617,57.2368421052632,81.14035087719299,72.82608695652173,91.30434782608697,70.2020202020202,85.18518518518519,85.83333333333336,92.5,66.79412460453408,88.53661507556538,73.37662337662337,81.34592680047224,74.91087344028521,86.72014260249554,74.90601503759399,84.58646616541354,78.64583333333331,91.14583333333334,81.30252100840337,93.06722689075629,76.62837323924785,87.37311915849418,71.71124892189096,87.95486711702978,0.5196893106792211
593.0,93.59861591695503,96.50134563629373,86.61174785100289,92.22063037249283,85.90785907859075,91.99036434808792,73.37085308056874,76.86611374407583,71.57563025210084,79.49579831932773,82.21294123584364,87.41485048405562,86.1153552330023,92.39877769289534,84.27515268402442,91.88042430086789,86.26909518213868,94.84371327849588,89.09866848753842,96.34346193240015,86.86555241489494,96.49748064397198,86.52476480031974,94.39277156972625,84.3688530180817,90.90381102689093,0.39541090281547353,47.8723404255319,92.5531914893617,57.2368421052632,81.14035087719299,72.82608695652173,91.30434782608697,70.2020202020202,85.18518518518519,85.83333333333336,92.5,66.79412460453408,88.53661507556538,73.37662337662337,81.22786304604487,74.91087344028521,86.72014260249554,74.90601503759399,84.58646616541354,80.72916666666666,91.14583333333334,81.30252100840337,93.27731092436974,77.04503990591452,87.39152321433141,71.9195822552243,87.9640691449484,0.5241509790746971
594.0,94.80968858131487,97.6163014225298,81.89828080229228,86.66189111747852,84.82384823848236,91.44835892803371,73.9410545023697,77.10308056872039,68.80252100840336,78.69747899159664,80.85507862657252,86.30542220567182,81.27387318563788,91.55844155844154,85.74949105325187,92.34115504125147,87.73207990599298,94.95652173913042,88.94844656879482,96.87265278251964,88.85953053951087,94.70320757035762,86.51268425063768,94.08639573834014,83.6838814386051,90.19590897200598,0.4115465262525509,47.8723404255319,92.5531914893617,57.2368421052632,81.14035087719299,72.82608695652173,91.30434782608697,70.2020202020202,85.18518518518519,85.83333333333336,92.5,66.79412460453408,88.53661507556538,73.37662337662337,81.34592680047224,74.91087344028521,86.63101604278076,76.22180451127821,84.68045112781954,80.72916666666666,91.14583333333334,81.30252100840337,93.06722689075629,77.30819780065136,87.37409083903243,72.05116120259271,87.95535295729891,0.5247646919161973
595.0,88.04306036139947,95.34794309880816,81.61174785100289,86.6618911174785,81.7976513098464,90.96657633242998,71.66765402843605,81.69431279620854,75.21008403361344,79.49579831932773,79.66603951685966,86.83330433285059,83.9572192513369,92.35512386772892,83.94835529840348,92.64116575591986,84.58871915393658,93.86603995299649,90.27483782861044,96.78388528508025,88.71205604030969,96.08578100036867,86.29623751451942,94.34639917241884,82.98113851568954,90.58985175263471,0.4042213474332079,47.8723404255319,92.5531914893617,57.2368421052632,81.14035087719299,72.82608695652173,91.30434782608697,70.2020202020202,85.18518518518519,85.83333333333336,92.5,66.79412460453408,88.53661507556538,73.37662337662337,81.22786304604486,74.91087344028521,86.98752228163993,77.5375939849624,84.77443609022556,79.16666666666666,91.015625,81.30252100840337,92.85714285714285,77.2588556953882,87.37251785501063,72.02649014996115,87.954566465288,0.5253572420201815
596.0,93.59861591695503,96.77047289504036,76.4684813753582,86.40401146131805,82.20415537488705,89.40078289671786,69.72748815165878,77.94727488151658,76.68067226890757,78.90756302521008,79.73588261755333,85.8860210319606,84.25324675324674,92.1886936592819,84.11443265830918,92.07543126540234,87.35605170387782,94.3807285546416,90.23045407989075,97.22772277227722,86.8133218630945,95.12719675556102,86.55350141168381,94.19995460143282,83.14469201461857,90.04298781669671,0.4101449717458719,47.8723404255319,92.5531914893617,57.2368421052632,81.14035087719299,72.82608695652173,91.30434782608697,70.2020202020202,85.18518518518519,85.83333333333336,92.5,66.79412460453408,88.53661507556538,73.37662337662337,81.34592680047226,74.91087344028521,86.89839572192513,76.22180451127821,84.86842105263158,79.16666666666666,91.14583333333334,81.30252100840337,92.85714285714285,76.99569780065136,87.42314395310103,71.89491120259271,87.9798795143332,0.5248784746789694
597.0,94.29065743944638,97.15494040753556,82.75787965616048,90.0429799426934,79.94579945799455,88.6178861788618,71.76392180094788,81.39810426540285,73.8655462184874,84.28571428571429,80.52476091460734,88.29992501604157,81.58899923605804,91.43566517516096,83.95156969891778,90.96753455480552,88.21974148061108,94.94477085781433,90.67258449982931,97.78764083304883,87.40321985989922,95.74167383556593,86.36722295506308,94.17545705127911,83.4459919348352,91.23769103366034,0.39032299376512575,47.8723404255319,92.5531914893617,57.2368421052632,81.14035087719299,72.82608695652173,91.30434782608697,70.2020202020202,85.18518518518519,85.83333333333336,92.5,66.79412460453408,88.53661507556538,73.37662337662337,81.46399055489964,74.91087344028521,86.98752228163993,76.22180451127821,84.86842105263158,78.64583333333331,91.27604166666666,81.30252100840337,93.06722689075629,76.8915311339847,87.53264048931881,71.8428278692594,88.0346277824421,0.518265061447675
598.0,93.9446366782007,95.30949634755864,82.32808022922639,86.48997134670488,81.39114724480577,87.02198133092442,70.34212085308059,78.82109004739337,75.98739495798318,83.65546218487395,80.79867599265933,86.25960025149104,81.25477463712757,89.86958419731529,84.93196185578054,92.94760527161685,88.00235017626325,94.6909518213866,90.8228064185729,97.09115739160123,87.59370775470074,95.70480521076563,86.52112016848899,94.06082077853713,83.65989808057415,90.16021051501409,0.4135173570723124,47.8723404255319,92.5531914893617,57.2368421052632,81.14035087719299,72.82608695652173,91.30434782608697,70.2020202020202,85.18518518518519,85.83333333333336,92.5,66.79412460453408,88.53661507556538,73.37662337662337,81.34592680047226,74.91087344028521,86.98752228163993,76.22180451127821,84.86842105263158,78.64583333333331,91.14583333333334,81.30252100840337,93.27731092436974,76.8915311339847,87.52500287848936,71.8428278692594,88.03080897702736,0.5177283884044626
599.0,94.46366782006919,97.92387543252595,88.04441260744987,91.24641833810888,78.50045167118336,88.04576934658236,67.31338862559242,77.39928909952607,68.67647058823529,76.9747899159664,79.39967826250603,86.31802842654193,83.11688311688312,90.91727600130962,84.43908711025391,92.31758277081325,88.16686251468863,94.45593419506464,89.63810174120862,97.71252987367703,86.04215312768834,95.77239768956618,86.28061752214452,94.23514410608615,82.84014789232528,90.27658626631404,0.4080025549707171,47.8723404255319,92.5531914893617,57.2368421052632,81.14035087719299,72.82608695652173,91.30434782608697,70.2020202020202,85.18518518518519,85.83333333333336,92.5,66.79412460453408,88.53661507556538,73.37662337662337,81.22786304604486,74.91087344028521,86.80926916221034,75.75187969924812,84.86842105263158,79.16666666666666,91.14583333333334,81.30252100840337,93.06722689075629,76.90171283824534,87.42372269699528,71.8479187213897,87.98016888628032,0.5262376849420982
600.0,87.87004998077663,96.15532487504805,85.68767908309458,91.77650429799426,80.75880758807585,89.70189701897019,75.83678909952609,84.6563981042654,81.05042016806722,84.28571428571428,82.24074918390806,89.31516771639845,83.30786860198623,90.75357415693549,87.38454944819455,93.44905175184827,86.38072855464162,93.79083431257345,90.477978832366,97.25503584841242,86.32788496989062,95.90143787636721,86.7758020814158,94.22998678922737,84.50827563266193,91.77257725281291,0.38776077369897555,47.8723404255319,92.5531914893617,44.73684210526317,81.14035087719299,72.82608695652173,91.30434782608697,70.2020202020202,85.18518518518519,80.83333333333333,92.5,63.29412460453407,88.53661507556538,74.02597402597402,80.9917355371901,74.91087344028521,86.72014260249554,75.75187969924812,84.77443609022556,79.16666666666666,91.14583333333334,79.83193277310924,93.06722689075629,76.73746532105665,87.33987489080016,70.01579496279535,87.93824498318277,0.5306350338447907
601.0,88.04306036139947,95.96309111880046,82.75787965616048,86.56160458452722,76.6485998193315,87.29298404095151,74.51125592417064,80.62796208530807,74.55882352941178,81.80672268907563,79.30392385809478,86.45047290373257,80.20435446906035,91.94314089272073,83.94942676524158,91.2632594021215,88.00235017626323,94.75440658049354,91.95459201092524,97.31307613519972,87.98390070050387,94.64790463315718,86.41892482439886,93.98435752873853,82.86142434124682,90.21741521623555,0.40972381234858746,47.8723404255319,91.48936170212765,57.2368421052632,80.70175438596492,72.82608695652173,91.30434782608697,70.2020202020202,85.18518518518519,85.83333333333336,92.5,66.79412460453408,88.23612981987294,73.37662337662337,81.22786304604486,74.91087344028521,86.98752228163993,75.75187969924812,84.86842105263158,79.16666666666666,91.015625,79.83193277310924,92.85714285714285,76.60759519118652,87.39131484749183,71.7008598978603,87.81372233368239,0.5223187721793171
602.0,94.98269896193771,96.65513264129181,82.90114613180518,88.15186246418338,80.17163504968381,88.55766335441133,71.43068720379149,77.71030805687204,72.39495798319328,80.58823529411765,80.3762250660823,86.33264036217524,82.2192513368984,91.09461966604823,85.74841958641376,92.29829636772742,86.5922444183314,93.64042303172737,90.23045407989075,97.76715602594743,89.7873909303183,95.80926631436648,86.91555207037052,94.12195228116339,83.64588856822641,90.22729632166931,0.4088588260194632,47.8723404255319,91.48936170212765,57.2368421052632,80.70175438596492,72.82608695652173,92.02898550724638,70.2020202020202,85.18518518518519,85.83333333333336,92.5,66.79412460453408,88.38105735610483,73.37662337662337,81.10979929161746,74.91087344028521,87.07664884135473,77.5375939849624,84.86842105263158,80.72916666666666,91.015625,81.30252100840337,93.06722689075629,77.5713556953882,87.42754421527201,72.18274014996115,87.90430078568842,0.5209940696968963
603.0,93.25259515570934,97.27028066128412,80.54441260744987,88.08022922636104,78.50045167118337,87.53387533875339,74.17802132701425,84.06398104265402,78.84453781512605,88.15126050420167,81.06400371529658,89.01992535465084,83.51795263559968,92.54610935283205,84.60516447015962,91.52469731061824,84.85898942420683,94.58989424206817,92.25503584841242,97.15261181290542,87.0130269140961,96.15951824996928,86.45003385849493,94.39456619367863,83.75701878689576,91.70724577416473,0.3895511838968289,47.8723404255319,91.48936170212765,57.2368421052632,80.70175438596492,72.82608695652173,92.02898550724638,70.2020202020202,85.52188552188554,85.83333333333336,92.5,66.79412460453408,88.4483974234449,73.37662337662337,81.22786304604486,74.91087344028521,86.89839572192514,75.75187969924812,84.86842105263158,79.16666666666666,91.14583333333333,81.30252100840337,93.06722689075629,76.90171283824534,87.44154800893823,71.8479187213897,87.94497271619156,0.5257797048047274
604.0,88.38908112264515,96.34755863129566,79.54154727793697,84.02578796561605,79.94579945799455,87.98554652213188,75.12588862559245,81.75355450236967,72.35294117647058,80.96638655462185,79.07105153212794,86.21576683520702,81.58899923605806,92.73982320200808,83.62262937962066,92.50830386799528,85.51116333725031,94.18331374853113,89.44349607374531,97.9788323659952,89.15447953791325,94.19933636475359,85.86415351291751,94.32192190985667,82.46760252252272,90.26884437253185,0.41198652366129934,47.8723404255319,91.48936170212765,57.2368421052632,80.70175438596492,72.82608695652173,92.02898550724638,70.2020202020202,85.52188552188554,85.83333333333336,92.5,66.79412460453408,88.4483974234449,73.37662337662337,81.10979929161746,74.91087344028521,86.98752228163993,77.5375939849624,84.77443609022556,79.16666666666666,91.27604166666666,81.30252100840337,93.06722689075629,77.2588556953882,87.44300524418118,72.02649014996115,87.94570133381305,0.524836019312526
605.0,93.25259515570934,97.19338715878507,82.04154727793697,89.15472779369627,80.12646793134597,87.47365251430293,76.92535545023699,82.89395734597157,73.04621848739497,83.23529411764706,81.07843686052486,87.99020378608058,82.00916730328494,90.70173523955037,83.13189756777024,92.0475731276117,88.87191539365455,94.42068155111633,91.51246159098669,97.08432912256742,85.11429273688091,95.83384539756668,86.12794691851545,94.01763288768251,83.60319188952016,91.00391833688155,0.40592443393933997,47.8723404255319,91.48936170212765,57.2368421052632,80.70175438596492,72.82608695652173,92.02898550724638,70.2020202020202,85.52188552188554,85.83333333333336,92.5,66.79412460453408,88.4483974234449,73.37662337662337,81.22786304604486,78.16399286987523,87.25490196078431,76.22180451127821,84.77443609022556,78.64583333333331,91.14583333333334,81.30252100840337,93.06722689075629,77.54215501990271,87.49405226422887,72.16813981221839,87.9712248438369,0.5191237547404092
606.0,93.59861591695503,96.84736639753942,85.2578796561605,91.53295128939828,81.57181571815715,89.31044866004216,74.41498815165879,80.55390995260665,70.96638655462183,82.18487394957982,81.16193719951066,88.08591004983326,82.3242933537051,91.46840554403579,85.09053894781954,92.24043715846994,86.15746180963573,93.88249118683902,92.50256060088769,97.43598497780812,86.32788496989062,96.27012412437016,86.48054793638774,94.25948859830461,83.8212425679492,91.17269932406893,0.3908053617876234,47.8723404255319,91.48936170212765,57.2368421052632,80.70175438596492,72.82608695652173,92.02898550724638,70.2020202020202,85.18518518518519,85.83333333333336,92.5,66.79412460453408,88.38105735610483,73.37662337662337,81.34592680047226,78.16399286987523,87.25490196078432,76.22180451127821,84.68045112781954,78.64583333333331,91.14583333333334,81.30252100840337,93.06722689075629,77.54215501990271,87.49886802263316,72.16813981221839,87.939962689369,0.5209551729769577
607.0,93.9446366782007,97.96232218377547,84.82808022922639,91.28939828080229,77.05510388437216,87.53387533875339,72.7117890995261,82.07938388625593,75.21008403361343,82.6470588235294,80.74993878498775,88.3024077026233,82.63941940412528,92.3496671395831,86.24236579877851,93.3204757312761,87.021151586369,94.70740305522914,90.57528166609765,97.00238989416182,85.9376920240875,96.12264962516899,86.48318209589158,94.70051708908383,83.61656044043966,91.50146239585357,0.383228244864314,47.8723404255319,91.48936170212765,44.73684210526317,80.70175438596492,75.0,92.02898550724638,70.2020202020202,85.52188552188554,80.83333333333333,92.5,63.72890721322972,88.4483974234449,73.37662337662337,81.34592680047224,74.91087344028521,86.89839572192514,77.5375939849624,84.68045112781954,80.72916666666666,91.14583333333334,81.30252100840337,92.85714285714285,77.5713556953882,87.38554996813863,70.65013145430896,87.91697369579177,0.5304838985165429
608.0,94.29065743944638,96.69357939254132,87.1848137535817,90.34383954154728,75.60975609756096,88.79855465221318,69.49052132701424,78.5841232227488,72.43697478991596,80.7983193277311,79.80254468150385,87.04368322735634,82.99274255156607,91.0564225690276,85.42590806814526,92.72259723561555,87.51468860164515,94.47003525264395,90.23045407989075,97.90372140662342,88.52156814550818,95.53275162836427,86.9370722893511,94.33710561845496,83.36980848542747,90.69039442290565,0.39889853873519504,47.8723404255319,91.48936170212765,44.73684210526317,81.14035087719299,72.82608695652173,92.02898550724638,70.2020202020202,85.18518518518519,85.83333333333336,92.5,64.29412460453408,88.46877665435045,73.37662337662337,81.70011806375442,78.16399286987523,86.98752228163994,76.22180451127821,84.68045112781954,80.72916666666666,91.14583333333334,81.30252100840337,93.06722689075629,77.95882168656935,87.5162303394607,71.12647314555171,87.99250349690558,0.525942298409463
609.0,94.46366782006922,96.88581314878893,82.47134670487108,89.01146131805157,80.5329719963866,86.93164709424872,73.3264218009479,82.04976303317537,68.76050420168066,77.14285714285715,79.9109825047911,86.40430834742435,84.58747135217723,93.15453454108918,84.44337297760633,92.54473374049073,87.40893066980026,94.62044653349001,90.57528166609765,97.46671218846022,88.61681209290894,96.00589897996804,87.12637375171809,94.75846519669963,83.51867812825459,90.58138677206199,0.3969229885497381,47.8723404255319,91.48936170212765,44.73684210526317,81.14035087719299,72.82608695652173,92.02898550724638,70.2020202020202,85.52188552188554,85.83333333333336,92.5,64.29412460453408,88.53611672169052,74.02597402597402,81.58205430932703,75.89126559714796,86.89839572192514,75.75187969924812,84.77443609022556,79.16666666666666,90.88541666666666,81.30252100840337,92.85714285714285,77.22766139948803,87.39948912905744,70.76089300201104,87.96780292537397,0.5290237579470909
610.0,94.46366782006922,96.2322183775471,81.26074498567337,86.79083094555874,78.68112014453476,89.12978018669075,72.94875592417064,80.07997630331754,73.82352941176471,83.4453781512605,80.23556365724254,87.13563679287493,82.78265851795264,93.14907781294336,82.47615986285221,92.431158255652,86.26909518213868,93.91304347826087,91.07033117104814,97.42232843974053,83.90070050387122,94.98586702715988,85.29978904757259,94.38029500275132,82.76767635240756,90.75796589781314,0.4021427162906485,47.8723404255319,91.48936170212765,57.2368421052632,80.26315789473685,72.82608695652173,92.02898550724638,70.2020202020202,85.18518518518519,85.83333333333336,92.5,66.79412460453408,88.2933380578592,74.02597402597402,81.46399055489964,75.89126559714796,86.98752228163993,75.75187969924812,84.68045112781954,79.16666666666666,90.75520833333334,81.30252100840337,92.85714285714285,77.22766139948803,87.34886303096707,72.01089300201104,87.82110054441313,0.5207942480448897
611.0,93.42560553633218,96.0399846212995,82.47134670487108,88.12320916905443,83.423667570009,89.25022583559169,73.56338862559242,79.56161137440758,72.35294117647058,79.28571428571428,81.04738992265507,86.45214905721349,85.8670741023682,93.26639746807814,86.07735990571089,93.23047251687561,87.4618096357227,94.406580493537,92.10481392966884,98.17685216797541,91.39117610913112,97.38847240997912,88.58044673652037,95.29375501128905,84.81391832958772,90.87295203425127,0.389614431576197,47.8723404255319,91.48936170212765,57.2368421052632,80.26315789473685,72.82608695652173,92.02898550724638,70.2020202020202,85.52188552188554,85.83333333333336,92.5,66.79412460453408,88.36067812519927,69.48051948051948,81.34592680047226,75.89126559714796,86.98752228163993,75.75187969924812,84.77443609022556,79.16666666666666,90.75520833333334,81.30252100840337,92.6470588235294,76.31857049039711,87.30203046584009,71.55634754746559,87.83135429551967,0.5263231531076877
612.0,94.98269896193771,98.07766243752404,81.7550143266476,87.32091690544411,82.61065943992772,86.78109003312254,74.8889218009479,80.98341232227489,76.02941176470588,83.65546218487394,82.05334125883337,87.36370877664791,84.33919022154316,93.30186620102586,85.25983070823956,93.05260902175078,87.5675675675676,93.47121034077557,89.69102082622055,97.36087401843633,90.42030232272337,96.65724468477326,87.45558232925886,94.76876085335236,84.75446179404611,91.06623481500014,0.3946918576071664,47.8723404255319,91.48936170212765,44.73684210526317,80.26315789473685,72.82608695652173,92.02898550724638,70.2020202020202,85.18518518518519,85.83333333333336,92.5,64.29412460453408,88.2933380578592,69.48051948051948,81.58205430932705,75.89126559714796,86.72014260249554,75.75187969924812,84.86842105263158,79.16666666666666,90.75520833333334,81.30252100840337,92.6470588235294,76.31857049039711,87.31457702426337,70.30634754746559,87.8039575410613,0.5287248714030596
613.0,88.90811226451366,97.23183391003461,83.33094555873929,90.12893982808022,84.86901535682021,92.35170129479071,75.12588862559242,83.02725118483411,71.61764705882352,80.50420168067227,80.77032177289783,88.64878557968238,83.83307868601987,91.28014842300556,83.9515696989178,92.34115504125148,87.18566392479438,94.6180963572268,89.14305223625811,96.90337999317174,88.13137519970505,95.42829052476343,86.44894794913905,94.11421406788381,83.60963486101844,91.38149982378309,0.3901199823195773,47.8723404255319,91.48936170212765,44.73684210526317,80.26315789473685,72.82608695652173,92.02898550724638,70.2020202020202,85.52188552188554,80.83333333333333,92.5,63.29412460453407,88.36067812519927,69.48051948051948,81.46399055489965,75.89126559714796,86.63101604278076,75.75187969924812,84.68045112781954,79.16666666666666,91.015625,84.87394957983193,92.85714285714285,77.03285620468282,87.32964511652855,70.16349040460844,87.8451616208639,0.5303709535798038
614.0,94.46366782006922,98.2314494425221,85.6876790830946,92.92263610315187,78.0939476061427,89.43089430894308,72.23785545023699,85.1155213270142,73.8235294117647,81.5126050420168,80.86133587426164,89.44262124472962,82.84950343773872,91.32107388409908,86.40522875816991,92.18043501553626,87.13278495887194,95.34900117508813,89.34619324001366,97.09457152611813,89.00700503871207,96.23325549956986,86.94814308670126,94.4356674200823,83.90473948048145,91.93914433240596,0.3820101442557805,47.8723404255319,91.48936170212765,44.73684210526317,80.26315789473685,72.82608695652173,92.02898550724638,70.2020202020202,85.18518518518519,75.83333333333331,92.5,62.29412460453407,88.2933380578592,69.48051948051948,81.70011806375443,75.89126559714796,86.72014260249554,75.75187969924812,84.68045112781954,79.16666666666666,90.75520833333334,83.40336134453781,92.85714285714285,76.738738557624,87.34261259690915,69.51643158107903,87.81797532738418,0.5330741676312022
615.0,94.98269896193771,98.38523644752017,85.5444126074499,91.7621776504298,80.75880758807585,88.55766335441132,70.8160545023697,82.0201421800948,75.29411764705883,82.47899159663865,81.4792182613784,88.64084224581896,84.18640183346065,93.43828440467095,84.93196185578054,92.66045215900569,87.25029377203292,94.00940070505288,92.00751109593719,97.25503584841242,90.75826471672606,96.30699274917046,87.82688665478746,94.73403317326249,84.65305245808293,91.68743770954072,0.3779514090183953,47.8723404255319,91.48936170212765,44.73684210526317,80.26315789473685,75.0,92.02898550724638,70.2020202020202,85.18518518518519,75.83333333333331,92.5,62.72890721322972,88.2933380578592,69.48051948051948,81.58205430932705,75.89126559714796,86.63101604278076,75.75187969924812,84.68045112781954,79.16666666666666,90.88541666666667,83.40336134453781,92.85714285714285,76.738738557624,87.32721620074737,69.73382288542686,87.81027712930329,0.5346057915666244
616.0,95.32871972318343,97.4240676662822,82.47134670487108,92.63610315186247,80.35230352303522,86.35953026196928,70.67535545023699,80.5835308056872,68.76050420168066,76.30252100840336,79.51764592060147,86.6611505788409,84.37738731856376,91.85583324238786,82.80510018214933,91.76256294867675,87.24441833137487,95.19153936545241,90.27483782861044,97.34038921133494,88.13137519970505,95.77854246036622,86.5666237720807,94.38577344564364,83.04213484634109,90.52346201224228,0.40289641136896615,47.8723404255319,91.48936170212765,44.73684210526317,80.26315789473685,72.82608695652173,92.02898550724638,70.2020202020202,85.18518518518519,85.83333333333336,92.5,64.29412460453408,88.2933380578592,74.02597402597402,81.58205430932703,78.16399286987523,86.89839572192514,77.5375939849624,84.68045112781954,80.72916666666666,90.88541666666666,81.30252100840337,92.6470588235294,78.35184971117633,87.33867532985354,71.32298715785521,87.81600669385637,0.5282949761684257
617.0,94.8096885813149,98.92349096501346,84.39828080229228,91.41833810888251,81.57181571815715,89.37067148449262,73.94105450236971,79.45793838862559,76.76470588235293,82.3109243697479,82.2971090972974,88.29627266335243,83.85217723453017,93.32096474953617,86.07735990571089,92.48044573020465,89.08930669800237,95.87074030552292,90.57528166609765,96.84192557186752,88.85953053951087,96.28241366597025,87.69073120877037,94.95929800462031,84.99392015303388,91.62778533398637,0.38080654388760066,47.8723404255319,91.48936170212765,44.73684210526317,80.26315789473685,75.0,92.02898550724638,70.2020202020202,85.18518518518519,75.83333333333331,92.5,62.72890721322972,88.2933380578592,69.48051948051948,81.70011806375442,75.89126559714796,86.80926916221034,75.75187969924812,84.58646616541354,79.16666666666666,90.75520833333334,81.30252100840337,92.6470588235294,76.31857049039711,87.29962410964819,69.52373885181342,87.79648108375369,0.5369519164115772
