Epoch,Train_BAcc_CN_1,Train_ROCAUC_CN_1,Train_BAcc_CN_2,Train_ROCAUC_CN_2,Train_BAcc_CN_3,Train_ROCAUC_CN_3,Train_BAcc_CN_4,Train_ROCAUC_CN_4,Train_BAcc_CN_5,Train_ROCAUC_CN_5,Train_Avg_BAcc_CN,Train_Avg_ROCAUC_CN,Train_BAcc_MCI_1,Train_ROCAUC_MCI_1,Train_BAcc_MCI_2,Train_ROCAUC_MCI_2,Train_BAcc_MCI_3,Train_ROCAUC_MCI_3,Train_BAcc_MCI_4,Train_ROCAUC_MCI_4,Train_BAcc_MCI_5,Train_ROCAUC_MCI_5,Train_Avg_BAcc_MCI,Train_Avg_ROCAUC_MCI,Train_Avg_BAcc,Train_Avg_ROCAUC,Train_Loss,Val_BAcc_CN_1,Val_ROCAUC_CN_1,Val_BAcc_CN_2,Val_ROCAUC_CN_2,Val_BAcc_CN_3,Val_ROCAUC_CN_3,Val_BAcc_CN_4,Val_ROCAUC_CN_4,Val_BAcc_CN_5,Val_ROCAUC_CN_5,Val_Avg_BAcc_CN,Val_Avg_ROCAUC_CN,Val_BAcc_MCI_1,Val_ROCAUC_MCI_1,Val_BAcc_MCI_2,Val_ROCAUC_MCI_2,Val_BAcc_MCI_3,Val_ROCAUC_MCI_3,Val_BAcc_MCI_4,Val_ROCAUC_MCI_4,Val_BAcc_MCI_5,Val_ROCAUC_MCI_5,Val_Avg_BAcc_MCI,Val_Avg_ROCAUC_MCI,Val_Avg_BAcc,Val_Avg_ROCAUC,Val_Loss
1.0,46.5205690119185,42.1760861207228,49.935530085959904,44.3839541547278,52.032520325203244,57.48268593797049,51.65876777251187,53.70260663507109,50.04201680672266,38.02521008403361,50.037880800463235,47.15410858650516,48.33842627960274,52.139037433155075,49.50712525447335,49.66248794599807,49.6180963572268,45.031727379553466,48.770911573916,53.09662000682827,46.835443037974684,46.7739953299742,48.61400050063871,49.34077361910181,49.325940650550976,48.247441102803485,1.087782564051759,50.0,57.44680851063829,50.00000000000002,43.640350877192986,49.99999999999999,25.0,49.999999999999986,42.255892255892256,49.99999999999999,35.41666666666667,50.0,40.75194366207804,50.0,55.37190082644627,50.0,49.28698752228164,50.000000000000014,54.51127819548872,49.99999999999999,43.81510416666667,50.0,37.71008403361344,50.0,48.139070948899345,50.0,44.44550730548869,1.0869046068884196
2.0,45.309496347558635,35.33256439830834,44.935530085959904,50.78796561604584,49.999999999999986,55.16410719662752,48.059834123222764,48.19312796208531,50.777310924369715,55.420168067226896,47.816434296222205,48.979586648058785,49.05462184873947,46.63047036996616,48.852459016393425,50.64180863602272,49.50646298472386,50.56639247943596,49.11573916012291,53.73164902697165,49.60980705419688,44.5372987587563,49.2278180128353,49.22152385423056,48.52212615452875,49.10055525114467,1.0874790756976696,50.0,56.38297872340425,50.00000000000002,42.98245614035088,49.99999999999999,27.536231884057973,49.999999999999986,42.255892255892256,49.99999999999999,34.166666666666664,50.0,40.664845134074405,50.0,57.91027154663519,50.0,50.80213903743316,50.000000000000014,55.49812030075187,49.99999999999999,51.627604166666664,50.0,46.32352941176471,50.0,52.43233289265032,50.0,46.54858901336236,1.0861672591055858
3.0,50.86505190311419,50.98039215686274,47.92979942693411,51.0458452722063,48.554652213188795,39.65672990063234,48.91143364928912,48.69668246445498,49.30672268907559,49.49579831932773,49.11353197632037,47.975089622696814,49.5798319327731,48.98232020080759,49.50712525447336,50.53037608486017,49.56521739130435,52.13396004700353,50.05291908501195,52.76544895868898,49.36708860759494,52.709843922821676,49.614436454231544,51.42438984283639,49.363984215275956,49.6997397327666,1.0863418997125576,50.0,53.191489361702125,50.00000000000002,45.39473684210527,49.99999999999999,29.71014492753623,49.999999999999986,44.781144781144775,49.99999999999999,32.916666666666664,50.0,41.19883651583101,50.0,62.10153482880756,50.0,52.49554367201426,50.000000000000014,56.390977443609025,49.99999999999999,54.4921875,50.0,53.46638655462185,50.0,55.789325999810536,50.0,48.494081257820774,1.0854211020700593
4.0,50.0,26.220684352172242,50.14326647564472,48.166189111747855,51.21951219512194,60.55404998494428,48.437500000000014,42.01718009478673,50.73529411764702,52.47899159663866,50.107114557682735,45.88741902805795,49.47478991596637,40.7590308850813,49.99892853316188,48.80531447551698,49.56521739130435,50.43713278495887,49.65517241379311,46.439057698873334,49.36708860759494,55.86211134324689,49.61223937236413,48.46052943753547,49.85967696502343,47.17397423279671,1.0862435761010656,50.0,56.38297872340425,50.00000000000002,45.83333333333333,49.99999999999999,29.34782608695652,49.999999999999986,49.83164983164983,49.99999999999999,30.0,50.0,42.27915759506878,50.0,65.11216056670601,50.0,55.52584670231728,50.000000000000014,59.49248120300752,49.99999999999999,54.557291666666664,50.0,57.457983193277315,50.0,58.429152666394955,50.0,50.35415513073187,1.0846635994237046
5.0,50.0,45.751633986928105,50.000000000000014,47.92263610315186,49.999999999999986,55.886781090033125,50.236966824644554,58.54561611374407,49.999999999999964,45.96638655462185,50.04739336492891,50.81461076969581,49.78991596638654,44.870675542944454,49.50819672131146,50.84860173577628,49.78260869565217,49.600470035252634,50.24752475247525,44.144759303516565,50.0,53.72987587562984,49.865649227165086,48.63887649862396,49.956521296047,49.72674363415989,1.084846663955925,50.0,53.191489361702125,50.00000000000002,43.85964912280702,49.99999999999999,32.608695652173914,49.999999999999986,51.17845117845117,49.99999999999999,33.33333333333333,50.0,42.83432372969351,50.0,66.58795749704841,50.0,57.75401069518716,50.000000000000014,60.056390977443606,49.99999999999999,56.184895833333336,50.0,60.81932773109243,50.0,60.28051654682099,50.0,51.55742013825725,1.0839127493265972
6.0,50.0,49.98077662437524,50.000000000000014,47.49283667621776,50.81300813008129,45.709123757904244,50.00000000000002,47.704383886255926,50.73529411764702,53.739495798319325,50.30966044954567,48.9253233486145,49.78991596638654,43.634726617919895,49.67213114754096,48.404585878067074,49.56521739130435,48.343125734430075,50.0,49.7541823147832,50.0,48.60513702838884,49.805452901046365,47.74835151471782,50.05755667529601,48.336837431666154,1.0839360428391713,50.0,52.12765957446809,50.00000000000002,44.73684210526316,49.99999999999999,31.15942028985507,49.999999999999986,53.703703703703695,49.99999999999999,33.33333333333333,50.0,43.012191801324676,50.0,68.29988193624558,50.0,60.78431372549019,50.000000000000014,63.01691729323308,49.99999999999999,59.244791666666664,50.0,64.60084033613445,50.0,63.18934899155399,50.0,53.10077039643933,1.0831672470530873
7.0,50.34602076124568,56.0553633217993,50.286532951289416,40.2865329512894,49.999999999999986,34.20656428786509,50.00000000000002,40.12144549763033,49.999999999999964,51.76470588235295,50.126510742507016,44.486922388187416,49.999999999999986,52.22088835534213,49.99999999999998,51.554698382085085,49.56521739130435,50.044653349001166,50.0,52.523045407989066,50.0,54.88509278603908,49.91304347826086,52.24567565609131,50.01977711038394,48.36629902213936,1.083056209703595,50.0,51.59574468085106,50.00000000000002,44.73684210526316,49.99999999999999,31.15942028985507,49.999999999999986,56.9023569023569,49.99999999999999,39.583333333333336,50.0,44.79553946233191,50.0,70.83825265643448,50.0,62.745098039215684,50.000000000000014,65.36654135338345,49.99999999999999,64.58333333333334,50.0,67.5420168067227,50.0,66.21504843781793,50.0,55.505293950074915,1.0824110737453814
8.0,50.17301038062284,42.522106881968476,50.000000000000014,52.57879656160458,49.999999999999986,46.01023788015659,50.00000000000002,55.850118483412324,49.999999999999964,47.731092436974784,50.034602076124564,48.93847044882335,49.78991596638654,45.28811524609843,49.99999999999998,47.11668273866924,49.78260869565217,51.50646298472385,50.0,50.96620006828269,50.0,47.95379132358363,49.91450493240774,48.56625047227157,49.974553504266154,48.752360460547465,1.0829973328402909,50.0,52.12765957446809,50.00000000000002,44.51754385964912,49.99999999999999,36.23188405797102,49.999999999999986,62.962962962962955,49.99999999999999,45.833333333333336,50.0,48.33467675767691,50.0,74.08500590318772,50.0,66.17647058823529,50.000000000000014,68.37406015037594,49.99999999999999,67.83854166666667,50.0,72.58403361344537,50.0,69.81162238438222,50.0,59.07314957102956,1.0816899668504911
9.0,50.0,59.515570934256054,50.000000000000014,46.63323782234957,49.999999999999986,53.47786811201445,50.00000000000002,50.78495260663507,49.999999999999964,48.48739495798319,50.0,51.779804886647675,49.89495798319327,48.998690385245006,49.99999999999998,51.50541090753242,50.000000000000014,46.49118683901293,50.0,46.01229088426084,50.0,51.093769202408744,49.97899159663865,48.82026964369199,49.989495798319325,50.300037265169834,1.0810884556113063,50.0,54.25531914893617,50.00000000000002,52.19298245614035,49.99999999999999,45.65217391304348,49.999999999999986,64.64646464646464,49.99999999999999,49.583333333333336,50.0,53.26605469958359,50.0,72.07792207792207,50.0,64.34937611408199,50.000000000000014,69.97180451127821,49.99999999999999,72.0703125,50.0,77.73109243697479,50.0,71.24010152805141,50.0,62.2530781138175,1.0809280716088172
10.0,50.0,33.256439830834296,50.000000000000014,59.06876790830946,49.999999999999986,52.63474856970791,48.437500000000014,49.39277251184834,49.999999999999964,54.49579831932774,49.68749999999999,49.76970542800555,49.999999999999986,48.406635381425296,49.99999999999998,53.77049180327869,50.000000000000014,47.71562867215041,50.0,48.78456811198362,50.0,45.7386014501659,50.0,48.88318508380078,49.84375,49.32644525590317,1.0811827715151021,50.0,46.808510638297875,50.00000000000002,51.53508771929825,49.99999999999999,45.652173913043484,49.999999999999986,68.01346801346801,49.99999999999999,49.583333333333336,50.0,52.31851472348819,50.0,73.55371900826447,50.0,64.57219251336898,50.000000000000014,69.07894736842105,49.99999999999999,75.5859375,50.0,78.15126050420169,50.0,72.18841137885123,50.0,62.25346305116971,1.0802178544194514
11.0,50.0,38.446751249519416,50.000000000000014,55.8595988538682,49.999999999999986,47.335140018066845,50.00000000000002,45.06812796208531,49.999999999999964,41.42857142857142,50.0,45.627637902422244,49.999999999999986,52.19633307868602,49.83606557377047,48.99389263902282,50.000000000000014,51.91304347826088,50.0,46.87948105155343,50.0,45.72323952316578,49.967213114754095,49.14119795413778,49.983606557377044,47.384417928280016,1.0806641668155266,50.0,49.46808510638298,50.00000000000002,53.50877192982456,49.99999999999999,46.37681159420289,49.999999999999986,68.35016835016835,49.99999999999999,46.666666666666664,50.0,52.8741007294491,50.0,74.73435655253837,50.0,63.68092691622104,50.000000000000014,70.20676691729322,49.99999999999999,77.40885416666666,50.0,80.04201680672269,50.0,73.21458427188841,50.0,63.044342500668755,1.0794417326535466
12.0,50.0,53.28719723183391,50.000000000000014,55.787965616045845,49.999999999999986,44.926227040048175,50.00000000000002,53.02132701421801,49.999999999999964,44.579831932773104,50.0,50.32050976698381,49.999999999999986,47.77092655243915,49.99999999999998,48.73031179684989,50.000000000000014,42.07755581668625,50.0,51.584158415841586,50.0,50.700503871205605,50.0,48.1726912906045,50.0,49.246600528794154,1.0797021525726187,50.0,52.12765957446809,50.00000000000002,54.16666666666667,49.99999999999999,47.82608695652174,49.999999999999986,65.993265993266,49.99999999999999,48.75,50.0,53.77273583818451,50.0,76.26918536009445,50.0,66.57754010695187,50.000000000000014,70.48872180451127,49.99999999999999,79.55729166666666,50.0,81.09243697478992,50.0,74.79703518260284,50.0,64.28488551039368,1.0786935248621197
13.0,50.0,42.502883506343714,50.000000000000014,55.47277936962751,49.999999999999986,50.587172538392046,50.00000000000002,58.67890995260664,49.999999999999964,53.15126050420168,50.0,52.078601174234315,49.999999999999986,50.76394194041253,49.99999999999998,49.07746705239473,50.000000000000014,50.648648648648646,50.0,49.5595766473199,50.0,47.64040801278112,50.0,49.53800846031138,50.0,50.80830481727285,1.078456224130489,50.0,54.255319148936174,50.00000000000002,52.63157894736842,49.99999999999999,47.82608695652174,49.999999999999986,67.34006734006735,49.99999999999999,47.5,50.0,53.91061047857873,50.0,79.81109799291617,50.0,68.04812834224599,50.000000000000014,69.45488721804512,49.99999999999999,82.16145833333333,50.0,80.46218487394958,50.0,75.98755135209804,50.0,64.94908091533839,1.07789749487278
14.0,50.0,52.05690119184929,50.000000000000014,42.32091690544413,49.999999999999986,45.317675398976206,50.00000000000002,42.920616113744074,49.999999999999964,41.554621848739494,50.0,44.834146291750635,49.999999999999986,47.26072247080651,49.99999999999998,46.91738990678239,50.000000000000014,46.41833137485312,50.0,51.65585524069648,50.0,54.4119454344353,50.0,49.33284888551476,50.0,47.083497588632696,1.0779867538210623,50.0,62.76595744680852,50.00000000000002,54.38596491228069,49.99999999999999,49.27536231884058,49.999999999999986,66.32996632996633,49.99999999999999,46.666666666666664,50.0,55.88478353491256,50.0,81.70011806375443,50.0,69.96434937611407,50.000000000000014,70.67669172932331,49.99999999999999,82.421875,50.0,81.9327731092437,50.0,77.3391614556871,50.0,66.61197249529982,1.0771045618202442
15.0,50.0,43.63706266820454,50.000000000000014,54.627507163323784,49.999999999999986,59.409816320385424,50.00000000000002,45.20142180094787,49.999999999999964,56.34453781512605,50.0,51.84406915359754,49.999999999999986,44.821564989632215,49.99999999999998,49.73106182363656,50.000000000000014,49.3454759106933,50.0,44.243769204506656,50.0,52.93105567162344,50.0,48.21458552001843,50.0,50.02932733680798,1.0772250295065149,50.0,60.63829787234043,50.00000000000002,60.526315789473685,49.99999999999999,52.89855072463767,49.999999999999986,64.98316498316498,49.99999999999999,52.5,50.0,58.309265873923344,50.0,83.4710743801653,50.0,72.01426024955437,50.000000000000014,70.86466165413535,49.99999999999999,82.29166666666667,50.0,82.24789915966386,50.0,78.17791242203711,50.0,68.24358914798023,1.0763172547282158
16.0,50.0,43.44482891195695,50.000000000000014,61.60458452722063,49.999999999999986,46.25112917795844,50.00000000000002,47.71919431279621,49.999999999999964,45.84033613445378,50.0,48.9720146128772,49.999999999999986,47.547200698461204,49.99999999999998,47.63098682095789,50.000000000000014,50.93301997649824,50.0,49.682485489928304,50.0,45.83384539756666,50.0,48.325507676682456,50.0,48.648761144779826,1.0769339614972937,50.0,57.446808510638306,50.00000000000002,62.71929824561404,49.99999999999999,53.62318840579711,49.999999999999986,67.34006734006735,49.99999999999999,49.166666666666664,50.0,58.0592058337567,50.0,84.29752066115702,50.0,71.92513368983958,50.000000000000014,70.72368421052633,49.99999999999999,82.94270833333334,50.0,82.56302521008404,50.0,78.49041442098806,50.0,68.27481012737238,1.075509132484352
17.0,50.0,37.48558246828143,50.000000000000014,52.24928366762178,49.999999999999986,52.33363444745558,50.00000000000002,45.919727488151665,49.999999999999964,54.83193277310925,50.0,48.564032168923944,49.999999999999986,47.69998908654371,49.99999999999998,52.49330333226187,50.000000000000014,49.04112808460635,50.0,48.962103106862415,50.0,46.54663881037238,50.0,48.94863248412935,50.0,48.756332326526646,1.0757955563824717,50.0,59.57446808510638,50.00000000000002,60.96491228070175,49.99999999999999,54.347826086956516,49.999999999999986,66.66666666666667,49.99999999999999,53.33333333333332,50.0,58.97744129055293,50.0,85.00590318772137,50.0,72.19251336898397,50.000000000000014,71.1466165413534,49.99999999999999,86.00260416666666,50.0,83.40336134453781,50.0,79.55019972185265,50.0,69.26382050620279,1.0746824324868691
18.0,50.0,47.520184544406,50.000000000000014,41.48997134670487,49.999999999999986,49.23215898825654,50.00000000000002,43.85367298578199,49.999999999999964,44.07563025210084,50.0,45.23432362345005,49.999999999999986,51.40783586161737,49.99999999999998,50.731811850423234,50.000000000000014,51.36075205640422,50.0,52.92249914646637,50.0,48.36549096718692,50.0,50.957677976419625,50.0,48.09600079993484,1.0751866098950253,50.0,61.70212765957448,50.00000000000002,63.1578947368421,49.99999999999999,52.89855072463768,49.999999999999986,65.65656565656566,49.99999999999999,59.166666666666664,50.0,60.51636108885732,50.0,85.12396694214877,50.0,72.37076648841355,50.000000000000014,74.953007518797,49.99999999999999,85.67708333333333,50.0,83.61344537815127,50.0,80.34765393216878,50.0,70.43200751051305,1.0738455697636926
19.0,50.0,37.0242214532872,50.000000000000014,44.799426934097426,49.999999999999986,51.09906654622102,50.00000000000002,45.764218009478675,49.999999999999964,49.20168067226891,50.0,45.57772272307064,49.999999999999986,50.570228091236494,49.99999999999998,49.53819779277831,50.000000000000014,48.07520564042302,50.0,50.897917377944694,50.0,51.56691655401253,50.0,50.12969309127901,50.0,47.85370790717482,1.0743332093008868,50.0,67.02127659574468,50.00000000000002,64.47368421052632,49.99999999999999,59.42028985507246,49.999999999999986,66.32996632996633,49.99999999999999,62.5,50.0,63.94904339826196,50.0,84.06139315230224,50.0,74.01960784313727,50.000000000000014,76.2687969924812,49.99999999999999,87.63020833333334,50.0,83.61344537815125,50.0,81.11869033988107,50.0,72.53386686907152,1.0729523450922493
20.0,50.0,52.672049211841596,50.000000000000014,48.59598853868195,49.999999999999986,50.67750677506775,50.00000000000002,43.21682464454977,49.999999999999964,51.80672268907563,50.0,49.39381837184334,49.999999999999986,54.179853759685685,49.99999999999998,47.85170898960677,50.000000000000014,48.46533490011751,50.0,45.81085694776373,50.0,46.01204375076809,50.0,48.46395966958836,50.0,48.92888902071585,1.0731786912789651,50.0,69.14893617021278,50.00000000000002,67.98245614035088,49.99999999999999,60.14492753623188,49.999999999999986,68.01346801346801,49.99999999999999,67.5,50.0,66.55795757205271,50.0,83.47107438016529,50.0,75.22281639928698,50.000000000000014,75.84586466165413,49.99999999999999,85.7421875,50.0,84.03361344537814,50.0,80.86311127729691,50.0,73.71053442467482,1.0719760063971193
21.0,50.0,37.44713571703191,50.000000000000014,38.63896848137536,49.999999999999986,48.84071062932851,50.00000000000002,39.38092417061612,49.999999999999964,47.773109243697476,50.0,42.41616964840988,49.999999999999986,56.3434464694969,49.99999999999998,54.509803921568626,50.000000000000014,45.44535840188014,50.0,52.19187435984978,50.0,48.08283151038466,50.0,51.31466293263602,50.0,46.865416290522944,1.0731658584027233,50.0,73.40425531914893,50.00000000000002,70.17543859649122,49.99999999999999,63.76811594202898,49.999999999999986,70.7070707070707,49.99999999999999,69.16666666666667,50.0,69.44430944628131,50.0,83.70720188902008,50.0,76.8270944741533,50.000000000000014,72.36842105263158,49.99999999999999,85.93750000000001,50.0,83.61344537815125,50.0,80.49073255879124,50.0,74.96752100253627,1.0708663579457822
22.0,50.0,62.9757785467128,50.000000000000014,64.36962750716332,49.999999999999986,53.74887082204154,50.00000000000002,53.732227488151665,49.999999999999964,47.64705882352941,50.0,56.494712637519754,49.999999999999986,53.91520244461421,49.99999999999998,52.00900032144005,50.000000000000014,47.7978848413631,50.0,48.50119494708092,50.0,48.156568759985255,50.0,50.0759702628967,50.0,53.28534145020823,1.069863617647085,50.0,74.46808510638297,50.00000000000002,71.9298245614035,49.99999999999999,64.4927536231884,49.999999999999986,72.72727272727273,49.99999999999999,69.16666666666667,50.0,70.55692053698286,50.0,80.46044864226683,50.0,75.98039215686273,50.000000000000014,71.71052631578947,49.99999999999999,84.50520833333333,50.0,83.40336134453781,50.0,79.21198735855803,50.0,74.88445394777045,1.0695216314029354
23.0,50.0,80.69973087274124,50.000000000000014,49.29799426934098,49.999999999999986,58.566696778078885,50.00000000000002,47.64514218009479,49.999999999999964,47.899159663865554,50.0,56.821744752824294,49.999999999999986,44.799738077049,49.99999999999998,43.27868852459017,50.000000000000014,46.52878965922444,50.0,50.7647661317856,50.0,54.67002580803735,50.0,48.00840164013731,50.0,52.415073196480805,1.069189842974661,50.0,76.59574468085107,50.00000000000002,71.05263157894737,49.99999999999999,66.66666666666666,49.999999999999986,73.40067340067338,49.99999999999999,70.0,50.0,71.54314326542769,50.0,85.30106257378985,50.0,74.77718360071302,50.000000000000014,72.27443609022556,49.99999999999999,85.80729166666666,50.0,84.66386554621847,50.0,80.56476789552269,50.0,76.05395558047519,1.0679100093385954
24.0,50.0,47.404844290657444,50.000000000000014,49.01146131805157,49.999999999999986,51.52062631737429,50.00000000000002,47.65995260663507,49.999999999999964,51.26050420168067,50.0,49.37147774687981,49.999999999999986,52.04627305467642,49.99999999999998,46.625950926818824,50.000000000000014,52.44888366627497,50.0,50.87401843632639,50.0,42.11011429273688,50.0,48.821048075366704,50.0,49.09626291112326,1.0685304187398674,50.0,76.59574468085107,50.00000000000002,72.36842105263158,49.99999999999999,68.11594202898551,49.999999999999986,74.07407407407408,49.99999999999999,68.33333333333333,50.0,71.89750303397511,50.0,84.4155844155844,50.0,74.9554367201426,50.000000000000014,73.1203007518797,49.99999999999999,86.97916666666666,50.0,85.29411764705883,50.0,80.95292124026645,50.0,76.42521213712078,1.066135583167091
25.0,50.0,48.366013071895416,50.000000000000014,46.16045845272206,49.999999999999986,50.76784101174346,50.00000000000002,54.19135071090048,49.999999999999964,53.361344537815135,50.0,50.56940155701531,49.999999999999986,53.175815780857796,49.99999999999998,53.94621236472731,50.000000000000014,47.844888366627494,50.0,51.580744281324684,50.0,45.397566670763176,50.0,50.38904549286009,50.0,50.4792235249377,1.0659601293747507,50.0,77.6595744680851,50.00000000000002,72.36842105263158,49.99999999999999,71.73913043478262,49.999999999999986,77.1043771043771,49.99999999999999,70.0,50.0,73.77430061197528,50.0,83.70720188902007,50.0,75.22281639928698,50.000000000000014,75.0,49.99999999999999,87.63020833333333,50.0,86.1344537815126,50.0,81.53893608063059,50.0,77.65661834630293,1.0641656836274256
26.0,50.0,57.97770088427527,50.000000000000014,56.375358166189116,49.999999999999986,48.53959650707618,50.00000000000002,50.296208530805686,49.999999999999964,54.36974789915966,50.0,53.511722397501195,49.999999999999986,51.61246316708502,49.99999999999998,57.2441872924033,50.000000000000014,52.62044653349002,50.0,56.13861386138615,50.0,50.86026791200688,50.0,53.69519575327428,50.0,53.60345907538773,1.0636211746070003,50.0,78.72340425531915,50.00000000000002,74.12280701754386,49.99999999999999,73.91304347826086,49.999999999999986,78.45117845117844,49.99999999999999,71.66666666666667,50.0,75.3754199737938,50.0,84.06139315230224,50.0,75.49019607843137,50.000000000000014,76.40977443609023,49.99999999999999,88.02083333333333,50.0,86.34453781512606,50.0,82.06534696305664,50.0,78.72038346842521,1.0617960753988696
27.0,50.0,68.20453671664744,50.000000000000014,41.01719197707737,49.999999999999986,58.476362541403184,50.00000000000002,51.77725118483413,49.999999999999964,49.747899159663866,50.0,53.84464831592519,49.999999999999986,52.676525155516764,49.99999999999998,51.256830601092894,50.000000000000014,59.985898942420675,50.0,50.81256401502219,50.24271844660194,53.88963991643112,50.04854368932039,53.72429172609672,50.02427184466019,53.78447002101096,1.060841692331142,50.0,77.65957446808511,50.00000000000002,75.0,49.99999999999999,73.91304347826086,49.999999999999986,78.45117845117845,49.99999999999999,71.66666666666667,50.0,75.33809261283822,50.0,84.17945690672963,50.0,76.02495543672015,50.000000000000014,76.69172932330828,49.99999999999999,88.02083333333334,50.0,86.34453781512606,50.0,82.25230256304349,50.0,78.79519758794086,1.0584626064026819
28.0,50.0,42.67589388696655,50.000000000000014,66.97707736389684,49.999999999999986,54.32098765432099,50.00000000000002,49.67417061611374,49.999999999999964,53.319327731092436,50.0,53.39349145047811,49.999999999999986,50.04365382516642,49.99999999999998,47.84956605593057,50.000000000000014,50.94477085781435,50.0,53.15124615909866,50.0,44.39596903035516,50.0,49.277041185673035,50.0,51.33526631807557,1.0590937974377976,50.0,79.7872340425532,50.00000000000002,75.87719298245614,49.99999999999999,73.91304347826086,49.999999999999986,79.79797979797979,49.99999999999999,72.5,50.0,76.37509006025,50.0,83.94332939787486,50.0,76.5597147950089,50.000000000000014,77.34962406015038,49.99999999999999,87.890625,50.0,86.34453781512606,50.0,82.41756621363204,50.0,79.39632813694102,1.0544232055523854
29.0,50.0,48.36601307189542,50.000000000000014,65.35816618911176,49.999999999999986,50.647395362842516,50.00000000000002,54.2654028436019,49.999999999999964,50.882352941176464,50.0,53.90386608172562,49.999999999999986,54.67641602095383,49.99999999999998,53.341905068038145,50.27027027027028,54.68860164512339,50.0,57.036531239330834,50.970873786407765,55.1124493056409,50.24822881133561,54.97118065581742,50.124114405667804,54.43752336877152,1.053175415548189,50.0,80.85106382978722,50.00000000000002,76.75438596491229,49.99999999999999,75.36231884057972,49.999999999999986,81.14478114478115,49.99999999999999,72.5,50.0,77.32250995601207,50.0,83.94332939787486,50.0,77.09447415329768,50.000000000000014,78.00751879699249,49.99999999999999,88.02083333333333,50.0,86.34453781512606,50.0,82.68213869932488,50.0,80.00232432766848,1.0490299061944977
30.0,50.0,77.47020376778163,50.000000000000014,66.26074498567336,49.999999999999986,50.617283950617285,50.00000000000002,58.767772511848335,49.999999999999964,53.57142857142857,50.0,61.33748675746983,49.999999999999986,54.441776710684266,49.83606557377047,55.7569913211186,50.810810810810814,55.22209165687426,51.387845681119835,51.63878456811199,51.6990291262136,50.84797837040678,50.746750238382944,53.58152452543918,50.37337511919147,57.459505641454506,1.0479747656800413,50.0,80.85106382978722,50.00000000000002,77.63157894736842,49.99999999999999,79.71014492753623,49.999999999999986,81.81818181818181,49.99999999999999,75.0,50.0,79.00219390457474,50.0,83.82526564344745,50.0,77.18360071301248,50.000000000000014,78.66541353383458,49.99999999999999,88.15104166666667,50.0,86.5546218487395,50.0,82.87598868114013,50.0,80.93909129285743,1.043269817176577
31.0,50.0,67.62783544790464,50.000000000000014,57.636103151862464,49.999999999999986,56.76001204456488,50.00000000000002,47.822867298578196,49.999999999999964,46.97478991596638,50.0,55.364321571775314,50.64935064935063,61.309069082178326,50.162862959391376,57.37276331297546,50.05287896592245,58.96122209165687,52.13041993854558,55.73233185387505,50.33796239400271,48.10126582278481,50.66669498144255,56.29533043269411,50.33334749072127,55.82982600223471,1.0443797258413836,50.0,81.91489361702126,50.00000000000002,77.63157894736842,49.99999999999999,79.71014492753623,49.999999999999986,82.82828282828282,49.99999999999999,76.66666666666666,50.0,79.75031339737507,50.0,83.82526564344745,50.0,77.62923351158646,50.000000000000014,79.41729323308272,49.99999999999999,88.41145833333333,50.0,86.76470588235294,50.0,83.20959132076058,50.0,81.47995235906782,1.0369316589127882
32.0,50.0,71.28027681660899,50.000000000000014,73.79656160458453,48.148148148148145,53.17675398976212,50.00000000000002,51.95497630331754,49.999999999999964,44.24369747899159,49.62962962962963,58.890453238652945,51.298701298701275,54.43904834661137,50.65252330440371,59.23282974391944,49.888366627497064,51.457109283196246,51.440764766131785,58.726527825196314,49.652820449797225,52.46405309081972,50.58663528930621,55.26391365794861,50.108132459467924,57.07718344830078,1.0410446397567386,50.0,82.97872340425532,50.00000000000002,78.50877192982456,49.99999999999999,79.71014492753623,49.999999999999986,82.82828282828282,49.99999999999999,75.83333333333333,50.0,79.97185128464645,50.0,83.58913813459267,50.0,77.62923351158645,50.000000000000014,80.07518796992481,49.99999999999999,87.76041666666666,50.0,86.76470588235294,50.0,83.1637364330247,50.0,81.56779385883557,1.0310540829052213
33.0,50.0,71.70319108035372,50.000000000000014,73.76790830945559,49.999999999999986,57.45257452574526,50.00000000000002,62.61848341232227,47.14285714285711,53.90756302521008,49.42857142857143,63.88994407061739,50.54430863254391,67.49154207137401,51.633986928104555,61.3350476802743,50.37602820211515,56.831962397179794,50.300443837487194,52.229429839535676,53.25058375322601,58.836180410470696,51.221070270695364,59.3448324797669,50.3248208496334,61.61738827519214,1.034877504160916,50.0,82.97872340425532,50.00000000000002,79.3859649122807,49.99999999999999,80.43478260869566,49.999999999999986,83.16498316498317,49.99999999999999,77.49999999999999,50.0,80.69289081804297,50.0,83.47107438016529,50.0,77.80748663101605,50.000000000000014,80.26315789473685,49.99999999999999,87.5,50.0,86.76470588235294,50.0,83.16128495765422,50.0,81.92708788784859,1.0244140585879618
34.0,50.0,61.322568242983465,50.000000000000014,58.56733524355301,49.999999999999986,68.71424269798253,50.00000000000002,61.44845971563983,48.57142857142854,55.54621848739496,49.71428571428571,61.11976487751076,51.088617265087834,61.00894903415912,51.307189542483634,61.43790849673203,51.292596944770864,58.30082256169214,52.03311710481393,57.917377944691026,47.99680471918398,56.384416861251076,50.743665115268044,59.009894979705074,50.228975414776876,60.06482992860792,1.0302148884942148,50.0,82.97872340425532,50.00000000000002,79.82456140350878,49.99999999999999,81.88405797101449,49.999999999999986,83.16498316498317,49.99999999999999,78.33333333333331,50.0,81.23713185541902,50.0,83.11688311688312,50.0,77.80748663101605,50.000000000000014,80.5451127819549,49.99999999999999,87.36979166666666,50.0,86.97478991596638,50.0,83.16281282249741,50.0,82.19997233895822,1.0167908821189606
35.0,50.0,69.58861976163014,50.000000000000014,61.13180515759312,49.999999999999986,62.42095754290876,50.00000000000002,62.796208530805686,48.57142857142854,56.34453781512605,49.71428571428571,62.45642576161275,50.773491214667665,64.61857470260833,52.44937319189968,61.420765027322396,51.292596944770864,57.36310223266745,51.93581427108228,60.891089108910904,53.97873909303183,56.32911392405063,52.08600294309046,60.124528999111945,50.900144328688086,61.29047738036235,1.0205071318165868,50.0,82.97872340425532,50.00000000000002,80.26315789473684,49.99999999999999,82.6086956521739,49.999999999999986,83.16498316498317,49.99999999999999,79.16666666666666,50.0,81.63644535656317,50.0,82.99881936245573,50.0,77.98573975044563,50.000000000000014,80.73308270676691,49.99999999999999,87.63020833333333,50.0,87.39495798319328,50.0,83.34856162723898,50.0,82.49250349190108,1.0084386995634873
36.0,50.0,78.5851595540177,50.000000000000014,71.90544412607449,49.999999999999986,57.96446853357422,50.00000000000002,68.32049763033176,48.57142857142854,59.705882352941174,49.71428571428571,67.29629043938787,50.22918258212374,62.57230164793191,52.28329583199398,65.92092574734811,50.634547591069335,58.71680376028202,52.784226698531924,55.03584841242745,52.7129163082217,55.02642251444021,51.72883380238814,59.45446041648594,50.72155975833692,63.3753754279369,1.0127036270345335,50.0,85.1063829787234,50.00000000000002,81.57894736842105,49.99999999999999,83.33333333333334,49.999999999999986,83.16498316498317,49.99999999999999,79.16666666666666,50.0,82.47006270242552,50.0,82.76269185360094,50.0,78.16399286987523,50.000000000000014,81.203007518797,49.99999999999999,87.63020833333333,50.0,87.18487394957984,50.0,83.38895490503725,50.0,82.92950880373138,0.9983283146037133
37.0,50.0,79.81545559400229,50.000000000000014,68.73925501432664,49.999999999999986,70.43059319482083,50.00000000000002,58.9158767772512,48.57142857142854,63.27731092436974,49.71428571428571,68.23569830095414,50.89763177998471,68.17090472552658,51.79256402014356,57.30633236901318,52.09753231492363,61.473560517038784,53.33219528849437,59.6107886650734,55.04485682684036,62.92245299250339,52.632956046077325,61.89680785383107,51.17362088018152,65.0662530773926,1.0053183581079688,50.0,85.1063829787234,50.00000000000002,82.4561403508772,49.99999999999999,84.05797101449276,49.999999999999986,82.15488215488216,49.99999999999999,80.83333333333333,50.0,82.92174196646177,50.0,82.76269185360094,50.0,78.34224598930481,50.000000000000014,81.39097744360903,49.99999999999999,87.23958333333333,50.0,87.18487394957984,50.0,83.3840745138856,50.0,83.15290824017367,0.9866914172754401
38.0,50.0,85.62091503267975,50.000000000000014,72.134670487106,49.999999999999986,64.95031616982835,50.00000000000002,65.68424170616115,48.57142857142854,63.90756302521009,49.71428571428571,70.45954128419706,52.530557677616486,63.18072683618902,53.259402121504316,66.4609450337512,55.5581668625147,66.07285546415982,50.51212017753499,54.23352680095596,54.8881651714391,62.09905370529679,53.349682402121914,62.40942156807055,51.53198405820381,66.4344814261338,0.9962997844911642,50.0,85.1063829787234,50.00000000000002,82.89473684210526,49.99999999999999,84.05797101449276,49.999999999999986,82.82828282828282,49.99999999999999,82.5,50.0,83.47747473272084,50.0,82.52656434474616,50.0,78.5204991087344,50.000000000000014,81.67293233082708,49.99999999999999,86.97916666666667,50.0,87.60504201680672,50.0,83.4608408935562,50.0,83.46915781313851,0.9733368136398179
39.0,50.0,69.35793925413302,47.50000000000001,70.27220630372493,44.444444444444436,58.89792231255645,50.00000000000002,70.43838862559242,47.14285714285711,52.983193277310924,47.817460317460316,64.38992995466354,54.621848739495796,69.50780312124849,54.23872281152896,70.36751312546879,54.036427732079915,67.76498237367802,54.72857630590645,63.21952884943666,56.00651345704806,67.1500553029372,54.72641780921183,67.60197655455383,51.27193906333608,65.99595325460868,0.9842080813156516,50.0,84.04255319148936,50.00000000000002,83.33333333333334,49.99999999999999,85.5072463768116,49.999999999999986,82.49158249158249,49.99999999999999,83.33333333333333,50.0,83.74160974531002,50.0,82.64462809917356,50.0,78.698752228164,50.000000000000014,81.67293233082708,49.99999999999999,86.71875,50.0,87.81512605042016,50.0,83.51003774171697,50.0,83.6258237435135,0.9573614499794282
40.0,50.0,74.39446366782006,50.000000000000014,76.03151862464182,48.14814814814813,75.45919903643481,46.875000000000014,69.47571090047393,49.999999999999964,62.983193277310924,49.004629629629626,71.66881710133632,56.942322383498855,70.3754228964313,54.888031715418386,66.82524375870567,57.532314923619275,71.09753231492361,58.980880846705354,65.27825196312735,57.54885092786039,66.71377657613372,57.17848015942045,68.05804550186433,53.09155489452504,69.86343130160031,0.9662548636417426,50.0,81.91489361702128,50.00000000000002,84.21052631578947,49.99999999999999,85.5072463768116,49.999999999999986,82.15488215488216,49.99999999999999,84.16666666666666,50.0,83.59084302623424,50.0,82.76269185360094,50.0,78.78787878787878,50.000000000000014,81.8609022556391,51.562499999999986,86.328125,51.470588235294116,88.02521008403362,50.606617647058826,83.5529615962305,50.30330882352941,83.57190231123238,0.9398462509283821
41.0,50.0,77.2395232602845,50.000000000000014,81.93409742120345,48.148148148148145,77.68744354110207,45.312500000000014,69.56457345971565,42.85714285714283,66.47058823529413,47.263558201058196,74.57924518351996,60.790679908326965,72.05882352941175,57.33526197364189,67.77456337726349,60.881316098707416,72.62514688601644,59.590303857971996,67.82519631273472,59.871574290278964,70.4129285977633,59.69382722578545,70.13933174063794,53.47869271342182,72.35928846207895,0.9508427475999671,50.0,81.91489361702128,50.00000000000002,85.52631578947368,49.99999999999999,86.95652173913044,49.999999999999986,82.49158249158249,49.99999999999999,84.16666666666666,50.0,84.21119606077491,63.63636363636363,82.76269185360094,59.09090909090909,78.96613190730838,62.500000000000014,82.04887218045114,66.66666666666666,86.58854166666667,69.32773109243696,88.23529411764706,64.24433409727527,83.72030634513484,57.122167048637635,83.96575120295488,0.9217194563577042
42.0,50.0,84.39061899269512,47.500000000000014,70.51575931232091,49.999999999999986,79.67479674796748,42.187500000000014,73.04502369668246,38.57142857142855,62.98319327731093,45.65178571428571,74.12187840539538,59.692513368983946,69.02761104441777,62.382942247937414,73.88192435444122,61.621621621621635,72.85076380728556,61.25128030044383,73.40047797883236,61.46614231289173,69.2884355413543,61.28289997037571,71.68984254526626,53.46734284233071,72.90586047533083,0.9402152952061826,50.0,84.04255319148936,50.00000000000002,85.08771929824562,49.99999999999999,88.40579710144928,49.999999999999986,83.16498316498317,49.99999999999999,84.16666666666666,50.0,84.97354388456681,71.42857142857143,82.88075560802834,72.32620320855617,79.23351158645276,73.0263157894737,82.23684210526316,76.04166666666666,86.71875,86.34453781512605,88.02521008403362,75.83345898167879,83.81901387675558,62.916729490839394,84.39627888066119,0.9058554091089017
43.0,50.0,77.97001153402537,47.500000000000014,77.85100286532952,44.444444444444436,64.31797651309846,40.625000000000014,59.36018957345972,44.285714285714256,64.49579831932773,45.37103174603174,68.79899576104816,58.52750190985485,67.51609734803013,60.24750883960138,72.90260366441659,62.573443008225624,72.3924794359577,61.32980539433254,72.66985319221577,58.20634140346564,67.87513825734301,60.176920111096,70.67123437959263,52.77397592856387,69.7351150703204,0.9324142817407323,50.0,85.1063829787234,50.00000000000002,85.52631578947368,49.99999999999999,87.68115942028984,49.999999999999986,83.5016835016835,49.99999999999999,85.83333333333334,50.0,85.52977500470077,72.07792207792208,82.88075560802834,68.048128342246,79.23351158645276,75.37593984962407,82.61278195488723,83.85416666666666,86.58854166666667,85.71428571428572,88.02521008403362,77.01408853014891,83.86816018001373,63.507044265074455,84.69896759235725,0.8942795754412345
44.0,50.0,71.47251057285659,45.000000000000014,65.78796561604582,42.59259259259259,65.37187594098164,42.187500000000014,69.74229857819907,41.428571428571395,65.25210084033614,44.2417328042328,67.52535030968384,64.97326203208556,75.55385790679908,64.6533804778742,73.72120432872602,60.98119858989426,70.68390129259696,64.19426425401163,78.42949812222602,66.41575519233133,74.14894924419319,64.24357210923941,74.50748217890825,54.2426524567361,71.01641624429604,0.914907658034089,50.0,84.04255319148936,50.00000000000002,80.26315789473684,49.99999999999999,81.15942028985508,49.999999999999986,83.5016835016835,49.99999999999999,85.83333333333334,50.0,82.96002964221961,70.77922077922078,82.99881936245572,69.96434937611409,79.23351158645276,73.6842105263158,82.70676691729324,79.16666666666666,87.36979166666667,78.57142857142857,88.23529411764706,74.43317518394917,84.10883673010309,62.21658759197459,83.53443318616135,0.8827278931591303
45.0,50.0,70.70357554786621,37.50000000000001,74.75644699140402,48.148148148148145,75.097862089732,43.750000000000014,68.24644549763033,45.71428571428569,72.35294117647058,45.02248677248677,72.23145426062062,65.06875477463714,73.43391902215431,66.27986713811205,74.60195006964534,65.79905992949475,77.08813160987074,64.45032434277911,74.23694093547284,64.36032935971488,75.4885092786039,65.19166710894758,74.96989018314943,55.10707694071718,73.60067222188502,0.9075417232986474,50.0,85.1063829787234,50.00000000000002,74.56140350877193,49.99999999999999,78.98550724637681,49.999999999999986,84.17508417508417,49.99999999999999,85.83333333333334,50.0,81.73234224845794,64.28571428571428,83.11688311688312,73.5294117647059,79.50089126559715,72.36842105263159,82.98872180451129,72.91666666666666,87.36979166666666,75.0,88.23529411764706,71.6200427539437,84.24231639426105,60.81002137697185,82.9873293213595,0.8752673766740768
46.0,50.0,71.12648981161091,47.50000000000001,70.12893982808023,42.592592592592595,62.75218307738633,43.750000000000014,72.23045023696683,37.14285714285712,69.36974789915966,44.19708994708994,69.1215621706408,66.33880825057294,72.95372694532358,65.78377799207114,77.30847530268939,66.86839012925971,74.56874265569917,67.07579378627518,76.55855240696484,68.29605505714636,77.7252058498218,66.87256504306507,75.82294063209976,55.53482749507751,72.47225140137027,0.8991586433583294,50.0,85.1063829787234,50.00000000000002,71.49122807017544,49.99999999999999,79.71014492753623,49.999999999999986,84.17508417508417,49.99999999999999,85.0,50.0,81.09656803030386,64.28571428571428,83.70720188902008,71.56862745098039,79.67914438502675,71.05263157894738,83.27067669172934,72.91666666666666,87.5,78.57142857142857,88.4453781512605,71.67901371074745,84.52048022340733,60.83950685537373,82.80852412685559,0.8705396284506591
47.0,38.88888888888889,71.280276816609,40.00000000000002,74.05444126074498,46.29629629629628,84.5829569406805,43.750000000000014,75.8441943127962,41.428571428571395,71.5546218487395,42.07275132275132,75.46329823591404,67.86669213139801,74.97544472334388,64.63945140897887,75.04982320797171,64.69447708578146,74.68860164512338,68.46363946739503,77.90713554114032,65.46946048912376,76.20744746220966,66.22674411653543,75.7656905159578,54.14974771964337,75.61449437593592,0.8891192087603427,50.0,85.1063829787234,50.00000000000002,69.29824561403508,49.99999999999999,78.98550724637681,49.999999999999986,80.13468013468014,49.99999999999999,85.83333333333334,50.0,79.87162986142975,67.53246753246752,83.82526564344745,71.56862745098039,80.12477718360071,69.73684210526316,83.45864661654136,72.91666666666666,87.76041666666666,75.0,88.4453781512605,71.35092075107555,84.72289685230334,60.675460375537774,82.29726335686655,0.8653349866331069
48.0,50.0,76.97039600153788,45.000000000000014,69.48424068767908,42.592592592592595,76.2722071665161,43.750000000000014,73.41528436018957,39.99999999999997,75.58823529411765,44.26851851851852,74.34607270200806,59.39648586707411,67.52428244024883,63.81442194364082,74.186220936462,64.90599294947124,74.9870740305523,64.97097985660636,75.62307954933425,73.05518004178444,80.63168243824505,65.2286121317154,74.5904678789685,54.74856532511696,74.46827029048828,0.8935816959866532,50.0,85.1063829787234,50.00000000000002,69.29824561403508,49.99999999999999,81.8840579710145,49.999999999999986,79.7979797979798,49.99999999999999,86.66666666666667,50.0,80.5506666056839,66.88311688311687,83.82526564344747,70.58823529411765,80.65953654188948,68.42105263157895,84.02255639097746,72.91666666666666,87.76041666666666,75.0,88.4453781512605,70.76181429509602,84.94263067884832,60.38090714754801,82.74664864226611,0.8621386110557174
49.0,44.44444444444445,77.47020376778163,45.000000000000014,69.18338108882521,48.148148148148145,79.07256850346282,40.625000000000014,69.74229857819905,42.857142857142826,70.21008403361346,44.21494708994709,73.13570719437642,66.18601986249044,73.4093637454982,66.10521804350154,74.54837672774028,67.35017626321977,76.00940070505288,67.72960054626152,79.38545578695802,68.52955634754824,76.15214452500922,67.18011421260431,75.9009482980517,55.6975306512757,74.51832774621406,0.8839898305451892,50.0,85.1063829787234,50.00000000000002,69.2982456140351,49.99999999999999,80.43478260869566,49.999999999999986,72.72727272727273,49.99999999999999,87.5,50.0,79.01333678574538,66.88311688311687,83.70720188902008,70.58823529411765,81.10516934046346,69.73684210526316,84.58646616541354,72.91666666666666,88.28125,78.57142857142857,88.4453781512605,71.73925790411859,85.22509310923152,60.869628952059294,82.11921494748844,0.8597500222245383
50.0,50.0,80.4306036139946,47.500000000000014,72.26361031518624,42.592592592592595,55.82655826558266,45.312500000000014,70.76421800947867,38.57142857142855,55.75630252100841,44.795304232804234,67.00825854505011,65.78495034377386,75.31649023245663,66.43308689596054,75.1912568306011,69.56521739130437,78.10340775558169,68.17173096620009,79.7234551041311,67.61091311294088,76.42251444021137,67.51317974203594,76.95142487259639,56.15424198742009,71.97984170882324,0.8878876525072378,50.0,85.1063829787234,50.00000000000002,70.6140350877193,49.99999999999999,78.98550724637681,49.999999999999986,60.94276094276094,49.99999999999999,85.83333333333334,50.0,76.29640391778275,66.88311688311687,84.4155844155844,70.58823529411765,81.10516934046346,69.73684210526316,84.68045112781955,75.0,88.41145833333333,78.57142857142857,88.65546218487394,72.15592457078525,85.45362508041494,61.07796228539262,80.87501449909885,0.8581738015573205
51.0,50.0,73.12572087658592,42.50000000000001,67.07736389684813,48.14814814814813,65.2514302920807,35.937500000000014,72.4377962085308,39.99999999999997,65.88235294117646,43.317129629629626,68.7549328430444,61.53552330022918,67.50109134562916,65.93914068359581,76.58844958748526,69.72972972972975,80.26556991774383,71.97336975076819,81.45100716968248,70.09032813076072,80.6869853754455,67.85361831901673,77.29862067919724,55.585373974323176,73.02677676112083,0.8811014007015833,50.0,85.1063829787234,50.00000000000002,71.05263157894737,49.99999999999999,78.26086956521739,49.999999999999986,59.427609427609426,49.99999999999999,85.83333333333334,50.0,75.93616537676618,66.23376623376622,84.53364817001182,70.58823529411765,81.10516934046346,69.73684210526316,84.77443609022556,72.91666666666666,88.54166666666666,78.57142857142857,89.07563025210084,71.60938777424845,85.60611010389366,60.80469388712422,80.77113774032992,0.8551079097520865
52.0,44.44444444444445,74.54825067281816,47.50000000000001,66.69054441260745,42.592592592592595,60.4637157482686,45.312500000000014,71.8898104265403,47.14285714285712,66.68067226890757,45.398478835978835,68.05459870582841,67.77119938884645,76.97533558878096,64.46908818172076,70.81538626379515,66.42773207990601,78.13631022326675,68.76408330488222,78.82212359166951,74.90168366719922,82.4505345950596,68.46675732451094,77.43993805251439,56.932618080244886,72.7472683791714,0.8796425220849902,50.0,85.1063829787234,50.00000000000002,71.9298245614035,49.99999999999999,76.08695652173913,49.999999999999986,60.94276094276094,49.99999999999999,86.66666666666667,50.0,76.14651833425873,66.23376623376622,84.6517119244392,70.58823529411765,81.37254901960785,69.73684210526316,85.05639097744361,75.0,88.54166666666666,78.57142857142857,89.07563025210084,72.02605444091512,85.73958976805163,61.01302722045756,80.94305405115517,0.8531198208364339
53.0,50.0,81.96847366397539,45.000000000000014,70.22922636103152,46.2962962962963,83.34838903944595,48.437500000000014,72.31931279620852,41.428571428571395,69.66386554621849,46.23247354497354,75.50585348137596,67.48472116119174,73.86227218159989,68.71959712846886,76.33344048001713,68.53701527614574,80.56874265569918,68.36633663366337,76.29224991464663,68.91974929335136,80.6009585842448,68.4054838985642,77.53153276324153,57.31897872176887,76.51869312230875,0.871657879357222,50.0,85.1063829787234,50.00000000000002,71.92982456140352,49.99999999999999,78.98550724637681,49.999999999999986,65.65656565656566,49.99999999999999,86.66666666666667,50.0,77.66898942194722,64.93506493506493,85.36009445100355,70.58823529411765,81.63992869875223,68.42105263157895,85.33834586466168,72.91666666666666,88.93229166666666,78.57142857142857,89.28571428571428,71.08648961977136,86.11127499335967,60.54324480988568,81.89013220765344,0.8502821872860646
54.0,44.44444444444445,71.35717031910804,42.50000000000001,70.1862464183381,44.444444444444436,55.706112616681736,45.312500000000014,72.3489336492891,41.428571428571395,58.69747899159664,43.62599206349206,65.65918839900272,65.63216195569137,73.91683946305794,68.72174006214506,76.95489124611595,70.52878965922446,81.03407755581668,69.74564697849095,76.86582451348582,72.23178075457785,82.20474376305764,69.37202388202594,78.1952753083068,56.499007972759,71.92723185365476,0.8742324039934843,50.0,85.1063829787234,50.00000000000002,73.24561403508771,49.99999999999999,77.53623188405797,49.999999999999986,64.30976430976432,49.99999999999999,85.0,50.0,77.03959864152668,64.93506493506493,85.47815820543093,70.58823529411765,81.90730837789661,68.42105263157895,85.43233082706769,72.91666666666666,89.19270833333333,78.57142857142857,89.28571428571428,71.08648961977136,86.25924400588858,60.54324480988568,81.64942132370763,0.8488476996875566
55.0,44.44444444444445,68.55055747789312,45.000000000000014,67.96561604584527,46.29629629629628,71.15326708822643,48.437500000000014,69.81635071090048,45.71428571428567,73.19327731092437,45.978505291005284,70.13581372675795,65.15469824293353,74.36156280694097,66.42558662809384,75.18697096324868,70.47003525264398,79.15158636897768,69.80710139979516,78.4533970638443,67.26373356273811,78.50559174142803,67.82423101724093,77.13182178888793,56.901368154123105,73.63381775782294,0.8732314209529234,50.0,85.1063829787234,50.00000000000002,73.6842105263158,49.99999999999999,80.43478260869566,49.999999999999986,64.98316498316498,49.99999999999999,85.0,50.0,77.84170821937997,64.93506493506493,85.59622195985833,69.6078431372549,82.2638146167558,68.42105263157895,85.62030075187971,72.91666666666666,89.19270833333333,78.57142857142857,89.49579831932772,70.8904111883988,86.43376879623096,60.4452055941994,82.13773850780547,0.8472791248553412
56.0,50.0,58.13148788927336,45.000000000000014,58.02292263610315,42.592592592592595,59.86148750376393,43.750000000000014,67.62440758293839,38.57142857142855,69.36974789915966,43.982804232804234,62.602010702247696,68.01948051948051,74.76263232565753,66.10093217614913,74.19050680381443,68.15511163337253,79.50411280846063,71.18641174462275,80.6589279617617,71.97984515177585,83.31694727786653,69.08835624508015,78.48662543551217,56.53558023894219,70.54431806887993,0.8747559951624959,50.0,85.1063829787234,50.00000000000002,73.24561403508771,49.99999999999999,80.43478260869566,49.999999999999986,68.35016835016835,49.99999999999999,84.16666666666667,50.0,78.26072292786836,64.28571428571428,85.71428571428572,69.6078431372549,82.4420677361854,68.42105263157895,85.71428571428572,75.0,89.453125,78.57142857142857,89.70588235294117,71.17720772519534,86.6059293035396,60.58860386259767,82.43332611570398,0.8455632579636029
57.0,44.44444444444445,84.23683198769704,40.00000000000002,68.06590257879655,44.444444444444436,69.37669376693766,40.625000000000014,72.61552132701422,39.99999999999997,61.51260504201681,41.90277777777778,71.16151094049245,64.47669977081742,75.95492742551566,65.76877745633772,75.82985106610951,69.6768507638073,79.02467685076381,70.5940594059406,80.9320587231137,75.53459505960429,80.80988079144649,69.21019649130146,78.51027897138984,55.55648713453962,74.83589495594114,0.8677351797352384,50.0,85.1063829787234,50.00000000000002,74.12280701754386,49.99999999999999,79.71014492753623,49.999999999999986,74.41077441077441,49.99999999999999,83.33333333333334,50.0,79.33668853358226,64.93506493506493,85.71428571428572,70.58823529411765,82.53119429590016,68.42105263157895,85.71428571428572,75.0,89.58333333333333,78.57142857142857,89.70588235294117,71.50315628643801,86.64979628214921,60.75157814321901,82.99324240786574,0.8440602260817458
58.0,50.0,68.66589773164166,47.50000000000001,70.51575931232092,46.2962962962963,63.32429990966577,43.750000000000014,66.0989336492891,45.71428571428567,70.25210084033613,46.65211640211639,67.77139828865072,63.559969442322384,71.1120811961148,65.94128361727202,75.18911389692488,70.75205640423034,80.16451233842538,69.51519289860022,82.08262205530899,70.8614968661669,82.87452378026299,68.12599984571837,78.2845706534074,57.38905812391738,73.02798447102906,0.8659747668714703,50.0,85.1063829787234,50.00000000000002,74.12280701754386,49.99999999999999,79.71014492753623,49.999999999999986,81.81818181818181,49.99999999999999,80.83333333333333,50.0,80.31817001506373,64.93506493506493,85.71428571428572,70.58823529411765,82.53119429590016,68.42105263157895,85.71428571428572,75.0,89.71354166666666,78.57142857142857,90.33613445378151,71.50315628643801,86.80188836898394,60.75157814321901,83.56002919202383,0.8424784262669973
59.0,50.0,82.50672818146866,45.000000000000014,65.12893982808023,46.29629629629628,61.096055404998495,43.750000000000014,71.13447867298578,42.857142857142826,61.09243697478992,45.58068783068783,68.19172781246462,63.244843391902215,73.6822001527884,67.90528233151181,77.03203685845924,69.99412455934197,78.47943595769684,72.56572208945033,81.15056333219529,67.99188890254393,78.8496989062308,68.34037225495005,77.8387870414741,56.960530042818945,73.01525742696936,0.8659972332722983,50.0,85.1063829787234,50.00000000000002,75.43859649122808,49.99999999999999,79.71014492753623,49.999999999999986,82.49158249158249,49.99999999999999,81.66666666666667,50.0,80.88267471114739,64.93506493506493,85.8323494687131,70.58823529411765,82.62032085561498,69.73684210526316,85.90225563909775,75.0,89.71354166666666,78.57142857142857,90.33613445378151,71.76631418117486,86.8809204167748,60.88315709058743,83.8817975639611,0.8410701198205783
60.0,50.0,81.58400615148021,47.500000000000014,74.42693409742121,46.29629629629628,66.84733514001807,45.312500000000014,63.78850710900473,41.428571428571395,61.80672268907562,46.10747354497354,69.69070103739998,65.69900687547747,71.63592709811198,66.92060430729666,74.7112396871317,70.09988249118686,79.58166862514689,71.59269375213384,83.99795151928984,70.52353447216419,81.92822907705542,68.96714437965181,78.37100320134716,57.53730896231268,74.03085211937358,0.8632083122402906,50.0,85.1063829787234,50.00000000000002,75.43859649122808,49.99999999999999,78.26086956521739,49.999999999999986,82.15488215488216,49.99999999999999,80.83333333333333,50.0,80.35881290467687,64.28571428571428,85.9504132231405,70.58823529411765,82.70944741532978,69.73684210526316,85.90225563909775,75.0,89.84375,78.57142857142857,90.54621848739495,71.63644405130472,86.99041695299259,60.81822202565236,83.67461492883473,0.839079071874504
61.0,44.44444444444445,71.6647443291042,47.50000000000001,76.59025787965616,46.2962962962963,63.053297199638656,43.750000000000014,73.44490521327015,41.428571428571395,69.9579831932773,44.68386243386243,70.94223756298929,64.54354469060351,73.40390701735238,68.0563591556841,79.45355191256832,72.21504112808462,80.82021151586369,70.89450324342779,80.60771594400819,71.34693375937078,81.96509770185571,69.41127639543416,79.25009681832967,57.047569414648294,75.09616719065949,0.8557052106681657,50.0,84.04255319148936,50.00000000000002,75.87719298245614,49.99999999999999,81.8840579710145,49.999999999999986,79.7979797979798,49.99999999999999,80.0,50.0,80.32035678858796,64.28571428571428,86.06847697756788,70.58823529411765,82.97682709447416,69.73684210526316,85.99624060150377,75.0,89.84375,78.57142857142857,90.54621848739495,71.63644405130472,87.08630263218815,60.81822202565236,83.70332971038806,0.8372615962534985
62.0,50.0,77.6239907727797,40.00000000000002,66.8481375358166,44.444444444444436,63.926528154170434,43.750000000000014,61.16706161137441,44.285714285714256,67.14285714285715,44.49603174603174,67.34171504339966,67.6279602750191,76.98624904507257,70.84753026893816,80.51858994964107,71.45710928319626,79.00352526439482,69.11744622738136,79.4469102082622,69.64790463315718,81.51038466265209,69.73959013753841,79.49313182600454,57.11781094178508,73.4174234347021,0.8514126610430952,50.0,84.04255319148936,50.00000000000002,78.50877192982458,49.99999999999999,83.33333333333334,49.999999999999986,80.8080808080808,49.99999999999999,81.66666666666667,50.0,81.67188118587896,64.28571428571428,86.06847697756788,70.58823529411765,83.24420677361853,69.73684210526316,86.09022556390978,75.0,90.10416666666666,78.57142857142857,90.54621848739495,71.63644405130472,87.21065889383155,60.81822202565236,84.44127003985525,0.8351004684471969
63.0,50.0,83.23721645520953,45.14326647564472,70.60171919770774,42.592592592592595,67.44956338452273,48.437500000000014,68.18720379146919,44.285714285714256,67.85714285714286,46.09181467079032,71.4665691372104,64.33346065699007,71.32216522972826,68.06385942355082,77.4027643844423,70.6521739130435,80.09165687426557,71.78729941959713,82.63571184704678,72.71721764778174,82.36450780385891,69.51080221219266,78.76336122786836,57.801308441491486,75.11496518253938,0.8536741281494871,50.0,84.04255319148936,50.00000000000002,78.50877192982458,49.99999999999999,84.78260869565217,49.999999999999986,80.13468013468012,49.99999999999999,83.33333333333333,50.0,82.16038945699592,64.28571428571428,86.06847697756788,70.58823529411765,83.24420677361854,68.42105263157895,86.37218045112782,75.0,90.234375,78.57142857142857,90.75630252100841,71.37328615656789,87.33510834466453,60.68664307828394,84.74774890083023,0.8330745296528103
64.0,50.0,75.31718569780854,42.50000000000001,78.51002865329512,44.444444444444436,70.55103884372176,43.750000000000014,64.24763033175356,42.857142857142826,65.4621848739496,44.710317460317455,70.81761368010571,65.67990832696715,74.68350976754337,69.69784635165539,76.59059252116147,69.82961222091659,79.72737955346652,68.21611471491977,78.65141686582452,74.8494531153988,83.32309204866658,69.65458694597153,78.59519815133248,57.18245220314449,74.7064059157191,0.8524536954225587,50.0,84.04255319148936,50.00000000000002,79.38596491228071,49.99999999999999,87.68115942028986,49.999999999999986,80.13468013468014,49.99999999999999,85.83333333333334,50.0,83.41553819841468,64.28571428571428,86.18654073199528,70.58823529411765,83.51158645276293,69.73684210526316,86.37218045112782,75.0,90.234375,78.57142857142857,90.75630252100841,71.63644405130472,87.4121970313789,60.81822202565236,85.41386761489679,0.8314248591512282
65.0,50.0,77.58554402153017,45.000000000000014,63.36676217765043,48.148148148148145,61.96928635953025,46.875000000000014,71.56398104265402,40.73529411764702,69.41176470588236,46.15168845315903,68.77946766144944,67.77119938884645,75.33831714503984,68.71531126111645,76.05057323475839,70.31727379553469,79.3560517038778,71.43393649709799,82.88835780129737,73.00294948998402,84.34312400147473,70.24813408651592,79.59528477728962,58.19991126983747,74.18737621936953,0.8498471845697938,50.0,84.04255319148936,50.00000000000002,80.70175438596492,49.99999999999999,89.1304347826087,49.999999999999986,81.4814814814815,49.99999999999999,86.66666666666667,50.0,84.40457810164222,64.28571428571428,86.18654073199528,70.58823529411765,83.60071301247771,69.73684210526316,86.46616541353384,75.0,90.234375,78.57142857142857,90.75630252100841,71.63644405130472,87.44881933580305,60.81822202565236,85.92669871872263,0.8294762330437383
66.0,44.44444444444445,60.515186466743565,47.500000000000014,68.72492836676217,48.96115627822943,73.291177356218,45.54946682464456,66.1877962085308,39.99999999999997,60.966386554621856,45.29101350946368,65.93709499057528,67.4751718869366,77.49918149077813,68.88246008786027,76.48558877102754,71.83901292596947,81.48296122209166,73.36121543188801,81.2086036189826,72.42226864937939,84.00516160747203,70.79602579640675,80.13629934207039,58.04351965293522,73.03669716632282,0.8468484043987216,50.0,84.04255319148936,50.00000000000002,81.14035087719299,49.99999999999999,89.1304347826087,49.999999999999986,82.49158249158249,49.99999999999999,87.5,50.0,84.86098426857471,64.28571428571428,86.30460448642268,70.58823529411765,83.77896613190731,69.73684210526316,86.56015037593986,75.0,90.234375,78.57142857142857,90.96638655462185,71.63644405130472,87.56889650977834,60.81822202565236,86.21494038917652,0.82747514960448
67.0,50.0,60.89965397923876,40.143266475644715,62.06303724928367,44.850948509485086,79.04245709123758,48.67446682464457,70.66054502369667,38.57142857142855,68.61344537815125,44.448022076240576,68.25582774432158,65.57486631016042,72.20069846120265,68.87924568734594,79.27354548376728,72.86133960047006,80.26086956521739,70.64697849095255,83.14441789006487,70.87071402236697,81.55339805825243,69.7666288222592,79.28658589170092,57.107325449249885,73.77120681801125,0.8516054547332693,50.0,84.04255319148936,50.00000000000002,80.26315789473684,49.99999999999999,89.13043478260869,49.999999999999986,75.75757575757575,49.99999999999999,86.66666666666667,50.0,83.17207765861546,64.28571428571428,86.42266824085006,70.58823529411765,83.8680926916221,69.73684210526316,86.56015037593986,77.08333333333331,90.625,82.14285714285715,90.96638655462185,72.76739643225712,87.68845957260677,61.38369821612856,85.43026861561111,0.826201811201263
68.0,44.44444444444445,66.93579392541331,47.92979942693411,65.81661891117479,46.2962962962963,64.89009334537789,46.26036729857822,70.02369668246445,45.71428571428567,67.43697478991596,46.12903863610775,67.02063553086927,66.66348357524828,73.47211611917494,70.51537554912673,78.83852994749813,71.67450058754409,82.54994124559342,73.30829634687606,81.47149197678388,72.76023104338208,82.22317807545778,70.98437742043545,79.71105147290163,58.5567080282716,73.36584350188545,0.8492139789247557,50.0,84.04255319148936,50.00000000000002,80.70175438596492,49.99999999999999,89.85507246376811,49.999999999999986,70.70707070707071,49.99999999999999,87.5,50.0,82.56129014965862,64.28571428571428,86.54073199527745,70.58823529411765,83.8680926916221,69.73684210526316,86.56015037593986,75.0,90.625,78.57142857142857,90.96638655462185,71.63644405130472,87.71207232349225,60.81822202565236,85.13668123657544,0.8240708084756705
69.0,44.617454825067284,81.66089965397923,42.9297994269341,62.24928366762178,42.592592592592595,62.541403191809685,42.661433649289116,68.52784360189573,42.16386554621846,69.45378151260503,42.99302920802031,68.88664232558229,65.38388082505729,72.58539779548184,69.20604307296688,79.23711561127183,69.87661574618099,79.4406580493537,72.01775349948788,82.89518607033118,69.74314858055796,82.86223423866291,69.2454883448502,79.4041183530203,56.11925877643526,74.14538033930128,0.8395690860217524,50.0,84.04255319148936,50.00000000000002,79.82456140350878,49.99999999999999,89.85507246376811,49.999999999999986,72.39057239057239,49.99999999999999,88.33333333333334,50.0,82.88921855653442,64.28571428571428,86.42266824085006,70.58823529411765,84.0463458110517,69.73684210526316,86.37218045112782,75.0,90.75520833333334,78.57142857142857,91.17647058823529,71.63644405130472,87.75457468491965,60.81822202565236,85.32189662072703,0.8221140483556256
70.0,50.34602076124568,69.01191849288735,47.92979942693411,74.74212034383955,41.14724480578138,71.99638663053297,47.82286729857822,65.77310426540284,46.49159663865543,56.84873949579832,46.74750578623897,67.6744538456922,68.10542398777692,79.14165666266506,66.75345548055284,74.55480552876888,72.4265569917744,81.68037602820212,71.98190508706044,82.05530897917377,75.3871205604031,85.63352586948506,70.93089242151355,80.61313461365899,58.839199103876254,74.14379422967559,0.8410643852706031,50.0,82.97872340425532,50.00000000000002,79.82456140350878,49.99999999999999,87.68115942028986,49.999999999999986,82.49158249158248,49.99999999999999,77.50000000000001,50.0,82.09520534392729,64.28571428571428,86.65879574970484,70.58823529411765,84.1354723707665,69.73684210526316,86.46616541353384,77.08333333333331,90.75520833333334,82.14285714285715,91.17647058823529,72.76739643225712,87.83842249111477,61.38369821612856,84.96681391752102,0.8208134016106043
71.0,51.03806228373703,62.93733179546328,46.57593123209171,58.08022922636103,45.257452574525736,61.48750376392653,48.77073459715642,68.39454976303317,46.49159663865543,70.7983193277311,47.62675546523327,64.33958677530302,67.1409472880061,75.36287242169595,71.66291653273329,78.97996357012751,74.48883666274972,81.81668625146885,74.10378968931376,83.11369067941278,66.87354061693497,80.65626152144524,70.85400615794757,79.98589488883007,59.24038081159042,72.16274083206655,0.8398743423526533,50.0,82.97872340425532,50.00000000000002,79.82456140350878,49.99999999999999,87.68115942028986,49.999999999999986,77.77777777777777,49.99999999999999,81.66666666666667,50.0,81.98577773449969,64.28571428571428,86.54073199527745,70.58823529411765,84.22459893048129,69.73684210526316,86.46616541353384,77.08333333333331,90.75520833333334,82.14285714285715,91.38655462184875,72.76739643225712,87.87465185889494,61.38369821612856,84.93021479669731,0.8184352588252433
72.0,50.8650519031142,62.014609765474816,44.07593123209171,65.81661891117479,49.36766034327009,73.89340560072267,43.94253554502371,63.862559241706165,49.34873949579829,70.0,47.5199837038596,67.11743870381568,68.21046600458365,76.30688639092,71.65863066538088,79.00139290688955,68.19623971797887,78.83666274970625,72.2738135882554,83.11710481392967,76.41022489861128,84.41686125107533,71.349874974962,80.33578162250416,59.4349293394108,73.72661016315992,0.8361000223540004,50.0,82.97872340425532,50.00000000000002,79.3859649122807,49.99999999999999,90.57971014492753,49.999999999999986,83.50168350168352,49.99999999999999,84.16666666666669,50.0,84.12254972596276,64.28571428571428,86.42266824085006,70.58823529411765,84.40285204991088,69.73684210526316,86.65413533834587,77.08333333333331,90.75520833333334,82.14285714285715,91.17647058823529,72.76739643225712,87.88226691013509,61.38369821612856,86.00240831804892,0.8155364639027108
73.0,45.65551710880432,78.35447904652057,45.0787965616046,68.19484240687679,50.99367660343268,61.75850647395363,44.79413507109006,72.68957345971565,45.10504201680669,70.79831932773108,46.32543347234767,70.35914414295954,69.75744843391902,79.66277420058933,69.37212043287259,75.78913532626166,68.96004700352528,80.66745005875441,72.22942983953568,83.30146807784226,69.1102371881529,82.68403588546147,69.8858565796011,80.42097270978182,58.10564502597438,75.39005842637067,0.831061995354022,50.0,82.97872340425532,50.00000000000002,82.89473684210526,49.99999999999999,89.85507246376811,49.999999999999986,84.51178451178451,49.99999999999999,75.0,50.0,83.04806344438265,64.28571428571428,86.42266824085006,70.58823529411765,84.40285204991088,69.73684210526316,86.74812030075188,75.0,90.75520833333334,78.57142857142857,91.17647058823529,71.63644405130472,87.9010639026163,60.81822202565236,85.47456367349947,0.8129041303056594
74.0,52.24913494809689,73.6639753940792,48.72492836676219,79.91404011461319,48.28364950316169,66.7871123155676,52.65847156398107,73.11907582938389,47.26890756302518,61.89075630252101,49.8370183890054,71.07499199123296,67.79029793735675,75.22918258212376,70.1821493624772,77.94064073716918,69.98824911868392,81.09048178613396,70.3550699897576,81.21201775349948,71.88460120437507,85.69497357748557,70.04007352253012,80.23345928728239,59.938545955767765,75.65422563925767,0.8274157728408003,50.0,82.97872340425532,50.00000000000002,89.03508771929825,49.99999999999999,89.13043478260869,49.999999999999986,85.85858585858585,49.99999999999999,69.16666666666667,50.0,83.23389968628297,64.28571428571428,86.42266824085006,70.58823529411765,84.40285204991088,69.73684210526316,86.74812030075188,75.0,90.75520833333334,78.57142857142857,91.38655462184875,71.63644405130472,87.94308070933899,60.81822202565236,85.58849019781098,0.8102250040507549
75.0,53.46020761245674,68.16608996539792,50.30085959885389,66.34670487106017,51.35501355013549,62.84251731406203,51.192239336492904,63.58116113744076,52.331932773109216,71.84873949579831,51.72805057420965,66.55704255675184,66.38655462184873,76.09680235730656,66.74488374584804,78.24493731918997,67.60282021151588,80.50528789659224,70.3550699897576,81.46807784226698,66.77829666953423,78.7882511982303,67.5735250477009,79.02067132271722,59.65078781095527,72.78885693973453,0.8279450929673218,50.0,82.97872340425532,50.00000000000002,89.03508771929825,49.99999999999999,88.40579710144928,49.999999999999986,73.73737373737374,49.99999999999999,70.83333333333333,50.0,80.99806305914198,64.28571428571428,86.42266824085006,70.58823529411765,84.40285204991088,69.73684210526316,86.8421052631579,75.0,90.88541666666666,78.57142857142857,91.38655462184875,71.63644405130472,87.98791936848686,60.81822202565236,84.49299121381442,0.8078065248150679
76.0,48.769703960015384,67.47404844290656,45.666189111747876,60.63037249283667,53.74887082204155,59.95182174043963,48.16350710900475,63.43305687203791,44.66386554621846,72.05882352941177,48.2024273098056,64.70962461552651,64.87776928953399,75.13641820364509,69.20282867245257,79.13639772849031,68.96004700352528,80.37367802585193,71.28371457835439,81.18470467736428,69.55266068575642,79.9741919626398,68.77540404592453,79.16107811959827,58.488915677865066,71.93535136756239,0.8326224280303541,50.0,84.04255319148936,50.00000000000002,87.71929824561404,49.99999999999999,86.95652173913044,49.999999999999986,74.74747474747474,49.99999999999999,87.5,50.0,84.19316958474171,64.28571428571428,86.42266824085006,70.58823529411765,84.40285204991088,69.73684210526316,86.8421052631579,77.08333333333331,91.015625,82.14285714285715,91.38655462184875,72.76739643225712,88.01396103515353,61.38369821612856,86.10356530994761,0.8057314187107569
77.0,56.57439446366782,64.89811610918878,52.52865329512897,64.68481375358166,51.67118337850044,66.00421559771154,54.606042654028464,70.49763033175356,54.01260504201678,72.52100840336134,53.8785757666685,67.72115683911937,68.31550802139037,78.4704791007312,70.18536376299151,82.35722704382299,70.41715628672152,81.66157461809637,69.40935472857632,81.26322977125298,66.33587317193069,80.18925894064152,68.93265119432209,80.78835389490902,61.40561348049529,74.2547553670142,0.8217957306412568,50.0,84.04255319148936,50.00000000000002,86.40350877192982,49.99999999999999,63.04347826086957,44.44444444444443,72.72727272727273,60.83333333333333,86.66666666666667,51.05555555555556,78.57669592364564,64.28571428571428,86.42266824085006,70.58823529411765,84.49197860962568,69.73684210526316,86.8421052631579,77.08333333333331,91.015625,78.57142857142857,91.38655462184875,72.05311071797139,88.03178634709647,61.554333136763475,83.30424113537106,0.80228580474734
78.0,52.921953094963484,77.00884275278739,58.75358166189113,73.19484240687679,50.406504065040636,65.7934357121349,63.41824644549765,79.01362559241706,52.100840336134425,70.0,55.52022512070547,73.00214929284323,67.16004583651642,77.19633307868602,64.12943319404263,76.22629379620702,68.8542890716804,78.56639247943595,67.34892454762719,82.02116763400478,69.54344352955636,82.81922084306255,67.4072272358846,79.36588156627927,61.46372617829503,76.18401542956124,0.8183759177341573,50.0,84.04255319148936,50.00000000000002,85.96491228070175,56.52173913043478,81.8840579710145,56.56565656565655,72.72727272727273,55.833333333333314,86.66666666666667,53.78414580588494,82.257092567429,64.28571428571428,86.54073199527745,70.58823529411765,84.58110516934046,69.73684210526316,86.8421052631579,72.91666666666666,91.015625,75.0,91.59663865546219,70.50549167035236,88.1152412166476,62.144818738118644,85.1861668920383,0.7983066941492133
79.0,58.112264513648604,80.04613610149943,53.19484240687681,70.70200573065902,53.83920505871723,65.04065040650406,59.160248815165886,72.11196682464454,55.65126050420166,69.91596638655463,55.99156425972204,71.56334508997233,66.44385026737967,79.43359161846557,67.72849030322512,79.34426229508198,64.45945945945948,78.90481786133961,70.30215090474566,81.60464322294298,67.15927245913727,83.8638318790709,67.21864467878943,80.63022937538021,61.605104469255735,76.09678723267626,0.8063389115026377,50.0,84.04255319148936,56.140350877193015,87.28070175438597,56.15942028985508,88.40579710144928,54.040404040404034,72.72727272727273,50.83333333333332,87.5,53.43470170815709,83.99126495491947,64.28571428571428,86.42266824085006,70.58823529411765,84.58110516934046,67.10526315789474,86.93609022556392,70.83333333333333,91.015625,71.42857142857143,91.38655462184873,68.84822349992629,88.06840865152063,61.14146260404169,86.02983680322005,0.7942108492077875
80.0,48.55824682814302,71.81853133410226,65.70916905444128,76.84813753581663,57.3170731707317,64.7094248720265,58.64188388625593,69.14988151658768,57.16386554621846,71.9327731092437,57.47804769715808,70.89174967355537,67.03590527119938,75.46109352832042,67.23454409086037,77.19275688417444,67.01527614571096,80.99412455934197,66.26152270399454,80.7750085353363,68.03490229814429,83.27393388226619,67.11643010198192,79.53938347788787,62.297238899570004,75.21556657572162,0.8148537849076987,55.319148936170215,84.04255319148936,59.868421052631604,90.35087719298245,56.15942028985508,88.40579710144928,54.040404040404034,72.05387205387204,50.83333333333332,87.5,55.24414553047885,84.47061990795862,64.28571428571428,86.42266824085006,66.66666666666667,84.75935828877004,65.78947368421053,87.03007518796993,68.74999999999999,91.015625,75.0,91.80672268907564,68.0983709273183,88.20688988133313,61.67125822889858,86.33875489464587,0.790542845827595
81.0,64.1676278354479,76.70126874279123,56.56876790830948,67.73638968481374,63.41463414634144,78.41011743450767,64.70675355450238,74.68898104265404,57.289915966386516,61.386554621848745,61.229539882197535,71.78466230532308,65.00190985485102,75.88944668776601,63.46405228758167,78.46994535519126,66.18683901292599,80.34077555816687,67.00409696142029,81.55001707067258,65.60771783212486,80.53951087624431,65.45292318978076,79.35793910960821,63.34123153598915,75.57130070746564,0.8096668530499128,64.36170212765956,84.04255319148936,60.74561403508775,82.89473684210526,58.333333333333336,87.68115942028986,54.040404040404034,70.03367003367002,50.83333333333332,87.5,57.6628773739636,82.4304238975109,62.98701298701298,86.42266824085006,64.70588235294117,84.84848484848484,64.47368421052632,86.93609022556392,68.74999999999999,91.14583333333333,71.42857142857143,91.59663865546219,66.46903019581039,88.18994306073887,62.065953784887,85.31018347912489,0.7861865863625669
82.0,57.03575547866207,73.04882737408688,56.43982808022924,67.73638968481376,65.40198735320686,74.34507678410117,60.25622037914694,70.18661137440758,66.59663865546219,70.63025210084034,61.146085989341465,71.18943146364994,64.8109243697479,76.26596092982648,70.1832208293153,81.99292831886854,62.9847238542891,80.25851938895417,64.43154660293617,82.93274155001707,66.23141206832986,86.85633525869486,65.72836554492366,81.66129708927222,63.43722576713256,76.42536427646108,0.7947903748066127,72.87234042553189,81.91489361702128,48.24561403508774,79.3859649122807,58.333333333333336,87.68115942028986,54.040404040404034,68.013468013468,50.83333333333332,88.33333333333333,56.86500503353807,81.06576385927863,59.74025974025974,86.42266824085006,63.72549019607845,84.84848484848484,63.15789473684211,86.93609022556392,68.74999999999999,91.14583333333333,71.42857142857143,91.80672268907564,65.36044322035035,88.23195986746155,61.11272412694421,84.64886186337009,0.7809674705541847
83.0,65.01345636293733,78.23913879277201,54.51289398280803,58.86819484240687,64.13730803974705,71.45438121047877,62.292654028436026,75.99229857819904,66.11344537815125,66.59663865546219,62.413951558415945,70.23013041586378,63.40718105423987,73.29204409036342,64.77552769741773,80.87217400621451,67.16216216216218,81.52996474735605,67.79959030385798,83.05223625810856,69.83839252795872,83.50743517266808,66.5965707491273,80.45077085494212,64.50526115377161,75.34045063540296,0.7922263978887374,47.8723404255319,81.91489361702129,48.24561403508774,79.3859649122807,58.333333333333336,88.40579710144928,54.040404040404034,70.03367003367002,50.83333333333332,88.33333333333333,51.86500503353807,81.61473179955092,59.74025974025974,86.42266824085006,63.72549019607845,84.93761140819964,64.47368421052632,87.12406015037594,68.74999999999999,91.14583333333333,71.42857142857143,91.80672268907564,65.62360111508718,88.28737916436691,58.744303074312626,84.95105548195892,0.7748168949554132
84.0,58.400615148019995,71.78008458285274,67.02722063037251,66.54727793696276,56.36856368563685,62.33062330623306,65.09182464454979,74.02251184834124,61.743697478991564,67.18487394957984,61.726384317514146,68.37307432479392,62.58594346829641,73.67947178871547,64.61373620486444,78.8985320904318,64.17156286721506,80.11045828437133,64.83782861044726,84.09354728576307,65.7982057269264,83.32923681946663,64.40145537554993,80.02224925374966,63.06391984653204,74.19766178927179,0.7915783979351134,48.936170212765944,84.04255319148936,49.12280701754388,80.26315789473684,50.0,87.68115942028986,54.040404040404034,68.68686868686868,50.83333333333332,88.33333333333333,50.586542920809435,81.80141450534362,59.09090909090908,86.42266824085006,63.72549019607845,85.02673796791444,63.15789473684211,87.03007518796993,68.74999999999999,91.14583333333333,71.42857142857143,91.80672268907564,65.2305730904802,88.28640748382868,57.90855800564482,85.04391099458616,0.7686385376880278
85.0,66.89734717416378,75.35563244905805,59.6060171919771,65.7163323782235,64.72448057813911,57.75368864799759,57.13862559241707,59.671208530805686,64.7268907563025,67.3529411764706,62.61867225859991,65.16996063651109,61.6405653170359,75.21281239768635,61.8311368263152,79.30997535626273,62.49118683901295,79.56286721504114,65.7750085353363,82.78251963127347,65.6507312277252,85.17881283028143,63.47772574908511,80.40939748610901,63.04819900384251,72.78967906131005,0.7830957091570526,48.936170212765944,85.10638297872342,49.12280701754388,79.3859649122807,50.0,87.68115942028986,54.040404040404034,69.02356902356902,50.83333333333332,88.33333333333333,50.586542920809435,81.90608193363927,59.74025974025974,86.42266824085006,63.72549019607845,84.84848484848484,63.15789473684211,87.03007518796993,66.66666666666666,91.14583333333333,71.42857142857143,91.80672268907564,64.94377655368368,88.25075685994275,57.765159737246556,85.07841939679102,0.7617897191699728
86.0,62.5528642829681,74.97116493656286,63.68194842406878,68.25214899713468,51.98735320686539,61.06594399277326,65.52132701421802,67.59478672985783,67.71008403361344,72.01680672268907,62.29071539234675,68.78017027580354,62.748281130634076,78.96431299792644,64.60730740383583,80.67502410800387,60.92831962397182,80.2726204465335,59.842949812222614,80.273130761352,66.04092417352832,81.80533366105445,62.83355642883853,80.39808439497406,62.56213591059264,74.58912733538881,0.775197696951418,48.936170212765944,84.04255319148936,49.12280701754388,79.3859649122807,50.0,87.68115942028986,54.040404040404034,70.03367003367002,50.83333333333332,88.33333333333333,50.586542920809435,81.89533617821266,59.09090909090908,86.30460448642268,63.72549019607845,85.11586452762924,63.15789473684211,87.03007518796993,66.66666666666666,91.14583333333333,71.42857142857143,91.80672268907564,64.81390642381355,88.28062004488615,57.70022467231149,85.0879781115494,0.7545939623735275
87.0,63.9369473279508,59.55401768550557,58.25214899713469,58.452722063037264,66.30532971996385,74.49563384522735,63.81812796208531,60.115521327014235,65.54621848739494,68.78151260504201,63.57175449890592,64.27988150516528,67.0072574484339,78.42682527556477,61.33933354762669,78.8985320904318,60.6521739130435,78.55699177438308,63.600204848071016,83.60191191532947,62.19122526729755,85.12965466388104,62.95803900489453,80.92278314391804,63.264896751900224,72.60133232454166,0.7744584009140504,48.936170212765944,84.04255319148936,49.12280701754388,78.94736842105263,50.0,87.68115942028986,48.48484848484848,70.7070707070707,50.83333333333332,88.33333333333333,49.47543180969832,81.94229701464718,59.74025974025974,86.54073199527745,64.70588235294119,85.02673796791444,63.15789473684211,87.03007518796993,66.66666666666666,91.27604166666667,67.85714285714285,91.80672268907564,64.42556927077051,88.33606190138083,56.950500540234415,85.13917945801401,0.747317737377426
88.0,69.66551326412919,71.7031910803537,63.04441260744987,67.42120343839542,68.83468834688344,70.15959048479374,61.54472748815167,70.49763033175356,68.31932773109243,76.00840336134455,66.28173388754132,71.1580037393282,60.21772345301757,75.5647713630907,62.97867780992177,78.49780349298189,60.005875440658066,79.42890716803758,61.96483441447593,79.9556162512803,60.98685019048789,82.89295809266314,61.23079226171224,79.26801127361071,63.75626307462678,75.21300750646945,0.7669748084983412,48.936170212765944,84.04255319148936,49.12280701754388,78.94736842105263,50.0,85.5072463768116,48.48484848484848,70.37037037037037,45.83333333333332,88.33333333333333,48.47543180969832,81.44017433861146,58.44155844155844,86.54073199527745,62.7450980392157,85.02673796791444,63.15789473684211,87.03007518796993,66.66666666666666,91.27604166666667,67.85714285714285,91.80672268907564,63.77367214828515,88.33606190138083,56.12455197899173,84.88811811999614,0.7396972288349936
89.0,72.0876585928489,71.31872356785851,62.12034383954156,54.49856733524355,66.7118337850045,73.291177356218,63.44046208530807,68.0835308056872,63.38235294117644,68.69747899159664,65.5485302487759,67.17789561132079,60.16997708174179,76.1704681872749,61.339333547626694,79.72570448944604,63.52526439482964,81.42890716803761,58.96722430863775,80.9354728576306,59.08811601327271,83.80852894187048,60.617983069221715,80.41381632885192,63.083256658998806,73.79585597008636,0.756391991204232,48.936170212765944,84.04255319148936,49.12280701754388,78.94736842105263,50.0,87.68115942028986,48.48484848484848,72.39057239057239,45.83333333333332,88.33333333333333,48.47543180969832,82.27899735134751,57.79220779220778,86.54073199527745,62.7450980392157,85.02673796791444,63.15789473684211,86.93609022556392,66.66666666666666,91.40625,67.85714285714285,91.80672268907564,63.64380201841502,88.34330657556629,56.059616914056676,85.3111519634569,0.7322239448819539
90.0,67.74317570165323,81.69934640522875,62.12034383954156,68.48137535816619,58.943089430894304,64.95031616982837,70.63832938388629,70.39395734597156,54.03361344537812,64.91596638655463,62.69571036027071,70.08819233314989,61.36363636363635,76.96987886063516,59.864995178399205,77.61491481838637,59.941245593419524,81.56756756756758,58.91430522362582,81.7651075452373,57.86530662406293,84.6872311662775,59.58989779662877,80.52093999162079,61.14280407844974,75.30456616238534,0.7517706581583803,48.936170212765944,84.04255319148936,49.12280701754388,79.3859649122807,50.0,87.68115942028986,48.48484848484848,72.05387205387204,50.83333333333332,90.0,49.47543180969832,82.63270991558639,57.79220779220778,86.54073199527745,62.7450980392157,85.02673796791444,63.15789473684211,86.93609022556392,66.66666666666666,91.40625,67.85714285714285,91.80672268907564,63.64380201841502,88.34330657556629,56.559616914056676,85.48800824557634,0.7247692356394244
91.0,80.58439061899271,89.58093041138025,65.33667621776506,67.96561604584528,63.68563685636855,67.29900632339655,60.69312796208531,65.59537914691943,66.97478991596638,72.52100840336134,67.4549243142356,72.59238806618058,64.55309396485868,78.31496234857579,60.02464373727631,77.11132540447872,63.46650998824913,81.55581668625148,60.15192898600205,82.35233868214408,62.538404817500314,82.91753717586334,62.1469162987773,80.45039605946269,64.80092030650644,76.52139206282163,0.7401267278439626,48.936170212765944,85.10638297872339,49.12280701754388,79.3859649122807,50.0,87.68115942028986,48.48484848484848,72.05387205387204,50.83333333333332,90.0,49.47543180969832,82.84547587303321,57.79220779220778,86.42266824085006,62.7450980392157,85.02673796791444,63.15789473684211,86.93609022556392,66.66666666666666,91.40625,67.85714285714285,91.80672268907564,63.64380201841502,88.31969382468081,56.559616914056676,85.58258484885701,0.7173517559556813
92.0,68.0891964628989,79.77700884275278,62.26361031518627,68.83954154727793,66.30532971996385,73.86329418849743,62.82582938388628,62.55924170616114,56.239495798319304,64.28571428571428,63.14469233605091,69.86496011408072,62.81512605042017,80.15660809778457,58.227793849780326,76.26700953605486,58.14923619271447,81.00352526439482,61.23933082963469,80.85353362922501,60.00675924788006,82.24775715865799,60.08764923408594,80.10568673722345,61.61617078506842,74.98532342565208,0.7413810959147874,48.936170212765944,85.10638297872339,49.12280701754388,79.3859649122807,50.0,90.57971014492753,48.48484848484848,74.07407407407408,50.83333333333332,90.0,49.47543180969832,83.82922642200114,59.09090909090909,86.54073199527745,62.7450980392157,85.11586452762924,63.15789473684211,86.8421052631579,66.66666666666666,91.40625,67.85714285714285,91.80672268907564,63.903542278155285,88.34233489502805,56.6894870439268,86.0857806585146,0.7109739457077028
93.0,61.668589004229155,74.77893118031527,71.40401146131808,75.63037249283667,62.42095754290875,64.49864498644986,59.84152843601896,65.12144549763033,64.11764705882351,67.98319327731093,63.890546700659684,69.60251748690861,59.21504965622613,75.88944668776602,61.01360762884386,79.50926818814958,61.31022326674503,81.10223266745005,58.91430522362582,83.80334585182658,60.839375691286726,85.10507558068085,60.258512293345504,81.08187379517463,62.074529497002594,75.34219564104163,0.7314305110166525,48.936170212765944,84.04255319148936,49.12280701754388,80.26315789473685,50.0,91.30434782608697,48.48484848484848,76.0942760942761,50.83333333333332,90.0,49.47543180969832,84.34086700131786,59.09090909090908,86.54073199527745,63.72549019607845,85.29411764705883,63.15789473684211,86.9360902255639,66.66666666666666,91.40625,71.42857142857143,91.80672268907564,64.81390642381355,88.39678251139517,57.144669116755935,86.36882475635652,0.7054689004288938
94.0,72.95271049596309,80.54594386774318,71.54727793696276,72.12034383954155,71.27371273712735,74.61607949412827,56.62026066350712,60.796800947867304,59.01260504201679,69.74789915966387,66.28131337511542,71.56541346178884,65.85179526355996,80.15660809778457,61.337190613950476,77.90421086467374,59.94124559341951,80.08930669800235,63.50290201433937,81.13007852509388,58.0127811232641,82.29077055425833,61.729182921706695,80.31419494796258,64.00524814841106,75.93980420487571,0.7326794103846098,48.936170212765944,85.10638297872339,49.12280701754388,78.94736842105263,50.0,91.30434782608697,48.48484848484848,76.43097643097643,50.83333333333332,90.0,49.47543180969832,84.35781513136789,59.74025974025974,86.42266824085006,64.70588235294119,85.29411764705883,63.15789473684211,87.03007518796993,66.66666666666666,91.015625,67.85714285714285,91.80672268907564,64.42556927077051,88.3138417529909,56.950500540234415,86.33582844217939,0.6983016518834362
95.0,79.02729719338717,82.35294117647058,63.76074498567337,73.49570200573066,72.4932249322493,74.2848539596507,70.16439573459718,66.88388625592418,66.15546218487391,69.70588235294117,70.32022500615618,73.34465315014346,59.81665393430099,75.73938666375642,61.33826208078859,79.83070823957998,58.425381903642794,79.64512338425381,62.91908501194947,83.47900307272107,58.64569251566917,79.10163450903282,60.229015089270206,79.5591711738688,65.2746200477132,76.45191216200612,0.7232106804991147,48.936170212765944,85.10638297872339,49.12280701754388,79.82456140350878,50.0,91.30434782608697,54.040404040404034,77.44107744107744,50.83333333333332,90.83333333333333,50.586542920809435,84.90194059654598,59.74025974025974,86.42266824085006,64.70588235294119,85.29411764705883,63.15789473684211,87.03007518796993,66.66666666666666,91.14583333333334,71.42857142857143,91.80672268907564,65.13985498505623,88.33988341965755,57.863198952932834,86.62091200810177,0.6923333300442251
96.0,68.43521722414457,68.81968473663976,58.04441260744987,61.862464183381086,66.35049683830171,71.06293285155073,64.33649289099527,69.07582938388624,61.17647058823527,65.50420168067227,63.66861802982534,67.26502256722601,63.569518716577534,80.26847102477355,60.20036429872492,77.88921032894032,60.428907168037604,79.30904817861341,67.19870262888358,86.39125981563674,65.65994838392527,82.92368194666338,63.41148823922979,81.35633425892547,63.54005313452757,74.31067841307575,0.7210525119082976,48.936170212765944,84.04255319148936,49.12280701754388,82.01754385964912,50.0,91.30434782608697,54.040404040404034,80.8080808080808,50.83333333333332,90.83333333333333,50.586542920809435,85.80117180372791,59.74025974025974,86.42266824085006,63.72549019607845,85.29411764705883,63.15789473684211,86.93609022556392,68.74999999999999,91.015625,71.42857142857143,91.80672268907564,65.36044322035035,88.29504476050968,57.97349307057989,87.04810828211879,0.6867579262310068
97.0,79.54632833525568,82.66051518646674,68.04441260744987,78.63896848137537,60.79494128274615,67.93134598012647,60.12292654028437,68.6611374407583,59.621848739495775,73.31932773109243,65.62609150104637,74.24225896396385,60.1031321619557,77.23998690385245,61.18182792242578,78.07350262509377,61.31022326674503,79.27614571092832,64.04233526800957,81.8129054284739,68.23460734914588,84.68723116627751,62.97442519365639,80.21795436692518,64.30025834735139,77.23010666544451,0.7119296524757989,48.936170212765944,84.04255319148936,49.12280701754388,82.4561403508772,50.0,91.30434782608697,54.040404040404034,80.8080808080808,50.83333333333332,91.66666666666666,50.586542920809435,86.05555776864018,59.74025974025974,86.54073199527745,64.70588235294119,85.29411764705883,63.15789473684211,87.03007518796993,68.74999999999999,91.14583333333334,71.42857142857143,92.01680672268908,65.55652165172289,88.40551297726573,58.07153228626616,87.23053537295296,0.6817673100550219
98.0,67.2241445597847,69.43483275663206,66.0386819484241,65.15759312320918,66.35049683830171,69.10569105691056,61.92239336492893,73.13388625592417,56.02941176470585,63.23529411764706,63.51302569522907,68.01345946206462,62.757830404889226,78.20309942158681,61.832208293153315,79.57355619843565,64.23619271445361,81.25734430082257,58.958688972345506,78.85285080232161,64.93179304411946,84.09733316947278,62.54334268579222,80.39683677852788,63.02818419051064,74.20514812029626,0.7132947216526525,48.936170212765944,85.10638297872339,49.12280701754388,82.01754385964912,50.0,92.02898550724639,54.040404040404034,79.7979797979798,50.83333333333332,91.66666666666666,50.586542920809435,86.12351176205307,61.038961038961034,86.30460448642266,64.70588235294119,85.20499108734403,64.47368421052632,87.03007518796993,70.83333333333331,90.88541666666666,75.0,91.59663865546219,67.21037218715237,88.20434521677308,58.898457553980904,87.16392848941308,0.6775826226206745
99.0,67.91618608227606,69.35793925413303,62.406876790830964,71.37535816618912,70.23486901535682,69.04546823246011,61.307760663507125,66.27665876777252,66.97478991596637,70.04201680672269,65.76809649358746,69.2194882454555,63.569518716577534,78.05303939757722,55.46019500696452,73.70191792564022,63.701527614571106,82.1786133960047,70.24923181973371,86.83168316831683,61.08209413788865,84.6134939166769,62.8125134591471,81.07574956084318,64.29030497636728,75.14761890314934,0.7007620506435648,48.936170212765944,84.04255319148936,49.12280701754388,85.08771929824562,58.333333333333336,91.30434782608697,54.040404040404034,83.83838383838385,50.83333333333332,91.66666666666666,52.2532095874761,87.18793416417448,59.09090909090908,86.42266824085006,64.70588235294117,85.29411764705883,65.78947368421053,86.8421052631579,70.83333333333333,90.88541666666666,75.0,92.01680672268908,67.08391969227883,88.29222290808451,59.66856463987746,87.74007853612949,0.6706779459020896
100.0,68.60822760476741,67.1280276816609,70.97421203438398,70.95988538681948,65.76332429990967,71.39415838602831,66.37292654028438,72.51184834123222,62.521008403361336,67.77310924369748,66.84793977654137,69.95340580788768,60.23682200152788,76.04223507584852,63.142612236151265,77.11989713918355,65.05287896592247,80.2984723854289,64.92659610788665,80.4028678729942,63.81344475851052,79.5624923190365,63.43447081399976,78.68519295849833,65.14120529527057,74.319299383193,0.7052790470959367,48.936170212765944,84.04255319148936,49.12280701754388,84.64912280701755,50.0,92.02898550724639,54.040404040404034,82.4915824915825,50.83333333333332,91.66666666666666,50.586542920809435,86.97578213280049,59.74025974025974,86.42266824085006,64.70588235294119,85.20499108734403,65.78947368421053,86.93609022556392,70.83333333333331,90.88541666666666,78.57142857142857,91.80672268907564,67.92807553643466,88.25117778190005,59.25730922862205,87.61347995735028,0.6671381271262099
101.0,65.66705113417918,70.0884275278739,61.32521489971347,68.18051575931233,59.3947606142728,66.27521830773864,69.0239928909953,73.69668246445498,55.252100840336105,58.4873949579832,62.132624075899365,67.34564780347262,60.466004583651646,75.95492742551566,66.74274081217183,80.86788813886211,62.884841363102254,82.16451233842538,66.04984636394674,84.31546602936156,58.992872065871936,81.28302814305026,63.027261037748886,80.917164415043,62.57994255682412,74.13140610925781,0.7026794034634759,48.936170212765944,84.04255319148936,49.12280701754388,85.08771929824562,50.0,92.02898550724639,54.040404040404034,82.49158249158249,50.83333333333332,91.66666666666666,50.586542920809435,87.06350143104609,59.74025974025974,86.42266824085006,64.70588235294119,85.20499108734403,65.78947368421053,86.93609022556392,70.83333333333331,90.88541666666666,78.57142857142857,91.80672268907564,67.92807553643466,88.25117778190005,59.25730922862205,87.65733960647307,0.6636132429303246
102.0,68.26220684352172,70.24221453287196,77.40687679083096,81.189111747851,67.38934056007227,75.12797350195723,73.00059241706163,77.29561611374407,66.02941176470586,68.78151260504201,70.41768567523849,74.52728570029325,61.41138273491214,75.58386991160101,60.85395906996677,76.59273545483767,67.0094007050529,81.00352526439482,62.35404574940253,80.3653123933083,62.15742902789727,83.37839498586703,62.757243457446314,79.38476760200177,66.5874645663424,76.95602665114751,0.6933096081919035,48.936170212765944,84.04255319148936,49.12280701754388,85.96491228070175,58.333333333333336,91.30434782608697,54.040404040404034,83.83838383838385,50.83333333333332,91.66666666666666,52.2532095874761,87.36337276066573,59.74025974025974,86.42266824085006,64.70588235294117,85.38324420677361,64.47368421052632,86.93609022556392,72.91666666666666,90.88541666666666,78.57142857142857,91.80672268907564,68.0815843083645,88.28682840578597,60.167396947920295,87.82510058322585,0.6590073802290068
103.0,82.50672818146867,79.70011534025375,66.03868194842408,71.51862464183381,61.87895212285455,68.1421258657031,62.959123222748836,67.0468009478673,62.521008403361314,73.15126050420169,67.18089877577148,71.91178545997192,64.49579831932772,78.83335152242717,61.340405014464785,78.44637308475302,65.91656874265573,82.5123384253819,67.78251963127346,83.06247866165928,65.13149809512106,82.92368194666338,64.93335796056854,81.15564472817695,66.05712836817001,76.53371509407444,0.6855881616633325,48.936170212765944,84.04255319148936,49.12280701754388,86.8421052631579,58.333333333333336,91.30434782608697,54.040404040404034,85.18518518518519,50.83333333333332,91.66666666666666,52.2532095874761,87.80817162651722,59.74025974025974,86.30460448642266,64.70588235294117,85.38324420677361,67.10526315789474,87.03007518796993,72.91666666666666,90.88541666666666,78.57142857142857,91.80672268907564,68.60790009783817,88.2820126473817,60.43055484265713,88.04509213694946,0.6538754848050895
104.0,88.58131487889274,84.15993848519801,65.17908309455588,67.57879656160458,62.285456187895214,73.11050888286661,65.23252369668249,70.51244075829383,58.06722689075629,63.44537815126051,67.86912094975652,71.7614125678447,61.60236822001527,74.32609407399322,64.29015321975784,80.68359584270867,64.7238542890717,80.94947121034077,69.31205189484466,80.8262205530898,67.55868256114047,82.26619147105814,65.49742203696599,79.81031463023812,66.68327149336125,75.78586359904142,0.6909925863685947,48.936170212765944,84.04255319148936,49.12280701754388,85.52631578947368,50.0,90.57971014492753,54.040404040404034,84.17508417508418,50.83333333333332,91.66666666666666,50.586542920809435,87.19806599352827,59.74025974025974,86.42266824085006,65.68627450980394,85.29411764705883,67.10526315789474,87.03007518796993,72.91666666666666,90.88541666666666,77.10084033613445,91.80672268907564,68.50986088215191,88.28780008632422,59.548201901480674,87.74293303992624,0.6517740782718258
105.0,61.68781237985391,65.43637062668205,69.11174785100289,69.72779369627507,63.50496838301716,66.6967780788919,62.959123222748836,68.52784360189574,66.72268907563024,71.89075630252101,64.79726818245061,68.45590846125314,60.618792971734145,75.36014405762306,63.6376299153541,79.35283402978678,64.24206815511167,79.84018801410106,63.47729600546261,80.2628883578013,65.46946048912376,82.08184834705665,63.48904950735725,79.37958056127377,64.14315884490392,73.91774451126346,0.6944622889941575,48.936170212765944,84.04255319148936,49.12280701754388,87.28070175438597,58.333333333333336,91.30434782608697,54.040404040404034,85.52188552188554,50.83333333333332,91.66666666666666,52.2532095874761,87.9632309921029,59.74025974025974,86.30460448642266,64.70588235294117,85.38324420677361,67.10526315789474,87.03007518796993,72.91666666666666,90.88541666666666,77.10084033613445,91.80672268907564,68.31378245077936,88.2820126473817,60.283496019127725,88.1226218197423,0.6472534652503253
106.0,64.45597846981931,68.08919646289888,66.67621776504299,77.16332378223495,61.4724480578139,65.85365853658537,61.87055687203793,63.86255924170615,66.72268907563024,68.90756302521008,64.23957804806886,68.7752602097271,63.19709702062644,75.05456728145803,63.31404693024749,77.11561127183113,64.62397179788486,79.53701527614572,65.81085694776375,81.64561283714579,61.76723608209414,81.28302814305027,63.742641755723334,78.92716696192619,63.991109901896095,73.85121358582664,0.694862537987182,48.936170212765944,84.04255319148936,49.12280701754388,87.71929824561403,58.333333333333336,91.30434782608697,54.040404040404034,85.52188552188554,50.83333333333332,91.66666666666666,52.2532095874761,88.05095029034851,59.74025974025974,86.30460448642266,64.70588235294117,85.38324420677361,67.10526315789474,86.93609022556392,72.91666666666666,90.88541666666666,78.57142857142857,91.80672268907564,68.60790009783817,88.2632156549005,60.43055484265713,88.15708297262451,0.6456347728193731
107.0,68.800461361015,80.73817762399077,66.0386819484241,71.48997134670488,65.17615176151762,70.581150255947,65.13625592417064,64.89928909952607,65.2941176470588,65.71428571428571,66.08913372843723,70.6845748080909,64.13292589763178,76.79253519589653,63.6354869816779,77.88706739526413,67.81433607520565,82.49353701527615,69.61249573233187,84.83100034141344,65.85965343492688,85.55978861988447,66.21097962435482,81.51278571354695,66.15005667639602,76.09868026081892,0.6903948640235995,48.936170212765944,84.04255319148936,49.12280701754388,87.28070175438596,58.333333333333336,91.30434782608697,54.040404040404034,85.52188552188554,50.83333333333332,91.66666666666666,52.2532095874761,87.9632309921029,60.38961038961038,86.30460448642266,65.68627450980394,85.47237076648841,67.10526315789474,86.93609022556392,75.0,90.88541666666666,77.10084033613445,91.80672268907564,69.05639767868871,88.28104096684346,60.65480363308241,88.12213597947317,0.6443083510482445
108.0,70.53056516724338,80.5843906189927,71.18194842406878,74.22636103151862,62.33062330623304,60.22282445046674,60.58945497630334,68.02428909952606,59.45378151260502,63.69747899159663,64.81727467729071,69.35106883842016,59.06226126814362,74.98635817963549,62.82010071788277,76.94846244508732,63.049353701527636,81.35370152761458,67.57937862751793,83.75213383407306,66.7875138257343,82.95440580066364,63.85972162816124,79.99901235741481,64.33849815272598,74.67504059791749,0.6874552208592463,48.936170212765944,85.10638297872342,49.12280701754388,87.28070175438597,58.333333333333336,91.30434782608697,54.040404040404034,85.52188552188554,55.83333333333332,91.66666666666666,53.2532095874761,88.1759969495497,59.74025974025974,86.42266824085006,65.68627450980394,85.47237076648841,67.10526315789474,87.21804511278195,72.91666666666666,91.015625,78.57142857142857,91.80672268907564,68.80397852921072,88.38708636183921,61.028594058343415,88.28154165569445,0.6399536117583333
109.0,74.35601691657055,84.31372549019608,66.74068767908312,74.9570200573066,68.87985546522131,74.79674796747969,68.83145734597159,72.70438388625593,73.08823529411764,75.84033613445378,70.37925054019284,76.52244270713841,62.12757830404888,75.96038415366147,65.10768241722917,78.04564448730311,68.36075205640424,83.67097532314925,63.291225674291574,80.65892796176169,70.39449428536317,84.26938675187415,65.85634654746741,80.52106373554994,68.11779854383013,78.52175322134417,0.6683687234894872,48.936170212765944,85.10638297872342,49.12280701754388,86.8421052631579,58.333333333333336,91.30434782608697,54.040404040404034,85.52188552188554,50.83333333333332,91.66666666666666,52.2532095874761,88.08827765130408,59.74025974025974,86.42266824085006,65.68627450980394,85.47237076648841,68.42105263157895,87.03007518796993,73.4375,91.015625,77.10084033613445,92.01680672268908,68.87718544355542,88.3915091835995,60.56519751551576,88.23989341745178,0.6395645927247793
110.0,76.08612072279894,71.16493656286043,68.8896848137536,73.26647564469914,64.58897922312555,69.52725082806384,60.0710900473934,65.21771327014218,68.10924369747899,73.109243697479,67.5490237009101,70.45712400064892,61.85064935064935,76.37782385681544,65.27161684345867,78.04778742097932,66.14571092831966,78.94007050528789,70.14339364970981,84.04233526800955,66.58780877473271,80.36745729384293,65.99983590937404,79.55509486898703,66.77442980514206,75.00610943481797,0.6808571254458868,48.936170212765944,85.10638297872342,49.12280701754388,87.28070175438597,58.333333333333336,91.30434782608697,54.040404040404034,85.52188552188554,50.83333333333332,91.66666666666666,52.2532095874761,88.1759969495497,59.74025974025974,86.42266824085006,65.68627450980394,85.650623885918,68.42105263157895,87.12406015037594,75.0,91.015625,77.10084033613445,92.01680672268908,69.18968544355542,88.44595679996661,60.72144751551576,88.31097687475815,0.6355315140005046
111.0,66.01307189542486,74.0484429065744,67.2492836676218,70.01432664756447,69.10569105691056,71.45438121047877,63.43305687203794,68.54265402843602,63.61344537815125,71.38655462184875,65.88290977402929,71.08927188298048,61.16310160427808,77.42278729673687,65.5962712954034,83.03225115182686,67.49118683901295,81.5487661574618,66.39467395015363,81.56367360874019,65.85965343492688,80.30600958584245,65.30097742475499,80.77469756012164,65.59194359939214,75.93198472155106,0.6764185488357898,48.936170212765944,85.10638297872342,49.12280701754388,87.28070175438597,58.333333333333336,91.30434782608697,54.040404040404034,85.52188552188554,50.83333333333332,91.66666666666666,52.2532095874761,88.1759969495497,59.74025974025974,86.42266824085006,65.68627450980394,85.73975044563281,68.42105263157895,87.12406015037594,72.91666666666666,91.015625,77.10084033613445,92.01680672268908,68.77301877688875,88.46378211190958,60.51311418218242,88.31988953072964,0.6352980887651268
112.0,79.73856209150327,81.69934640522875,69.0329512893983,73.19484240687679,69.10569105691054,75.06775067750677,64.18838862559242,63.8181279620853,60.1050420168067,67.52100840336135,68.43412701604225,72.2602151710118,63.65546218487395,74.35064935064935,66.90667523840135,80.11143255116254,66.9976498237368,84.41128084606345,61.903379993171725,82.87811539774667,69.1624677399533,87.2250215066978,65.72512699602741,81.79529993046397,67.07962700603483,77.02775755073787,0.6721705490465253,48.936170212765944,85.10638297872342,49.12280701754388,87.28070175438597,58.333333333333336,91.30434782608697,54.040404040404034,85.52188552188554,50.83333333333332,91.66666666666666,52.2532095874761,88.1759969495497,59.74025974025974,86.42266824085006,65.68627450980394,85.73975044563281,68.42105263157895,87.12406015037594,75.0,91.015625,77.10084033613445,92.01680672268908,69.18968544355542,88.46378211190958,60.72144751551576,88.31988953072964,0.6344041854294324
113.0,75.9131103421761,74.93271818531335,68.88968481375359,81.28939828080229,62.7371273712737,65.43209876543209,57.13122037914694,64.26244075829383,65.21008403361344,70.58823529411765,65.97624538799275,71.30097825679184,62.00343773873186,74.65622612681436,64.77767063109394,81.82149362477232,67.06227967097534,81.06462984723855,68.36633663366337,82.05189484465689,64.83654909671868,84.7363893326779,65.40925475423663,80.866126755232,65.69275007111469,76.08355250601193,0.6710379960423172,48.936170212765944,85.10638297872342,49.12280701754388,87.28070175438597,58.333333333333336,91.30434782608697,54.040404040404034,85.52188552188554,55.83333333333332,91.66666666666666,53.2532095874761,88.1759969495497,59.74025974025974,86.42266824085006,65.68627450980394,85.73975044563281,68.42105263157895,87.21804511278195,75.0,91.14583333333333,77.10084033613445,92.01680672268908,69.18968544355542,88.50862077105744,61.22144751551576,88.34230886030358,0.631405739037834
114.0,62.5528642829681,74.8558246828143,66.59742120343842,73.42406876790831,64.76964769647697,70.9424872026498,61.91498815165879,66.30627962085308,60.96638655462182,68.69747899159664,63.360261577832816,70.84522785316443,63.254392666157365,76.39146567717997,66.25308046715952,80.3214400514304,63.75440658049355,80.14571092831963,67.08432912256742,84.62615227039944,66.10237188152882,83.74093646306991,65.28971614358133,81.04514107807988,64.32498886070707,75.94518446562216,0.6666288462958376,48.936170212765944,84.04255319148936,48.24561403508774,87.71929824561404,58.333333333333336,91.30434782608697,54.040404040404034,85.85858585858585,60.83333333333333,91.66666666666666,54.07777099098488,88.11829035768858,59.74025974025974,86.42266824085006,66.66666666666667,85.73975044563281,67.10526315789474,87.21804511278195,72.91666666666666,91.27604166666666,77.10084033613445,92.01680672268908,68.70593931352445,88.53466243772411,61.391855152254664,88.32647639770634,0.6272652218264624
115.0,67.4163783160323,80.23836985774702,61.81948424068771,62.922636103151866,67.25383920505871,74.76663655525442,62.248222748815174,64.42535545023696,61.5756302521008,66.30252100840336,64.06271095253894,69.73110379495873,61.83155080213902,77.25362872421695,67.07275259830705,79.90571091824708,65.54054054054056,82.03290246768508,70.88596790713555,83.76579037214067,66.34509032813077,82.05726926385644,66.33518043525058,81.00306034922923,65.19894569389476,75.36708207209398,0.6662311283256273,48.936170212765944,84.04255319148936,49.12280701754388,87.71929824561404,58.333333333333336,91.30434782608697,54.040404040404034,85.85858585858585,60.83333333333333,91.66666666666666,54.2532095874761,88.11829035768858,59.74025974025974,86.54073199527745,66.66666666666667,85.73975044563281,67.10526315789474,87.21804511278197,72.91666666666666,91.27604166666666,77.10084033613445,92.01680672268908,68.70593931352445,88.5582751886096,61.47957445050028,88.33828277314909,0.6266473770231213
116.0,63.0718954248366,70.20376778162245,58.3166189111748,63.16618911174785,61.743450767841004,67.90123456790123,62.107523696682485,68.39454976303317,60.063025210084,66.05042016806722,61.06050280212378,67.14323227847439,64.19977081741787,79.54545454545455,60.857173470481065,77.44990892531877,69.65334900117512,82.56639247943596,68.22465005121202,84.90611130078527,69.06722379255254,82.91753717586334,66.40043342656773,81.47708088537158,63.730468114345754,74.31015658192298,0.6691171164728569,48.936170212765944,85.10638297872342,49.12280701754388,87.28070175438597,58.333333333333336,91.30434782608697,54.040404040404034,85.52188552188554,55.83333333333332,91.66666666666666,53.2532095874761,88.1759969495497,59.74025974025974,86.54073199527745,66.66666666666669,85.82887700534761,68.42105263157895,87.40601503759399,75.0,91.27604166666666,77.10084033613445,92.01680672268908,69.38576387492796,88.61369448551497,61.31948673120203,88.39484571753233,0.6274226630332077
117.0,79.04652056901192,76.54748173779315,65.53008595988541,70.88825214899714,52.66485998193314,62.96296296296296,61.396623222748836,62.29265402843601,58.634453781512576,65.88235294117648,63.454508703018384,67.71474076387315,61.306340718105425,76.13227109025429,68.213864780885,82.99796421300762,66.42185663924796,81.32784958871916,74.04233526800957,86.40833048822122,71.21789357256975,83.43369792306747,68.24045819576354,82.06002266065396,65.84748344939096,74.88738171226356,0.6689350858468955,48.936170212765944,84.04255319148936,49.12280701754388,87.71929824561404,58.333333333333336,91.30434782608697,54.040404040404034,85.52188552188554,55.83333333333332,91.66666666666666,53.2532095874761,88.05095029034851,59.74025974025974,86.54073199527745,65.68627450980394,85.82887700534761,68.42105263157895,87.40601503759399,75.0,91.27604166666666,77.10084033613445,92.01680672268908,69.18968544355542,88.61369448551497,61.22144751551576,88.33232238793174,0.626943099654045
118.0,56.651287966166876,53.09496347558631,60.8166189111748,67.17765042979941,62.7371273712737,66.51610960554049,63.57375592417063,66.40995260663509,69.53781512605043,72.60504201680672,62.66332105976729,65.16074362687361,65.37433155080214,77.81294335916185,67.7252759027108,80.24429443908711,67.81433607520567,83.42655699177439,74.28986002048481,87.31990440423353,69.5618778419565,82.53041661546024,68.953136278232,82.26682316194342,65.80822866899965,73.71378339440852,0.6674901179430074,48.936170212765944,84.04255319148936,49.12280701754388,88.1578947368421,58.333333333333336,91.30434782608697,54.040404040404034,85.85858585858585,60.83333333333333,91.66666666666666,54.2532095874761,88.2060096559342,59.74025974025974,86.54073199527745,66.66666666666667,86.00713012477719,68.42105263157895,87.40601503759399,72.91666666666666,91.27604166666666,77.10084033613445,92.01680672268908,68.9690972082613,88.64934510940087,61.611153397868705,88.42767738266753,0.6233554723327711
119.0,62.72587466359094,60.05382545174933,69.38395415472782,75.41547277936962,67.88617886178861,73.41162300511894,64.66232227488153,69.09063981042655,64.47478991596637,70.12605042016807,65.82662397419105,69.6195222933665,62.10847975553857,77.10356870020736,65.6005571627558,80.06000214293368,67.72032902467687,81.61927144535841,70.63844315466031,85.40798907476955,71.84158780877473,85.44303797468356,67.58187938128125,81.92677386759051,66.70425167773615,75.7731480804785,0.6596403575107811,48.936170212765944,85.10638297872342,49.12280701754388,87.28070175438597,58.333333333333336,91.30434782608697,54.040404040404034,85.52188552188554,50.83333333333332,91.66666666666666,52.2532095874761,88.1759969495497,59.74025974025974,86.54073199527745,66.66666666666669,86.00713012477719,69.73684210526316,87.5,73.4375,91.14583333333333,75.63025210084034,92.01680672268908,69.04230412260598,88.64210043521541,60.64775685504104,88.40904869238256,0.6248836992899093
120.0,62.37985390234525,75.58631295655518,66.53295128939828,71.432664756447,69.10569105691054,76.09153869316471,61.441054502369695,66.45438388625593,59.45378151260502,64.07563025210085,63.782666452725756,70.72810610890473,62.00343773873186,76.1377278184001,63.961212900460716,79.16639879995714,67.28554641598123,81.56521739130436,67.87982246500512,83.51997268692386,70.43750768096349,86.58596534349269,66.31350544022848,81.39505640801562,65.04808594647712,76.06158125846017,0.6589826630163548,48.936170212765944,85.10638297872342,49.12280701754388,87.28070175438597,58.333333333333336,91.30434782608697,54.040404040404034,85.85858585858585,55.83333333333332,91.66666666666666,53.2532095874761,88.24333701688977,59.74025974025974,86.77685950413223,67.64705882352942,86.09625668449198,69.73684210526316,87.5,73.4375,91.27604166666666,77.10084033613445,92.01680672268908,69.53250020103737,88.73319291559598,61.39285489425673,88.48826496624287,0.6229714691344447
121.0,69.14648212226068,73.279507881584,73.3166189111748,80.08595988538683,62.962962962962955,67.90123456790124,66.08412322274884,68.49822274881517,64.39075630252098,69.03361344537815,67.18018870433364,71.75970770581307,61.793353705118406,75.583869911601,65.76449158898531,78.45065895210543,69.55346650998827,83.71797884841364,69.1532946398088,84.45203141003755,75.44856826840359,85.36930072508297,68.34263494246088,81.51476796944812,67.76141182339725,76.6372378376306,0.653156530180472,48.936170212765944,84.04255319148936,49.12280701754388,87.28070175438597,58.333333333333336,91.30434782608697,54.040404040404034,85.85858585858585,60.83333333333333,91.66666666666666,54.2532095874761,88.03057105944296,59.74025974025974,86.77685950413223,66.66666666666667,86.09625668449198,68.42105263157895,87.5,75.0,91.27604166666666,77.10084033613445,92.01680672268908,69.38576387492796,88.73319291559598,61.81948673120203,88.38188198751948,0.62068607847335
122.0,69.49250288350635,74.70203767781621,54.606017191977095,60.18624641833811,65.17615176151762,67.57000903342367,66.46178909952609,74.60011848341232,68.06722689075629,73.4873949579832,64.76073756545668,70.10916131419471,63.588617265087855,78.55505838699116,68.70888246008782,80.2400085717347,70.41715628672152,80.59694477085783,67.08432912256742,82.16114714919769,69.80459628855844,81.83605751505468,67.92071628460461,80.67784327876721,66.34072692503065,75.39350229648096,0.6650321371899798,48.936170212765944,84.04255319148936,48.24561403508774,88.59649122807018,58.333333333333336,91.30434782608697,54.040404040404034,85.85858585858585,60.83333333333333,91.66666666666666,54.07777099098488,88.2937289541798,60.38961038961038,86.89492325855961,66.66666666666667,86.09625668449198,67.10526315789474,87.40601503759399,72.91666666666666,91.40625,80.67226890756304,92.01680672268908,69.5500951576803,88.76405034066693,61.813933074332596,88.52888964742337,0.6180314490892598
123.0,64.28296808919646,61.7839292579777,69.4627507163324,73.52435530085958,61.472448057813914,67.02800361336946,63.38122037914694,71.0308056872038,63.17226890756301,69.62184873949579,64.35433123001054,68.59778851978126,61.97478991596639,76.96987886063515,63.962284367298814,77.74777670631093,68.20211515863693,80.82256169212691,72.52133834073062,87.50426766814611,67.07324566793659,84.42915079267543,66.74675469011387,81.4947271439789,65.55054296006222,75.04625783188008,0.6598982643787868,48.936170212765944,84.04255319148936,49.12280701754388,88.1578947368421,58.333333333333336,91.30434782608697,54.040404040404034,85.85858585858585,60.83333333333333,91.66666666666666,54.2532095874761,88.2060096559342,60.38961038961038,86.89492325855961,66.66666666666667,86.09625668449198,68.42105263157895,87.31203007518798,72.91666666666666,91.27604166666666,77.10084033613445,92.01680672268908,69.09896733813142,88.71921168151906,61.67608846280376,88.46261066872663,0.6185326279747185
124.0,78.87351018838909,77.16262975778547,68.1733524355301,75.45845272206304,55.96205962059621,61.758506473953624,66.98015402843605,73.87440758293839,68.06722689075629,72.14285714285714,67.61126063274155,72.07937073591953,67.44652406417111,79.84830295754665,62.817957784206556,76.31201114325512,68.9012925969448,83.40070505287896,71.43393649709799,85.60259474223284,69.41440334275532,83.71021260906969,68.00282285703516,81.77476530099665,67.80704174488835,76.92706801845809,0.6573928772434368,48.936170212765944,84.04255319148936,49.12280701754388,88.1578947368421,58.333333333333336,91.30434782608697,54.040404040404034,86.19528619528619,60.83333333333333,91.66666666666666,54.2532095874761,88.27334972327426,60.38961038961038,86.89492325855961,66.66666666666667,86.18538324420678,68.42105263157895,87.31203007518798,72.91666666666666,91.27604166666666,77.10084033613445,92.01680672268908,69.09896733813142,88.73703699346203,61.67608846280376,88.50519335836815,0.617331385841309
125.0,57.34332948865821,64.09073433294887,66.3896848137536,71.17478510028653,70.09936766034326,73.44173441734418,68.87588862559242,72.31931279620854,68.06722689075629,71.9327731092437,66.15509949582075,70.59186795120635,62.796027501909855,75.82123758594346,64.12729026036641,77.99635701275045,68.63689776733256,81.85428907168037,72.16797541823149,84.60908159781495,71.11343246896891,84.59505960427677,67.76832468336184,80.97520497449321,66.96171208959129,75.78353646284978,0.6591649715505934,48.936170212765944,84.04255319148936,49.12280701754388,88.59649122807018,58.333333333333336,91.30434782608697,54.040404040404034,85.85858585858585,60.83333333333333,91.66666666666666,54.2532095874761,88.2937289541798,60.38961038961038,86.89492325855961,66.66666666666667,86.36363636363636,68.42105263157895,87.40601503759399,72.91666666666666,91.14583333333333,77.10084033613445,92.22689075630252,69.09896733813142,88.80745974988517,61.67608846280376,88.55059435203248,0.6179658829128495
126.0,79.21953094963476,85.62091503267973,67.743553008596,70.0,64.3631436314363,68.62390846130683,58.553021327014235,70.3495260663507,66.59663865546217,70.63025210084034,67.29517751442869,73.04492033223552,63.970588235294116,76.06951871657755,66.58309225329472,81.29861780777885,66.89776733254996,82.08695652173914,70.88596790713554,83.34585182656197,69.02421039695218,83.76551554627014,67.4723252250453,81.31329208378553,67.38375136973698,77.17910620801052,0.6532263269088013,48.936170212765944,84.04255319148936,49.12280701754388,87.28070175438597,58.333333333333336,91.30434782608697,54.040404040404034,85.85858585858585,60.83333333333333,91.66666666666666,54.2532095874761,88.03057105944296,60.38961038961038,86.77685950413223,66.66666666666667,86.36363636363636,68.42105263157895,87.40601503759399,72.91666666666666,91.40625,77.10084033613445,92.22689075630252,69.09896733813142,88.83593033233302,61.67608846280376,88.43325069588799,0.617610806497598
127.0,78.70049980776625,76.08612072279892,56.02435530085962,60.702005730659025,58.0397470641373,67.38934056007227,65.23252369668249,70.52725118483413,68.9285714285714,73.57142857142858,65.38513945960341,69.65522935395859,64.19977081741787,78.98613991050965,64.12836172720453,77.47348119575699,67.0094007050529,81.43125734430082,72.61864117446227,86.05667463298053,72.52672975298023,83.67948875506944,68.09658083542357,81.52540836772349,66.74086014751349,75.59031886084104,0.6523580198395639,48.936170212765944,84.04255319148936,49.12280701754388,88.1578947368421,58.333333333333336,92.02898550724638,54.040404040404034,85.85858585858585,60.83333333333333,91.66666666666666,54.2532095874761,88.35093719216607,60.38961038961038,86.77685950413223,66.66666666666667,86.54188948306596,68.42105263157895,87.68796992481204,72.91666666666666,91.27604166666667,77.10084033613445,92.22689075630252,69.09896733813142,88.90193026699589,61.67608846280376,88.62643372958098,0.6166615639239723
128.0,72.97193387158785,76.20146097654748,68.03008595988541,74.26934097421204,65.40198735320686,67.99156880457693,58.17535545023698,60.6931279620853,58.67647058823526,64.07563025210085,64.65116664463048,68.64622579390452,67.65660809778457,78.3176907126487,69.52855459123538,83.49512482588665,68.24911868390133,84.10575793184489,75.77500853533631,86.36394673950154,73.40235959198722,84.82241612387857,70.92232990004895,83.42098726675206,67.78674827233971,76.03360653032829,0.643457937116773,48.936170212765944,85.10638297872342,49.12280701754388,87.28070175438597,58.333333333333336,92.02898550724638,54.040404040404034,85.85858585858585,55.83333333333332,91.66666666666666,53.2532095874761,88.38826455312167,59.74025974025974,86.77685950413223,67.64705882352942,86.54188948306596,69.73684210526316,87.5,73.4375,91.40625,79.2016806722689,92.22689075630252,69.95266826826426,88.89037794870015,61.602938927870184,88.63932125091091,0.6170301550907279
129.0,71.04959630911189,81.31487889273356,63.31661891117479,64.01146131805157,62.33062330623306,62.45106895513399,62.529620853080594,70.23104265402843,65.16806722689074,68.48739495798318,64.87890532129822,69.29916935558614,60.37051184110008,74.23332969551457,67.23775849137469,79.07853851923284,69.7238542890717,82.13631022326673,73.20245817685218,85.26800955957664,77.72827823522182,87.33562738109869,69.6525722067241,81.61036307573788,67.26573876401116,75.454766215662,0.6577219845073295,48.936170212765944,85.10638297872342,49.12280701754388,88.59649122807018,58.333333333333336,92.02898550724638,54.040404040404034,85.85858585858585,60.83333333333333,91.66666666666666,54.2532095874761,88.6514224478585,61.038961038961034,86.77685950413223,66.66666666666667,86.45276292335116,68.42105263157895,87.5,75.0,91.40625,77.10084033613445,92.43697478991596,69.64550413466823,88.91456944347986,61.94935686107216,88.78299594566917,0.6132207884355727
130.0,74.70203767781622,75.70165321030373,72.31375358166189,77.14899713467048,69.28635953026196,71.72538392050586,64.32908767772513,71.72689573459715,64.34873949579828,67.64705882352942,68.99599559265269,72.78999776472133,61.37318563789152,76.68612899705336,67.39847851708987,80.79717132754742,70.97532314923622,83.14218566392479,73.44144759303518,85.62307954933424,73.11662774978494,84.81012658227847,69.26101252940755,82.21173842402766,69.12850406103013,77.5008680943745,0.6470725398068231,48.936170212765944,85.10638297872342,49.12280701754388,88.59649122807018,58.333333333333336,92.02898550724638,54.040404040404034,86.19528619528619,60.83333333333333,91.66666666666666,54.2532095874761,88.71876251519856,61.038961038961034,86.77685950413223,66.66666666666667,86.45276292335116,68.42105263157895,87.5,72.91666666666666,91.40625,80.67226890756304,92.43697478991596,69.94312318228728,88.91456944347986,62.098166384881694,88.8166659793392,0.6120084951577621
131.0,60.303729334871214,74.85582468281432,61.740687679083116,65.81661891117479,60.02710027100271,67.32911773562181,62.29265402843605,69.25355450236965,55.08403361344536,60.67226890756302,59.88964098536769,67.58547694790872,62.81512605042017,77.26454218050857,63.96549876781311,77.34704810886103,69.11280846063457,81.96944770857814,72.61864117446228,85.89279617616933,68.97197984515178,83.18176232026545,67.49681085969638,81.1311192988765,63.69322592253204,74.35829812339261,0.6725977832296367,48.936170212765944,85.10638297872342,49.12280701754388,88.59649122807018,58.333333333333336,92.02898550724638,54.040404040404034,85.85858585858585,60.83333333333333,91.66666666666666,54.2532095874761,88.6514224478585,61.038961038961034,86.89492325855963,66.66666666666667,86.54188948306596,68.42105263157895,87.5,75.0,91.14583333333334,77.10084033613445,92.43697478991596,69.64550413466823,88.90392417297497,61.94935686107216,88.77767331041673,0.6129923050948552
132.0,80.08458285274894,85.58246828143021,65.9598853868195,73.99713467048711,67.84101174345075,76.4528756398675,66.22482227488153,67.43187203791467,67.28991596638653,71.93277310924368,69.48004364485746,75.07942474778864,66.86401833460657,78.2003710575139,61.998285653059014,78.67352405443052,70.09400705052883,80.4888366627497,70.39091840218505,86.58245134858313,73.98304043259186,85.02519356028021,68.66605397459426,81.7940753367115,69.07304880972586,78.43675004225007,0.6408071180053447,48.936170212765944,85.10638297872342,48.24561403508774,88.59649122807018,58.333333333333336,92.02898550724638,59.59595959595958,86.19528619528619,60.83333333333333,91.66666666666666,55.18888210209599,88.71876251519856,60.38961038961038,87.01298701298701,66.66666666666667,86.45276292335116,67.10526315789474,87.40601503759397,72.91666666666666,91.40625,82.14285714285715,92.43697478991596,69.84421280473913,88.94299795276962,62.51654745341756,88.83088023398409,0.6101312099181931
133.0,75.3940792003076,78.16224529027296,62.457020057306615,68.65329512893983,73.44173441734415,81.93315266485997,68.59449052132705,73.45971563981041,60.84033613445376,64.11764705882352,68.14553206614784,73.26521115654134,62.394957983193265,78.20037105751392,66.58416372013284,79.33140469302474,71.12220916568745,83.7978848413631,72.26527825196312,85.00853533629224,71.30392036377043,85.5229199950842,68.73410589694942,82.37222318465564,68.43981898154863,77.81871717059849,0.6381215744473994,48.936170212765944,85.10638297872342,49.12280701754388,87.71929824561404,58.333333333333336,92.02898550724638,54.040404040404034,85.85858585858585,60.83333333333333,91.66666666666666,54.2532095874761,88.47598385136727,60.38961038961038,87.01298701298701,66.66666666666667,86.54188948306596,68.42105263157895,87.31203007518798,75.0,91.27604166666666,77.10084033613445,92.43697478991596,69.5156340047981,88.91598460556472,61.884421796137104,88.69598422846599,0.613534579326086
134.0,81.98769703960015,85.85159554017685,70.3223495702006,74.06876790830947,63.32429990966576,68.11201445347788,66.83945497630334,73.41528436018957,66.63865546218487,70.54621848739497,69.82249139159094,74.39877614990975,64.95416348357524,79.96835097675434,66.41915782706523,78.12279009964642,71.186839012926,82.37367802585194,74.14817343803347,87.01263229771253,74.37323337839499,86.31559542829052,70.21631342799898,82.75860936565115,70.01940240979496,78.57869275778046,0.6263285996858109,48.936170212765944,85.10638297872342,49.12280701754388,89.03508771929825,58.333333333333336,92.02898550724638,54.040404040404034,85.85858585858585,60.83333333333333,91.66666666666666,54.2532095874761,88.73914174610411,61.038961038961034,87.01298701298701,66.66666666666667,86.54188948306596,68.42105263157895,87.31203007518796,72.91666666666666,91.40625,80.67226890756304,92.22689075630252,69.94312318228728,88.90000946550869,62.098166384881694,88.81957560580639,0.6101357093084101
135.0,74.70203767781624,77.93156478277585,67.45702005730661,78.2808022922636,60.70460704607045,68.56368563685638,64.80302132701425,66.48400473933651,60.1050420168067,64.70588235294117,65.55434562500284,71.1931879608347,67.19824293353705,78.99978173087416,70.99967855994855,82.209364620165,68.08460634547592,81.1891891891892,70.39091840218505,83.58484124274497,71.59886936217278,83.93142435787146,69.65446312066386,81.98292022816898,67.60440437283336,76.58805409450184,0.6477692894237312,48.936170212765944,85.10638297872342,48.24561403508774,89.03508771929825,58.333333333333336,92.02898550724638,65.15151515151514,86.19528619528619,60.83333333333333,91.66666666666666,56.299993213207095,88.80648181344418,61.038961038961034,87.01298701298701,66.66666666666667,86.54188948306596,67.10526315789474,87.40601503759397,72.91666666666666,91.40625,82.14285714285715,92.22689075630252,69.97408293460924,88.91880645798989,63.13703807390817,88.86264413571703,0.6069404978149104
136.0,74.5290272971934,82.85274894271434,69.81375358166191,71.06017191977078,70.50587172538391,76.39265281541704,71.1492890995261,78.18424170616115,71.65966386554622,76.42857142857143,71.53152111386231,76.98367736252695,59.44423223834988,72.58812615955472,70.180006428801,81.3414764813029,70.47003525264397,83.32314923619272,71.23079549334244,83.92966882895186,73.10741059358486,84.77940272827824,68.88649600134443,81.19236468685608,70.20900855760337,79.08802102469151,0.6248853216822532,48.936170212765944,85.10638297872342,49.12280701754388,89.03508771929825,58.333333333333336,92.02898550724638,54.040404040404034,86.19528619528619,60.83333333333333,91.66666666666666,54.2532095874761,88.80648181344418,61.038961038961034,86.89492325855963,66.66666666666667,86.54188948306596,68.42105263157895,87.31203007518796,72.91666666666666,91.40625,80.67226890756304,92.22689075630252,69.94312318228728,88.87639671462321,62.098166384881694,88.8414392640337,0.6059711261427995
137.0,75.74009996155326,88.3121876201461,67.74355300859601,71.38968481375359,71.4092140921409,76.30231857874134,65.79531990521329,73.71149289099527,53.61344537815123,62.39495798319328,66.86032646913094,74.42212837736592,65.46027501909855,78.19491432936812,62.98617807778849,77.70706096646308,72.16216216216218,85.15863689776732,69.86002048480711,84.04574940252645,74.22575887919382,84.15263610667321,68.93887892461002,81.85179954055964,67.89960269687049,78.13696395896278,0.6404038471783803,48.936170212765944,85.10638297872342,48.24561403508774,89.03508771929825,58.333333333333336,92.02898550724638,65.15151515151514,86.53198653198653,60.83333333333333,91.66666666666666,56.299993213207095,88.87382188078425,61.038961038961034,87.01298701298701,66.66666666666667,86.54188948306596,67.10526315789474,87.5,72.91666666666666,91.53645833333333,78.57142857142857,92.22689075630252,69.25979722032352,88.96364511713776,62.77989521676531,88.918733498961,0.6020212824918695
138.0,63.41791618608228,73.01038062283737,72.6002865329513,77.32091690544412,72.80939476061425,79.8855766335441,67.55035545023699,73.16350710900473,64.43277310924368,73.23529411764707,68.1621452078257,75.32313507769547,67.30328495034377,81.30524937247627,69.03782277938497,82.16864888031716,68.41950646298474,84.39482961222092,72.22942983953568,84.85831341754864,73.83556593339068,87.16971856949736,70.16512199312797,83.97935197041207,69.16363360047683,79.65124352405377,0.6169776481674951,48.936170212765944,85.10638297872342,48.24561403508774,89.03508771929825,58.333333333333336,92.02898550724638,65.15151515151514,85.85858585858585,60.83333333333333,91.66666666666666,56.299993213207095,88.73914174610411,62.33766233766234,87.01298701298701,66.66666666666667,86.54188948306596,68.42105263157895,87.5,72.91666666666666,91.40625,84.24369747899159,92.22689075630252,70.91714915631324,88.9376034504711,63.608571184760166,88.8383725982876,0.6015289651746157
139.0,62.37985390234525,71.47251057285659,70.5300859598854,80.87392550143267,69.73803071364046,72.14694369165913,63.71445497630334,72.9117298578199,64.43277310924367,72.01680672268907,66.15903973228362,73.88438326929148,67.13139801375095,81.16064607661247,67.40169291760418,80.61502196507018,72.81433607520566,83.20564042303174,73.06077159440082,84.39399112325026,70.48052107656385,84.90229814427921,70.17774393550509,82.85551954644878,68.16839183389436,78.36995140787013,0.6278717300995347,48.936170212765944,85.10638297872342,48.24561403508774,89.03508771929825,58.333333333333336,92.02898550724638,65.15151515151514,86.53198653198653,60.83333333333333,91.66666666666666,56.299993213207095,88.87382188078425,61.68831168831169,86.89492325855963,66.66666666666667,86.54188948306596,68.42105263157895,87.5,72.91666666666666,91.53645833333333,80.67226890756304,92.43697478991596,70.0729933121574,88.98204917297497,63.18649326268225,88.92793552687961,0.6007798564680642
140.0,84.94809688581316,86.35140330642062,67.743553008596,76.14613180515761,61.92411924119241,65.91388136103583,67.17268957345975,71.32701421800948,66.55462184873949,71.34453781512605,69.66861611156017,74.21659370114992,64.93506493506493,79.05980574047801,66.90774670523945,80.02142933676204,74.00117508813163,85.81198589894242,71.46978490952544,86.37077500853533,75.15361927000124,87.67973454590144,70.49347818159254,83.78874610612385,70.08104714657635,79.00266990363689,0.6239770412621988,48.936170212765944,85.10638297872342,48.24561403508774,89.03508771929825,58.333333333333336,92.02898550724638,65.15151515151514,86.19528619528619,60.83333333333333,91.66666666666666,56.299993213207095,88.80648181344418,61.68831168831169,86.89492325855963,66.66666666666667,86.54188948306596,68.42105263157895,87.5,72.91666666666666,91.53645833333333,84.24369747899159,92.43697478991596,70.7872790264431,88.98204917297497,63.543636119825095,88.89426549320957,0.601881895186739
141.0,72.97193387158785,78.8158400615148,74.8925501432665,79.34097421203438,64.81481481481481,70.15959048479374,63.95142180094787,68.97215639810426,69.49579831932772,75.42016806722688,69.22530378998894,74.5417458447348,65.1165011459129,76.50878533231473,70.34608378870672,80.92360441444337,69.01880141010578,81.3207990599295,73.74189143052237,85.43188801638784,70.68022612756543,84.3615583138749,69.78070078056264,81.70932702739007,69.50300228527578,78.12553643606245,0.6331049581800869,48.936170212765944,85.10638297872342,48.24561403508774,89.03508771929825,58.333333333333336,92.75362318840578,65.15151515151514,86.53198653198653,60.83333333333333,91.66666666666666,56.299993213207095,89.01874941701612,61.038961038961034,87.01298701298701,66.66666666666667,86.54188948306596,67.10526315789474,87.5,72.91666666666666,91.53645833333333,80.67226890756304,92.43697478991596,69.67996528755042,89.00566192386046,62.98997925037875,89.01220567043829,0.6001569542900179
142.0,69.66551326412919,72.24144559784698,67.743553008596,75.12893982808022,66.4408310749774,75.33875338753388,68.87588862559242,76.5254739336493,63.04621848739493,68.90756302521008,67.15440089213799,73.6284351544641,66.46294881588999,78.68601986249045,66.91417550626807,80.23786563805851,70.00000000000003,82.73325499412456,74.3342437692045,84.06282007511096,71.84158780877473,85.48605137028389,69.91059118002747,82.24120238801368,68.53249603608273,77.9348187712389,0.6332765816767346,48.936170212765944,85.10638297872342,48.24561403508774,89.03508771929825,58.333333333333336,92.02898550724638,65.15151515151514,86.53198653198653,60.83333333333333,91.66666666666666,56.299993213207095,88.87382188078425,61.68831168831169,87.2491145218418,66.66666666666667,86.54188948306596,67.10526315789474,87.5,72.91666666666666,91.53645833333333,84.24369747899159,92.43697478991596,70.52412113170627,89.05288742563141,63.412057172456684,88.96335465320783,0.5985198385370982
143.0,56.82429834678972,59.7846981930027,75.17908309455589,76.20343839541547,70.73170731707316,77.5368864799759,71.7639218009479,75.32582938388626,70.18907563025209,74.66386554621849,68.93761723792375,72.70294359969978,65.2692895339954,78.92884426497872,69.52426872388298,81.65005893067611,68.36075205640427,82.64159811985898,71.0891089108911,85.75623079549334,74.71119577239769,87.42165417229938,69.79092299951428,83.27967725666132,69.36427011871902,77.99131042818055,0.624893934480607,48.936170212765944,85.10638297872342,49.12280701754388,89.03508771929825,58.333333333333336,92.02898550724638,54.040404040404034,85.85858585858585,60.83333333333333,91.66666666666666,54.2532095874761,88.73914174610411,61.68831168831169,87.13105076741441,66.66666666666667,86.63101604278074,68.42105263157895,87.5,72.91666666666666,91.53645833333333,84.24369747899159,92.43697478991596,70.7872790264431,89.04709998668889,62.5202443069596,88.8931208663965,0.6020812576705911
144.0,75.22106881968475,83.50634371395617,68.74641833810891,79.69914040114612,69.28635953026196,78.10900331225534,61.20408767772513,66.32109004739337,57.28991596638654,64.11764705882352,66.34957006643346,74.3506449067149,67.82849503437738,80.37760558768963,64.78088503160826,79.51998285653058,74.00117508813165,84.58754406580495,75.82792762034826,86.29907818368045,72.56974314858056,86.3893326778911,71.00164518460922,83.43470867431935,68.67560762552134,78.89267679051713,0.6217316813584963,48.936170212765944,85.10638297872342,49.12280701754388,89.03508771929825,58.333333333333336,92.02898550724638,65.15151515151514,86.1952861952862,60.83333333333333,91.66666666666666,56.47543180969832,88.80648181344418,62.33766233766234,87.13105076741441,66.66666666666667,86.72014260249554,68.42105263157895,87.59398496240601,72.91666666666666,91.40625,84.24369747899159,92.43697478991596,70.91714915631324,89.05768062444638,63.69629048300578,88.93208121894529,0.5990135005151771
145.0,81.29565551710881,73.20261437908498,64.09742120343842,70.9598853868195,72.583559168925,73.62240289069557,64.09212085308059,68.97215639810426,65.16806722689074,69.11764705882354,69.44736479388872,71.17494122270557,67.99083269671505,83.42245989304813,67.5666988106718,78.13564770170363,69.23619271445361,83.41245593419508,74.04233526800957,85.44554455445545,71.16566302076932,87.60599729630084,70.00034450212387,83.60442107594062,69.7238546480063,77.3896811493231,0.634852300412253,48.936170212765944,86.17021276595744,48.24561403508774,89.03508771929825,58.333333333333336,92.02898550724638,65.15151515151514,86.1952861952862,60.83333333333333,91.66666666666666,56.299993213207095,89.01924777089098,60.38961038961038,87.2491145218418,66.66666666666667,86.72014260249554,67.10526315789474,87.50000000000001,72.91666666666666,91.40625,84.24369747899159,92.64705882352942,70.26438087196601,89.10451318957334,63.28218704258656,89.06188048023216,0.5969642060262976
146.0,70.18454440599771,72.62591311034218,65.3868194842407,76.60458452722064,61.11111111111111,63.38452273411623,68.97215639810429,72.1563981042654,63.65546218487393,68.78151260504201,65.86201871686555,70.7105862161973,64.47669977081742,79.06526246862381,70.0171434694096,83.82299367834565,71.33960047003528,84.81316098707403,72.86616592693753,85.54455445544555,75.88177460980707,88.18360575150548,70.91627684940138,84.28591546819891,68.38914778313347,77.4982508421981,0.6335614932318172,48.936170212765944,86.17021276595744,49.12280701754388,89.03508771929825,58.333333333333336,92.02898550724638,65.15151515151514,86.1952861952862,60.83333333333333,91.66666666666666,56.47543180969832,89.01924777089098,60.38961038961038,87.2491145218418,66.66666666666667,86.72014260249554,67.10526315789474,87.50000000000001,72.91666666666666,91.40625,84.24369747899159,92.64705882352942,70.26438087196601,89.10451318957334,63.369906340832166,89.06188048023216,0.5995051423725318
147.0,76.60515186466745,83.66013071895424,65.24355300859601,70.31518624641835,59.033423667570005,65.13098464317977,62.57405213270144,68.21682464454976,65.16806722689074,72.94117647058825,65.72484958008512,72.05286054473808,62.71008403361344,77.82385681545345,68.87388835315545,81.61791492553306,70.96357226792011,84.98002350176263,73.29976101058382,85.14510071696824,71.98906230797591,85.24640530908198,69.56727359464975,82.96266025375988,67.64606158736743,77.50776039924898,0.6335526309125111,48.936170212765944,89.36170212765958,49.12280701754388,88.1578947368421,58.333333333333336,92.02898550724638,54.040404040404034,85.85858585858585,60.83333333333333,91.66666666666666,54.2532095874761,89.41476697940011,62.33766233766234,87.2491145218418,66.66666666666667,86.72014260249554,68.42105263157895,87.50000000000001,72.91666666666666,91.40625,84.24369747899159,92.64705882352942,70.91714915631324,89.10451318957334,62.58517937189467,89.25964008448673,0.6025670760862528
148.0,69.49250288350635,69.81930026912725,64.3194842406877,69.49856733524355,67.2538392050587,70.1294790725685,67.31338862559245,72.6451421800948,62.352941176470566,72.35294117647058,66.14643122626315,70.88908600670092,62.48090145148968,74.60711557350213,65.9219972141862,79.12354012643308,72.49118683901294,81.97414806110459,73.30829634687606,85.26459542505974,74.85867027159887,84.58277006267666,69.81221042463274,81.11043384975524,67.97932082544794,75.99975992822809,0.6358960142027176,48.936170212765944,86.17021276595744,48.24561403508774,89.03508771929825,66.66666666666667,92.02898550724638,65.15151515151514,86.1952861952862,65.83333333333331,91.66666666666666,58.96665987987376,89.01924777089098,60.38961038961038,87.2491145218418,65.68627450980394,86.80926916221034,67.10526315789474,87.50000000000001,75.0,91.796875,82.14285714285715,92.85714285714286,70.06480104003325,89.24248030823901,64.5157304599535,89.130864039565,0.5948639040548523
149.0,76.77816224529028,86.19761630142253,58.4598853868195,63.223495702005735,67.47967479674794,74.7365251430292,63.618187203791486,71.44549763033176,60.1050420168067,63.403361344537814,65.28819032989118,71.80129922426542,65.79449961802904,74.98090145148969,66.90881817207756,79.11711132540448,69.98237367802587,82.19741480611046,74.54592010925232,85.91669511778764,74.76342632419811,85.750276514686,70.39900758031658,81.59247984309566,67.84359895510389,76.69688953368055,0.6421736635448279,48.936170212765944,86.17021276595744,48.24561403508774,89.03508771929825,58.333333333333336,92.02898550724638,65.15151515151514,86.1952861952862,60.83333333333333,91.66666666666666,56.299993213207095,89.01924777089098,60.38961038961038,87.2491145218418,65.68627450980394,86.80926916221034,67.10526315789474,87.59398496240603,77.08333333333333,92.05729166666667,82.14285714285715,92.85714285714286,70.48146770669992,89.31336063405354,63.3907304599535,89.16630420247226,0.5950761331835978
150.0,74.5290272971934,77.89311803152634,68.74641833810891,72.99426934097421,70.73170731707317,79.1629027401385,63.477488151658775,74.11137440758294,75.25210084033614,82.39495798319328,70.54734838887408,77.31132450068306,68.2868601986249,82.72945541853105,68.05743062252222,80.782170791814,72.972972972973,83.61222091656875,76.06691703653125,87.43939911232503,76.94789234361558,87.9132358363033,72.4664146348534,84.49529641510841,71.50688151186374,80.90331045789574,0.603397421491095,48.936170212765944,88.29787234042553,49.12280701754388,89.03508771929825,58.333333333333336,92.02898550724638,59.59595959595958,86.1952861952862,60.83333333333333,91.66666666666666,55.36432069858721,89.4447796857846,61.68831168831169,87.2491145218418,66.66666666666667,87.07664884135473,67.10526315789474,87.68796992481204,72.91666666666666,91.796875,84.24369747899159,92.85714285714286,70.52412113170627,89.3335502290303,62.94422091514674,89.38916495740744,0.6002457032869739
151.0,68.10841983852364,82.00692041522491,76.81948424068771,73.43839541547278,70.73170731707316,79.04245709123757,77.2585900473934,81.75355450236968,65.94537815126048,69.9579831932773,71.77271591898769,77.23986212351645,63.779602750190975,77.92753465022373,66.0912889746062,79.56498446373085,73.07873090481787,83.88249118683902,74.59030385797202,87.54865141686582,72.1365368071771,84.84085043627874,69.93529265895282,82.75290243078764,70.85400428897026,79.99638227715204,0.624177840157185,48.936170212765944,87.2340425531915,48.24561403508774,88.59649122807018,58.333333333333336,92.02898550724638,65.15151515151514,86.1952861952862,60.83333333333333,91.66666666666666,56.299993213207095,89.14429443009219,60.38961038961038,87.2491145218418,65.68627450980394,86.98752228163993,67.10526315789474,87.59398496240603,72.91666666666666,92.1875,84.24369747899159,92.85714285714286,70.06830244059346,89.37505292460612,63.18414782690027,89.25967367734916,0.598267628684539
152.0,79.04652056901192,85.81314878892734,67.45702005730662,68.6676217765043,67.2538392050587,75.94098163203854,69.20912322274884,76.0515402843602,69.5378151260504,74.78991596638654,70.50086363603529,76.2526416896434,67.40832696715049,83.39790461639201,67.07596699882137,80.30215364834459,70.91656874265571,82.14336075205641,74.1396381017412,84.46910208262206,76.27196755561019,88.1098685019049,71.16249367319578,83.68447792026399,70.83167865461553,79.96855980495368,0.6105340003315519,48.936170212765944,87.2340425531915,48.24561403508774,88.59649122807018,58.333333333333336,92.02898550724638,65.15151515151514,86.1952861952862,60.83333333333333,91.66666666666666,56.299993213207095,89.14429443009219,60.38961038961038,87.2491145218418,65.68627450980394,86.98752228163993,67.10526315789474,87.50000000000001,75.0,92.31770833333334,84.24369747899159,92.85714285714286,70.48496910726013,89.3822975987916,63.392481160233615,89.26329601444189,0.5969204416850473
153.0,73.6639753940792,84.77508650519032,68.66762177650432,70.21489971346705,66.84733514001806,67.47967479674796,68.97215639810429,74.12618483412322,68.10924369747899,67.18487394957984,69.25206648123697,72.75614395982169,65.04010695187165,78.85790679908328,68.2224365155898,81.45505196614165,75.19388954171563,85.67567567567568,75.33287811539776,86.16934107203824,74.13051493179303,85.7625660562861,71.58396521127358,83.584108313845,70.41801584625527,78.17012613683335,0.6208812849441049,48.936170212765944,88.29787234042553,49.12280701754388,88.59649122807018,58.333333333333336,92.02898550724638,65.15151515151514,86.1952861952862,60.83333333333333,91.66666666666666,56.47543180969832,89.357060387539,61.68831168831169,87.2491145218418,66.66666666666667,86.98752228163993,67.10526315789474,87.68796992481204,72.91666666666666,92.1875,84.24369747899159,92.85714285714286,70.52412113170627,89.39384991708732,63.499776470702294,89.37545515231315,0.5972882380922045
154.0,77.29719338715879,87.04344482891196,73.53868194842408,79.87106017191977,68.69918699186991,76.4528756398675,70.43838862559242,73.85959715639811,65.9033613445378,70.96638655462185,71.1753624595166,77.63867287034384,65.05920550038196,76.23867728909745,67.8881388621022,79.39997857066324,70.74030552291426,84.12690951821388,76.809491293957,88.13929668828952,77.92798328622342,88.39867272950718,71.68502489311575,83.26070695915425,71.43019367631618,80.44968991474904,0.617447966627631,48.936170212765944,88.29787234042553,49.12280701754388,88.59649122807018,58.333333333333336,92.02898550724638,59.59595959595958,86.1952861952862,60.83333333333333,91.66666666666666,55.36432069858721,89.357060387539,61.038961038961034,87.13105076741441,66.66666666666667,86.98752228163993,67.10526315789474,87.68796992481204,72.91666666666666,92.1875,82.77310924369749,92.85714285714286,70.10013335477731,89.37023716620186,62.73222702668226,89.36364877687043,0.5984133572696704
155.0,70.87658592848905,81.16109188773548,70.60888252148999,79.98567335243554,73.2158988256549,80.51791629027402,79.19875592417065,85.07109004739335,67.4159663865546,69.83193277310924,72.26321791727185,79.31354087018953,65.02100840336134,80.89326639746808,65.27268831029677,80.12857602057217,75.95769682726207,85.71797884841364,72.65448958688974,86.76340047797883,72.76944819958216,83.77166031707017,70.3350662654784,83.45497641230058,71.29914209137513,81.38425864124505,0.5972338449076904,48.936170212765944,88.29787234042553,49.12280701754388,88.59649122807018,58.333333333333336,92.02898550724638,65.15151515151514,86.1952861952862,60.83333333333333,91.66666666666666,56.47543180969832,89.357060387539,61.038961038961034,87.13105076741441,65.68627450980394,87.07664884135473,67.10526315789474,87.50000000000001,72.91666666666666,92.31770833333334,84.24369747899159,92.64705882352942,70.19817257046358,89.33449335312636,63.33680219008095,89.34577687033268,0.5952489308320041
156.0,69.49250288350635,72.8565936178393,72.24928366762178,78.0372492836676,68.47335140018066,74.07407407407408,69.34982227488153,73.88921800947867,68.10924369747899,74.03361344537815,69.53484078473386,74.57814968608756,65.12605042016807,80.6668121794172,66.42237222757954,78.64995178399228,70.97532314923623,83.78613396004701,73.14953909184023,86.76340047797883,73.59284748678874,88.77964851911024,69.85322647512257,83.7291893841091,69.69403362992821,79.15366953509833,0.6104678876717063,48.936170212765944,88.29787234042553,49.12280701754388,88.59649122807018,58.333333333333336,92.02898550724638,65.15151515151514,86.1952861952862,60.83333333333333,91.66666666666666,56.47543180969832,89.357060387539,61.68831168831169,87.13105076741441,65.68627450980394,87.07664884135473,67.10526315789474,87.40601503759399,72.91666666666666,92.31770833333334,82.77310924369749,92.85714285714286,70.0339250532749,89.35771316736786,63.25467843148661,89.35738677745343,0.5959238171594907
157.0,75.91311034217608,75.74009996155326,71.32521489971349,70.81661891117479,67.2538392050587,73.41162300511894,71.38625592417064,79.38388625592417,67.33193277310924,72.94117647058825,70.64207062884563,74.45868092087187,66.35790679908325,82.16741241951327,66.74488374584804,79.17925640201435,72.26792009400708,84.25616921269095,70.9832707408672,84.70126322977126,76.41944205481136,86.52451763549219,70.55468468692338,83.3657237798964,70.5983776578845,78.91220235038413,0.6168631488820704,48.936170212765944,88.29787234042553,49.12280701754388,88.59649122807018,58.333333333333336,92.02898550724638,65.15151515151514,86.1952861952862,60.83333333333333,91.66666666666666,56.47543180969832,89.357060387539,61.038961038961034,87.2491145218418,65.68627450980394,87.07664884135473,67.10526315789474,87.40601503759399,77.08333333333333,92.31770833333334,87.81512605042016,92.85714285714286,71.74579161808265,89.38132591825335,64.11061171389048,89.36919315289617,0.591653034239114
158.0,81.81468665897734,86.23606305267204,79.31948424068769,85.74498567335243,65.22131887985545,68.47335140018066,64.09212085308059,66.73578199052133,62.2268907563025,69.28571428571428,70.53490027778072,75.29517928048816,64.18067226890756,77.55920550038198,66.90453230472515,80.59144969463196,73.13748531139838,83.63807285546417,75.42164561283715,88.26561966541482,70.72323952316579,84.7118102494777,70.07351500420681,82.95323159307414,70.30420764099377,79.12420543678115,0.6223284110670858,48.936170212765944,88.29787234042553,48.24561403508774,88.59649122807018,66.66666666666667,92.02898550724638,65.15151515151514,85.85858585858585,60.83333333333333,91.66666666666666,57.96665987987376,89.28972032019892,60.38961038961038,87.2491145218418,65.68627450980394,87.07664884135473,67.10526315789474,87.59398496240601,77.08333333333333,92.31770833333334,87.81512605042016,92.85714285714286,71.6159214882125,89.41891990321577,64.79129068404313,89.35432011170735,0.5882583221595793
159.0,81.46866589773165,84.85198000768935,68.88968481375359,72.9512893982808,69.10569105691056,73.9235170129479,65.65462085308059,75.72571090047393,70.31512605042015,75.08403361344537,71.08675773437929,76.50730618656746,63.9514896867838,79.08708938120702,69.69034608378868,82.41722918675667,68.63689776733256,81.4406580493537,76.50904745646979,86.52782519631273,76.85264839621482,86.16812092908933,71.12808587811793,83.12818454854389,71.10742180624861,79.81774536755567,0.6098231872842392,48.936170212765944,88.29787234042553,60.74561403508775,88.59649122807018,66.66666666666667,92.02898550724638,63.63636363636361,85.85858585858585,65.83333333333331,91.66666666666666,61.16362957684346,89.28972032019892,60.38961038961038,87.2491145218418,65.68627450980394,87.16577540106951,68.42105263157895,87.40601503759397,75.0,92.44791666666667,85.71428571428572,92.85714285714286,71.04224464905579,89.42519289686297,66.10293711294963,89.35745660853095,0.5835653048482115
160.0,81.81468665897734,91.69550173010379,79.46275071633238,83.00859598853869,67.4345076784101,73.35140018066846,54.428317535545034,58.20497630331754,72.39495798319328,76.89075630252101,71.10704411449163,76.6302461010299,69.12719633307867,81.5044199497981,69.85856637737061,82.80510018214936,73.72502937720331,84.9541715628672,74.829293274155,85.94400819392284,74.95391421899963,87.26189013149809,72.49879991616145,84.49391800404712,71.80292201532654,80.5620820525385,0.6073651434298596,48.936170212765944,89.36170212765958,48.24561403508774,88.59649122807018,66.66666666666667,92.02898550724638,63.63636363636361,85.52188552188554,60.83333333333333,91.66666666666666,57.66362957684346,89.43514621030565,61.038961038961034,87.2491145218418,65.68627450980394,87.25490196078431,67.10526315789474,87.5,77.08333333333333,92.31770833333334,84.24369747899159,92.85714285714286,71.03150590379693,89.43577353462047,64.34756774032019,89.43545987246306,0.5855194916224826
161.0,75.74009996155327,84.31372549019608,77.67908309455589,79.5702005730659,70.50587172538391,79.52423968684131,70.39395734597159,74.08175355450236,77.41596638655462,79.87394957983194,74.34699570280385,79.47277377688752,68.03857906799082,77.96846011131726,66.25950926818814,81.9607843137255,70.96357226792011,83.77438307873089,77.64936838511439,86.59269375213383,77.59002089222072,87.41550940149932,72.10020997628683,83.54236613148136,73.22360283954535,81.50756995418445,0.5992848384976868,48.936170212765944,89.36170212765958,49.12280701754388,88.59649122807018,66.66666666666667,92.7536231884058,65.15151515151514,85.18518518518519,60.83333333333333,91.66666666666666,58.14209847636499,89.51273367919748,61.038961038961034,87.2491145218418,65.68627450980394,87.25490196078431,67.10526315789474,87.59398496240601,77.08333333333333,92.31770833333334,87.81512605042016,92.85714285714286,71.74579161808265,89.45457052710167,64.94394504722382,89.48365210314958,0.5904588408262558
162.0,65.66705113417916,80.12302960399846,73.8896848137536,81.54727793696274,73.39656729900629,80.15657934357121,64.89928909952609,70.58649289099526,61.53361344537812,66.68067226890756,67.87724115836866,75.81881040888705,66.10962566844918,80.01200480192077,68.87388835315545,80.43930140362156,71.89776733254998,84.66157461809635,71.92045066575623,84.80368726527826,73.29789848838638,86.21113432468968,70.41992610165944,83.22554048272133,69.14858363001406,79.52217544580418,0.6201269317465662,48.936170212765944,89.36170212765958,49.12280701754388,88.59649122807018,66.66666666666667,92.7536231884058,65.15151515151514,85.18518518518519,60.83333333333333,91.66666666666666,58.14209847636499,89.51273367919748,60.38961038961038,87.2491145218418,65.68627450980394,87.34402852049911,67.10526315789474,87.5,77.08333333333333,92.1875,85.71428571428572,92.85714285714286,71.19575342098562,89.42755717989675,64.66892594867531,89.47014542954712,0.5875873186900302
163.0,71.5686274509804,76.85505574778931,61.1031518624642,73.3810888252149,71.13821138211381,79.13279132791328,68.87588862559245,77.39928909952607,64.99999999999999,70.12605042016806,67.53717586423018,75.3788550841223,65.00190985485102,75.84579286259958,71.00075002678665,81.38433515482696,72.32667450058756,83.81903642773209,75.92523045407988,88.09832707408671,75.58682561140469,85.52906476588421,71.96827808954197,82.93531125702592,69.75272697688607,79.15708317057411,0.6107449998806705,48.936170212765944,89.36170212765958,48.24561403508774,88.59649122807018,66.66666666666667,92.02898550724638,63.63636363636361,85.18518518518519,60.83333333333333,91.66666666666666,57.66362957684346,89.36780614296558,60.38961038961038,87.2491145218418,65.68627450980394,87.25490196078431,67.10526315789474,87.59398496240601,77.08333333333333,92.44791666666667,85.71428571428572,92.64705882352942,71.19575342098562,89.43859538704564,64.42969149891454,89.40320076500561,0.5848766193563986
164.0,71.5686274509804,78.73894655901577,77.04154727793698,83.66762177650429,65.8084914182475,74.25474254742547,68.06872037914694,75.38507109004739,69.5798319327731,70.16806722689076,70.413443691817,76.44288983997674,68.18181818181817,76.45421805085671,69.19854280510016,81.5729133183328,74.75323149236196,84.951821386604,73.06077159440082,85.80402867872995,81.67322108885338,89.63377166031708,73.3735170325069,83.68335061896809,71.89348036216194,80.06312022947242,0.5972710972142269,48.936170212765944,89.36170212765958,49.12280701754388,88.59649122807018,66.66666666666667,92.02898550724638,65.15151515151514,85.18518518518519,60.83333333333333,91.66666666666666,58.14209847636499,89.36780614296558,61.68831168831169,87.2491145218418,65.68627450980394,87.25490196078431,67.10526315789474,87.59398496240601,77.08333333333333,92.44791666666667,86.34453781512606,92.64705882352942,71.58154410089395,89.43859538704564,64.86182128862947,89.40320076500561,0.5865404114643603
165.0,80.77662437524029,82.50672818146866,72.04154727793698,77.14899713467048,70.09936766034325,77.71755495332731,65.41765402843602,71.57879146919431,65.9453781512605,67.73109243697479,70.8561142986434,75.3366328351271,65.56531703590525,77.71199388846448,68.22029358191362,80.98146362370085,75.68155111633375,84.85781433607521,74.28132468419257,86.68487538409012,72.57896030478065,84.33083445987465,71.26548934462517,82.91339633844106,71.06080182163429,79.12501458678409,0.6189520214790296,48.936170212765944,88.29787234042553,48.24561403508774,89.03508771929825,66.66666666666667,92.02898550724638,63.63636363636361,85.52188552188554,65.83333333333331,91.66666666666666,58.66362957684346,89.31009955110446,61.038961038961034,87.13105076741441,65.68627450980394,87.43315508021391,67.10526315789474,87.5,75.0,92.578125,85.71428571428572,92.64705882352942,70.90895688418908,89.45787793423156,64.78629323051626,89.38398874266801,0.5838287020177362
166.0,64.80199923106498,68.62745098039215,69.2550143266476,77.67908309455588,70.3252032520325,77.32610659439926,61.678021327014235,65.80272511848342,65.08403361344536,72.68907563025209,66.22885435004093,72.42488828361657,65.79449961802902,77.03535959838483,68.21922211507552,80.80360012857602,72.80846063454761,85.72737955346652,76.75657220894503,86.34346193240015,75.39633771660318,87.64286592110115,71.79501845864007,83.51053342678573,69.0119364043405,77.96771085520115,0.6203444022918173,48.936170212765944,89.36170212765958,49.12280701754388,89.03508771929825,66.66666666666667,92.7536231884058,65.15151515151514,84.84848484848484,60.83333333333333,91.66666666666666,58.14209847636499,89.53311291010303,61.038961038961034,87.13105076741441,65.68627450980394,87.34402852049912,67.10526315789474,87.5,77.08333333333333,92.578125,84.24369747899159,92.64705882352942,71.03150590379693,89.44005262228859,64.58680219008096,89.48658276619581,0.5873984560024673
167.0,71.74163783160324,77.12418300653596,69.7492836676218,82.43553008595988,74.25474254742545,78.04878048780488,73.70408767772514,80.10959715639811,61.53361344537812,71.72268907563026,70.19667303395076,77.88815596246582,67.19824293353706,79.66004583651642,71.16468445301616,82.49866066645237,72.1034077555817,84.73090481786134,74.09525435302152,86.54148173438033,70.58498218016469,83.23092048666585,71.02931433506423,83.33240270837527,70.6129936845075,80.61027933542054,0.6119562190729824,48.936170212765944,89.36170212765958,49.12280701754388,89.03508771929825,66.66666666666667,92.7536231884058,65.15151515151514,84.84848484848484,60.83333333333333,91.66666666666666,58.14209847636499,89.53311291010303,61.038961038961034,87.13105076741441,65.68627450980394,87.34402852049912,67.10526315789474,87.5,77.08333333333333,92.578125,84.24369747899159,92.64705882352942,71.03150590379693,89.44005262228859,64.58680219008096,89.48658276619581,0.5877008434339307
168.0,78.68127643214149,86.9281045751634,67.9656160458453,78.42406876790831,77.91327913279132,83.22794339054501,71.86018957345975,80.6872037914692,67.4579831932773,73.82352941176471,72.77566887550304,80.61816998737012,69.37547746371276,82.8113063407181,69.03353691203255,82.26936676309869,73.89541715628674,83.18213866039953,75.2799590303858,85.14851485148516,79.23681946663389,89.54774486911639,73.36424200581034,84.59181429696358,73.06995544065668,82.60499214216685,0.5921939974306649,48.936170212765944,89.36170212765958,48.24561403508774,89.03508771929825,66.66666666666667,92.7536231884058,65.15151515151514,84.84848484848484,60.83333333333333,91.66666666666666,57.96665987987376,89.53311291010303,61.038961038961034,87.13105076741441,65.68627450980394,87.34402852049912,68.42105263157895,87.59398496240601,77.08333333333333,92.578125,84.24369747899159,92.64705882352942,71.29466379853376,89.45884961476979,64.63066183920375,89.4959812624364,0.583925221365188
169.0,76.25913110342178,82.50672818146867,73.39541547277938,74.77077363896848,70.09936766034326,75.30864197530865,67.0764218009479,75.02962085308057,73.13025210084034,77.64705882352942,71.99211762766653,77.05256469447116,66.73987776928952,77.33002291825821,67.55598414229078,80.6300225008036,72.37367802585196,83.86368977673327,76.85387504267669,88.32707408671901,74.61595182499694,85.28327393388227,71.62787336102119,83.08681664327928,71.80999549434387,80.06969066887521,0.5981405722982982,48.936170212765944,89.36170212765958,48.24561403508774,89.47368421052632,66.66666666666667,92.7536231884058,63.63636363636361,84.17508417508418,65.83333333333331,91.66666666666666,58.66362957684346,89.48615207366852,61.038961038961034,87.13105076741441,65.68627450980394,87.43315508021391,68.42105263157895,87.68796992481202,77.08333333333331,92.578125,85.71428571428572,92.64705882352942,71.58878144559259,89.49547191919396,65.12620551121802,89.49081199643123,0.5812483468148634
170.0,71.91464821222607,79.43098808150711,76.7550143266476,81.43266475644698,70.95754290876239,75.30864197530865,64.52162322274884,70.42357819905213,59.45378151260502,62.18487394957983,68.72052203659798,73.75614939237894,68.75477463712757,79.66823092873513,66.42130076074145,79.46426658094931,73.4018801410106,84.30552291421857,74.24547627176511,88.23489245476271,76.51468600221213,86.97923067469583,71.86762356257137,83.73042871067231,70.29407279958468,78.74328905152564,0.618222953022539,49.999999999999986,89.36170212765958,49.12280701754388,89.03508771929825,66.66666666666667,92.7536231884058,63.63636363636361,83.83838383838385,60.83333333333333,91.66666666666666,58.051834130781494,89.33109270808282,61.68831168831169,87.13105076741441,65.68627450980394,87.43315508021391,68.42105263157895,87.68796992481202,79.16666666666666,92.578125,84.24369747899159,92.64705882352942,71.84120059507055,89.49547191919396,64.94651736292602,89.41328231363839,0.5813855417461731
171.0,89.27335640138408,90.58054594386775,73.10888252148999,81.46131805157594,76.69376693766935,78.41011743450767,67.88359004739338,74.36315165876776,70.23109243697479,78.8655462184874,75.43813766898232,80.7361358614413,66.73987776928952,78.02029902870238,68.71102539376403,80.05357334190506,73.25499412455937,83.89659224441834,76.16421987026288,87.62376237623762,78.99410102003195,87.40321985989922,72.77284363558155,83.39948937023253,74.10549065228193,82.06781261583691,0.5833328298079097,49.999999999999986,89.36170212765958,48.24561403508774,89.47368421052632,66.66666666666667,92.7536231884058,63.63636363636361,83.50168350168352,60.83333333333333,91.66666666666666,57.87639553429027,89.35147193898838,61.038961038961034,87.2491145218418,65.68627450980394,87.43315508021391,68.42105263157895,87.68796992481204,79.16666666666666,92.44791666666666,84.24369747899159,92.85714285714286,71.71133046520043,89.53505981013545,64.79386299974536,89.44326587456192,0.5796276560089123
172.0,70.01153402537487,80.19992310649751,70.03581661891121,73.53868194842407,68.47335140018066,73.1105088828666,65.03998815165879,73.22274881516587,67.28991596638654,75.67226890756302,68.17012123250242,75.14882633210341,62.71008403361344,76.96442213248935,72.47294546233792,83.52084003000107,73.8895417156287,85.3560517038778,77.84397405257766,86.34687606691703,77.64225144402114,88.13444758510506,72.91175934163577,84.06452750367806,70.5409402870691,79.60667691789074,0.5966836229832019,48.936170212765944,89.36170212765958,48.24561403508774,89.47368421052632,66.66666666666667,92.7536231884058,63.63636363636361,83.50168350168352,65.83333333333331,91.66666666666666,58.66362957684346,89.35147193898838,61.038961038961034,87.13105076741441,65.68627450980394,87.43315508021391,68.42105263157895,87.78195488721805,77.08333333333331,92.44791666666666,84.24369747899159,92.64705882352942,71.29466379853376,89.48822724500849,64.97914668768861,89.41984959199843,0.5776026807243501
173.0,79.20030757401001,82.92964244521337,70.40114613180519,71.73352435530086,70.50587172538391,79.82535380909364,69.20912322274884,75.48874407582939,65.94537815126048,69.74789915966386,71.0523653610417,75.94503276902023,65.81359816653935,79.66550256466223,70.17893496196291,81.92221150755384,74.32432432432435,85.46180963572267,74.83782861044726,86.02936155684534,75.73430011060587,85.46761705788374,72.17779723477595,83.70930046453357,71.61508129790883,79.8271666167769,0.6065694892389818,49.999999999999986,89.36170212765958,48.24561403508774,89.03508771929825,66.66666666666667,92.7536231884058,63.63636363636361,83.50168350168352,60.83333333333333,91.66666666666666,57.87639553429027,89.26375264074275,61.038961038961034,87.13105076741441,65.68627450980394,87.43315508021391,68.42105263157895,87.78195488721805,77.08333333333331,92.44791666666667,84.24369747899159,92.64705882352942,71.29466379853376,89.48822724500849,64.58552966641201,89.37598994287562,0.5812352677245946
174.0,66.01307189542486,77.89311803152633,78.8252148997135,86.23209169054441,71.54471544715446,77.80788919000301,74.7482227488152,76.76244075829383,63.004201680672246,66.47058823529412,70.82708533435604,77.03322558113234,64.91596638655463,76.05587689621302,66.42022929390333,78.63495124825887,72.43830787309051,84.03760282021153,78.39194264254013,88.37828610447251,76.41944205481136,87.04067838269633,71.71717765017999,82.82947909037046,71.27213149226802,79.9313523357514,0.6095774236191561,49.999999999999986,89.36170212765958,48.24561403508774,89.47368421052632,66.66666666666667,92.7536231884058,63.63636363636361,83.50168350168352,65.83333333333331,91.66666666666666,58.87639553429027,89.35147193898838,61.038961038961034,87.2491145218418,65.68627450980394,87.43315508021391,68.42105263157895,87.78195488721805,77.08333333333331,92.31770833333333,84.24369747899159,92.64705882352942,71.29466379853376,89.48579832922731,65.08552966641201,89.41863513410784,0.5790777480056073
175.0,78.68127643214149,80.93041138023837,73.82521489971349,80.88825214899713,79.53929539295392,81.5115928937067,71.6232227488152,78.83590047393365,67.4159663865546,73.69747899159663,74.21699517203574,79.1727271776945,65.6894576012223,76.54971079340827,69.20068573877636,80.34715525554485,72.15628672150413,84.07285546415982,75.27142369409356,83.27415500170707,76.02924910900825,85.89160624308714,71.66942057292093,82.02709655158142,72.94320787247833,80.59991186463796,0.5988090543157804,49.999999999999986,89.36170212765958,48.24561403508774,89.47368421052632,66.66666666666667,92.7536231884058,63.63636363636361,83.83838383838385,65.83333333333331,91.66666666666666,58.87639553429027,89.41881200632845,61.038961038961034,87.2491145218418,65.68627450980394,87.43315508021391,68.42105263157895,87.68796992481202,77.08333333333331,92.31770833333333,84.24369747899159,92.64705882352942,71.29466379853376,89.46700133674611,65.08552966641201,89.44290667153729,0.5803761135885938
176.0,74.50980392156863,83.16032295271049,70.89541547277939,81.4756446991404,67.2538392050587,74.13429689852454,77.35485781990525,85.50059241706161,64.51680672268905,70.67226890756302,70.9061446284002,78.98862517500001,64.72498090145147,76.06679035250464,67.07382406514516,80.97717775634844,72.90834312573446,87.20094007050528,74.04233526800957,84.59542505974736,76.46245545041171,86.11281799188892,71.04238776215047,82.99063024619892,70.97426619527533,80.98962771059946,0.5944435298319091,49.999999999999986,89.36170212765958,48.24561403508774,89.47368421052632,66.66666666666667,92.7536231884058,65.15151515151514,83.83838383838385,60.83333333333333,91.66666666666666,58.17942583732057,89.41881200632845,61.038961038961034,87.2491145218418,65.68627450980394,87.34402852049912,68.42105263157895,87.68796992481202,77.08333333333331,92.31770833333333,84.24369747899159,92.64705882352942,71.29466379853376,89.44917602480314,64.73704481792717,89.43399401556579,0.5808156432942165
177.0,78.16224529027296,83.85236447520185,75.89541547277939,83.46704871060172,72.53839205058716,78.86178861788618,77.35485781990525,79.56161137440758,68.71848739495799,73.8655462184874,74.53387960570055,79.92167187931695,65.88044308632543,79.93833897195242,71.16468445301616,83.9194256937748,72.59694477085782,83.25029377203292,79.22328439740527,88.1119836121543,79.14157551923313,87.08983654909672,73.60138644536757,84.46197571980223,74.06763302553406,82.19182379955959,0.5843170046974403,49.999999999999986,89.36170212765958,48.24561403508774,89.47368421052632,66.66666666666667,92.7536231884058,63.63636363636361,83.83838383838385,65.83333333333331,91.66666666666666,58.87639553429027,89.41881200632845,61.68831168831169,87.2491145218418,65.68627450980394,87.34402852049912,68.42105263157895,87.78195488721805,77.08333333333331,92.31770833333333,84.24369747899159,92.64705882352942,71.42453392840389,89.46797301728434,65.15046473134709,89.4433925118064,0.5782826461607347
178.0,78.3352556708958,87.27412533640907,73.96848137535818,80.53008595988538,75.42908762420956,80.54802770249925,61.581753554502384,66.49881516587678,72.3109243697479,76.84873949579831,72.32510051894278,78.33995873209376,69.146294881589,80.1838917385136,69.69034608378868,80.7050251794707,74.05992949471212,84.41598119858989,74.49300102424036,85.10071696824855,78.41342017942732,88.93326778911145,73.1605983327515,83.86777657478683,72.74284942584714,81.10386765344029,0.5897772282792254,49.999999999999986,89.36170212765958,48.24561403508774,88.59649122807018,66.66666666666667,92.7536231884058,63.63636363636361,83.83838383838385,65.83333333333331,91.66666666666666,58.87639553429027,89.2433734098372,61.68831168831169,87.2491145218418,65.68627450980394,87.34402852049912,68.42105263157895,87.68796992481202,77.08333333333331,92.31770833333333,84.24369747899159,92.64705882352942,71.42453392840389,89.44917602480314,65.15046473134709,89.34627471732017,0.5739196370742874
179.0,79.20030757401,83.66013071895425,77.18481375358166,84.55587392550143,76.87443541102077,86.23908461306836,70.29768957345975,77.20675355450237,74.51680672268907,79.07563025210085,75.61481060695226,82.14749461282545,68.66883116883116,79.7773654916512,71.00289296046284,82.84581592199721,71.46298472385432,83.74148061104583,77.68521679754183,87.84226698531923,76.21973700380977,85.71955266068575,73.00793253089998,83.98529633413985,74.31137156892612,83.06639547348266,0.5806553423850932,49.999999999999986,89.36170212765958,49.12280701754388,88.59649122807018,66.66666666666667,92.7536231884058,65.15151515151514,83.83838383838385,60.83333333333333,91.66666666666666,58.35486443381179,89.2433734098372,61.038961038961034,87.48524203069657,65.68627450980394,87.25490196078431,68.42105263157895,87.68796992481202,77.08333333333331,92.31770833333333,84.24369747899159,92.64705882352942,71.29466379853376,89.47857621463113,64.82476411617277,89.36097481223416,0.5795001159503177
180.0,73.4717416378316,78.16224529027296,65.68767908309458,67.60744985673352,69.46702800361335,78.01866907557964,67.26895734597159,75.78495260663509,62.39495798319326,70.25210084033614,67.65807281074086,73.96508353391147,63.61726508785331,75.49110553312235,68.87388835315545,80.6171648987464,75.3055229142186,85.37720329024677,77.84397405257768,88.57289177193582,74.27798943099423,87.00380975789604,71.98372796775985,83.41243505038946,69.82090038925035,78.68875929215046,0.5940747041858553,49.999999999999986,89.36170212765958,48.24561403508774,88.59649122807018,66.66666666666667,92.7536231884058,65.15151515151514,84.17508417508418,60.83333333333333,91.66666666666666,58.17942583732057,89.31071347717727,61.038961038961034,87.48524203069657,65.68627450980394,87.25490196078431,68.42105263157895,87.68796992481202,77.08333333333331,92.44791666666667,84.24369747899159,92.64705882352942,71.29466379853376,89.5046178812978,64.73704481792717,89.40766567923754,0.5786397711552993
181.0,72.26066897347174,83.85236447520184,82.04154727793697,84.41260744985674,70.91237579042456,77.08521529659741,67.31338862559242,73.10426540284361,65.21008403361344,71.89075630252101,71.54761294020783,78.06904178540412,65.81359816653935,79.57546655025646,67.23775849137466,81.52791171113253,76.60399529964751,86.97297297297298,79.32058723113691,88.38852850802323,75.63905616320513,87.95010446110359,72.92299907038071,84.88299684069776,72.23530600529426,81.47601931305094,0.5808756765096964,49.999999999999986,89.36170212765958,48.24561403508774,88.59649122807018,66.66666666666667,92.7536231884058,65.15151515151514,84.17508417508418,60.83333333333333,91.66666666666666,58.17942583732057,89.31071347717727,61.68831168831169,87.60330578512396,65.68627450980394,87.25490196078431,68.42105263157895,87.68796992481202,79.16666666666666,92.31770833333333,84.24369747899159,92.85714285714286,71.84120059507055,89.5442057722393,65.01031321619556,89.42745962470829,0.5780596278912152
182.0,74.3367935409458,87.42791234140714,77.75787965616048,84.02578796561605,67.4345076784101,73.50195724179464,71.62322274881518,80.70201421800948,67.33193277310924,69.70588235294117,71.69686727948816,79.0727108239537,62.423605805958736,74.16512059369202,68.54709096753454,80.83788706739526,73.51351351351354,85.03642773207991,77.10993513144417,86.62342096278593,75.00614477080005,87.5015361927,71.3200580378502,82.83287850973063,71.50846265866917,80.95279466684217,0.5883326668017529,49.999999999999986,89.36170212765958,49.12280701754388,88.59649122807018,66.66666666666667,92.7536231884058,65.15151515151514,84.17508417508418,60.83333333333333,91.66666666666666,58.35486443381179,89.31071347717727,61.68831168831169,87.83943329397876,65.68627450980394,87.25490196078431,68.42105263157895,87.68796992481202,79.68749999999999,92.44791666666666,84.24369747899159,92.85714285714286,71.94536726173723,89.61747294067693,65.15011584777452,89.4640932089271,0.578847980109689
183.0,74.16378316032296,78.66205305651673,73.25214899713468,75.83094555873926,69.24119241192412,69.9488105992171,68.26125592417064,74.03732227488152,62.26890756302517,69.9579831932773,69.43745761131551,73.68742293652637,65.79449961802901,76.99989086543708,68.54494803385833,80.6428801028608,75.19388954171563,86.55699177438309,75.03243427791057,86.43564356435644,74.22575887919382,85.26483962148212,71.75830607014147,83.18004918570391,70.59788184072849,78.43373606111514,0.6047786699835171,49.999999999999986,89.36170212765958,48.24561403508774,88.59649122807018,66.66666666666667,93.4782608695652,63.63636363636361,83.83838383838385,65.83333333333331,91.66666666666666,58.87639553429027,89.38830094606908,61.038961038961034,87.83943329397876,66.66666666666667,87.25490196078431,69.73684210526316,87.59398496240601,77.08333333333331,92.44791666666666,84.24369747899159,93.0672268907563,71.75390012464315,89.6406927549184,65.31514782946671,89.51449685049374,0.5712983012000385
184.0,77.64321414840445,89.85005767012687,74.39828080229229,84.59885386819484,68.65401987353206,72.8395061728395,68.02428909952609,70.20142180094786,62.35294117647056,65.84033613445378,70.2145490200451,76.66603512931258,68.56378915202444,79.10345956564444,72.96582020786454,81.89435336976321,74.76498237367804,85.3913043478261,78.92284055991806,87.36428815295322,76.94789234361559,88.0238417107042,74.43306492742013,84.35544942937823,72.32380697373262,80.51074227934541,0.5922561732821989,49.999999999999986,89.36170212765958,48.24561403508774,88.59649122807018,66.66666666666667,93.4782608695652,63.63636363636361,83.83838383838385,65.83333333333331,91.66666666666666,58.87639553429027,89.38830094606908,61.038961038961034,87.83943329397876,66.66666666666667,87.16577540106952,69.73684210526316,87.59398496240601,79.16666666666666,92.44791666666666,84.24369747899159,93.0672268907563,72.17056679130982,89.62286744297543,65.52348116280004,89.50558419452226,0.5709730462988959
185.0,77.8162245290273,85.89004229142638,77.39255014326649,83.59598853868195,76.28726287262872,81.09003312255345,66.46178909952609,78.39158767772511,69.53781512605042,74.11764705882352,73.4991283540998,80.61705973784208,68.24866310160427,82.39659500163702,69.36569163184397,81.39719275688418,75.1880141010576,84.90011750881315,77.05701604643224,89.48105155343121,76.02924910900822,85.17881283028143,73.17772679798927,84.67075393020939,73.33842757604452,82.64390683402573,0.5714252404236602,49.999999999999986,89.36170212765958,48.24561403508774,88.59649122807018,66.66666666666667,93.4782608695652,63.63636363636361,84.17508417508418,65.83333333333331,91.66666666666666,58.87639553429027,89.45564101340915,61.68831168831169,87.72136953955136,65.68627450980394,87.07664884135473,68.42105263157895,87.59398496240601,77.60416666666666,92.578125,84.24369747899159,93.0672268907563,71.52870059507055,89.60747104681369,65.2025480646804,89.53155603011142,0.575593568722501
186.0,76.60515186466745,82.00692041522491,77.04154727793698,81.70487106017193,77.91327913279132,81.57181571815717,70.43838862559242,73.59300947867298,68.80252100840335,72.77310924369749,74.1601775818783,78.32994518318489,70.5977845683728,82.63123431190658,71.32540447873137,82.60152148291012,72.64982373678028,85.61927144535841,79.965858654831,90.1741208603619,77.29507189381837,89.14218999631315,74.36678866650676,86.03366761937004,74.26348312419253,82.18180640127747,0.5691299390812768,49.999999999999986,89.36170212765958,48.24561403508774,88.59649122807018,66.66666666666667,92.7536231884058,63.63636363636361,83.83838383838385,65.83333333333331,91.66666666666666,58.87639553429027,89.2433734098372,61.68831168831169,87.72136953955136,66.66666666666667,87.16577540106952,69.73684210526316,87.40601503759399,77.60416666666666,92.44791666666666,84.24369747899159,93.0672268907563,71.98793692117997,89.56166070712757,65.43216622773511,89.40251705848239,0.5729817278954632
187.0,82.33371780084583,86.5436370626682,74.39828080229228,80.27220630372493,77.86811201445346,83.46883468834689,68.73518957345975,72.97097156398105,72.43697478991595,83.0672268907563,75.15445499619345,81.26457530189548,65.10695187165774,77.64924151478773,70.51001821493622,79.88428158148506,76.38660399529968,86.48648648648648,81.19494708091499,88.9894161829976,79.28905001843432,88.04227602310434,74.49751423624859,84.21034035777225,74.82598461622102,82.73745782983386,0.5577534316149194,49.999999999999986,88.29787234042554,48.24561403508774,88.59649122807018,66.66666666666667,92.7536231884058,63.63636363636361,83.83838383838383,65.83333333333331,91.66666666666666,58.87639553429027,89.0306074523904,61.68831168831169,87.60330578512396,66.66666666666667,87.34402852049912,69.73684210526316,87.31203007518798,79.68749999999999,92.1875,84.24369747899159,93.27731092436974,72.40460358784662,89.54483506103615,65.64049956106845,89.28772125671327,0.5692767773521127
188.0,67.74317570165323,81.66089965397924,69.11174785100287,75.4297994269341,75.65492321589882,80.99969888587775,72.23785545023699,77.29561611374407,65.16806722689074,72.85714285714286,69.98315388913653,77.6486313875356,67.30328495034377,82.9586380006548,72.80402871531125,83.22940105003751,75.84606345475913,85.09048178613396,77.49914646637079,85.00170706725847,74.33021998279465,84.82241612387858,73.55654871391592,84.22052880559265,71.76985130152622,80.93458009656413,0.5796236432532107,49.999999999999986,88.29787234042554,48.24561403508774,88.59649122807018,66.66666666666667,92.7536231884058,63.63636363636361,83.83838383838385,65.83333333333331,91.66666666666666,58.87639553429027,89.0306074523904,61.68831168831169,87.72136953955136,66.66666666666667,87.34402852049912,69.73684210526316,87.21804511278195,77.60416666666666,92.44791666666666,84.24369747899159,93.27731092436974,71.98793692117997,89.60173415277377,65.43216622773511,89.31617080258209,0.5682861030080322
189.0,79.37331795463285,87.58169934640523,75.46561604584528,80.35816618911174,73.57723577235771,77.6272207166516,69.20912322274884,74.71860189573461,75.29411764705883,76.63865546218489,74.5838821285287,79.38486872201761,66.44385026737967,78.25766670304486,71.8172077574199,82.66795242687238,75.2467685076381,85.44535840188014,75.51894844656881,87.21748036872654,76.36721150301094,87.15742902789727,73.07879729640348,84.14917738568424,73.83133971246609,81.76702305385092,0.5804772073808186,49.999999999999986,88.29787234042554,48.24561403508774,88.59649122807018,75.0,93.4782608695652,63.63636363636361,83.50168350168352,65.83333333333331,91.66666666666666,60.54306220095693,89.1081949212822,61.68831168831169,87.72136953955136,66.66666666666667,87.16577540106952,69.73684210526316,87.21804511278195,77.60416666666666,92.578125,84.24369747899159,93.27731092436974,71.98793692117997,89.59212519555452,66.26549956106845,89.35016005841837,0.5664174549245921
190.0,89.96539792387543,90.58054594386775,71.75501432664758,81.60458452722062,70.73170731707316,79.91568804576936,70.63092417061614,74.30390995260665,66.55462184873949,72.60504201680673,73.92753311739035,79.80195409725422,68.01948051948051,80.96693222743643,71.81935069109609,81.82149362477232,73.89541715628674,85.28084606345476,78.14441789006487,86.34004779788323,79.08934496743272,90.07619515792061,74.19360224487218,84.89710297429346,74.06056768113126,82.34952853577384,0.5793955761421027,49.999999999999986,88.29787234042554,48.24561403508774,88.59649122807018,66.66666666666667,93.4782608695652,63.63636363636361,83.50168350168352,65.83333333333331,91.66666666666666,58.87639553429027,89.1081949212822,61.68831168831169,87.60330578512396,66.66666666666667,87.25490196078431,71.05263157894738,87.31203007518798,77.60416666666666,92.578125,84.24369747899159,93.27731092436974,72.25109481591679,89.6051347490932,65.56374517510352,89.3566648351877,0.5698431305477597
191.0,76.95117262591312,85.5440215301807,74.82808022922637,78.46704871060172,70.50587172538391,78.83167720566094,66.93572274881518,72.27488151658767,66.63865546218487,74.83193277310924,71.17190055830469,77.98991234722806,69.54736440030557,80.01473316599366,68.05743062252222,79.46212364727312,72.53819036427734,84.50058754406581,77.59644930010244,89.07818368043701,74.76342632419811,84.23251812707386,72.50057220228113,83.45762923296869,71.83623638029292,80.72377079009837,0.5949166474235147,49.999999999999986,88.29787234042554,48.24561403508774,88.59649122807018,66.66666666666667,93.4782608695652,63.63636363636361,83.50168350168352,65.83333333333331,91.66666666666666,58.87639553429027,89.1081949212822,61.038961038961034,87.60330578512396,66.66666666666667,87.34402852049912,69.73684210526316,87.21804511278195,77.60416666666666,92.70833333333333,84.24369747899159,93.27731092436974,71.85806679130982,89.63020473522162,65.36723116280004,89.36919982825191,0.5707018005836884
192.0,85.79392541330259,92.34909650134563,83.47421203438398,90.88825214899714,73.17073170731707,77.41644083107498,66.55805687203792,75.41469194312796,63.00420168067223,67.81512605042018,74.40022554154277,80.77672149499317,65.7563025210084,79.46633198734038,70.02142933676201,83.25083038679952,76.22796709753234,86.30787309048179,73.9894161829976,86.53806759986344,79.23681946663389,89.68292982671747,73.04638692098685,85.04920657824053,73.72330623126481,82.91296403661684,0.5744695011354308,49.999999999999986,88.29787234042554,48.24561403508774,88.59649122807018,75.0,93.4782608695652,63.63636363636361,83.50168350168352,65.83333333333331,91.66666666666666,60.54306220095693,89.1081949212822,61.038961038961034,87.60330578512396,65.68627450980392,87.4331550802139,69.73684210526316,87.03007518796993,79.16666666666666,92.70833333333333,84.24369747899159,93.27731092436974,71.97448835993727,89.61043606220217,66.2587752804471,89.3593154917422,0.5685457950716042
193.0,84.75586312956555,91.73394848135332,77.18481375358168,80.77363896848138,78.7262872628726,84.34206564287865,67.78732227488153,73.05983412322276,68.06722689075629,78.61344537815125,75.30430266233154,81.70458651881748,69.146294881589,82.83858998144711,71.00717882781525,81.05860923604415,73.19036427732081,83.78378378378378,74.4400819392284,87.04335950836463,78.75138257343002,87.73503748310189,73.3070604998767,84.49187599854831,74.30568158110412,83.09823125868289,0.568288476031044,49.999999999999986,88.29787234042554,48.24561403508774,88.59649122807018,66.66666666666667,93.4782608695652,63.63636363636361,83.50168350168352,65.83333333333331,91.66666666666666,58.87639553429027,89.1081949212822,61.68831168831169,87.72136953955136,66.66666666666667,87.4331550802139,72.36842105263159,87.21804511278195,77.60416666666666,92.578125,84.24369747899159,93.4873949579832,72.51425271065364,89.68761793810609,65.69532412247196,89.39790642969415,0.571919402240593
194.0,78.85428681276433,84.50595924644367,73.47421203438397,80.02865329512893,72.35772357723576,84.73351400180668,69.34982227488153,75.32582938388626,74.64285714285714,83.10924369747899,73.73578036842454,81.54063992494889,68.31550802139037,78.27403688748227,69.20282867245257,81.59862852244724,75.41128084606348,86.98942420681551,74.52884943666783,87.70570160464322,78.21371512842572,91.06550325672853,73.13443642099999,85.12665889562336,73.43510839471227,83.33364941028613,0.5506747824637247,49.999999999999986,88.29787234042554,48.24561403508774,88.15789473684211,66.66666666666667,93.4782608695652,63.63636363636361,83.16498316498317,65.83333333333331,91.66666666666666,58.87639553429027,88.95313555569653,61.038961038961034,87.72136953955136,66.66666666666667,87.5222816399287,69.73684210526316,87.12406015037594,77.60416666666666,92.70833333333333,84.24369747899159,93.27731092436974,71.85806679130982,89.67067111751183,65.36723116280004,89.31190333660419,0.5671062022192183
195.0,79.37331795463287,89.23490965013457,75.83094555873927,78.86819484240687,65.9891598915989,74.40529960855164,69.58678909952609,73.62263033175356,72.39495798319328,77.31092436974791,72.63503409753807,78.6883917605189,67.17914438502672,82.14558550693005,70.02035786992391,80.90646094503376,72.27379553466513,83.73207990599296,76.809491293957,86.78047115056333,74.81565687599853,87.00380975789604,72.21968919191426,84.11368145328323,72.42736164472616,81.40103660690107,0.5857309984287148,49.999999999999986,89.36170212765957,48.24561403508774,88.15789473684211,75.0,94.20289855072464,63.63636363636361,83.16498316498317,65.83333333333331,91.66666666666666,60.54306220095693,89.31082904937523,61.038961038961034,87.72136953955136,66.66666666666667,87.5222816399287,69.73684210526316,87.12406015037594,77.60416666666666,92.83854166666666,84.24369747899159,93.27731092436974,71.85806679130982,89.6967127841785,66.20056449613338,89.50377091677686,0.5675892883980942
196.0,81.10342176086121,89.27335640138409,71.18194842406878,79.9570200573066,73.57723577235771,79.46401686239085,71.10485781990525,77.68068720379146,67.41596638655462,68.57142857142857,72.87668603274952,78.9893018192603,67.38922841864017,78.20037105751392,71.49469623915137,81.77006321654345,76.06345475910695,84.54759106933021,76.36736087401846,85.51724137931035,76.61914710581296,89.00700503871205,73.58677747934597,83.808454352282,73.23173175604774,81.39887808577114,0.5761282948598412,49.999999999999986,89.36170212765957,48.24561403508774,88.15789473684211,75.0,93.4782608695652,63.63636363636361,83.16498316498317,65.83333333333331,91.66666666666666,60.54306220095693,89.16590151314333,61.038961038961034,87.72136953955136,65.68627450980392,87.5222816399287,69.73684210526316,87.03007518796993,77.60416666666666,92.83854166666666,84.24369747899159,93.0672268907563,71.66198835993727,89.6358989849746,66.1025252804471,89.40090024905896,0.5686449629308984
197.0,84.92887351018838,90.58054594386773,77.90114613180519,84.68481375358165,77.2809394760614,81.15025594700391,67.40965639810427,75.8590047393365,68.88655462184873,72.47899159663866,75.28143402760159,80.9507223960857,67.17914438502673,80.25210084033613,71.49148183863706,82.2029358191364,76.66274970622798,85.83548766157462,75.82792762034825,87.43598497780812,78.11847118102494,87.12056040309696,73.855954946253,84.56941394039045,74.56869448692728,82.76006816823806,0.5707647428809024,49.999999999999986,89.36170212765957,48.24561403508774,88.15789473684211,75.0,93.4782608695652,63.63636363636361,83.50168350168352,65.83333333333331,91.66666666666666,60.54306220095693,89.2332415804834,61.038961038961034,87.60330578512398,65.68627450980392,87.5222816399287,69.73684210526316,87.03007518796993,77.08333333333331,92.83854166666666,84.24369747899159,93.0672268907563,71.5578216932706,89.61228623408911,66.05044194711377,89.42276390728625,0.5676778136151227
198.0,81.62245290272972,92.84890426758938,83.76074498567337,87.02005730659026,78.27461607949411,82.2342667871123,75.08145734597159,78.30272511848341,72.47899159663865,74.07563025210085,78.24365258210149,82.89631674637523,66.44385026737967,79.72006984612027,70.0203578699239,82.16436301296474,74.32432432432435,85.56521739130434,77.49914646637079,86.58586548310005,77.14759739461718,87.89480152390317,73.08705526452317,84.3860634514785,75.66535392331232,83.64119009892687,0.5639747607720003,49.999999999999986,89.36170212765957,48.24561403508774,88.15789473684211,75.0,94.20289855072464,63.63636363636361,83.16498316498317,65.83333333333331,91.66666666666666,60.54306220095693,89.31082904937523,61.038961038961034,87.60330578512398,65.68627450980392,87.5222816399287,69.73684210526316,87.12406015037594,79.16666666666666,92.70833333333333,84.24369747899159,93.0672268907563,71.97448835993727,89.60504155990365,66.2587752804471,89.45793530463945,0.5674256804288563
199.0,84.92887351018838,87.31257208765858,80.25787965616048,86.10315186246419,74.61607949412826,79.82535380909366,66.51362559241709,67.50592417061613,79.70588235294117,82.6470588235294,77.20446812116708,80.67881215067239,68.14362108479757,78.78151260504202,70.51001821493622,82.23293689060324,74.876615746181,85.58871915393654,79.6210310686241,88.75042676681461,77.63303428782108,90.00245790832003,74.156864080472,85.07121066494328,75.68066610081954,82.87501140780783,0.5579687301616134,49.999999999999986,89.36170212765957,48.24561403508774,88.15789473684211,66.66666666666667,94.20289855072464,63.63636363636361,83.16498316498317,65.83333333333331,91.66666666666666,58.87639553429027,89.31082904937523,61.038961038961034,87.60330578512398,66.66666666666667,87.5222816399287,69.73684210526316,87.12406015037594,77.60416666666666,92.70833333333333,84.24369747899159,93.0672268907563,71.85806679130982,89.60504155990365,65.36723116280004,89.45793530463945,0.5718811402287067
200.0,86.3129565551711,90.00384467512495,74.39828080229229,82.17765042979943,73.5772357723577,79.58446251129178,69.92002369668249,75.45912322274881,73.86554621848738,77.43697478991595,75.6148086089982,80.93241112577618,69.46142093200916,81.13609079995634,71.32969034608377,83.942997964213,75.79318448883669,85.14688601645123,78.63946739501537,88.05052919085013,78.50866412682808,86.37704313629102,74.74648545775462,84.93070942155234,75.1806470333764,82.93156027366426,0.5636246572873657,49.999999999999986,89.36170212765957,48.24561403508774,88.15789473684211,66.66666666666667,94.20289855072464,63.63636363636361,83.16498316498317,65.83333333333331,91.66666666666666,58.87639553429027,89.31082904937523,61.038961038961034,87.60330578512398,66.66666666666667,87.5222816399287,69.73684210526316,87.12406015037594,77.60416666666666,92.70833333333333,84.24369747899159,93.0672268907563,71.85806679130982,89.60504155990365,65.36723116280004,89.45793530463945,0.5691136882273173
201.0,80.23836985774703,89.5040369088812,77.041547277937,84.41260744985674,74.79674796747965,82.29448961156277,69.4460900473934,77.14751184834124,65.9873949579832,71.00840336134453,73.50203002170807,80.8734098359973,68.33460656990069,80.0420168067227,72.1504339440694,81.74434801242901,78.06698002350178,85.73913043478261,76.71218846022535,87.47354045749402,78.26594568022614,89.11761091311294,74.70603093558466,84.82332932490826,74.10403047864637,82.84836958045278,0.5709715332184022,49.999999999999986,89.36170212765957,48.24561403508774,88.15789473684211,66.66666666666667,94.20289855072464,63.63636363636361,83.5016835016835,65.83333333333331,91.66666666666666,58.87639553429027,89.3781691167153,61.68831168831169,87.60330578512398,65.68627450980392,87.5222816399287,69.73684210526316,87.12406015037594,77.60416666666666,92.578125,84.24369747899159,93.0672268907563,71.79185848980741,89.57899989323698,65.33412701204884,89.47858450497614,0.569339938386109
202.0,74.85582468281432,80.0076893502499,74.82808022922637,81.46131805157593,72.76422764227641,81.18036735922915,74.37055687203794,79.17654028436017,65.9453781512605,68.4453781512605,72.55281351552311,78.05425863933513,67.59931245225361,80.27119938884645,70.83681560055713,83.65584485160184,77.57931844888371,86.0352526439483,76.35882553772618,88.01297371116422,78.70836917782967,89.41255991151529,74.21652824345006,85.47756610141522,73.38467087948658,81.76591237037518,0.5703649503561564,49.999999999999986,89.36170212765957,49.12280701754388,87.28070175438597,66.66666666666667,94.92753623188406,63.63636363636361,82.82828282828282,60.83333333333333,91.66666666666666,58.051834130781494,89.21297792177582,61.68831168831169,87.60330578512398,66.66666666666667,87.61140819964349,69.73684210526316,87.12406015037594,77.60416666666666,92.578125,84.24369747899159,93.0672268907563,71.98793692117997,89.59682520517995,65.01988552598073,89.40490156347789,0.5728351145731944
203.0,84.06382160707422,87.31257208765858,80.54441260744987,87.93696275071635,74.61607949412826,78.34989461005722,71.24555687203794,75.37026066350711,68.88655462184873,71.59663865546219,75.8712850405078,80.11326575348029,66.38655462184873,76.83346065699007,70.34715525554482,82.86081645773064,75.13513513513517,85.21739130434783,75.87231136906794,86.94434960737452,74.37323337839499,85.70726311908568,72.42287795199832,83.51265622910574,74.14708149625307,81.81296099129301,0.5807259704047683,49.999999999999986,89.36170212765957,48.24561403508774,88.15789473684211,66.66666666666667,94.20289855072464,63.63636363636361,83.5016835016835,65.83333333333331,91.66666666666666,58.87639553429027,89.3781691167153,61.68831168831169,87.60330578512398,65.68627450980392,87.5222816399287,69.73684210526316,87.12406015037594,77.60416666666666,92.578125,84.24369747899159,92.85714285714285,71.79185848980741,89.5369830865143,65.33412701204884,89.45757610161479,0.5696054198764019
204.0,85.96693579392543,94.88658208381392,79.82808022922637,88.63896848137534,74.39024390243902,77.50677506775068,68.87588862559245,76.37736966824644,68.88655462184873,79.2436974789916,75.5895406346064,83.33067855603561,68.75477463712757,79.30535850703919,70.99967855994855,82.7579556412729,74.76498237367805,85.2385428907168,78.03857972004099,89.24889040628202,77.39031584121912,89.54160009831634,73.98966622640287,85.21846950872545,74.78960343050463,84.27457403238053,0.54571828696308,49.999999999999986,89.36170212765957,48.24561403508774,88.15789473684211,66.66666666666667,94.20289855072464,63.63636363636361,83.16498316498317,65.83333333333331,91.66666666666666,58.87639553429027,89.31082904937523,62.337662337662344,87.60330578512398,66.66666666666667,87.70053475935828,72.36842105263159,87.31203007518798,77.60416666666666,92.578125,84.24369747899159,93.27731092436974,72.64412284052376,89.694261308808,65.76025918740702,89.50254517909161,0.5688036225555391
205.0,67.57016532103037,80.62283737024222,80.54441260744987,88.68194842406876,71.90605239385725,80.51791629027402,74.13359004739338,79.91706161137441,72.39495798319327,81.00840336134453,73.30983567058482,82.14963341146078,68.9266615737204,77.24271526792535,70.34394085503052,81.23218686381655,74.27732079905995,86.17391304347828,79.1259815636736,89.66541481734379,77.63303428782108,88.25119823030599,74.06138781586111,84.51308564457398,73.68561174322296,83.33135952801737,0.553173768909414,49.999999999999986,89.36170212765957,48.24561403508774,88.15789473684211,66.66666666666667,93.4782608695652,63.63636363636361,83.5016835016835,65.83333333333331,91.66666666666666,58.87639553429027,89.2332415804834,61.68831168831169,87.60330578512398,66.66666666666667,87.78966131907309,72.36842105263159,87.31203007518798,77.60416666666666,92.578125,84.24369747899159,93.27731092436974,72.51425271065364,89.71208662075097,65.69532412247196,89.47266410061718,0.5672831725287318
206.0,78.85428681276433,91.42637447135718,83.04441260744987,83.03724928366762,73.35140018066846,77.80788919000301,71.6232227488152,80.4798578199052,64.47478991596637,71.26050420168066,74.26962245313284,80.80237499332273,67.49427043544691,82.83040488922842,72.14721954355511,82.25865209471768,75.36427732079908,85.17978848413631,76.95117787640832,88.9689313758962,73.15964114538528,86.33402974069068,73.02331726431893,85.11436131693385,73.64646985872588,82.95836815512828,0.5683477780441687,49.999999999999986,89.36170212765957,48.24561403508774,88.15789473684211,66.66666666666667,94.20289855072464,63.63636363636361,83.16498316498317,60.83333333333333,91.66666666666666,57.87639553429027,89.31082904937523,61.68831168831169,87.72136953955136,65.68627450980392,87.70053475935829,72.36842105263159,87.31203007518798,77.60416666666666,92.70833333333334,84.24369747899159,93.27731092436974,72.3181742792811,89.74391572636016,65.09728490678569,89.5273723878677,0.5720740374544095
207.0,85.62091503267975,91.27258746635908,78.33094555873929,84.45558739255014,77.86811201445346,83.67961457392352,65.46949052132703,74.51125592417061,74.68487394957984,80.08403361344538,76.39486741535586,82.80061579408974,68.14362108479754,82.00643893921206,71.8236365584485,81.31361834351227,72.38542890716806,83.38425381903643,80.0102424035507,87.80129737111643,77.39031584121912,87.50768096350005,73.95064895903678,84.40265788727545,75.17275818719632,83.6016368406826,0.5583037481188523,49.999999999999986,89.36170212765957,48.24561403508774,88.15789473684211,75.0,94.20289855072464,63.63636363636361,83.16498316498317,65.83333333333331,91.66666666666666,60.54306220095693,89.31082904937523,61.68831168831169,87.60330578512396,66.66666666666667,87.70053475935829,69.73684210526316,87.31203007518798,77.60416666666666,92.70833333333334,84.24369747899159,93.27731092436974,71.98793692117997,89.72030297547467,66.26549956106845,89.51556601242496,0.5687175615791453
208.0,80.75740099961554,90.34986543637062,80.4656160458453,87.17765042979944,70.0542005420054,71.33393556157783,68.69075829383887,75.4887440758294,68.80252100840335,72.26890756302521,73.75409937794169,79.3238206133205,69.75744843391902,82.35566954054349,72.97010607521696,80.98360655737706,74.6533490011751,85.42420681551116,78.03857972004099,87.98907476954592,80.25992380484209,89.67064028511737,75.13588140703882,85.284639593619,74.44499039249025,82.30423010346976,0.5654218795282269,49.999999999999986,88.29787234042554,48.24561403508774,88.15789473684211,66.66666666666667,93.4782608695652,63.63636363636361,82.82828282828282,65.83333333333331,91.66666666666666,58.87639553429027,88.88579548835646,61.68831168831169,87.60330578512396,66.66666666666667,87.70053475935829,72.36842105263159,87.31203007518798,77.60416666666666,92.70833333333334,84.24369747899159,93.27731092436974,72.51425271065364,89.72030297547467,65.69532412247196,89.30304923191557,0.5686126975058786
209.0,81.10342176086121,92.8873510188389,75.54441260744987,77.99426934097423,72.35772357723576,73.1105088828666,71.24555687203794,79.8281990521327,65.21008403361343,71.80672268907563,73.09223977023964,79.12541019677761,68.14362108479756,79.85103132161956,73.78549233901207,82.62937962070073,77.42068155111636,85.5229142185664,79.41789006486857,87.15944008193924,80.40739830404327,90.53090819712425,75.83501666876757,85.13873468799002,74.4636282195036,82.13207244238382,0.5670724299721309,49.999999999999986,88.29787234042554,49.12280701754388,88.15789473684211,66.66666666666667,95.65217391304347,63.63636363636361,82.82828282828282,60.83333333333333,91.66666666666666,58.051834130781494,89.3205780970521,62.98701298701299,87.60330578512396,67.64705882352942,87.78966131907309,72.36842105263159,87.31203007518798,77.60416666666666,92.70833333333334,84.24369747899159,93.27731092436974,72.97007140176645,89.73812828741764,65.51095276627397,89.52935319223488,0.5716772778750011
210.0,74.85582468281432,88.5044213763937,75.68767908309457,81.81948424068769,79.31345980126466,82.41493526046371,69.82375592417064,76.49585308056871,63.088235294117624,70.96638655462186,72.55379095709236,80.04021610254713,67.24598930481284,77.69562370402707,69.52855459123538,80.75431265402335,74.3772032902468,84.26321974148061,78.97575964493,89.28986002048481,75.63905616320513,87.80262996190243,73.15331259888602,83.96112921638365,72.8535517779892,82.0006726594654,0.57122570335134,49.999999999999986,88.29787234042554,48.24561403508774,88.15789473684211,66.66666666666667,94.20289855072464,63.63636363636361,82.82828282828282,65.83333333333331,91.66666666666666,58.87639553429027,89.03072302458834,61.68831168831169,87.72136953955136,67.64705882352942,87.70053475935829,72.36842105263159,87.31203007518798,77.60416666666666,92.70833333333334,84.24369747899159,93.27731092436974,72.71033114202619,89.74391572636016,65.79336333815823,89.38731937547425,0.5673985271234445
211.0,81.10342176086121,93.19492502883506,76.75501432664758,84.21203438395415,76.01626016260161,82.35471243601326,73.28199052132705,77.73992890995261,68.10924369747899,78.40336134453783,75.05318609378328,83.18099242065857,72.75592055003818,81.2152133580705,73.29261759348546,81.73577627772421,76.2220916568743,85.41950646298473,76.80095595766474,86.86582451348582,76.60992994961288,89.92872065871941,75.13630314153512,85.03300825419691,75.0947446176592,84.10700033742773,0.545752428057753,49.999999999999986,88.29787234042554,48.24561403508774,87.71929824561404,75.0,93.4782608695652,63.63636363636361,83.16498316498317,65.83333333333331,91.66666666666666,60.54306220095693,88.86541625745092,61.68831168831169,87.95749704840614,67.64705882352942,87.96791443850267,72.36842105263159,87.40601503759399,77.60416666666666,92.70833333333334,84.24369747899159,93.27731092436974,72.71033114202619,89.8634141564412,66.62669667149156,89.36441520694606,0.5636954674667078
212.0,77.81622452902731,88.7351018838908,76.61174785100287,80.30085959885386,78.0939476061427,81.51159289370672,70.77162322274884,75.88862559241707,62.96218487394957,74.53781512605042,73.25114561657426,80.19479901898379,70.38770053475936,81.38164356651751,74.43694417657771,83.30226079502839,76.6039952996475,84.70975323149237,80.85865483100034,89.15670877432571,79.38429396583507,86.18041047068945,76.334317761564,84.94615536761069,74.79273168906913,82.57047719329724,0.5629893502212504,49.999999999999986,88.29787234042554,48.24561403508774,87.71929824561404,66.66666666666667,94.20289855072464,63.63636363636361,82.82828282828282,60.83333333333333,91.66666666666666,57.87639553429027,88.94300372634272,62.337662337662344,87.95749704840614,67.64705882352942,87.96791443850267,72.36842105263159,87.40601503759399,77.60416666666666,92.70833333333334,84.24369747899159,93.27731092436974,72.84020127189632,89.8634141564412,65.3582984030933,89.40320894139197,0.5702666810008379
213.0,79.20030757401001,89.11956939638601,83.47421203438398,83.89684813753581,75.02258355916891,81.66214995483287,71.48252369668249,74.94075829383885,68.84453781512605,77.14285714285714,75.60483293587428,81.35243658509015,68.05767761650114,80.84961257230164,72.47937426336652,82.03578699239257,75.84606345475913,84.63924794359576,78.3919426425401,88.66848753840901,79.67924296423743,87.66130023350128,74.89086018828087,84.77088705604005,75.24784656207757,83.06166182056509,0.5640834635146076,49.999999999999986,88.29787234042554,48.24561403508774,87.28070175438597,66.66666666666667,94.20289855072464,63.63636363636361,82.82828282828282,60.83333333333333,91.66666666666666,57.87639553429027,88.85528442809712,62.98701298701299,87.95749704840614,67.64705882352942,87.96791443850267,72.36842105263159,87.40601503759399,77.60416666666666,92.83854166666666,84.24369747899159,93.06722689075629,72.97007140176645,89.84743901638515,65.42323346802836,89.35136172224114,0.5697048447688837
214.0,85.4479046520569,92.77201076509034,75.83094555873927,83.43839541547278,77.2809394760614,80.48780487804878,72.66735781990523,79.33945497630332,68.15126050420167,72.52100840336134,75.8756816021929,81.71173488765531,68.87891520244462,78.76514242060459,71.00610736097715,83.19082824386585,75.29964747356054,85.85428907168038,79.61249573233187,89.68248548992831,75.05837532260047,84.63192822907705,73.97110821838292,84.42493469103124,74.92339491028791,83.06833478934328,0.5546925199971722,49.999999999999986,88.29787234042554,48.24561403508774,87.71929824561404,75.0,93.4782608695652,63.63636363636361,82.82828282828282,65.83333333333331,91.66666666666666,60.54306220095693,88.79807619011085,61.68831168831169,87.95749704840614,67.64705882352942,87.96791443850267,69.73684210526316,87.40601503759399,77.60416666666666,92.83854166666666,84.24369747899159,93.06722689075629,72.1840153525525,89.84743901638515,66.36353877675472,89.322757603248,0.5655129478693024
215.0,79.71933871587852,88.23529411764706,77.32808022922639,81.86246418338109,82.7913279132791,85.12496236073471,74.9407582938389,79.22097156398105,71.13445378151259,78.5294117647059,77.1827917867471,82.59462079808996,65.44117647058823,79.70915638982865,73.13189756777025,80.34072645451624,74.97062279670978,86.47473560517038,78.24172072379653,88.19050870604302,77.28585473761828,89.30809880791446,73.8142544592966,84.80464519269455,75.49852312302185,83.69963299539225,0.5501571819432861,49.999999999999986,88.29787234042554,60.74561403508775,87.71929824561404,75.0,93.4782608695652,63.63636363636361,83.16498316498317,65.83333333333331,91.66666666666666,63.04306220095693,88.86541625745092,62.98701298701299,87.95749704840614,67.64705882352942,87.96791443850267,71.05263157894737,87.40601503759399,77.60416666666666,92.70833333333334,84.24369747899159,93.27731092436974,72.70691350702961,89.8634141564412,67.87498785399328,89.36441520694606,0.5616937108466886
216.0,93.42560553633218,97.96232218377547,78.47421203438397,83.12320916905443,83.01716350496837,87.59409816320385,74.13359004739338,79.47274881516589,73.13025210084034,84.78991596638656,80.43616464478364,86.58845885951725,68.96485867074102,79.98744952526464,71.33076181292188,82.74081217186328,75.89894242068158,86.36192714453585,78.78115397746672,88.53875042676681,83.27700626766622,92.20843062553769,75.65054462989549,85.96747397879366,78.04335463733958,86.27796641915546,0.5213947363585429,49.999999999999986,88.29787234042554,48.24561403508774,87.28070175438597,66.66666666666667,94.20289855072464,63.63636363636361,82.82828282828282,65.83333333333331,91.66666666666666,58.87639553429027,88.85528442809712,63.63636363636363,87.95749704840614,68.62745098039217,87.96791443850267,70.5827067669173,87.40601503759399,77.60416666666666,92.83854166666666,84.24369747899159,93.4873949579832,72.93887710586627,89.93147262983054,65.90763632007827,89.39337852896384,0.565406353300817
217.0,84.58285274894271,95.15570934256054,78.2521489971347,85.02865329512895,74.39024390243901,86.63053297199639,69.72748815165879,80.15402843601896,65.21008403361344,76.05042016806722,74.43256356675774,84.60386884275441,65.77540106951871,78.96431299792644,72.30686810243222,82.77938497803493,78.07285546415984,85.27144535840188,81.63707750085354,89.1976783885285,78.95108762443161,89.47400761951579,75.34865795227918,85.13736586848151,74.89061075951847,84.87061735561795,0.5314101853793493,49.999999999999986,88.29787234042554,48.24561403508774,87.28070175438597,66.66666666666667,94.20289855072464,63.63636363636361,82.82828282828282,65.83333333333331,91.66666666666666,58.87639553429027,88.85528442809712,62.98701298701299,88.07556080283354,67.64705882352942,88.05704099821747,72.36842105263159,87.40601503759399,77.60416666666666,92.96875,84.24369747899159,93.4873949579832,72.97007140176645,89.99895235932564,65.92323346802836,89.42711839371138,0.5675916117586224
218.0,80.58439061899271,88.5428681276432,76.11747851002868,81.48997134670488,76.64859981933151,79.16290274013852,73.75592417061615,78.77665876777252,66.72268907563024,75.3781512605042,74.76581643891986,80.67011044855266,67.61841100076393,79.22896431299793,72.47401692917602,82.67652416157719,75.7344300822562,85.12103407755582,79.08159781495391,87.39160122908842,76.51468600221213,86.9239277374954,74.28462836587244,84.26841030374297,74.52522240239614,82.46926037614782,0.5523161420075369,49.999999999999986,88.29787234042554,48.24561403508774,87.28070175438597,66.66666666666667,94.20289855072464,63.63636363636361,82.82828282828282,65.83333333333331,91.66666666666666,58.87639553429027,88.85528442809712,62.98701298701299,88.07556080283354,68.62745098039217,88.14616755793227,70.5827067669173,87.40601503759399,77.60416666666666,92.96875,84.24369747899159,93.4873949579832,72.80900697599614,90.01677767126861,65.8427012551432,89.43603104968287,0.5669898920432631
219.0,91.86851211072664,97.73164167627836,78.76074498567337,84.87106017191978,75.42908762420956,80.5781391147245,72.05272511848342,75.82938388625593,67.33193277310924,77.73109243697479,77.08860052244044,83.34826345723067,69.7192513368984,80.88235294117648,74.43908711025392,83.40940747883853,76.1750881316099,86.35017626321975,78.53362922499146,89.3069306930693,83.12953176846504,91.24984638073,76.39931751444374,86.23974275140681,76.7439590184421,84.79400310431873,0.5326868536087174,49.999999999999986,88.29787234042554,48.24561403508774,87.28070175438597,66.66666666666667,94.20289855072464,63.63636363636361,82.82828282828282,60.83333333333333,91.66666666666666,57.87639553429027,88.85528442809712,63.63636363636363,88.19362455726092,69.6078431372549,88.23529411764707,70.5827067669173,87.31203007518798,77.60416666666666,93.09895833333334,84.24369747899159,93.4873949579832,73.13495553723882,90.06546040828252,65.50567553576454,89.46037241818982,0.5682530600814697
220.0,79.54632833525567,90.38831218762014,79.33381088825217,83.65329512893983,73.35140018066845,74.94730502860584,77.73252369668249,86.44845971563981,78.27731092436974,79.36974789915968,77.6482748050457,82.96142399199306,72.40259740259741,80.66954054349013,70.83681560055713,82.73224043715848,74.43595769682729,85.94829612220917,80.40798907476955,88.17343803345852,77.78050878702224,89.00700503871207,75.17277371235473,85.30610403500567,76.4105242587002,84.13376401349936,0.539277887245612,49.999999999999986,88.29787234042554,48.24561403508774,87.28070175438597,75.0,93.4782608695652,63.63636363636361,83.16498316498317,65.83333333333331,91.66666666666666,60.54306220095693,88.77769695920531,62.98701298701299,88.19362455726092,67.64705882352942,88.32442067736186,71.05263157894737,87.40601503759399,77.60416666666666,92.83854166666666,84.24369747899159,93.4873949579832,72.70691350702961,90.04999937937333,66.62498785399328,89.41384816928932,0.5642898859940046
221.0,87.52402921953095,92.8873510188389,79.47707736389688,86.77650429799426,79.7199638663053,84.40228846732911,72.19342417061615,79.60604265402844,74.72689075630251,77.43697478991596,78.72827707533035,84.22183224562134,70.42589763177997,80.17024991814907,71.9832851173256,82.38294224793742,76.06345475910697,86.49118683901294,78.98429498122226,88.4021850460908,78.06624062922454,90.03318176232027,75.10463462373187,85.49594916270209,76.9164558495311,84.85889070416172,0.5343296493559577,49.999999999999986,88.29787234042554,48.24561403508774,86.8421052631579,66.66666666666667,94.20289855072464,63.63636363636361,82.49158249158249,60.83333333333333,91.66666666666666,57.87639553429027,88.70022506251146,62.98701298701299,88.19362455726092,67.64705882352942,88.41354723707666,69.26691729323308,87.40601503759399,77.60416666666666,92.96875,84.24369747899159,93.4873949579832,72.34977064988674,90.09386635798295,65.1130830920885,89.3970457102472,0.569953916594423
222.0,84.9288735101884,94.57900807381776,79.82808022922637,87.17765042979943,78.04878048780485,81.8729298404095,71.34182464454979,75.7701421800948,68.10924369747899,75.88235294117648,76.45136051384966,83.05641669305959,69.06990068754774,82.98319327731093,71.16361298617807,83.9408550305368,77.63807285546417,86.19506462984724,76.30590645271424,87.94810515534313,79.38429396583507,88.42939658350744,74.71235738954786,85.8993229353091,75.58185895169876,84.47786981418434,0.5377438565522387,49.999999999999986,88.29787234042554,48.24561403508774,86.8421052631579,66.66666666666667,94.20289855072464,63.63636363636361,82.49158249158249,60.83333333333333,91.66666666666666,57.87639553429027,88.70022506251146,62.98701298701299,88.19362455726092,68.62745098039217,88.41354723707666,69.26691729323308,87.40601503759399,77.60416666666666,92.83854166666666,84.24369747899159,93.69747899159664,72.54584908125929,90.10984149803896,65.21112230777479,89.4050332802752,0.57010470581043
223.0,87.35101883890813,90.8881199538639,85.05014326647567,88.43839541547277,77.05510388437216,84.43239987955434,71.86018957345975,76.82168246445498,71.05042016806722,78.61344537815125,78.47337514625659,83.83880861829945,68.4587471352177,80.48401178653279,74.76374156219863,85.29947498124932,76.28672150411285,85.0834312573443,80.45237282348924,87.08432912256741,79.81750030723853,89.97787882511983,75.9558166664514,85.58582519456273,77.21459590635399,84.71231690643108,0.5274508966231041,49.999999999999986,88.29787234042554,48.24561403508774,87.28070175438597,66.66666666666667,94.92753623188406,65.15151515151514,82.49158249158249,60.83333333333333,91.66666666666666,58.17942583732057,88.93287189698894,62.98701298701299,88.07556080283354,68.62745098039217,88.41354723707666,69.26691729323308,87.31203007518798,77.60416666666666,93.09895833333334,84.24369747899159,93.69747899159664,72.54584908125929,90.11951508800564,65.36263745928993,89.5261934924973,0.5738492345184082
224.0,91.1764705882353,94.73279507881584,78.33094555873929,84.02578796561603,71.680216802168,76.99488105992171,73.61522511848344,81.35367298578198,73.99159663865544,78.82352941176471,77.7588909412563,83.18613330038005,67.58021390374333,77.91116446578631,71.65648773170469,83.30226079502839,79.37132784958875,85.99294947121034,78.73677022874703,88.74359849778082,74.85867027159888,88.24505345950597,74.44069399707654,84.83900533786237,76.09979246916642,84.01256931912121,0.5407096027531387,49.999999999999986,88.29787234042554,49.12280701754388,86.40350877192982,66.66666666666667,94.20289855072464,65.15151515151514,82.49158249158249,60.83333333333333,91.66666666666666,58.35486443381179,88.61250576426582,63.63636363636363,88.07556080283354,68.62745098039217,88.41354723707666,70.5827067669173,87.40601503759399,77.60416666666666,92.96875,84.24369747899159,93.69747899159664,72.93887710586627,90.11227041382017,65.64687076983903,89.362388089043,0.5739382687847282
225.0,81.27643214148405,88.23529411764706,78.18767908309458,85.70200573065902,71.72538392050585,79.19301415236374,67.03199052132705,73.54857819905214,76.72268907563024,85.29411764705883,74.98883494840835,82.39460196935616,68.66883116883116,79.93833897195242,70.34715525554482,81.21932926175936,76.92714453584021,87.42185663924793,83.16660976442472,90.0819392284056,79.72225635983777,89.55388963991643,75.76639941689574,85.64307074825635,75.37761718265205,84.01883635880625,0.5412111997218735,49.999999999999986,88.29787234042554,48.24561403508774,87.28070175438597,75.0,93.4782608695652,63.63636363636361,83.16498316498317,65.83333333333331,91.66666666666666,60.54306220095693,88.77769695920531,62.98701298701299,88.07556080283354,67.64705882352942,88.50267379679144,69.26691729323308,87.31203007518798,77.60416666666666,92.96875,84.24369747899159,93.69747899159664,72.34977064988674,90.11129873328193,66.44641642542183,89.44449784624362,0.5669898396590806
226.0,80.93041138023838,89.15801614763552,82.1848137535817,89.35530085959886,76.01626016260161,83.13760915386932,76.97719194312799,81.96090047393365,68.23529411764706,75.96638655462185,76.86879427143936,83.91564263793184,69.50916730328494,80.3694204954709,73.9483552984035,84.33944069431051,74.38307873090484,84.46533490011751,78.42779105496757,89.9146466370775,75.54381221580434,85.4123141206833,74.36244092067304,84.90023136953195,75.6156175960562,84.40793700373189,0.5383011184951171,49.999999999999986,88.29787234042554,48.24561403508774,86.8421052631579,66.66666666666667,94.20289855072464,63.63636363636361,82.82828282828282,60.83333333333333,91.66666666666666,57.87639553429027,88.7675651298515,63.63636363636363,88.07556080283354,68.62745098039217,88.41354723707666,70.5827067669173,87.5,77.60416666666666,93.22916666666667,84.24369747899159,93.69747899159664,72.93887710586627,90.18315073963471,65.40763632007827,89.4753579347431,0.5694500707772516
227.0,85.4479046520569,92.81045751633987,84.19054441260747,85.74498567335245,79.71996386630532,89.09966877446553,63.43305687203793,70.8234597156398,68.80252100840335,75.29411764705883,76.31879816228219,82.7545378653713,70.38770053475936,78.86063516315618,72.80188578163505,80.84431586842389,76.1750881316099,86.63924794359576,82.57425742574259,90.9764424718334,82.30613248125846,88.28806685510628,76.84901287100108,85.1217416604231,76.58390551664164,83.93813976289721,0.5347197242705027,49.999999999999986,88.29787234042554,49.12280701754388,86.40350877192982,66.66666666666667,94.20289855072464,63.63636363636361,82.49158249158249,60.83333333333333,91.66666666666666,58.051834130781494,88.61250576426582,63.63636363636363,87.95749704840614,68.62745098039217,88.41354723707666,70.5827067669173,87.5,77.60416666666666,92.96875,84.24369747899159,93.69747899159664,72.93887710586627,90.10745465541589,65.49535561832388,89.35998020984086,0.5734830474059457
228.0,81.9684736639754,89.00422914263744,82.55014326647567,87.32091690544412,74.39024390243901,83.9506172839506,76.02932464454979,82.18305687203791,71.86974789915965,76.30252100840337,77.3615866753199,83.7522682424947,70.1776165011459,82.20833788060679,72.80081431479694,83.7758491374692,79.15981198589897,85.92244418331376,78.87845681119836,88.49436667804711,78.80361312523043,88.3495145631068,75.96406254765411,85.75010248850874,76.662824611487,84.75118536550173,0.5353194171696618,49.999999999999986,88.29787234042554,49.12280701754388,86.40350877192982,66.66666666666667,94.20289855072464,63.63636363636361,82.15488215488215,60.83333333333333,91.66666666666666,58.051834130781494,88.54516569692575,63.63636363636363,88.07556080283354,68.62745098039217,88.41354723707666,69.26691729323308,87.40601503759397,77.60416666666666,93.09895833333334,84.24369747899159,93.48739495798318,72.67571921112943,90.09629527376414,65.36377667095546,89.32073048534494,0.5716217077211152
229.0,80.75740099961553,91.6955017301038,80.19340974212035,89.054441260745,82.15898825654921,86.29930743751882,74.22985781990523,77.41409952606635,71.0924369747899,76.13445378151262,77.68641875859605,84.11956074718931,69.06990068754773,81.60809778456837,71.00396442730094,81.71006107360977,76.38660399529968,87.8448883666275,74.4844656879481,89.04404233526802,77.000122895416,87.40936463069927,73.5890115387025,85.52329083815458,75.63771514864928,84.82142579267195,0.5312031988028036,49.999999999999986,88.29787234042554,48.24561403508774,87.28070175438597,75.0,94.20289855072464,63.63636363636361,82.82828282828282,65.83333333333331,91.66666666666666,60.54306220095693,88.85528442809712,62.337662337662344,87.83943329397874,68.62745098039217,88.59180035650624,69.26691729323308,87.40601503759397,77.60416666666666,92.96875,84.24369747899159,93.48739495798318,72.41597895138918,90.05867872921242,66.47952057617306,89.45698157865476,0.5672137863637273
230.0,88.38908112264515,91.92618223760091,83.04441260744989,85.87392550143265,82.38482384823847,89.19000301114121,67.69845971563984,74.45201421800948,72.43697478991596,78.69747899159664,78.79075041677785,84.02792079195618,67.22689075630251,76.41329258976317,74.93089038894243,81.51505410907531,74.33019976498238,83.46415981198591,80.21338340730625,90.2799590303858,81.5257465896522,89.87956249231904,75.64542218143717,84.31040560670584,77.21808629910751,84.16916319933101,0.5434544631173157,49.999999999999986,88.29787234042554,49.12280701754388,86.40350877192982,66.66666666666667,94.20289855072464,63.63636363636361,81.81818181818181,60.83333333333333,91.66666666666666,58.051834130781494,88.47782562958568,63.63636363636363,87.83943329397874,69.6078431372549,88.41354723707666,70.5827067669173,87.40601503759397,77.60416666666666,92.83854166666666,84.24369747899159,93.48739495798318,73.13495553723882,89.99698643865983,65.59339483401016,89.23740603412276,0.572153395272067
231.0,92.560553633218,95.96309111880046,84.33381088825217,86.56160458452722,78.50045167118337,82.32460102378802,68.16498815165879,77.0882701421801,73.2142857142857,76.47058823529413,79.35481801171962,83.68163102091799,72.00152788388083,79.67641602095384,71.8236365584485,82.10864673738348,77.79670975323151,86.59694477085782,75.34141345169002,87.99590303857973,78.40420302322723,90.59235590512475,75.07349813409562,85.39405329457992,77.21415807290762,84.53784215774895,0.53591576553569,49.999999999999986,88.29787234042554,49.12280701754388,86.40350877192982,66.66666666666667,94.20289855072464,63.63636363636361,81.81818181818181,60.83333333333333,91.66666666666666,58.051834130781494,88.47782562958568,63.63636363636363,87.83943329397874,69.6078431372549,88.50267379679146,70.5827067669173,87.31203007518798,77.60416666666666,92.83854166666666,84.24369747899159,93.48739495798318,73.13495553723882,89.9960147581216,65.59339483401016,89.23692019385365,0.570431431798252
232.0,92.04152249134948,96.61668589004229,81.40401146131809,88.59598853868195,79.08762420957541,80.24691358024693,70.77162322274884,77.38447867298578,73.94957983193275,74.6218487394958,79.45087224338491,83.49318308429056,65.63216195569137,75.40106951871658,74.43587270973961,84.59873566913105,74.98237367802587,85.3231492361927,79.42642540116081,90.1502219187436,79.4887550694359,88.90868870591127,74.79311776281072,84.87637300973905,77.12199500309782,84.18477804701482,0.5333038791853484,49.999999999999986,88.29787234042554,49.12280701754388,86.40350877192982,66.66666666666667,94.20289855072464,63.63636363636361,82.15488215488216,60.83333333333333,91.66666666666666,58.051834130781494,88.54516569692575,63.63636363636363,87.72136953955136,69.6078431372549,88.68092691622104,70.5827067669173,87.31203007518798,77.60416666666666,92.96875,84.24369747899159,93.48739495798318,73.13495553723882,90.03409429778871,65.59339483401016,89.28962999735722,0.570597251899753
233.0,92.21453287197231,93.96386005382546,73.47421203438397,80.64469914040114,73.57723577235771,87.02198133092442,78.16202606635075,79.01362559241707,68.10924369747899,75.12605042016807,77.10745008850874,83.15404330754723,69.10809778456837,81.14154752810215,73.28940319297116,83.74156219864996,77.58519388954176,85.61927144535841,80.16046432229432,88.9860020484807,80.50264225144403,89.13604522551309,76.12916028816394,85.72488568922087,76.61830518833634,84.43946449838404,0.5325572258016106,49.999999999999986,88.29787234042554,49.12280701754388,86.8421052631579,75.0,94.20289855072464,63.63636363636361,82.15488215488216,65.83333333333331,91.66666666666666,60.71850079744816,88.6328849951714,62.98701298701299,87.72136953955136,68.62745098039217,88.68092691622104,69.26691729323308,87.31203007518798,77.60416666666666,92.96875,84.24369747899159,93.69747899159663,72.54584908125929,90.0761111045114,66.63217493935372,89.3544980498414,0.5667369642233789
234.0,80.0653594771242,91.00346020761246,77.69340974212035,82.67908309455588,76.6485998193315,83.80006022282444,69.06842417061615,74.74822274881517,72.52100840336134,75.67226890756302,75.19936032251071,81.5806190362742,70.05347593582887,84.34464694968898,73.46190935390547,84.04585878067074,76.28672150411283,84.42303172737955,78.97575964493002,89.32058723113691,82.01118348285608,87.91938060710335,76.15780998432666,86.01070105919591,75.67858515341868,83.79566004773505,0.5488880223740459,49.999999999999986,88.29787234042554,49.12280701754388,86.8421052631579,75.0,94.92753623188406,63.63636363636361,82.82828282828282,60.83333333333333,91.66666666666666,59.71850079744816,88.91249266608338,62.98701298701299,87.72136953955136,68.62745098039217,88.68092691622104,69.26691729323308,87.31203007518798,77.60416666666666,93.09895833333334,84.24369747899159,93.69747899159663,72.54584908125929,90.10215277117807,66.13217493935372,89.50732271863072,0.5703129720005784
235.0,87.87004998077663,93.38715878508268,81.11747851002869,87.60744985673352,80.35230352303522,86.23908461306836,70.2532582938389,69.43127962085308,78.23529411764706,82.89915966386555,79.5656768850653,83.91282650792063,67.28418640183345,78.98613991050965,73.9483552984035,85.31018964963036,76.38660399529968,87.77908343125735,82.52987367702286,90.7681802663025,77.24284134201794,87.02838884109623,75.47837214291548,85.9743964197592,77.52202451399039,84.94361146383991,0.5258744703702417,49.999999999999986,88.29787234042554,49.12280701754388,86.40350877192982,66.66666666666667,94.20289855072464,63.63636363636361,82.49158249158249,60.83333333333333,91.66666666666666,58.051834130781494,88.61250576426582,63.63636363636363,87.72136953955136,69.6078431372549,88.68092691622104,70.5827067669173,87.31203007518798,77.60416666666666,93.09895833333334,84.24369747899159,93.69747899159663,73.13495553723882,90.10215277117807,65.59339483401016,89.35732926772195,0.568635052198946
236.0,81.44944252210689,90.23452518262206,87.12034383954158,91.91977077363897,79.71996386630532,85.93797049081601,75.79235781990523,81.1611374407583,74.64285714285714,80.08403361344538,79.74499303814324,85.86748750025615,69.50916730328494,83.16326530612244,72.64009428908173,83.04510875388407,78.17861339600474,87.81903642773209,83.26391259815638,90.0614544213042,77.64225144402116,85.64581541108517,76.24680780610979,85.9469360640256,77.99590042212651,85.90721178214088,0.5183148957612772,49.999999999999986,88.29787234042554,49.12280701754388,86.40350877192982,66.66666666666667,94.20289855072464,63.63636363636361,82.49158249158249,60.83333333333333,91.66666666666666,58.051834130781494,88.61250576426582,62.98701298701299,87.48524203069657,68.62745098039217,88.68092691622104,69.26691729323308,87.12406015037594,77.60416666666666,93.09895833333334,84.24369747899159,93.90756302521008,72.54584908125929,90.05935009116739,65.29884160602039,89.3359279277166,0.5722885240696475
237.0,86.83198769703961,91.19569396386005,82.83667621776507,84.87106017191977,77.86811201445346,82.17404396266184,69.82375592417064,76.54028436018957,71.82773109243698,79.53781512605043,77.83765258917315,82.86377951693633,71.64820473644002,81.00512932445704,72.97117754205506,82.09793206900245,76.55111633372506,85.16333725029378,81.29224991464665,91.4441789006487,76.70517389701365,88.06685510630453,75.83358448477608,85.5554865301413,76.83561853697461,84.20963302353881,0.5326169768466579,49.999999999999986,88.29787234042554,49.12280701754388,86.40350877192982,66.66666666666667,94.92753623188406,63.63636363636361,82.49158249158249,60.83333333333333,91.66666666666666,58.051834130781494,88.75743330049772,63.63636363636363,87.48524203069657,68.62745098039217,88.77005347593582,69.26691729323308,87.21804511278195,77.60416666666666,93.09895833333334,84.24369747899159,93.90756302521008,72.67571921112943,90.09597239559156,65.36377667095546,89.42670284804464,0.5716803365840486
238.0,87.69703960015379,93.42560553633218,83.33094555873927,86.51862464183382,77.68744354110206,81.60192713038242,74.22985781990523,79.53199052132702,79.78991596638654,82.3109243697479,80.54704049725737,84.67781443992467,70.70282658517952,82.59849394303176,74.93089038894244,84.9608914604093,80.6639247943596,89.2737955346651,79.91293956981906,89.4298395356777,80.59788619884478,89.84269386751875,77.36169350742908,87.22114286826051,78.95436700234322,85.94947865409259,0.5124483134627645,49.999999999999986,88.29787234042554,48.24561403508774,86.8421052631579,75.0,94.92753623188406,63.63636363636361,82.82828282828282,65.83333333333331,91.66666666666666,60.54306220095693,88.91249266608338,64.28571428571428,87.48524203069657,68.62745098039217,88.77005347593582,69.26691729323308,87.21804511278195,77.60416666666666,92.96875,84.24369747899159,93.69747899159663,72.80558934099955,90.0279139222022,66.67432577097824,89.47020329414279,0.5671667602743566
239.0,86.65897731641678,92.3106497500961,84.19054441260747,86.8481375358166,76.01626016260161,84.58295694068052,74.9407582938389,80.89454976303317,73.94957983193278,83.69747899159664,79.15122400347951,85.6667545962446,67.24598930481284,80.26301429662774,73.13082610093214,81.4979106396657,77.25616921269098,87.44300822561691,81.0003414134517,91.16080573574598,81.86370898365492,89.04387366351236,76.09940700310851,85.88172251223375,77.62531550329402,85.77423855423918,0.5124996653611816,49.999999999999986,88.29787234042554,49.12280701754388,86.40350877192982,66.66666666666667,94.92753623188406,63.63636363636361,82.49158249158249,60.83333333333333,91.66666666666666,58.051834130781494,88.75743330049772,64.28571428571428,87.48524203069657,69.6078431372549,88.77005347593582,70.5827067669173,87.31203007518798,77.60416666666666,92.96875,84.24369747899159,93.48739495798318,73.26482566710894,90.0046941079607,65.65832989894521,89.3810637042292,0.5740676523562832
240.0,82.14148404459823,83.23721645520953,79.62034383954158,83.62464183381088,76.19692863595301,84.04095152062631,73.94845971563984,80.07997630331754,73.86554621848738,83.10924369747899,77.15455249084401,82.81840596208865,69.57601222307105,78.95339954163484,74.76802742955104,84.96732026143792,75.84018801410109,86.39952996474736,79.37350631614886,87.42915670877433,78.02322723362418,87.93167014870345,75.51619224329924,85.13621532505958,76.33537236707163,83.97731064357411,0.5313064079215094,49.999999999999986,88.29787234042554,48.24561403508774,86.8421052631579,75.0,94.92753623188406,63.63636363636361,82.82828282828282,65.83333333333331,91.66666666666666,60.54306220095693,88.91249266608338,63.63636363636363,87.48524203069657,68.62745098039217,88.68092691622104,69.26691729323308,87.21804511278195,75.52083333333331,92.96875,84.24369747899159,93.69747899159663,72.25905254446276,90.01008861025923,66.40105737270984,89.4612906381713,0.5689656072914412
241.0,86.8319876970396,89.38869665513263,71.97707736389687,81.97707736389685,77.05510388437216,82.14393255043662,70.72719194312799,74.39277251184834,71.0924369747899,77.18487394957984,75.53675957264531,81.01747060617886,69.92933537051184,79.99290625341047,73.29368906032357,84.10586092360441,78.23149236192717,86.54524089306697,79.71833390235574,87.80129737111642,78.2137151284257,88.87182008111097,75.8773131647088,85.46342510446183,75.70703636867705,83.24044785532035,0.5368816183601247,49.999999999999986,88.29787234042554,49.12280701754388,86.40350877192982,75.0,94.92753623188406,63.63636363636361,82.49158249158249,65.83333333333331,91.66666666666666,60.71850079744816,88.75743330049772,63.63636363636363,87.48524203069657,68.62745098039217,88.68092691622104,69.26691729323308,87.12406015037594,77.60416666666666,92.96875,84.24369747899159,93.69747899159663,72.67571921112943,89.99129161777803,66.69711000428879,89.37436245913787,0.5723748581981619
242.0,76.75893886966553,89.77316416762784,85.05014326647567,90.05730659025788,74.97741644083106,84.10117434507679,76.0293246445498,81.38329383886256,71.05042016806722,76.9747899159664,76.77324867791785,84.4579457715583,71.41902215431625,80.80323038306231,73.78227793849777,82.515804135862,76.98589894242072,86.65804935370154,81.24786616592694,90.6282007511096,82.73933882266192,89.62148211871698,77.23488080476473,86.04535334849048,77.0040647413413,85.25164956002439,0.5282145450198904,49.999999999999986,88.29787234042554,49.12280701754388,86.40350877192982,66.66666666666667,94.20289855072464,65.15151515151514,82.49158249158249,60.83333333333333,91.66666666666666,58.35486443381179,88.61250576426582,63.63636363636363,87.36717827626919,69.6078431372549,88.68092691622104,69.26691729323308,87.03007518796993,77.60416666666666,92.96875,84.24369747899159,93.69747899159663,72.87179764250196,89.94888187441136,65.61333103815687,89.28069381933858,0.5745664265392921
243.0,88.04306036139947,93.11803152633603,72.75787965616047,84.85673352435529,82.20415537488705,86.08852755194219,74.22985781990522,79.5468009478673,76.07142857142857,82.81512605042018,78.66127635675615,85.2850439201842,71.56226126814362,82.61759249154207,71.9864995178399,81.18289938926391,77.09753231492364,84.43008225616923,81.84021850460908,90.61113007852511,78.69915202162959,89.59690303551677,76.23713272542916,85.68772145020341,77.44920454109266,85.4863826851938,0.5162454170917283,49.999999999999986,88.29787234042554,49.12280701754388,86.40350877192982,66.66666666666667,94.20289855072464,63.63636363636361,82.49158249158249,60.83333333333333,91.66666666666666,58.051834130781494,88.61250576426582,63.63636363636363,87.36717827626919,68.62745098039217,88.59180035650624,69.26691729323308,86.93609022556392,77.60416666666666,92.96875,84.24369747899159,93.69747899159663,72.67571921112943,89.91225956998719,65.36377667095546,89.2623826671265,0.5723927126765153
244.0,91.34948096885813,95.27104959630913,81.11747851002869,85.27220630372493,80.5329719963866,83.86028304727492,77.45112559241709,79.26540284360189,65.16806722689074,74.49579831932773,79.12382485891625,83.63294802204773,71.85828877005348,80.83324238786423,75.58662809386047,85.00160720025715,76.00470035252647,84.90246768507637,78.33048822123591,89.39228405599181,80.01720535824013,87.47081233869977,76.35946215918328,85.52008273357787,77.74164350904977,84.5765153778128,0.5278989592034455,49.999999999999986,89.36170212765958,49.12280701754388,86.40350877192982,66.66666666666667,94.20289855072464,65.15151515151514,82.82828282828282,60.83333333333333,91.66666666666666,58.35486443381179,88.8926117890527,63.63636363636363,87.24911452184179,69.6078431372549,88.68092691622105,69.26691729323308,86.93609022556392,77.60416666666666,92.96875,84.24369747899159,93.69747899159663,72.87179764250196,89.9064721310447,65.61333103815687,89.3995419600487,0.5797629467248521
245.0,82.31449442522107,84.69819300269128,80.05014326647566,84.7134670487106,80.12646793134596,86.1788617886179,73.47452606635073,78.59893364928911,79.05462184873949,81.17647058823529,79.00405070762658,83.07318521550884,71.33307868601987,82.48663101604278,72.47401692917602,81.98864245151613,77.80258519388956,86.6298472385429,81.15056333219528,91.61147149197679,76.16750645200933,88.71820081110975,75.78555011865801,86.28695860183765,77.39480041314229,84.68007190867326,0.5271779928528073,49.999999999999986,89.36170212765958,49.12280701754388,86.40350877192982,66.66666666666667,94.20289855072464,63.63636363636361,82.15488215488215,60.83333333333333,91.66666666666666,58.051834130781494,88.75793165437258,63.63636363636363,87.24911452184179,69.6078431372549,88.59180035650624,69.26691729323308,86.8421052631579,77.60416666666666,92.96875,84.24369747899159,93.90756302521008,72.87179764250196,89.91186663334321,65.46181588664173,89.3348991438579,0.57456242702355
246.0,91.17647058823529,95.42483660130719,83.90401146131808,86.71919770773638,79.7199638663053,88.1662149954833,71.8157582938389,76.85130331753555,78.27731092436974,84.53781512605042,80.97870302681346,86.33987354962258,71.64820473644001,83.22056095165338,72.31222543662273,83.79084967320262,77.74970622796712,85.84253819036428,82.53840901331515,91.57733014680778,79.33206341403466,87.4400884846995,76.71612176567594,86.37427348934551,78.84741239624469,86.35707351948405,0.5085756054396241,49.999999999999986,89.36170212765958,49.12280701754388,86.40350877192982,66.66666666666667,94.20289855072464,63.63636363636361,82.49158249158249,60.83333333333333,91.66666666666666,58.051834130781494,88.82527172171265,64.28571428571428,87.24911452184179,69.6078431372549,88.68092691622105,69.26691729323308,86.8421052631579,77.60416666666666,92.96875,84.24369747899159,93.69747899159663,73.0016677723721,89.88767513856348,65.5267509515768,89.35647343013807,0.5741758936779259
247.0,89.25413302575933,95.88619761630142,82.69340974212037,89.69914040114612,80.30713640469736,88.8888888888889,77.9250592417062,83.32345971563981,79.05462184873949,83.69747899159664,81.84687205260454,88.29903312271458,70.99885408708938,83.05140237913346,71.81935069109609,84.22800814314797,75.6874265569918,84.82491186839013,81.84021850460908,91.09935131444179,79.77448691163819,88.61373970750891,76.02406735028491,86.36348268252445,78.93546970144473,87.33125790261951,0.48906216035725353,49.999999999999986,89.36170212765958,49.12280701754388,86.40350877192982,66.66666666666667,94.20289855072464,63.63636363636361,82.49158249158249,65.83333333333331,91.66666666666666,59.051834130781494,88.82527172171265,63.63636363636363,87.24911452184179,68.62745098039217,88.68092691622105,69.26691729323308,86.8421052631579,75.52083333333331,92.96875,84.24369747899159,93.69747899159663,72.25905254446276,89.88767513856348,65.65544333762213,89.35647343013807,0.5725859427232936
248.0,91.52249134948097,94.73279507881584,87.40687679083096,92.8080229226361,77.23577235772355,83.98072869617586,72.66735781990525,85.1155213270142,70.31512605042015,70.84033613445378,79.82952487367217,85.49548083181915,71.79144385026738,82.63669104005238,70.02357227043821,82.15793421193615,77.26792009400708,85.74853113983549,80.55821099351316,88.5011949470809,80.45041169964361,90.31584121912252,76.01831178157389,85.87203851160548,77.92391832762303,85.68375967171232,0.521800274409108,49.999999999999986,88.29787234042554,49.12280701754388,85.96491228070175,66.66666666666667,94.20289855072464,63.63636363636361,82.49158249158249,65.83333333333331,91.66666666666666,59.051834130781494,88.52478646602022,63.63636363636363,87.24911452184179,68.62745098039217,88.68092691622105,69.26691729323308,86.8421052631579,75.52083333333331,92.96875,84.24369747899159,93.69747899159663,72.25905254446276,89.88767513856348,65.65544333762213,89.20623080229186,0.5720233689855462
249.0,86.65897731641678,95.77085736255286,80.19340974212035,82.42120343839541,81.75248419150857,85.63685636856368,72.05272511848342,76.82168246445498,77.54201680672269,75.67226890756304,79.63992263505037,83.26457370830599,67.52291825821237,79.8919567827131,71.98435658416369,83.43297974927675,76.22796709753233,86.8813160987074,78.82553772618641,88.87674974393991,80.89283519724714,89.69521936831755,75.09072297266839,85.75564434859095,77.36532280385939,84.51010902844847,0.5429445912692137,49.999999999999986,88.29787234042554,49.12280701754388,85.96491228070175,66.66666666666667,94.20289855072464,63.63636363636361,82.49158249158249,65.83333333333331,91.66666666666666,59.051834130781494,88.52478646602022,63.63636363636363,87.24911452184179,67.64705882352942,88.68092691622105,69.26691729323308,86.8421052631579,75.52083333333331,92.96875,84.24369747899159,93.69747899159663,72.0629741130902,89.88767513856348,65.55740412193585,89.20623080229186,0.5736170444272746
250.0,93.07958477508652,96.65513264129181,79.68481375358168,86.6189111747851,77.46160794941281,78.80156579343571,78.0657582938389,84.36018957345972,70.35714285714285,80.42016806722688,79.72978152581256,85.37119345003984,72.10656990068755,84.86576448761323,75.09482481517195,84.65230901103611,75.08225616921271,84.36427732079906,79.8156367360874,90.12632297712531,78.69915202162959,87.77190610790217,76.15968792855783,86.35611598089517,77.94473472718519,85.8636547154675,0.5122729547012127,49.999999999999986,88.29787234042554,49.12280701754388,85.96491228070175,66.66666666666667,94.20289855072464,63.63636363636361,82.49158249158249,65.83333333333331,91.66666666666666,59.051834130781494,88.52478646602022,64.28571428571428,87.24911452184179,68.62745098039217,88.59180035650624,69.26691729323308,86.8421052631579,75.52083333333331,92.96875,84.24369747899159,93.69747899159663,72.38892267433287,89.86984982662052,65.72037840255719,89.19731814632037,0.5703121406093397
251.0,85.27489427143406,93.50249903883122,85.05014326647567,91.87679083094555,76.87443541102077,86.05841613971695,75.41469194312799,76.76244075829383,68.9285714285714,72.85714285714286,78.30854726412598,84.21145792498608,71.43812070282658,81.17974462512278,72.64116575591983,83.16939890710383,76.06345475910695,85.18448883666275,82.08774325708433,89.7473540457494,79.86973085903895,89.25279587071402,76.42004306679533,85.70675645707055,77.36429516546065,84.95910719102832,0.5209321334173919,48.936170212765944,88.29787234042554,48.24561403508774,85.96491228070175,75.0,93.47826086956522,63.63636363636361,82.82828282828282,65.83333333333331,91.66666666666666,60.33029624351012,88.44719899712838,64.28571428571428,87.24911452184179,68.62745098039217,88.59180035650624,69.26691729323308,86.8421052631579,75.52083333333331,92.96875,80.67226890756304,93.69747899159663,71.67463696004717,89.86984982662052,66.00246660177865,89.15852441187445,0.5646980247035541
252.0,90.83044982698964,95.4632833525567,84.04727793696276,84.97134670487105,80.93947606142726,87.92532369768142,77.21415876777255,82.07938388625593,71.86974789915965,76.9747899159664,80.98022209846238,85.48282551146629,68.40145148968676,79.16348357524828,76.73202614379083,83.7051323261545,76.17508813160988,86.5123384253819,82.22942983953568,88.08125640150222,81.13555364384908,89.20978247511368,76.93470984969444,85.33439864068012,78.95746597407842,85.40861207607321,0.5174650135546769,48.936170212765944,87.2340425531915,48.24561403508774,85.52631578947368,75.0,92.7536231884058,63.63636363636361,82.82828282828282,65.83333333333331,91.66666666666666,60.33029624351012,88.0017862052041,64.28571428571428,87.24911452184179,67.64705882352942,88.59180035650624,69.26691729323308,86.8421052631579,75.52083333333331,92.96875,80.67226890756304,93.69747899159663,71.47855852867463,89.86984982662052,65.90442738609238,88.9358180159123,0.5637615450097502
253.0,88.562091503268,95.42483660130718,80.33667621776507,85.6160458452722,76.60343270099366,84.25173140620295,74.46682464454979,81.54620853080569,68.15126050420167,77.22689075630251,77.62405711415565,84.81314262797811,70.54048892284185,79.58365164247517,74.76588449587484,84.26658094931963,77.67920094007053,87.61692126909519,78.54216456128373,87.43598497780812,80.50264225144403,88.10986850190488,76.40607623430301,85.4026014681206,77.01506667422933,85.10787204804936,0.5234722268523925,49.999999999999986,88.29787234042554,49.12280701754388,85.96491228070175,75.0,93.47826086956522,63.63636363636361,82.15488215488216,65.83333333333331,91.66666666666666,60.71850079744816,88.31251886244827,64.28571428571428,87.24911452184179,68.62745098039217,88.59180035650624,69.26691729323308,86.8421052631579,75.52083333333331,93.09895833333333,80.67226890756304,93.69747899159663,71.67463696004717,89.89589149328717,66.19656887874766,89.10420517786773,0.5696468980312045
254.0,93.42560553633218,96.92425990003845,82.55014326647567,93.06590257879655,76.82926829268291,82.71604938271605,72.57109004739341,80.06516587677726,80.48319327731093,83.44537815126051,81.17186008403903,87.24335117791777,67.5802139037433,78.70511841100077,73.62048644594448,82.22865102325085,80.6756756756757,88.12220916568741,80.6111300785251,89.62444520314101,80.74536069804597,89.49244193191595,76.6465733603869,85.6345731469992,78.90921672221296,86.4389621624585,0.5053062946170694,49.999999999999986,89.36170212765958,49.12280701754388,85.96491228070175,66.66666666666667,94.20289855072464,63.63636363636361,82.15488215488216,65.83333333333331,91.66666666666666,59.051834130781494,88.67021235612697,64.28571428571428,87.24911452184179,68.62745098039217,88.59180035650624,69.26691729323308,87.12406015037594,75.52083333333331,93.09895833333333,84.24369747899159,93.90756302521008,72.38892267433287,89.99429927745348,65.72037840255719,89.33225581679022,0.5739069749613864
255.0,94.98269896193774,98.11610918877355,84.33381088825217,87.75071633237822,80.93947606142726,88.10599217103281,72.76362559241709,80.87973933649289,71.0924369747899,78.61344537815125,80.82240969576483,86.69320048136575,71.20893812070283,82.22197970097129,73.95156969891781,83.78656380585021,76.28084606345477,86.23501762632198,80.21338340730625,90.307272106521,79.38429396583507,90.24824874032198,76.20780625124334,86.55981639599729,78.51510797350409,86.62650843868153,0.4963920211002451,49.999999999999986,89.36170212765958,49.12280701754388,85.52631578947368,66.66666666666667,94.20289855072464,65.15151515151514,82.15488215488216,60.83333333333333,91.66666666666666,58.35486443381179,88.58249305788134,64.28571428571428,87.24911452184179,69.6078431372549,88.59180035650624,69.26691729323308,87.12406015037594,75.52083333333331,93.09895833333333,84.24369747899159,93.90756302521008,72.58500110570543,89.99429927745348,65.46993276975861,89.2883961676674,0.5777838967098327
256.0,92.38754325259517,96.65513264129181,82.40687679083096,85.11461318051575,76.4679313459801,79.79524239686842,75.17772511848344,79.69490521327013,76.9327731092437,80.58823529411765,80.67456992342667,84.36962574521276,70.70282658517952,80.92055003819709,72.64330868959603,83.39012107575272,78.23149236192717,86.95417156286722,79.37350631614886,88.25537726186411,82.20167137765763,88.92097824751136,76.63056106610185,85.6882396372385,78.65256549476426,85.02893269122563,0.5179187951896329,49.999999999999986,89.36170212765958,49.12280701754388,85.52631578947368,66.66666666666667,94.20289855072464,63.63636363636361,82.15488215488216,65.83333333333331,91.66666666666666,59.051834130781494,88.58249305788134,64.28571428571428,87.24911452184179,69.6078431372549,88.59180035650624,69.26691729323308,87.12406015037594,75.52083333333331,93.09895833333333,84.24369747899159,93.90756302521008,72.58500110570543,89.99429927745348,65.81841761824346,89.2883961676674,0.5761754166531066
257.0,92.0415224913495,96.61668589004229,77.55014326647566,82.1919770773639,74.93224932249322,82.89671785606744,76.02932464454979,77.87322274881517,84.07563025210084,84.24369747899159,80.9257739953938,84.76446021025608,70.03437738731856,80.97238895558223,76.89703203685843,84.0158577092039,77.20916568742659,87.35840188014102,80.31068624103793,88.40901331512462,81.37827209045103,89.44328376551555,77.1659066886185,86.03978912511346,79.04584034200616,85.40212466768477,0.5227714708860152,49.999999999999986,89.36170212765958,49.12280701754388,85.52631578947368,66.66666666666667,94.20289855072464,65.15151515151514,82.15488215488216,60.83333333333333,91.66666666666666,58.35486443381179,88.58249305788134,64.93506493506493,87.24911452184179,70.58823529411765,88.59180035650624,69.26691729323308,87.12406015037594,75.52083333333331,93.09895833333333,84.24369747899159,93.90756302521008,72.91094966694811,89.99429927745348,65.63290705037996,89.2883961676674,0.577739739244619
258.0,87.87004998077663,95.50173010380624,80.47994269340977,88.59598853868195,77.64227642276421,84.16139716952725,73.47452606635073,74.2298578199052,70.27310924369748,80.4201680672269,77.94798088139977,84.58182833982951,71.75324675324674,82.6557895885627,75.10018214936244,84.29229615343405,77.74970622796712,87.21974148061105,79.07306247866165,87.56572208945032,84.39535455327517,91.56322969153251,77.61431043250263,86.65935580071813,77.7811456569512,85.62059207027383,0.5159350207235278,49.999999999999986,89.36170212765958,49.12280701754388,85.52631578947368,66.66666666666667,94.20289855072464,63.63636363636361,82.15488215488216,60.83333333333333,91.66666666666666,58.051834130781494,88.58249305788134,64.93506493506493,87.24911452184179,68.62745098039217,88.59180035650624,69.26691729323308,87.12406015037594,75.52083333333331,93.09895833333333,84.24369747899159,93.90756302521008,72.518792804203,89.99429927745348,65.28531346749224,89.2883961676674,0.5776341464076583
259.0,93.77162629757785,95.30949634755864,77.12034383954158,83.8538681948424,76.82926829268291,81.93315266485997,74.70379146919433,82.864336492891,77.58403361344536,82.56302521008404,80.0018127024884,85.30477578204722,70.76967150496561,80.24118738404454,74.1133611914711,83.77156327011679,79.37132784958875,87.86133960047003,80.40798907476956,89.20792079207921,79.96497480643973,87.77190610790217,76.92546488544694,85.77078343092255,78.46363879396768,85.53777960648489,0.5086617725448692,48.936170212765944,88.29787234042554,49.12280701754388,85.52631578947368,75.0,93.47826086956522,63.63636363636361,82.49158249158249,65.83333333333331,91.66666666666666,60.50573484000135,88.29213963154272,64.93506493506493,87.24911452184179,67.64705882352942,88.59180035650624,69.26691729323308,87.12406015037594,75.52083333333331,93.09895833333333,80.67226890756304,93.90756302521008,71.60842865854475,89.99429927745348,66.05708174927305,89.14321945449811,0.5713604344372764
260.0,93.9446366782007,96.38600538254516,85.90974212034385,90.54441260744986,78.04878048780486,84.34206564287865,74.8000592417062,80.83530805687204,76.84873949579831,82.01680672268907,81.91039160477078,86.82491968248695,72.40259740259741,82.35021281239769,74.93089038894244,84.23872281152899,76.33372502937722,85.59106933019976,79.42642540116081,89.3888699214749,82.15865798205726,91.54479537913235,77.05045924082704,86.62273405094672,79.4804254227989,86.72382686671683,0.49153160012096686,48.936170212765944,89.36170212765958,49.12280701754388,85.08771929824562,66.66666666666667,94.20289855072464,63.63636363636361,82.15488215488216,65.83333333333331,91.66666666666666,58.83906817333468,88.49477375963572,64.93506493506493,87.24911452184179,68.62745098039217,88.59180035650624,69.26691729323308,87.12406015037594,75.52083333333331,93.09895833333333,84.24369747899159,93.90756302521008,72.518792804203,89.99429927745348,65.67893048876884,89.2445365185446,0.5752039964138627
261.0,94.63667820069206,97.65474817377931,85.19340974212038,92.49283667621776,81.12014453477866,86.14875037639264,76.69579383886258,81.27962085308056,76.89075630252098,79.03361344537815,82.90735652379493,87.32191390496969,71.33307868601986,80.78958856269782,74.44873031179682,83.99442837244186,77.63807285546417,85.82843713278496,81.39808808467053,89.9009900990099,82.79156937446234,91.10237188152882,77.52190786248275,86.32316320969267,80.21463219313884,86.82253855733117,0.4805821098800002,49.999999999999986,89.36170212765958,49.12280701754388,84.21052631578947,66.66666666666667,94.20289855072464,65.15151515151514,82.15488215488216,60.83333333333333,91.66666666666666,58.35486443381179,88.3193351631445,64.93506493506493,87.24911452184179,69.6078431372549,88.59180035650624,69.26691729323308,87.03007518796993,75.52083333333331,93.09895833333333,84.24369747899159,93.90756302521008,72.71487123557556,89.97550228497228,65.53486783469367,89.14741872405838,0.5799180403979702
262.0,92.73356401384085,95.96309111880046,87.40687679083096,90.67335243553009,88.93405600722672,90.1535682023487,77.21415876777253,78.2138625592417,73.34033613445378,76.59663865546219,83.92579834282496,86.32010259427662,70.70282658517952,80.63407181054241,74.60516447015962,82.69795349833923,79.91186839012929,88.43713278495888,82.83031751451007,88.89723455104131,79.72225635983779,88.89639916431118,77.55448666396326,85.9125583618386,80.74014250339411,86.11633047805762,0.503658595045273,48.936170212765944,88.29787234042554,49.12280701754388,85.52631578947368,75.0,94.92753623188406,63.63636363636361,82.49158249158249,65.83333333333331,91.66666666666666,60.50573484000135,88.5819947040065,64.93506493506493,87.13105076741441,68.62745098039217,88.59180035650624,69.26691729323308,87.12406015037594,75.52083333333331,93.09895833333333,80.67226890756304,93.90756302521008,71.8045070899173,89.970686526568,66.15512096495932,89.27634061528725,0.5758292463578611
263.0,93.77162629757785,95.92464436755095,80.05014326647566,86.84813753581662,85.0496838301716,89.5212285456188,74.46682464454979,80.80568720379148,76.11344537815125,87.3529411764706,81.89034468338522,88.09052776584969,69.50916730328494,81.85092218705664,73.94621236472729,83.91513982642238,77.79670975323153,86.85076380728555,80.70843291225675,89.21133492659612,80.69313014624555,89.97173405431978,76.5307304959492,86.3599789603361,79.21053758966721,87.22525336309289,0.4883295738491488,48.936170212765944,89.36170212765958,49.12280701754388,85.08771929824562,75.0,94.20289855072464,63.63636363636361,82.15488215488216,65.83333333333331,91.66666666666666,60.50573484000135,88.49477375963572,64.93506493506493,87.13105076741441,68.62745098039217,88.59180035650624,69.26691729323308,87.12406015037594,75.52083333333331,93.09895833333333,80.67226890756304,93.90756302521008,71.8045070899173,89.970686526568,66.15512096495932,89.23273014310186,0.5772704125102359
264.0,87.52402921953095,90.11918492887352,81.33954154727796,91.23209169054441,78.86178861788615,83.13760915386932,73.2375592417062,77.62144549763033,72.52100840336134,75.88235294117646,78.69678540595251,83.59853684241882,70.33040488922842,82.03099421586816,73.12975463409406,82.63795135540555,76.82138660399532,86.94477085781435,78.43632639125981,89.9453738477296,81.47351603785178,87.50153619270002,76.03827771128587,85.81212529390353,77.36753155861919,84.70533106816117,0.5248409279438304,48.936170212765944,89.36170212765958,49.12280701754388,84.21052631578947,66.66666666666667,93.47826086956522,63.63636363636361,82.15488215488216,65.83333333333331,91.66666666666666,58.83906817333468,88.17440762691263,64.93506493506493,87.13105076741441,67.64705882352942,88.59180035650624,69.26691729323308,87.03007518796993,75.52083333333331,93.09895833333333,80.67226890756304,93.90756302521008,71.60842865854475,89.9518895340868,65.22374841593972,89.06314858049971,0.5763052469908988
265.0,81.44944252210689,93.31026528258361,85.47994269340975,89.99999999999999,78.68112014453476,87.89521228545618,74.08915876777255,78.65817535545023,76.19747899159664,76.05042016806723,79.17942862388412,85.18281461831145,69.13674560733384,79.31627196333079,74.93089038894244,85.07232401157184,78.33725029377206,86.73560517038779,81.20348241720725,88.64458859679071,82.10642743025686,90.08233992872066,77.1429592275025,85.97022593416035,78.16119392569331,85.5765202762359,0.5024422873426674,48.936170212765944,89.36170212765958,49.12280701754388,84.21052631578947,75.0,93.47826086956522,63.63636363636361,82.15488215488216,65.83333333333331,91.66666666666666,60.50573484000135,88.17440762691263,64.93506493506493,87.13105076741441,67.64705882352942,88.59180035650624,69.26691729323308,87.03007518796993,75.52083333333331,93.09895833333333,80.67226890756304,93.90756302521008,71.60842865854475,89.9518895340868,66.05708174927305,89.06314858049971,0.5758260765772761
266.0,90.29219530949636,95.30949634755864,82.83667621776507,89.26934097421203,83.78500451671181,81.81270701595903,73.85219194312799,81.08708530805687,76.15546218487394,77.47899159663865,81.38430603439504,84.99152424848504,72.80366692131396,82.1128451380552,73.46083788706737,83.49941069323906,77.31492361927148,86.04700352526437,81.29224991464665,89.3888699214749,78.11847118102494,86.75801892589405,76.59802990466487,85.56122964078551,78.99116796952995,85.27637694463527,0.5084976558335376,49.999999999999986,88.29787234042554,49.12280701754388,85.08771929824562,58.333333333333336,93.47826086956522,65.15151515151514,82.15488215488216,60.83333333333333,91.66666666666666,56.68819776714513,88.13708026595705,65.58441558441558,87.13105076741441,70.58823529411765,88.59180035650624,69.26691729323308,87.03007518796993,75.52083333333331,93.09895833333333,84.24369747899159,93.90756302521008,73.04081979681824,89.9518895340868,64.86450878198168,89.04448490002193,0.5812805369267913
267.0,87.52402921953095,94.00230680507498,85.05014326647567,83.9111747851003,75.3839205058717,80.517916290274,79.82079383886258,84.99703791469194,76.84873949579831,81.5126050420168,80.92552526530784,84.9882081674316,71.22803666921314,85.80977845683728,75.09482481517195,84.91803278688525,78.06698002350178,85.0575793184489,80.70843291225675,91.56708774325709,82.06341403465652,88.6506083323092,77.43233769096003,87.20061732754755,79.17893147813393,86.09441274748957,0.500505237950749,48.936170212765944,87.2340425531915,49.12280701754388,85.08771929824562,75.0,93.47826086956522,63.63636363636361,82.15488215488216,65.83333333333331,91.66666666666666,60.50573484000135,87.92431430851022,64.93506493506493,87.13105076741441,67.64705882352942,88.50267379679146,69.26691729323308,87.03007518796993,75.52083333333331,93.09895833333333,80.67226890756304,93.90756302521008,71.60842865854475,89.93406422214385,66.05708174927305,88.92918926532704,0.5716305438937979
268.0,93.77162629757785,97.19338715878509,85.33667621776506,92.55014326647564,81.9783197831978,84.01084010840107,74.56309241706163,77.5622037914692,71.78571428571428,77.94117647058823,81.48708580026333,85.85155015914384,73.24293353705119,85.60242278729675,73.13404050144645,84.16586306653808,76.1750881316099,85.2361927144536,82.03482417207239,88.43291225674292,79.81750030723855,89.36954651591495,76.8808773298837,86.56138746818927,79.18398156507351,86.20646881366656,0.4995228934495577,49.999999999999986,89.36170212765957,49.12280701754388,85.08771929824562,58.333333333333336,93.47826086956522,65.15151515151514,82.15488215488216,60.83333333333333,91.66666666666666,56.68819776714513,88.34984622340384,66.23376623376623,87.01298701298703,70.58823529411765,88.50267379679146,69.26691729323308,87.03007518796993,75.52083333333331,93.09895833333333,84.24369747899159,93.90756302521008,73.17068992668837,89.91045147125837,64.92944384691674,89.1301488473311,0.5872261873111946
269.0,89.42714340638217,93.23337178008458,86.76934097421206,88.2808022922636,82.74616079494126,90.60523938572719,71.20112559241709,78.45082938388627,72.56302521008404,78.52941176470588,80.54135919560733,85.81993092133351,71.61000763941941,81.2152133580705,74.77338476374155,85.24804457302047,77.1034077555817,85.61927144535841,82.37965175827928,89.7712529873677,78.88963991643112,87.69202408750154,76.95121836669061,85.90916129026371,78.74628878114896,85.86454610579861,0.5096134017352503,49.999999999999986,88.29787234042554,49.12280701754388,85.08771929824562,58.333333333333336,94.92753623188406,65.15151515151514,82.15488215488216,60.83333333333333,91.66666666666666,56.68819776714513,88.4269353384208,65.58441558441558,87.01298701298703,70.58823529411765,88.50267379679146,69.26691729323308,87.12406015037594,75.52083333333331,93.09895833333333,84.24369747899159,93.90756302521008,73.04081979681824,89.92924846373957,64.86450878198168,89.1780919010802,0.5850344258127534
270.0,94.29065743944638,97.23183391003461,91.48280802292267,95.57306590257882,82.74616079494126,91.38813610358325,74.51866113744077,80.1095971563981,71.09243697478989,75.88235294117648,82.82614487390819,88.03699720275424,69.53781512605042,77.8811524609844,75.42376513446906,84.52373299046396,80.94594594594598,88.07755581668624,82.68009559576647,90.29020143393649,79.14157551923313,89.3019540371144,77.54583946429302,86.0149193478371,80.18599216910062,87.02595827529566,0.48777631551641826,49.999999999999986,88.29787234042554,49.12280701754388,85.96491228070175,58.333333333333336,94.92753623188406,65.15151515151514,82.15488215488216,65.83333333333331,91.66666666666666,57.68819776714513,88.60237393491204,65.58441558441558,87.01298701298703,70.58823529411765,88.50267379679146,69.26691729323308,87.12406015037594,75.52083333333331,93.09895833333333,84.24369747899159,93.90756302521008,73.04081979681824,89.92924846373957,65.36450878198168,89.26581119932581,0.5810355990459047
271.0,92.90657439446368,96.27066512879662,77.83667621776506,83.5243553008596,82.15898825654921,89.55133995784402,75.65165876777255,79.30983412322276,78.31932773109243,81.42857142857143,81.37464507352857,86.01695318785889,70.87471352177235,81.04878314962349,71.16789885353046,82.79224258009214,78.566392479436,85.84958871915394,82.28234892454763,88.79481051553432,80.74536069804597,88.9885707263119,76.72734289546649,85.49479913814316,79.05099398449752,85.75587616300103,0.5059065269509866,49.999999999999986,87.2340425531915,49.12280701754388,85.52631578947368,75.0,94.92753623188406,65.15151515151514,82.49158249158249,65.83333333333331,91.66666666666666,61.02153110047847,88.36922874655968,65.58441558441558,86.89492325855961,69.6078431372549,88.50267379679146,69.26691729323308,87.03007518796993,75.52083333333331,93.09895833333333,80.67226890756304,93.90756302521008,72.13045565115998,89.88683872037288,66.57599337581922,89.12803373346628,0.5778761831049791
272.0,87.69703960015379,90.11918492887351,83.69627507163324,86.38968481375358,79.08762420957541,83.43872327612165,75.03702606635073,83.38270142180095,71.0504201680672,77.81512605042018,79.31367702315607,84.22908409819398,71.5431627196333,84.57928625995854,73.46083788706737,83.82513661202185,76.33960047003528,83.7508813160987,80.95595766473198,88.73677022874702,84.88079144647905,93.57871451394863,77.43607003758942,86.89415778615493,78.37487353037275,85.56162094217446,0.5076029451781569,49.999999999999986,88.29787234042554,49.12280701754388,85.52631578947368,58.333333333333336,94.92753623188406,65.15151515151514,82.15488215488216,65.83333333333331,91.66666666666666,57.68819776714513,88.51465463666644,65.58441558441558,86.89492325855961,70.58823529411765,88.50267379679146,69.26691729323308,86.93609022556392,75.52083333333331,93.09895833333333,80.67226890756304,93.90756302521008,72.32653408253253,89.86804172789168,65.00736592483884,89.19134818227906,0.5814307586783162
273.0,87.87004998077663,94.77124183006535,83.12320916905446,90.0,74.5709123757904,84.19150858175249,72.14899289099527,80.89454976303318,76.28151260504201,80.0420168067227,78.79893540433174,85.97986339631476,72.27845683728036,83.46338535414166,72.47937426336652,83.10511089681775,78.29024676850767,86.51233842538191,84.8019801980198,92.27722772277228,79.5747818606366,90.44488140592357,77.48496798556219,87.16058876100745,78.14195169494697,86.57022607866111,0.494392030703529,49.999999999999986,87.2340425531915,49.12280701754388,85.52631578947368,75.0,94.92753623188406,63.63636363636361,82.15488215488216,65.83333333333331,91.66666666666666,60.71850079744816,88.30188867921962,65.58441558441558,86.89492325855961,67.64705882352942,88.50267379679146,69.26691729323308,87.03007518796993,75.52083333333331,93.09895833333333,80.67226890756304,93.90756302521008,71.73829878841488,89.88683872037288,66.22839979293153,89.09436369979625,0.5777846562670601
274.0,88.90811226451365,96.57823913879278,88.83954154727796,92.17765042979941,79.49412827461606,88.10599217103281,75.98489336492894,78.43601895734596,66.68067226890754,76.38655462184873,79.98146954404884,86.33689106376394,72.61268143621083,82.81403470479101,74.43801564341582,85.33804778742098,78.01410105757934,87.60517038777908,83.41413451689998,90.5223625810857,81.32604153865061,88.42325181270738,77.96099483855133,86.94057345475683,78.97123219130009,86.6387322592604,0.48813741975839414,49.999999999999986,89.36170212765957,49.12280701754388,84.64912280701753,58.333333333333336,94.92753623188406,65.15151515151514,82.15488215488216,65.83333333333331,91.66666666666666,57.68819776714513,88.551981997622,65.58441558441558,86.89492325855961,69.6078431372549,88.50267379679146,69.26691729323308,86.93609022556392,75.52083333333331,93.09895833333333,80.67226890756304,93.90756302521008,72.13045565115998,89.86804172789168,64.90932670915255,89.21001186275683,0.58128450252349
275.0,88.38908112264515,91.61860822760477,83.55300859598857,85.4297994269341,80.5329719963866,86.2089732008431,79.4875592417062,83.04206161137441,71.21848739495796,78.10924369747897,80.6362216703369,84.88173723284706,67.89533995416348,78.66964967805303,75.09375334833385,84.46801671488268,78.61339600470038,88.89071680376028,79.86855582109938,92.19528849436668,80.69313014624555,92.14698291753717,76.43283505490852,87.27413092171997,78.53452836262271,86.07793407728352,0.49526205921663213,49.999999999999986,89.36170212765957,49.12280701754388,85.08771929824562,66.66666666666667,94.92753623188406,65.15151515151514,83.5016835016835,65.83333333333331,91.66666666666666,59.35486443381179,88.90906156522787,65.58441558441558,86.89492325855961,67.64705882352942,88.59180035650624,69.26691729323308,86.93609022556392,75.52083333333331,93.09895833333333,80.67226890756304,93.90756302521008,71.73829878841488,89.88586703983464,65.54658161111334,89.39746430253126,0.5811461237219607
276.0,88.562091503268,93.00269127258747,82.69340974212037,87.0487106017192,84.2366757000903,90.06323396567298,72.28969194312799,80.07997630331754,76.23949579831934,82.47899159663865,80.8042729373852,86.53472074798717,70.43544690603514,77.62468623813162,74.60516447015962,84.50016072002572,77.42068155111636,86.35252643948297,82.63571184704678,90.2253328781154,79.23681946663389,89.22821678751383,76.86676484819836,85.58618461265391,78.83551889279178,86.06045268032054,0.49381237227521835,49.999999999999986,89.36170212765957,49.12280701754388,84.64912280701753,58.333333333333336,94.92753623188406,65.15151515151514,83.83838383838385,65.83333333333331,91.66666666666666,57.68819776714513,88.88868233432234,65.58441558441558,86.89492325855961,69.6078431372549,88.50267379679144,69.26691729323308,86.93609022556392,75.52083333333331,93.09895833333333,80.67226890756304,93.90756302521008,72.13045565115998,89.86804172789168,64.90932670915255,89.378362031107,0.5835053859822013
277.0,95.67474048442908,97.77008842752788,78.69627507163327,86.36103151862464,83.19783197831975,86.84131285757303,77.16972748815168,79.14691943127961,76.11344537815124,79.95798319327731,82.170404080137,86.0154670856565,71.1707410236822,80.81687220342683,75.25983070823955,83.52512589735348,77.96709753231494,85.0834312573443,81.59269375213384,89.5390918402185,78.40420302322723,91.39732087993117,76.87891320791957,86.07236841565485,79.52465864402828,86.04391775065568,0.49127973616672665,49.999999999999986,88.29787234042553,49.12280701754388,85.52631578947368,66.66666666666667,94.92753623188406,65.15151515151514,84.17508417508417,65.83333333333331,91.66666666666666,59.35486443381179,88.91869504070682,65.58441558441558,86.89492325855961,70.58823529411765,88.50267379679144,69.26691729323308,86.93609022556392,75.52083333333331,93.09895833333333,80.67226890756304,93.90756302521008,72.32653408253253,89.86804172789168,65.84069925817217,89.39336838429925,0.5828745816851008
278.0,93.07958477508652,96.078431372549,82.40687679083096,86.17478510028653,76.82926829268291,81.51159289370672,71.8157582938389,75.97748815165876,69.66386554621847,71.21848739495799,78.75907073973154,82.1921569826318,70.96065699006874,83.65437083924479,74.60409300332152,84.52801885781635,77.25616921269098,85.283196239718,80.7613519972687,88.8835780129737,80.84060464544672,88.48469952070789,76.88457516975933,86.16677269409215,77.82182295474544,84.17946483836198,0.5190601641296041,49.999999999999986,90.42553191489363,49.12280701754388,83.77192982456141,58.333333333333336,95.65217391304348,65.15151515151514,84.51178451178451,60.83333333333333,91.66666666666666,56.68819776714513,89.20561736618995,65.58441558441558,86.89492325855961,70.58823529411765,88.50267379679144,69.26691729323308,86.8421052631579,75.52083333333331,93.09895833333333,84.24369747899159,93.90756302521008,73.04081979681824,89.84924473541048,64.86450878198168,89.52743105080022,0.5917781514261059
279.0,93.77162629757785,97.50096116878125,85.12893982808026,87.12034383954155,79.04245709123755,85.18518518518519,73.94845971563984,76.2292654028436,80.52521008403362,83.02521008403362,82.48333860331383,85.81219313607704,71.24713521772345,81.68176361453672,73.9547840994321,83.139397835637,76.50411280846066,85.88249118683902,82.52987367702286,89.75418231478321,81.23079759124985,90.30969644832247,77.09334067877778,86.15350628002368,79.78833964104581,85.98284970805037,0.49803063912108286,49.999999999999986,90.42553191489363,49.12280701754388,85.08771929824562,66.66666666666667,94.92753623188406,65.15151515151514,84.17508417508417,65.83333333333331,91.66666666666666,59.35486443381179,89.25650765735483,65.58441558441558,86.89492325855961,68.62745098039217,88.50267379679144,69.26691729323308,86.8421052631579,75.52083333333331,93.09895833333333,80.67226890756304,93.48739495798318,71.93437721978742,89.76521112196511,65.64462082679961,89.51085938965997,0.5812748877936527
280.0,88.04306036139947,93.6562860438293,82.97994269340977,86.38968481375359,84.4173441734417,88.10599217103282,82.37559241706163,84.21208530805686,81.95378151260503,86.84873949579833,83.95394423158352,87.84255756649418,73.05194805194803,83.41700316490231,72.80295724847315,83.61512911175399,79.90599294947123,89.37720329024678,81.89313758962103,90.3448275862069,82.49662037605998,91.876613002335,78.03013124311468,87.726155231089,80.99203773734911,87.78435639879159,0.4704149223119977,49.999999999999986,89.36170212765957,49.12280701754388,85.08771929824562,66.66666666666667,94.92753623188406,65.15151515151514,84.17508417508417,65.83333333333331,91.66666666666666,59.35486443381179,89.04374169990801,65.58441558441558,86.77685950413223,69.6078431372549,88.50267379679144,69.26691729323308,86.74812030075188,75.52083333333331,93.09895833333333,80.67226890756304,93.48739495798318,72.13045565115998,89.7228013785984,65.74266004248588,89.3832715392532,0.5780156083114103
281.0,83.52556708958095,95.00192233756248,77.69340974212035,87.27793696275072,82.7913279132791,85.18518518518519,74.75562796208534,83.27902843601895,77.62605042016806,76.97478991596638,79.27839662544676,85.54377256749675,72.15431627196332,81.77998472116118,73.45548055287686,82.7643844423015,78.45475910693305,87.85428907168037,82.23796517582794,89.7336975076818,77.58080373602066,87.36635123509892,76.77666496872436,85.89974139558475,78.02753079708556,85.72175698154075,0.5017489852372311,49.999999999999986,88.29787234042553,49.12280701754388,85.08771929824562,66.66666666666667,94.92753623188406,65.15151515151514,84.17508417508417,65.83333333333331,91.66666666666666,59.35486443381179,88.83097574246122,65.58441558441558,86.77685950413223,70.58823529411765,88.50267379679144,69.26691729323308,86.74812030075188,75.52083333333331,93.09895833333333,80.67226890756304,93.48739495798318,72.32653408253253,89.7228013785984,65.84069925817217,89.27688856052981,0.5791738649388961
282.0,93.9446366782007,96.07843137254902,85.47994269340978,89.98567335243553,84.4173441734417,88.46732911773562,75.98489336492894,79.4431279620853,71.78571428571428,81.76470588235294,82.32250623913907,87.14785353743169,67.35103132161954,82.37203972498091,74.27515268402439,82.63366548805315,75.30552291421859,84.53113983548765,80.66404916353704,90.2902014339365,82.34914587685878,89.58461349391669,75.98898039205167,85.88233199527497,79.15574331559537,86.51509276635332,0.48179893405605295,49.999999999999986,89.36170212765957,49.12280701754388,84.64912280701753,66.66666666666667,94.92753623188406,65.15151515151514,84.17508417508417,65.83333333333331,91.66666666666666,59.35486443381179,88.95602240166241,65.58441558441558,86.77685950413223,68.62745098039217,88.41354723707666,69.26691729323308,86.74812030075188,75.52083333333331,93.09895833333333,80.67226890756304,93.69747899159663,71.93437721978742,89.74699287337815,65.64462082679961,89.35150763752029,0.5833904648290319
283.0,92.73356401384085,95.42483660130718,83.69627507163327,87.32091690544412,82.74616079494126,89.85245408009635,70.20882701421803,76.15521327014217,75.42016806722688,81.21848739495799,80.96099899237205,85.99438165038956,69.92933537051182,81.40619884317363,74.76695596271293,82.9208186006643,80.2467685076381,89.09283196239718,81.39808808467053,90.1297371116422,80.50264225144403,89.89185203391912,77.36875803539547,86.68828771035928,79.16487851388376,86.34133468037442,0.4831939968058489,49.999999999999986,89.36170212765957,49.12280701754388,84.21052631578947,66.66666666666667,94.92753623188406,65.15151515151514,83.50168350168352,65.83333333333331,91.66666666666666,59.35486443381179,88.73362296873665,65.58441558441558,86.77685950413223,69.6078431372549,88.41354723707666,69.26691729323308,86.74812030075188,75.52083333333331,93.09895833333333,80.67226890756304,93.48739495798318,72.13045565115998,89.70497606665546,65.74266004248588,89.21929951769606,0.580559561587553
284.0,88.90811226451366,94.54056132256825,81.76934097421206,85.22922636103152,82.97199638663051,83.16772056609456,78.25829383886258,80.59834123222748,79.70588235294117,87.81512605042016,82.322725163432,86.27019510646839,72.08747135217722,84.06635381425298,74.27836708453871,83.19297117754205,76.87426556991778,86.24676850763807,82.63571184704678,91.20518948446569,81.86370898365492,91.09008233992873,77.54790496746708,87.1602730647655,79.93531506544954,86.71523408561694,0.48488091485974716,48.936170212765944,88.29787234042553,49.12280701754388,84.21052631578947,66.66666666666667,94.92753623188406,65.15151515151514,83.50168350168352,65.83333333333331,91.66666666666666,59.14209847636499,88.52085701128983,65.58441558441558,86.65879574970484,69.6078431372549,88.41354723707666,69.26691729323308,86.65413533834587,75.52083333333331,93.09895833333333,80.67226890756304,93.48739495798318,72.13045565115998,89.66256632328877,65.63627706376249,89.0917116672893,0.578573799606868
285.0,94.63667820069203,96.00153787004999,81.19627507163327,85.68767908309457,81.75248419150857,84.19150858175249,78.96919431279625,82.71623222748816,75.46218487394958,80.33613445378151,82.40336333011594,85.78661844323332,70.03437738731856,83.61617374222415,73.95049823207968,82.24365155898425,81.27497062279674,88.92596944770858,80.46090815978152,91.04131102765449,79.67002580803737,90.22981442792184,77.07815604200277,87.21138404089865,79.74075968605936,86.49900124206599,0.4821143172182086,49.999999999999986,88.29787234042553,49.12280701754388,84.21052631578947,66.66666666666667,94.92753623188406,65.15151515151514,84.17508417508417,65.83333333333331,91.66666666666666,59.35486443381179,88.65553714596997,65.58441558441558,86.77685950413223,71.56862745098039,88.41354723707666,69.26691729323308,86.65413533834587,75.52083333333331,93.09895833333333,80.67226890756304,93.48739495798318,72.52261251390507,89.68617907417426,65.93873847385844,89.17085811007212,0.581321396688031
286.0,88.562091503268,94.42522106881968,85.76647564469914,90.48710601719198,83.19783197831977,87.11231556760012,74.80005924170618,81.57582938388626,80.48319327731092,84.28571428571429,82.5619303290608,87.57723726464245,70.87471352177234,83.9490341591182,76.4030858244937,86.0645023036537,78.33725029377206,87.76968272620446,84.74906111300785,90.84329122567428,80.59788619884478,89.20363770431364,78.19239939037814,87.56602962379284,80.37716485971947,87.57163344421764,0.4784239060326322,49.999999999999986,89.36170212765957,49.12280701754388,84.21052631578947,66.66666666666667,94.92753623188406,65.15151515151514,84.17508417508417,65.83333333333331,91.66666666666666,59.35486443381179,88.86830310341679,65.58441558441558,86.77685950413223,71.56862745098039,88.23529411764707,69.26691729323308,86.74812030075188,75.52083333333331,93.09895833333333,80.67226890756304,93.48739495798318,72.52261251390507,89.66932544276953,65.93873847385844,89.26881427309317,0.5821792146779217
287.0,93.9446366782007,98.07766243752403,87.69340974212037,90.51575931232092,79.26829268292681,87.32309545317673,78.53969194312799,81.02784360189574,74.03361344537814,79.53781512605042,82.6959288983508,87.29643518619358,71.94423223834987,81.41165557131944,76.73202614379083,85.5930568948891,76.98589894242072,85.882491186839,80.46090815978152,89.56299078183679,78.74216541722994,87.999262627504,76.97304618031458,86.08989141247767,79.83448753933268,86.69316329933562,0.4873907665227612,49.999999999999986,89.36170212765957,49.12280701754388,84.21052631578947,66.66666666666667,94.92753623188406,65.15151515151514,84.17508417508417,65.83333333333331,91.66666666666666,59.35486443381179,88.86830310341679,65.58441558441558,86.77685950413223,71.56862745098039,88.23529411764707,69.26691729323308,86.65413533834587,75.52083333333331,93.09895833333333,80.67226890756304,93.48739495798318,72.52261251390507,89.65052845028833,65.93873847385844,89.25941577685256,0.5848783472343203
288.0,88.562091503268,95.50173010380622,84.62034383954156,87.79369627507162,81.75248419150854,85.78741342968986,75.03702606635073,80.52428909952607,80.48319327731089,86.26050420168067,82.09102777559595,87.17352662195489,71.75324675324674,80.74320637345848,76.73309761062893,85.80949319618558,77.5323149236193,87.60282021151586,80.50529190850119,89.21474906111301,80.20769325304167,88.3249354799066,77.34632888980757,86.3390408644359,79.71867833270176,86.7562837431954,0.4756140256496354,49.999999999999986,89.36170212765957,49.12280701754388,84.21052631578947,66.66666666666667,94.92753623188406,65.15151515151514,84.17508417508417,65.83333333333331,91.66666666666666,59.35486443381179,88.86830310341679,65.58441558441558,86.89492325855961,71.56862745098039,88.23529411764707,69.26691729323308,86.56015037593986,75.52083333333331,93.09895833333333,80.67226890756304,93.48739495798318,72.52261251390507,89.65534420869263,65.93873847385844,89.2618236560547,0.5820726763061818
289.0,94.29065743944638,97.00115340253748,80.90974212034388,84.5702005730659,80.48780487804875,88.46732911773562,77.78436018957349,81.87203791469196,76.19747899159661,85.7563025210084,81.93400872380181,87.53340470580785,73.7872421695951,84.28462294008513,74.93303332261864,82.64438015643417,78.12573443008229,86.00940070505287,83.90918402185048,90.81597814953909,82.68710827086151,85.8485928474868,78.68846044300162,85.92059495971962,80.31123458340171,86.72699983276374,0.4791696901383286,48.936170212765944,87.23404255319149,49.12280701754388,84.64912280701753,75.0,94.92753623188406,63.63636363636361,84.17508417508417,65.83333333333331,91.66666666666666,60.50573484000135,88.53049048676878,65.58441558441558,86.89492325855961,69.6078431372549,88.23529411764707,69.26691729323308,86.56015037593986,75.52083333333331,93.09895833333333,80.67226890756304,93.48739495798318,72.13045565115998,89.65534420869263,66.31809524558066,89.0929173477307,0.5745345025445678
290.0,95.50173010380624,97.57785467128028,85.90974212034386,90.65902578796562,81.93315266485996,90.99668774465522,79.58382701421803,82.9531990521327,73.2142857142857,78.31932773109244,83.22854752350274,88.10121899742526,70.55958747135217,83.72257994106734,72.31972570448943,83.08796742740812,77.85546415981202,87.05757931844889,80.40798907476956,89.2010925230454,80.30293720044244,90.44488140592357,76.28914072217313,86.70282012317867,79.75884412283793,87.40201956030197,0.4779884078295808,49.999999999999986,89.36170212765957,49.12280701754388,84.64912280701753,66.66666666666667,94.92753623188406,65.15151515151514,84.17508417508417,65.83333333333331,91.66666666666666,59.35486443381179,88.95602240166241,65.58441558441558,87.01298701298703,69.6078431372549,88.32442067736186,69.26691729323308,86.56015037593986,75.52083333333331,93.09895833333333,80.67226890756304,93.48739495798318,72.13045565115998,89.69678227152106,65.74266004248588,89.32640233659174,0.5839155640271579
