Epoch,Train_BAcc_CN_1,Train_ROCAUC_CN_1,Train_BAcc_CN_2,Train_ROCAUC_CN_2,Train_BAcc_CN_3,Train_ROCAUC_CN_3,Train_BAcc_CN_4,Train_ROCAUC_CN_4,Train_BAcc_CN_5,Train_ROCAUC_CN_5,Train_Avg_BAcc_CN,Train_Avg_ROCAUC_CN,Train_BAcc_MCI_1,Train_ROCAUC_MCI_1,Train_BAcc_MCI_2,Train_ROCAUC_MCI_2,Train_BAcc_MCI_3,Train_ROCAUC_MCI_3,Train_BAcc_MCI_4,Train_ROCAUC_MCI_4,Train_BAcc_MCI_5,Train_ROCAUC_MCI_5,Train_Avg_BAcc_MCI,Train_Avg_ROCAUC_MCI,Train_Avg_BAcc,Train_Avg_ROCAUC,Train_Loss,Val_BAcc_CN_1,Val_ROCAUC_CN_1,Val_BAcc_CN_2,Val_ROCAUC_CN_2,Val_BAcc_CN_3,Val_ROCAUC_CN_3,Val_BAcc_CN_4,Val_ROCAUC_CN_4,Val_BAcc_CN_5,Val_ROCAUC_CN_5,Val_Avg_BAcc_CN,Val_Avg_ROCAUC_CN,Val_BAcc_MCI_1,Val_ROCAUC_MCI_1,Val_BAcc_MCI_2,Val_ROCAUC_MCI_2,Val_BAcc_MCI_3,Val_ROCAUC_MCI_3,Val_BAcc_MCI_4,Val_ROCAUC_MCI_4,Val_BAcc_MCI_5,Val_ROCAUC_MCI_5,Val_Avg_BAcc_MCI,Val_Avg_ROCAUC_MCI,Val_Avg_BAcc,Val_Avg_ROCAUC,Val_Loss
1.0,0.0,55.55555555555556,0.0,54.78510028653295,0.0,42.00542005420054,0.0,50.78495260663507,0.0,55.21008403361345,0.0,51.66822250730752,50.0,50.133689839572185,49.99999999999999,49.90892531876138,50.0,49.52526439482961,50.000000000000014,42.826903379993176,50.0,50.44549588300355,50.0,48.56805576323198,25.0,50.11813913526975,1.115856031864805,0.0,13.829787234042556,0.0,25.0,0.0,23.91304347826087,0.0,53.87205387205387,0.0,40.833333333333336,0.0,31.48964358353813,49.99999999999999,55.96221959858324,50.0,31.951871657754005,50.0,37.45300751879699,50.000000000000014,26.041666666666664,49.99999999999999,22.268907563025213,50.0,34.73553460096522,25.0,33.112589092251675,1.1153060013874616
2.0,0.0,43.1757016532103,0.0,44.72779369627507,0.0,58.62691960252937,0.0,56.649881516587676,0.0,46.76470588235294,0.0,49.98900047019107,50.0,42.880333951762516,49.99999999999999,46.505946640951464,50.0,49.00822561692127,50.000000000000014,49.20792079207921,50.0,52.083077301216655,50.0,47.93710086058622,25.0,48.96305066538865,1.1154234257379738,0.0,17.021276595744684,0.0,27.631578947368425,0.0,34.05797101449276,0.0,43.26599326599327,0.0,37.49999999999999,0.0,31.895363964719827,49.99999999999999,46.044864226682414,50.0,35.42780748663102,50.0,45.53571428571429,50.000000000000014,35.15625,49.99999999999999,23.52941176470588,50.0,37.13880955274672,25.0,34.51708675873327,1.1143643072419502
3.0,0.0,39.946174548250674,0.0,64.4699140401146,0.0,49.744052996085514,0.0,47.067535545023695,0.0,47.773109243697476,0.0,49.8001572746344,50.0,50.25373785877987,49.99999999999999,48.88031715418408,50.0,47.38190364277321,50.000000000000014,49.50836462956641,50.0,50.01228954160011,50.0,49.20732256538074,25.0,49.503739920007575,1.1140502387504243,0.0,22.340425531914892,0.0,30.701754385964918,0.0,31.884057971014496,0.0,40.74074074074075,0.0,31.66666666666667,0.0,31.46672905926034,49.99999999999999,40.200708382526564,50.0,44.741532976827095,50.0,54.08834586466165,50.000000000000014,41.66666666666667,49.99999999999999,30.46218487394958,50.0,42.23188775292631,25.0,36.84930840609333,1.1133171137174833
4.0,0.0,40.984236831987694,0.0,45.25787965616046,0.0,49.744052996085514,0.0,43.85367298578199,0.0,55.00000000000001,0.0,46.96796849400313,50.0,39.801375095492745,49.99999999999999,49.3731918997107,50.0,51.153936545240896,50.000000000000014,50.177534994878805,50.0,45.74167383556593,50.0,47.249542474177815,25.0,47.10875548409047,1.1135503456626297,0.0,20.21276595744681,0.0,28.50877192982456,0.0,30.434782608695656,0.0,41.41414141414141,0.0,30.000000000000004,0.0,30.11409238202169,49.99999999999999,39.07910271546635,50.0,52.80748663101604,50.0,60.6203007518797,50.000000000000014,55.53385416666667,49.99999999999999,44.11764705882353,50.0,50.43167826477046,25.0,40.272885323396075,1.1123227370097353
5.0,0.0,52.01845444059976,0.0,47.32091690544413,0.0,47.63625414031918,0.0,46.030805687203795,0.0,39.6218487394958,0.0,46.525655982612534,50.0,48.249754447233435,49.99999999999999,50.83467266688096,50.0,48.57109283196239,50.000000000000014,54.62956640491636,50.0,47.64040801278113,50.0,49.985098872754854,25.0,48.2553774276837,1.112370684877547,0.0,21.276595744680854,0.0,37.71929824561403,0.0,42.7536231884058,0.0,44.107744107744104,0.0,29.166666666666668,0.0,35.00478559062229,49.99999999999999,40.377804014167644,50.0,57.352941176470594,50.0,63.0639097744361,50.000000000000014,62.63020833333333,49.99999999999999,51.890756302521,50.0,55.06312392018574,25.0,45.03395475540401,1.1113066303256682
6.0,0.0,50.788158400615146,0.0,60.00000000000001,0.0,51.61096055404998,0.0,50.192535545023695,0.0,46.34453781512605,0.0,51.787238462962975,50.0,53.12397686347266,49.99999999999999,51.90185363762993,50.0,55.35135135135134,50.000000000000014,54.55104131102766,50.0,51.25353324321003,50.0,53.23635128133833,25.0,52.51179487215065,1.110519495495825,0.0,21.276595744680847,0.0,46.05263157894737,0.0,43.47826086956522,0.0,42.42424242424242,0.0,29.166666666666668,0.0,36.479679456820506,49.99999999999999,41.97166469893743,50.0,59.35828877005348,50.0,65.41353383458647,50.000000000000014,66.015625,49.99999999999999,54.6218487394958,50.0,57.476192208614634,25.0,46.97793583271757,1.1102736693508024
7.0,0.0,44.905805459438675,0.0,51.99140401146132,0.0,47.45558566696778,0.0,46.01599526066351,0.0,58.40336134453781,0.0,49.754430348613816,50.0,54.66413838262578,49.99999999999999,46.690238937104894,50.0,48.646298472385425,50.000000000000014,51.35882553772618,50.0,50.964729015607716,50.0,50.46484606909,25.0,50.109638208851905,1.1099390703436098,0.0,28.723404255319146,0.0,42.76315789473684,0.0,39.85507246376812,0.0,38.888888888888886,0.0,16.666666666666668,0.0,33.37943803387593,49.99999999999999,45.041322314049594,50.0,61.40819964349377,50.0,70.77067669172934,50.000000000000014,69.3359375,49.99999999999999,61.764705882352935,50.0,61.66416840632513,25.0,47.52180322010053,1.1092700438469207
8.0,0.0,37.44713571703191,0.0,42.99426934097421,0.0,58.17524841915085,0.0,47.6303317535545,0.0,39.075630252100844,0.0,45.06452309656246,50.0,56.73905926006766,49.99999999999999,51.07468123861567,50.0,50.410105757931845,50.000000000000014,51.68999658586549,50.0,43.4742534103478,50.0,50.67761925056569,25.0,47.871071173564076,1.1091630850293406,0.0,29.78723404255319,0.0,41.66666666666667,0.0,41.30434782608695,0.0,35.01683501683501,0.0,13.333333333333334,0.0,32.22168337709503,49.99999999999999,51.77095631641087,50.0,67.7807486631016,50.0,75.28195488721805,50.000000000000014,73.69791666666667,49.99999999999999,68.4873949579832,50.0,67.40379429827608,25.0,49.81273883768556,1.1080054878421866
9.0,0.0,58.439061899269504,0.0,42.893982808022926,0.0,53.56820234869015,0.0,54.32464454976304,0.0,38.739495798319325,0.0,49.593077480812994,50.0,48.32205609516534,49.99999999999999,44.783027965284475,50.0,52.188014101057576,50.000000000000014,48.72311369067941,50.0,48.924665109991395,50.0,48.58817539243564,25.0,49.09062643662432,1.1078120578183317,0.0,37.234042553191486,0.0,35.74561403508772,0.0,33.33333333333333,0.0,30.639730639730644,0.0,13.333333333333334,0.0,30.057210778935303,49.99999999999999,58.67768595041323,50.0,76.6488413547237,50.0,82.89473684210526,50.000000000000014,78.64583333333333,49.99999999999999,72.68907563025209,50.0,73.91123462216552,25.0,51.98422270055041,1.106569940674415
10.0,0.0,52.59515570934256,0.0,51.446991404011456,0.0,52.60463715748268,0.0,48.48933649289099,0.0,50.882352941176464,0.0,51.203694740980836,50.0,57.595765578958854,49.99999999999999,47.44883745848066,50.0,52.30317273795535,50.000000000000014,47.68521679754182,50.0,54.184588914833476,50.0,51.843516297554025,25.0,51.523605519267434,1.1058303754780865,0.0,31.914893617021278,0.0,30.263157894736846,0.0,30.43478260869565,0.0,29.629629629629626,0.0,17.5,0.0,27.94849275001668,49.99999999999999,70.60212514757968,50.0,80.21390374331551,50.0,87.5,50.000000000000014,81.51041666666666,49.99999999999999,81.09243697478992,50.0,80.18377650647037,25.0,54.066134628243525,1.1047923818315368
11.0,0.0,61.5916955017301,0.0,45.902578796561606,0.0,52.39385727190605,0.0,42.95023696682465,0.0,45.42016806722688,0.0,49.65170732084986,50.0,57.00780312124849,49.99999999999999,47.626700953605486,50.0,49.13278495887192,50.000000000000014,48.56947763741892,50.0,50.58989799680472,50.0,50.5853329335899,25.0,50.11852012721988,1.1045818713509064,0.0,27.659574468085108,0.0,31.14035087719298,0.0,35.507246376811594,0.0,27.609427609427605,0.0,15.0,0.0,27.38331986630346,49.99999999999999,77.33175914994096,50.0,81.55080213903744,50.0,88.62781954887218,50.000000000000014,83.59375,49.99999999999999,85.92436974789916,50.0,83.40570011714996,25.0,55.39450999172671,1.1026156684133688
12.0,0.0,52.825836216839676,0.0,37.70773638968481,0.0,46.19090635350798,0.0,48.97808056872037,0.0,45.924369747899156,0.0,46.325385855330396,50.0,53.754228964312986,49.99999999999999,47.07810993249758,50.0,51.19388954171562,49.752475247524764,51.66609764424719,50.0,49.42239154479538,49.95049504950495,50.62294352551375,24.975247524752476,48.47416469042207,1.1032177435125796,0.0,26.595744680851062,0.0,31.57894736842105,0.0,32.60869565217391,0.0,24.915824915824913,0.0,15.0,0.0,26.139842523454185,49.99999999999999,80.16528925619835,50.0,83.60071301247773,50.0,89.84962406015038,50.000000000000014,84.89583333333334,49.99999999999999,87.39495798319328,50.0,85.18128352907061,25.0,55.660563026262395,1.1003605277725896
13.0,0.0,59.93848519800077,0.0,43.939828080229226,1.8518518518518514,43.872327612165016,1.5625000000000007,43.48341232227489,1.428571428571428,45.840336134453786,0.968584656084656,47.414877869424735,50.0,48.11060787951544,49.99999999999999,50.39429979642131,50.0,52.74500587544067,50.000000000000014,53.85797200409696,49.90475605259925,52.18139363401746,49.98095121051985,51.457855837898364,25.474767933302253,49.43636685366155,1.1007827940527628,0.0,27.659574468085108,0.0,32.01754385964912,0.0,33.333333333333336,0.0,23.905723905723903,0.0,18.333333333333336,0.0,27.049901780024964,49.99999999999999,81.70011806375443,50.0,84.84848484848484,50.0,90.0375939849624,50.000000000000014,86.19791666666667,49.99999999999999,88.8655462184874,50.0,86.32993195647116,25.0,56.68991686824806,1.0979037311554365
14.0,0.0,42.637447135717025,0.0,55.04297994269341,0.0,54.0499849442939,4.687500000000002,51.49585308056872,4.285714285714285,52.100840336134446,1.7946428571428572,51.065421087881504,50.0,56.599912692349676,49.67320261437907,51.07039537126327,50.111633372502936,55.63807285546416,49.10720382383067,52.88152953226356,53.02629961902422,58.00663635246406,50.38366788594738,54.83930936076094,26.089155371545118,52.95236522432123,1.097674602660973,0.0,29.78723404255319,0.0,32.45614035087719,0.0,34.05797101449276,0.0,21.548821548821547,0.0,19.166666666666668,0.0,27.403366724682275,49.99999999999999,82.64462809917356,50.0,85.38324420677363,50.0,90.69548872180451,50.000000000000014,86.58854166666667,49.99999999999999,89.91596638655463,50.0,87.0455738161946,25.0,57.22447027043844,1.0950214193737138
15.0,0.0,53.36409073433295,0.0,46.87679083094556,3.703703703703703,54.11020776874436,10.937500000000004,51.54028436018957,19.999999999999996,42.01680672268907,6.9282407407407405,49.581636083380296,50.0,57.175597511731965,50.82181506482374,56.50273224043716,51.65099882491187,53.685076380728546,51.1334926596108,55.97814953909184,58.845397566670776,59.41378886567531,52.49034082320344,56.551068907532965,29.70929078197209,53.06635249545663,1.0944373188745762,0.0,32.97872340425532,0.0,32.89473684210527,0.0,33.33333333333333,0.0,21.21212121212121,49.99999999999999,21.66666666666667,9.999999999999998,28.417116291696356,49.99999999999999,84.17945690672963,50.0,85.650623885918,50.0,90.88345864661655,50.000000000000014,87.36979166666667,84.66386554621849,90.75630252100841,56.932773109243705,87.76792672538785,33.46638655462185,58.092521508542106,1.0911542686798779
16.0,5.555555555555556,51.403306420607464,12.5,52.908309455587386,18.518518518518515,51.912074676302325,23.674466824644558,46.78613744075829,31.428571428571416,48.4873949579832,18.33542246545801,50.29944459024773,51.68067226890756,50.06002400960384,49.5328404585878,50.01607200257152,52.150411280846065,53.52526439482962,53.44315466029362,56.21031068624104,54.89430994223916,55.677768219245415,52.34027772217485,53.09788786249828,35.33785009381643,51.69866622637301,1.0904736621096842,0.0,32.97872340425532,0.0,33.771929824561404,49.99999999999999,34.78260869565217,49.999999999999986,20.2020202020202,49.99999999999999,22.500000000000004,29.999999999999993,28.84705642529782,49.99999999999999,85.36009445100355,50.0,85.91800356506238,67.85714285714286,90.88345864661655,50.0,88.54166666666667,50.0,92.22689075630252,53.57142857142858,88.58602281713033,41.785714285714285,58.716539621214075,1.0858048735551806
17.0,11.111111111111112,49.750096116878126,32.5,57.95128939828081,31.48148148148148,50.73772959951821,37.973933649289116,50.192535545023695,47.87815126050417,62.52100840336134,32.18893550047718,54.23053181261243,52.033995416348354,54.455418531048785,51.38004928747454,53.81763634415515,53.57226792009402,54.28319623971798,49.09525435302152,48.86650734038921,50.20584982180165,51.30269140961041,51.257483359748015,52.54508997298431,41.7232094301126,53.38781089279837,1.082577569822462,0.0,32.97872340425532,50.00000000000002,34.210526315789465,49.99999999999999,35.507246376811594,49.999999999999986,19.865319865319865,49.99999999999999,22.500000000000004,40.0,29.01236319243525,50.649350649350644,85.8323494687131,54.545454545454554,86.09625668449196,50.0,90.88345864661655,50.0,89.19270833333334,50.0,93.27731092436974,51.03896103896104,89.05641681150493,45.519480519480524,59.03439000197009,1.07816874054937
18.0,33.333333333333336,59.438677431757014,40.286532951289395,47.421203438395416,41.14724480578138,47.93736826257151,44.46090047393366,48.5781990521327,42.16386554621846,54.83193277310924,40.278375422111246,51.64147619159318,56.34071810542398,57.12375859434683,54.1905068038144,59.2114004071574,49.33607520564042,51.01527614571093,51.27176510754524,58.02321611471493,45.06574904756053,51.64679857441317,51.24096285399692,55.404089967268646,45.75966913805408,53.52278307943091,1.0787056831566966,50.0,34.04255319148936,50.00000000000002,34.210526315789465,49.99999999999999,35.507246376811594,49.999999999999986,19.19191919191919,49.99999999999999,23.333333333333336,50.0,29.25711568186859,75.97402597402598,86.18654073199528,50.0,86.45276292335116,50.0,90.78947368421053,50.0,89.58333333333333,50.0,93.27731092436974,55.19480519480519,89.257884319452,52.59740259740259,59.2575000006603,1.0697213627855755
19.0,27.77777777777778,40.75355632449058,40.0,48.03724928366762,39.295392953929536,47.24480578139115,43.60930094786732,44.93483412322274,46.44957983193274,48.10924369747899,39.42641030230148,45.81593784205021,57.85905271199388,62.76055876896213,52.90581806493086,55.34126218793529,50.33490011750881,51.490011750881315,52.00580402867874,53.91601229088426,49.15816640039327,57.45360698045964,52.45274826470111,56.19229039582452,45.93957928350129,51.004114118937366,1.072240454379356,50.0,32.97872340425532,50.00000000000002,34.64912280701754,49.99999999999999,36.95652173913043,49.999999999999986,20.2020202020202,49.99999999999999,23.333333333333332,50.0,29.623944297151372,61.68831168831168,86.42266824085006,50.0,86.72014260249554,50.0,90.69548872180451,50.0,90.234375,50.0,93.90756302521008,52.33766233766234,89.59604751807204,51.16883116883117,59.609995907611705,1.0605610525223845
20.0,38.88888888888889,54.786620530565166,47.786532951289395,48.39541547277937,48.96115627822943,57.90424570912376,48.29680094786732,42.372630331753555,52.205882352941146,48.82352941176471,47.22785228384324,50.45648829119731,55.968296409472885,60.85343228200371,51.93721204328724,57.37062037929926,48.18448883666275,55.645123384253814,47.497439399112324,51.89484465687948,47.65884232518127,59.81934373847855,50.24925580274329,57.11667288818296,48.73855404329326,53.78658058969013,1.0616531924834396,50.0,37.23404255319149,50.00000000000002,35.08771929824561,49.99999999999999,36.95652173913043,49.999999999999986,19.191919191919187,49.99999999999999,25.0,50.0,30.694040556497345,54.54545454545454,86.30460448642265,50.0,86.89839572192513,50.0,91.2593984962406,50.0,90.625,50.0,94.32773109243698,50.90909090909091,89.88302595940507,50.45454545454545,60.28853325795121,1.0520071161849671
21.0,33.333333333333336,40.86889657823913,50.429799426934096,62.49283667621776,44.444444444444436,35.2905751279735,48.059834123222764,52.31042654028436,45.756302521008365,48.991596638655466,44.4047427697886,47.99086631227404,60.50420168067225,67.31692677070828,49.658202078645644,61.68006000214292,50.146886016451234,59.97649823736779,49.371799248890404,58.24513485831342,48.0490352709844,52.525500798820204,51.546024859128785,59.948824133470524,47.975383814458695,53.96984522287228,1.055743446745761,50.0,37.23404255319149,50.00000000000002,35.08771929824561,49.99999999999999,38.405797101449274,49.999999999999986,19.19191919191919,49.99999999999999,28.333333333333332,50.0,31.650562295627783,50.0,86.1865407319953,50.0,87.61140819964349,50.0,91.16541353383458,50.0,91.14583333333334,50.0,94.53781512605042,50.0,90.12940218497143,50.0,60.8899822402996,1.0449643141926486
22.0,38.88888888888889,23.144944252210685,42.9297994269341,38.166189111747855,50.180668473351396,46.67268894911171,47.58590047393366,50.503554502369674,50.73529411764702,49.28571428571429,46.06411027615101,41.554618220230836,58.164629488158894,68.77114482156497,52.770813243330096,67.07596699882139,48.36075205640423,54.62279670975324,48.328781153977474,60.396039603960396,50.970873786407765,63.73356273810986,51.7191699456557,62.91990217444197,48.89164011090335,52.237260197336404,1.0507516913786372,50.0,37.23404255319149,50.00000000000002,35.08771929824561,49.99999999999999,39.13043478260869,49.999999999999986,20.53872053872054,49.99999999999999,28.333333333333332,50.0,32.06485010121993,50.0,86.06847697756788,50.0,87.78966131907309,50.0,91.54135338345864,50.0,91.796875,50.0,94.95798319327731,50.0,90.43086997467537,50.0,61.24786003794765,1.0399949365936636
23.0,50.17301038062284,45.98231449442522,50.859598853868206,51.03151862464183,50.180668473351396,52.032520325203244,50.94786729857822,56.08708530805687,47.87815126050417,47.60504201680673,50.00785925338497,50.54769615382678,59.49197860962565,70.75193713849177,49.990356798457064,66.12879031393979,50.31727379553465,64.98002350176264,48.42608398770912,57.01263229771253,50.09524394740077,52.83888410962271,51.664187427745446,62.342453472305884,50.836023340565205,56.44507481306633,1.044667526627946,50.0,38.297872340425535,50.00000000000002,34.64912280701755,49.99999999999999,40.57971014492754,49.999999999999986,21.885521885521886,49.99999999999999,29.166666666666668,50.0,32.915778768911835,50.0,85.71428571428572,50.0,87.78966131907309,50.0,91.63533834586465,50.0,92.44791666666667,50.0,95.37815126050421,50.0,90.59307066127887,50.0,61.754424715095354,1.036220234221994
24.0,50.34602076124568,52.05690119184929,47.786532951289395,43.26647564469914,45.663956639566386,52.484191508581745,48.77073459715641,43.48341232227489,49.34873949579828,45.63025210084034,48.383196889011224,47.38424655364908,57.104660045836496,70.31812725090036,52.606878817100586,65.04875174113361,50.0470035252644,64.96592244418332,48.72652782519632,63.997951519289856,47.806316824382456,56.353693007250826,51.258277407556044,64.13688919255159,49.820737148283634,55.760567873100335,1.0492781854259514,50.0,38.297872340425535,50.00000000000002,35.08771929824562,49.99999999999999,41.30434782608695,49.999999999999986,21.885521885521886,49.99999999999999,30.0,50.0,33.315092270056,50.0,86.0684769775679,50.0,87.70053475935828,50.0,91.54135338345864,50.0,92.57812499999999,50.0,96.42857142857142,50.0,90.86341230979126,50.0,62.08925228992363,1.033860852204645
25.0,45.13648596693581,52.32602845059593,48.3595988538682,56.94842406876791,47.51580849141824,53.56820234869015,48.77073459715642,39.38092417061612,50.04201680672266,50.0,47.964928943220265,50.44471580773403,60.895721925133685,72.33984502892066,49.993571198971374,70.0760741455052,49.506462984723846,63.9858989424207,49.8053943325367,56.16251280300444,49.85252550079883,56.777682192454215,52.01073518843289,63.868402622461055,49.98783206582658,57.156559215097545,1.040854115703566,50.0,41.48936170212766,50.00000000000002,36.40350877192983,49.99999999999999,42.7536231884058,49.999999999999986,22.22222222222222,49.99999999999999,30.0,50.0,34.5737431769371,50.0,85.71428571428572,50.0,87.61140819964349,50.0,91.54135338345864,50.0,92.578125,50.0,96.63865546218486,50.0,90.81676555191454,50.0,62.69525436442582,1.0313705230820502
26.0,44.617454825067284,54.51749327181854,48.35959885386819,53.280802292263616,48.32881662149955,45.95001505570611,49.38536729857822,53.86552132701422,45.75630252100837,41.76470588235295,47.28950802400432,49.87570756583109,56.47440794499617,67.71526792535195,49.993571198971374,65.86735240544306,47.444183313748525,60.92596944770858,47.63912598156368,57.05360191191533,48.0490352709844,64.87649010691902,49.92006474205283,63.28773635946759,48.604786383028575,56.58172196264934,1.042433169174349,50.0,42.5531914893617,50.00000000000002,36.8421052631579,49.99999999999999,44.20289855072463,49.999999999999986,22.895622895622896,49.99999999999999,34.166666666666664,50.0,36.132096973106755,48.701298701298704,85.36009445100355,50.0,87.5222816399287,50.0,91.54135338345864,50.0,92.96875000000001,50.0,96.84873949579831,49.74025974025974,90.84824379403786,49.87012987012987,63.490170383572305,1.028957829506542
27.0,50.34602076124568,45.059592464436754,51.28939828080229,58.19484240687679,48.32881662149953,52.09274314965373,51.184834123222764,39.92890995260663,50.77731092436972,44.20168067226891,50.385276142227994,47.89555372916856,57.75401069518714,69.6824184219142,52.93796207007391,68.92531876138432,49.665099882491184,64.99882491186838,49.168658245134864,61.03106862410378,49.36708860759494,63.42017942730737,51.778563900096415,65.6115620293156,51.081920021162205,56.75355787924208,1.037566956812525,50.0,45.74468085106383,50.00000000000002,36.8421052631579,49.99999999999999,44.20289855072463,49.999999999999986,22.895622895622896,49.99999999999999,34.166666666666664,50.0,36.77039484544718,57.7922077922078,85.12396694214877,50.0,87.5222816399287,50.0,91.54135338345864,50.0,93.09895833333333,50.0,96.63865546218487,51.558441558441565,90.78504315221087,50.77922077922078,63.77771899882903,1.026251941992581
28.0,44.617454825067284,55.70934256055363,50.859598853868206,46.891117478510026,51.21951219512194,47.27491719361638,47.20823459715642,45.601303317535546,49.34873949579829,45.79831932773109,48.65070799340243,48.254999975589335,55.089763177998464,71.25941285605151,51.62970106075214,69.98499946426658,49.45358401880141,64.04935370152761,49.8053943325367,63.11710481392967,49.36708860759495,61.324812584490594,51.06910623953674,65.94713668405318,49.859907116469586,57.10106832982126,1.0380783449903592,50.0,47.87234042553191,50.00000000000002,38.59649122807018,49.99999999999999,47.82608695652174,49.999999999999986,23.905723905723903,49.99999999999999,35.0,50.0,38.64012850316955,61.68831168831168,85.12396694214877,50.0,87.5222816399287,50.0,91.3533834586466,50.0,93.48958333333334,50.0,96.63865546218486,52.33766233766234,90.82557416724845,51.16883116883117,64.732851335209,1.0238755819621763
29.0,50.34602076124568,49.3271818531334,50.5730659025788,49.52722063037249,48.554652213188795,51.91207467630231,52.13270142180097,43.54265402843602,46.44957983193274,42.983193277310924,49.611204026149395,47.458464893111035,60.8479755538579,74.18149077812943,51.29968927461693,71.64255866280939,48.80141010575793,67.88484136310224,49.11573916012292,66.35029020143394,46.687968538773504,52.672975298021385,51.35055652662584,66.54643126069928,50.480880276387616,57.002448076905154,1.042239829650461,50.0,51.06382978723405,50.00000000000002,38.59649122807018,49.99999999999999,47.82608695652174,49.999999999999986,23.905723905723907,49.99999999999999,38.33333333333333,50.0,39.945093042176644,66.23376623376622,85.00590318772137,50.0,87.78966131907309,50.0,91.35338345864663,50.0,93.61979166666666,50.0,96.63865546218486,53.246753246753244,90.88147901885853,51.62337662337662,65.41328603051758,1.0215910248461015
30.0,44.96347558631297,60.553633217993074,50.286532951289395,44.32664756446991,49.999999999999986,58.295694068051795,49.622334123222764,57.15343601895735,52.205882352941146,51.38655462184873,49.41564500275325,54.34319309826418,61.93659281894575,75.89217505183892,51.628629593914056,73.5433408336012,49.77673325499412,66.41128084606346,48.52338682144077,65.73574598839194,48.34398426938675,61.35553643849085,52.04186535173629,68.58761583167727,50.72875517724477,61.465404464970725,1.0287866256753309,50.0,51.06382978723405,50.00000000000002,39.03508771929825,49.99999999999999,46.3768115942029,49.999999999999986,24.24242424242424,49.99999999999999,38.33333333333333,50.0,39.81029733529856,70.12987012987011,85.12396694214877,50.0,87.96791443850267,50.0,91.1654135338346,50.0,93.61979166666667,50.0,96.63865546218486,54.02597402597403,90.90314840866752,52.01298701298701,65.35672287198304,1.0191715314102814
31.0,50.34602076124568,49.05805459438677,50.5730659025788,50.0,49.77416440831073,53.05630834086119,51.04413507109007,46.889810426540286,52.98319327731088,45.25210084033613,50.944115884107234,48.85125484042487,60.112681436210835,75.64389392120485,51.790421086467354,71.06610950391085,49.17743830787309,70.64864864864866,48.42608398770911,67.76032775691363,47.078161484576626,67.32210888533857,51.316957260567406,70.48821774320331,51.13053657233732,59.66973629181409,1.0287651600082846,50.0,51.06382978723405,50.00000000000002,38.59649122807018,49.99999999999999,45.65217391304348,49.999999999999986,24.242424242424242,49.99999999999999,39.16666666666667,50.0,39.74431716748772,77.9220779220779,84.88783943329399,50.0,88.05704099821747,50.0,91.44736842105263,50.0,93.48958333333334,50.0,96.84873949579831,55.58441558441558,90.94611433633915,52.79220779220779,65.34521575191343,1.0161885429162902
32.0,50.34602076124568,44.05997693194925,48.35959885386819,45.02865329512894,50.81300813008129,64.4384221619994,49.71860189573462,43.79443127962085,50.04201680672266,45.252100840336134,49.85584928953049,48.51471690180692,67.36058059587471,77.91934955800502,53.91621129326045,73.86906675238401,49.94124559341951,73.57931844888367,48.275862068965516,68.66848753840901,48.97689566179182,60.599729630084795,53.694159042662406,70.9271903855533,51.77500416609645,59.72095364368011,1.0286413208824232,50.0,52.12765957446809,50.00000000000002,38.59649122807017,49.99999999999999,46.3768115942029,49.999999999999986,24.24242424242424,49.99999999999999,39.16666666666667,50.0,40.10201066116641,77.27272727272727,84.88783943329399,50.0,88.05704099821747,50.0,91.44736842105263,50.0,93.22916666666667,50.0,96.84873949579831,55.45454545454545,90.89403100300582,52.72727272727273,65.49802083208611,1.013081112397776
33.0,44.790465205690126,36.8319876970396,48.35959885386819,54.269340974212035,48.55465221318878,52.42396868413128,49.14840047393366,47.067535545023695,48.613445378151226,42.52100840336134,47.893312424966396,46.622768260753595,62.22307104660045,75.53475935828877,53.751205400192845,78.13993356905604,50.64629847238542,71.18213866039953,46.89655172413793,72.57767156025949,48.97689566179182,64.72287083691779,52.4988044610217,72.43147479698432,50.196058442994044,59.52712152886896,1.0285057097912744,50.0,52.12765957446809,50.00000000000002,38.1578947368421,49.99999999999999,47.10144927536232,49.999999999999986,24.24242424242424,49.99999999999999,39.16666666666667,50.0,40.15921889915269,75.97402597402596,85.47815820543093,52.27272727272728,87.96791443850267,50.0,91.54135338345866,50.0,93.359375,50.0,96.63865546218487,55.64935064935065,90.99709129791543,52.824675324675326,65.57815509853407,1.0103777971757857
34.0,50.51903114186852,52.82583621683968,51.28939828080229,49.641833810888244,53.25203252032519,57.18157181571816,51.89573459715642,44.92002369668246,51.47058823529408,46.84873949579832,51.6853569550893,50.28360100718537,66.20511841100075,76.56880934191858,53.58941390763954,78.36708453873354,51.18096357226792,77.89424206815512,48.86821440764766,69.78832365995221,49.21961410839376,70.25316455696202,53.81266488138992,74.57432483314429,52.749010918239605,62.42896292016483,1.0149729812575816,50.0,52.12765957446809,50.00000000000002,39.03508771929825,49.99999999999999,47.10144927536232,49.999999999999986,24.579124579124578,49.99999999999999,40.833333333333336,50.0,40.73533089631731,79.2207792207792,85.12396694214877,52.27272727272728,88.23529411764706,50.0,91.54135338345866,50.0,93.61979166666667,50.0,96.63865546218487,56.2987012987013,91.03181231442122,53.14935064935065,65.88357160536927,1.0064602317193625
35.0,50.0,61.36101499423299,49.07593123209169,53.96848137535817,45.663956639566386,45.82956940680517,51.755035545023716,53.37677725118483,54.41176470588231,56.30252100840336,50.18133762451282,54.1676728071969,63.45492742551565,75.01364182036451,56.69452480445728,80.28929604628738,49.94124559341951,77.24324324324326,47.58620689655173,71.30078525093889,45.81233869976651,63.137519970505096,52.69784868394213,73.39689726626781,51.439593154227474,63.78228503673236,1.0116549530272931,50.0,53.191489361702125,50.00000000000002,38.59649122807018,49.99999999999999,47.10144927536232,49.999999999999986,24.579124579124578,49.99999999999999,40.0,50.0,40.69371088885184,78.57142857142857,85.36009445100355,52.27272727272728,88.14616755793226,50.0,91.54135338345864,50.0,93.359375,50.0,96.63865546218487,56.168831168831176,91.00912917091587,53.08441558441559,65.85142002988385,1.0023365237042379
36.0,44.617454825067284,35.60169165705498,45.85959885386819,47.392550143266476,51.21951219512193,51.490514905149055,52.13270142180097,43.35011848341232,51.51260504201678,45.50420168067227,49.068374467575026,44.66781537391101,67.7139037433155,76.90030557677615,55.713061180756426,83.72441872924033,52.32079905992949,77.475910693302,48.77091157391602,81.27005804028678,48.97689566179182,67.66007127934128,54.69911424394185,77.40615286378932,51.88374435575844,61.036984118850164,1.0180887974304296,50.0,53.191489361702125,50.00000000000002,38.59649122807018,49.99999999999999,47.826086956521735,49.999999999999986,24.915824915824917,49.99999999999999,40.0,50.0,40.90597849242379,77.27272727272727,85.24203069657614,55.83778966131908,88.14616755793226,50.0,91.54135338345864,50.0,92.83854166666667,50.0,96.63865546218487,56.62210338680927,90.88134975336372,53.311051693404636,65.89366412289375,0.9986546714959146
37.0,50.34602076124568,50.44213763936946,51.719197707736384,61.661891117478504,49.36766034327009,53.95965070761819,47.682168246445514,37.0260663507109,49.30672268907559,51.09243697478991,49.684353949554655,50.836436557993395,69.17494270435446,78.85517843501036,57.183113682631515,82.5222329368906,50.80493537015276,75.28789659224441,48.86821440764766,79.0064868555821,47.7110728769817,74.08135676539264,54.74845580835362,77.95063031702401,52.21640487895414,64.3935334375087,1.0065195478311497,50.0,53.191489361702125,50.00000000000002,38.59649122807018,49.99999999999999,48.55072463768116,49.999999999999986,24.915824915824917,49.99999999999999,40.833333333333336,50.0,41.217572695322346,75.97402597402596,84.7697756788666,55.83778966131908,88.05704099821747,50.0,91.54135338345864,50.0,92.83854166666667,50.0,96.63865546218487,56.36236312706901,90.76907343787886,53.18118156353451,65.9933230666006,0.9939428732991176
38.0,45.13648596693581,32.94886582083814,51.862464183381086,36.66189111747851,49.36766034327009,39.5362842517314,49.48163507109006,47.7340047393365,50.777310924369715,50.7563025210084,49.32511129780935,41.52746969007859,66.94996180290296,74.9836298155626,61.26647380263578,83.97085610200364,51.233842538190366,80.55229142185665,48.328781153977474,78.31683168316832,48.34398426938675,77.65761337102126,55.224608713418675,79.0962444787225,52.274860005614016,60.31185708440054,1.0120654035529253,50.0,53.191489361702125,50.00000000000002,38.59649122807018,49.99999999999999,48.55072463768116,49.999999999999986,24.915824915824917,49.99999999999999,41.666666666666664,50.0,41.384239361989,71.42857142857143,84.88783943329396,60.38324420677361,87.96791443850267,51.78571428571429,91.2593984962406,50.0,92.44791666666667,50.0,96.42857142857143,56.719505984211864,90.59832809265507,53.35975299210593,65.99128372732204,0.9892077686758532
39.0,51.21107266435988,48.212226066897344,50.71633237822349,50.40114613180515,51.62601626016259,57.21168322794339,51.281101895734615,37.944312796208536,50.04201680672266,54.201680672268914,50.97530800104065,49.594209779024666,69.10809778456837,77.99028702390046,60.77038465659486,82.38294224793744,49.823736780258514,81.99059929494712,48.17855923523387,78.97917377944691,47.711072876981696,76.59456802261278,55.11837026672746,79.58751407376894,53.046839133884056,64.5908619263968,0.9974572779884678,50.0,53.191489361702125,50.00000000000002,38.59649122807018,49.99999999999999,49.275362318840585,49.999999999999986,25.25252525252525,49.99999999999999,42.50000000000001,50.0,41.763173632227634,69.48051948051948,85.24203069657614,67.51336898395724,88.32442067736186,51.78571428571429,91.25939849624059,50.0,92.70833333333333,50.0,96.21848739495799,57.7559205500382,90.75053411969398,53.8779602750191,66.25685387596081,0.9836143230440582
40.0,50.51903114186852,46.40522875816993,50.71633237822349,44.28366762177651,47.109304426377584,49.683830171635044,52.60663507109006,44.38684834123223,50.8193277310924,56.00840336134454,50.35412614973042,48.15359565083165,64.70588235294117,74.76263232565753,60.77359905710916,84.408014571949,52.25616921269094,82.00940070505288,48.92113349265961,80.9047456469785,47.953791323583644,71.24861742656998,54.92211508779691,78.66668213524159,52.638120618763665,63.41013889303662,0.995248741678221,50.0,53.191489361702125,50.00000000000002,38.15789473684211,49.99999999999999,49.275362318840585,49.999999999999986,25.589225589225585,49.99999999999999,42.50000000000001,50.0,41.74279440132208,68.18181818181817,85.47815820543092,69.7860962566845,88.32442067736186,51.78571428571429,91.25939849624059,50.0,92.44791666666667,50.0,96.21848739495799,57.950725744843396,90.7456762881316,53.9753628724217,66.24423534472685,0.9770734998526186
41.0,50.8650519031142,56.40138408304498,51.28939828080229,40.11461318051576,44.85094850948508,55.70611261668172,45.88270142180097,52.19194312796209,50.04201680672266,47.18487394957983,48.58602338438503,50.31978539155687,66.06187929717339,75.99312452253628,66.00128576020569,84.60730740383585,54.9647473560517,81.81903642773209,50.600887674974395,85.08023216114715,47.32087993117858,74.21039695219368,56.98993600391675,80.342019493489,52.78797969415089,65.33090244252294,0.9919941844314023,50.0,53.191489361702125,50.00000000000002,38.15789473684211,49.99999999999999,49.275362318840585,49.999999999999986,25.92592592592592,49.99999999999999,43.333333333333336,50.0,41.97680113532881,67.53246753246752,85.59622195985833,73.3511586452763,88.23529411764706,58.928571428571416,91.16541353383458,51.5625,92.44791666666667,50.0,96.00840336134453,60.27493952126305,90.69064992787023,55.137469760631525,66.33372553159953,0.971354850255406
42.0,51.21107266435988,59.28489042675894,48.93266475644699,42.550143266475644,48.961156278229446,50.797952423968674,52.369668246445514,40.2399289099526,47.1848739495798,39.36974789915966,49.73188717901233,46.4485325852631,68.36325439266615,76.08588890101495,65.82770813243327,84.51730418943535,55.452408930669804,84.65569917743832,49.17719358142712,81.56367360874019,46.54049403957234,79.30441194543444,57.07221181535374,81.22539556441265,53.402049497183036,63.83696407483788,0.9918616977010114,50.0,53.191489361702125,50.00000000000002,37.71929824561404,49.99999999999999,49.275362318840585,49.999999999999986,25.92592592592592,49.99999999999999,43.333333333333336,50.0,41.889081837083204,66.23376623376622,85.36009445100352,75.93582887700535,88.14616755793226,62.5,91.25939849624059,51.5625,92.578125,50.0,96.21848739495798,61.24641902215431,90.71245458002686,55.62320951107716,66.30076820855503,0.9652208362664368
43.0,45.48250672818148,41.44559784698193,49.50573065902579,47.10601719197708,51.62601626016258,62.57151460403493,48.63003554502371,39.277251184834114,52.94117647058819,52.81512605042017,49.63709313259635,48.64310137564964,72.4885408708938,75.88398995962021,65.50519661416476,83.26154505518055,54.95887191539366,86.98002350176264,50.60942301126664,82.94639808808468,44.64175986235715,82.5119823030601,57.640758454815206,82.31678778154165,53.63892579370578,65.47994457859565,0.9864082765741122,50.0,53.191489361702125,50.00000000000002,37.71929824561404,49.99999999999999,48.55072463768116,49.999999999999986,26.26262626262626,49.99999999999999,44.166666666666664,50.0,41.97816103485805,70.12987012987011,85.12396694214874,77.22816399286988,87.96791443850267,71.42857142857142,91.2593984962406,51.5625,92.578125,50.0,96.42857142857142,64.06982111026227,90.67159526109269,57.034910555131134,66.32487814797537,0.9587960828310331
44.0,51.90311418685122,46.44367550941945,49.2191977077364,42.44985673352436,51.62601626016259,52.51430292080699,48.156101895734615,43.03909952606635,48.65546218487392,41.344537815126046,49.911978447071746,45.158294500988646,64.64858670741023,73.62763287133033,70.23786563805847,85.33161898639237,62.473560517038784,87.68037602820212,52.978832365995224,84.85489928303174,49.01990905739217,82.70861496866165,59.871750857178974,82.84062842752364,54.89186465212536,63.99946146425614,0.9829131173479737,50.0,53.191489361702125,50.00000000000002,37.71929824561404,49.99999999999999,48.55072463768116,49.999999999999986,26.599326599326595,49.99999999999999,44.166666666666664,50.0,42.045501102198116,69.48051948051948,85.24203069657614,79.81283422459894,87.70053475935828,73.21428571428571,91.2593984962406,57.8125,92.578125,51.470588235294116,96.42857142857142,66.35814553093965,90.64173207614928,58.179072765469826,66.3436165891737,0.952708860215481
45.0,50.8650519031142,51.98000768935025,50.222063037249285,47.32091690544413,52.84552845528454,59.13881361035833,43.23163507109006,41.67654028436019,48.697478991596604,48.529411764705884,49.17235149166694,49.72913805084376,65.65126050420167,72.93462839681328,70.72324011571838,84.55159112825459,60.52291421856639,85.54171562867215,54.322294298395356,87.16968248548994,47.75408627258204,83.78394985867027,59.794759081892764,82.79631349958005,54.48355528677985,66.2627257752119,0.9680821791039653,50.0,53.191489361702125,50.00000000000002,37.71929824561404,49.99999999999999,48.55072463768116,49.999999999999986,26.26262626262626,49.99999999999999,44.99999999999999,50.0,42.14482770152472,78.57142857142857,85.12396694214874,79.14438502673798,87.43315508021391,77.25563909774435,91.07142857142856,60.9375,92.578125,51.470588235294116,96.42857142857142,69.47590818624101,90.52704940447252,59.73795409312051,66.33593855299861,0.945673310301101
46.0,51.21107266435987,43.06036139946174,45.36532951289398,40.5730659025788,48.735320686540184,60.373381511592896,51.377369668246466,41.172985781990526,52.98319327731089,48.15126050420168,49.93445716187027,46.666211019965125,65.70855614973262,73.03284950343773,68.42922961534337,81.9607843137255,67.54994124559343,86.64629847238542,54.569819050870606,87.03994537384773,48.7249600589898,84.40457170947523,60.99650122410596,82.61688987457433,55.46547919298811,64.64155044726972,0.9683914038174875,50.0,53.191489361702125,50.00000000000002,37.28070175438597,49.99999999999999,48.55072463768116,49.999999999999986,26.26262626262626,49.99999999999999,44.99999999999999,50.0,42.05710840327911,77.27272727272727,85.71428571428571,78.16399286987523,87.4331550802139,76.40977443609022,91.07142857142856,65.62500000000001,92.44791666666667,57.352941176470594,96.42857142857142,70.96488715103267,90.61907149223325,60.482443575516335,66.33808994775617,0.9387991536286688
47.0,40.792003075740105,33.910034602076124,51.36819484240688,57.249283667621775,46.47696476964768,50.647395362842516,45.26806872037916,33.04206161137441,48.00420168067223,50.12605042016807,46.38188661776921,44.99496513281658,66.60618792971734,73.26476044963441,75.12911175399117,84.44873031179687,69.48883666274973,87.39365452408931,59.962444520314115,89.7575964493001,52.90340420302323,83.55659333906846,64.81799701395911,83.68426701477782,55.59994181586416,64.3396160737972,0.9644184715712566,50.0,53.191489361702125,50.00000000000002,37.28070175438597,49.99999999999999,48.55072463768116,49.999999999999986,26.26262626262626,49.99999999999999,44.99999999999999,50.0,42.05710840327911,76.62337662337663,85.59622195985833,77.1836007130125,87.34402852049911,78.66541353383458,91.07142857142856,70.31250000000001,92.31770833333334,58.82352941176471,96.42857142857142,72.32168405639769,90.55159176273817,61.16084202819884,66.30435008300864,0.9319823228005654
48.0,52.07612456747405,55.97846981930027,49.58452722063036,47.42120343839542,45.618789521228535,50.82806383619391,50.28880331753556,43.305687203791464,50.08403361344534,55.714285714285715,49.53045564806277,50.64954200239335,69.49961802902979,74.15420713740042,74.30515375549125,83.41583627986714,71.80376028202114,86.68390129259694,55.82451348583135,88.4499829293274,50.7619515792061,82.47511367825982,64.43899942631592,83.03580826349034,56.98472753718934,66.84267513294185,0.9514613311667481,50.0,53.191489361702125,50.00000000000002,37.28070175438597,49.99999999999999,48.55072463768116,49.999999999999986,26.26262626262626,49.99999999999999,45.833333333333336,50.0,42.22377506994577,76.62337662337663,85.59622195985833,76.20320855614975,87.25490196078431,80.45112781954887,91.07142857142856,73.43750000000001,92.1875,60.29411764705882,96.42857142857142,73.40186612922682,90.50772478412853,61.70093306461341,66.36574992703714,0.9243298205422006
49.0,50.8650519031142,56.17070357554786,49.29799426934097,46.504297994269336,44.80578139114724,50.797952423968695,53.41380331753557,48.05983412322274,49.43277310924367,43.61344537815126,49.56308079807633,49.02924669903198,69.13674560733382,71.9442322383499,72.82760098574947,82.77724204435873,71.31609870740306,88.98002350176263,60.12120177534995,88.1631956299078,53.09389209782476,87.45237802629963,65.29910783473221,83.86341428813574,57.43109431640427,66.44633049358386,0.9444955000499796,50.0,53.191489361702125,50.00000000000002,37.28070175438597,49.99999999999999,48.55072463768116,49.999999999999986,26.26262626262626,49.99999999999999,45.833333333333336,50.0,42.22377506994577,76.62337662337663,85.7142857142857,76.20320855614975,87.5222816399287,80.45112781954887,90.97744360902256,76.56250000000001,92.1875,63.23529411764706,96.42857142857142,74.61510142334447,90.56601647836166,62.307550711672235,66.39489577415372,0.9165599481425883
50.0,47.21261053440985,48.289119569396384,52.65759312320918,49.58452722063037,50.76784101174344,54.23065341764528,54.93187203791471,49.74822274881517,45.88235294117644,45.67226890756303,50.29045392969072,49.50495837281004,68.69747899159664,71.22667248717669,73.80906460945032,81.25361620057859,73.64277320799061,90.32432432432434,64.33765790372142,89.7029702970297,57.220105690057764,84.28782106427431,67.54141608056335,83.35908087467672,58.91593500512704,66.43201962374337,0.9422654850454792,50.0,53.191489361702125,50.00000000000002,37.28070175438597,49.99999999999999,48.55072463768116,49.999999999999986,26.26262626262626,49.99999999999999,45.833333333333336,50.0,42.22377506994577,76.62337662337663,85.71428571428571,76.20320855614975,87.70053475935829,77.81954887218045,90.88345864661656,78.12500000000001,92.05729166666667,69.11764705882352,96.42857142857142,75.57775622210607,90.55682844309972,62.78887811105304,66.39030175652275,0.9094727469800404
51.0,54.498269896193776,50.05767012687428,46.94126074498567,41.11747851002865,48.690153568202334,54.080096356519114,49.437203791469216,40.80272511848341,48.7394957983193,39.45378151260503,49.66127675983405,45.10235032490209,73.15699006875477,72.97828222197971,76.91096110575376,80.80145719489981,75.0352526439483,86.06345475910693,64.24889040628202,88.72994195971322,57.94826102986359,85.19724714268158,69.46007105092049,82.75407665567624,59.56067390537727,63.92821349028917,0.9428758280422204,50.0,53.191489361702125,50.00000000000002,37.28070175438597,49.99999999999999,47.82608695652174,49.999999999999986,26.26262626262626,49.99999999999999,44.99999999999999,50.0,41.91218086704722,76.62337662337663,85.12396694214875,76.20320855614975,87.6114081996435,80.07518796992481,90.78947368421053,79.16666666666669,92.1875,69.11764705882352,96.42857142857142,76.23721737498828,90.42818405091484,63.11860868749414,66.17018245898103,0.9046462748018169
52.0,54.49826989619376,63.667820069204154,49.44126074498567,38.75358166189111,50.135501355013545,54.260764829870524,47.26007109004741,37.70734597156398,53.97058823529408,57.98319327731093,51.0611382643069,50.47454116196815,72.29755538579067,74.67805303939757,75.43126540233578,82.02935819136398,76.70387779083431,87.13043478260869,68.54557869580061,90.91157391601229,58.2862234238663,87.45237802629963,70.25290013972554,84.44035959113643,60.657019202016215,67.45745037655229,0.9212053351434885,50.0,53.191489361702125,50.00000000000002,36.8421052631579,49.99999999999999,47.82608695652174,49.999999999999986,25.925925925925924,49.99999999999999,44.99999999999999,50.0,41.75712150146154,76.62337662337663,85.24203069657614,78.47593582887701,87.87878787878789,80.54511278195488,90.78947368421053,78.64583333333334,92.1875,72.05882352941177,96.63865546218487,77.26981641939072,90.54728954435188,63.63490820969536,66.15220552290671,0.8965019195652618
53.0,55.5363321799308,53.40253748558248,45.30085959885387,37.277936962750715,46.25112917795845,49.98494429388738,53.747037914691965,44.54976303317535,50.94537815126047,53.865546218487395,50.356147404539115,47.816145598776664,70.1776165011459,69.39594019425952,75.27161684345867,81.29647487410266,74.70035252643949,87.18213866039953,69.8805052919085,88.99965858654832,63.288066855106315,87.40936463069929,70.66363160361178,82.85671538920187,60.509889504075446,65.33643049398927,0.9239561522664718,50.0,53.191489361702125,50.00000000000002,36.8421052631579,49.99999999999999,47.82608695652174,49.999999999999986,25.925925925925924,49.99999999999999,44.99999999999999,50.0,41.75712150146154,75.97402597402598,85.24203069657614,78.47593582887701,87.96791443850267,80.54511278195488,90.50751879699249,80.20833333333334,92.1875,76.47058823529412,96.84873949579831,78.33479923069706,90.55074068557391,64.16739961534853,66.15393109351773,0.8901638460896713
54.0,54.498269896193776,52.825836216839676,50.09312320916906,52.57879656160458,52.39385727190605,55.043661547726586,51.42920616113745,51.19964454976302,53.10924369747896,52.689075630252105,52.30474004717706,52.867402901237185,71.47631779984721,74.40248826803449,74.77338476374155,81.03503696560593,76.26321974148061,87.58636897767332,72.31990440423354,90.1877773984295,60.94690918028758,88.05456556470443,71.1559471779181,84.25324743488953,61.73034361254758,68.56032516806336,0.9085070009198181,50.0,53.191489361702125,50.00000000000002,36.8421052631579,49.99999999999999,47.82608695652174,49.999999999999986,25.925925925925924,49.99999999999999,44.166666666666664,50.0,41.59045483479487,75.97402597402598,85.24203069657614,77.49554367201426,87.87878787878789,79.22932330827066,90.50751879699249,80.20833333333334,92.1875,76.47058823529412,96.84873949579831,77.87556290458767,90.53291537363097,63.937781452293834,66.06168510421293,0.8833978506572615
55.0,32.276047673971554,42.02229911572472,54.45558739255014,54.78510028653296,50.94850948509485,56.82023486901535,58.86404028436021,50.31101895734598,42.983193277310896,47.563025210084035,47.905475622657534,50.30033568774062,67.07410236822001,72.16522972825494,74.44444444444441,78.93496196292725,75.28202115158638,86.7238542890717,69.26083987709116,90.4506657562308,62.15128425709722,86.57982057269264,69.64253841968784,82.97090646183548,58.774007021172686,66.63562107478805,0.920394136684706,50.0,53.191489361702125,50.00000000000002,35.96491228070175,49.99999999999999,47.10144927536231,49.999999999999986,25.925925925925924,49.99999999999999,44.166666666666664,50.0,41.27008870207175,75.97402597402598,85.24203069657614,76.51515151515152,87.70053475935829,79.22932330827066,90.78947368421053,79.68750000000001,92.05729166666667,80.88235294117646,96.84873949579831,78.45767074772493,90.52761406052198,64.22883537386247,65.89885138129686,0.8798433497288091
56.0,55.36332179930796,65.59015763168013,47.16332378223495,39.19770773638969,50.90334236675699,52.27341162300512,50.4369075829384,46.66765402843601,48.1302521008403,45.88235294117647,50.399429526415716,49.922256792137475,69.5855614973262,75.21826912583215,76.56916318439943,78.80852887603129,75.81668625146885,84.65099882491187,71.84192557186753,88.67872994195972,64.77817377411824,88.42939658350744,71.71830205583606,83.15718467044849,61.05886579112589,66.53972073129299,0.9117373061723185,50.0,53.191489361702125,50.00000000000002,35.96491228070175,49.99999999999999,46.3768115942029,49.999999999999986,25.925925925925924,49.99999999999999,43.333333333333336,50.0,40.958494499173206,75.97402597402598,85.24203069657614,76.51515151515152,87.6114081996435,79.22932330827066,90.69548872180452,81.25000000000001,92.1875,82.3529411764706,97.05882352941177,79.06428839478376,90.55905022948718,64.53214419739189,65.7587723643302,0.8750413217098271
57.0,44.59823144944253,48.94271434063822,51.446991404011456,48.810888252149,53.38753387533875,51.15928937067149,48.6818720379147,38.99585308056872,53.928571428571395,50.16806722689074,50.40864003905577,47.61536245418364,69.37547746371276,70.49274255156608,75.25768777456337,80.16929176042001,76.79200940070506,85.90599294947121,69.51689996585867,87.83543871628542,64.96866166891975,86.37089836549097,71.18214725475192,82.15487286864673,60.79539364690385,64.8851176614152,0.9185775340704418,50.0,53.191489361702125,50.00000000000002,35.96491228070175,49.99999999999999,46.3768115942029,49.999999999999986,26.262626262626267,49.99999999999999,42.50000000000001,50.0,40.85916789984661,75.97402597402598,85.24203069657614,78.78787878787878,87.6114081996435,79.22932330827066,90.88345864661656,84.37500000000001,92.31770833333334,82.3529411764706,97.05882352941177,80.14383384932921,90.62268588111627,65.0719169246646,65.74092689048143,0.8717533231683878
58.0,46.32833525567091,56.36293733179547,52.736389684813744,36.50429799426934,57.90424570912375,57.87413429689852,49.25207345971566,39.08471563981043,50.2941176470588,53.445378151260506,51.30303235127657,48.654292682806854,69.27043544690602,74.08599803557786,76.0773599057109,80.72859744990892,73.42538190364279,86.94007050528789,74.7507681802663,91.50563332195289,71.7739953299742,88.50927860390809,73.05958815330004,84.35391558332712,62.181310252288306,66.50410413306699,0.9082212307265242,50.0,53.191489361702125,50.00000000000002,35.96491228070175,49.99999999999999,46.3768115942029,49.999999999999986,25.925925925925924,49.99999999999999,42.50000000000001,50.0,40.79182783250654,75.97402597402598,85.24203069657614,78.78787878787878,87.43315508021391,79.22932330827066,90.78947368421053,84.37500000000001,92.18750000000001,82.3529411764706,97.26890756302521,80.14383384932921,90.58421340480515,65.0719169246646,65.68802061865586,0.8670310525161347
59.0,41.46482122260669,50.55747789311803,55.60171919770773,39.928366762177646,47.01897018970189,47.786811201445346,51.525473933649316,45.867890995260666,49.55882352941173,57.10084033613445,49.03396161461548,48.24827743762724,68.32505729564554,73.49121466768524,73.29047465980926,79.3742633665488,75.20564042303172,85.77673325499413,71.8504609081598,89.50495049504951,70.21322354676171,88.61373970750891,71.77697136668161,83.35218029835733,60.40546649064854,65.80022886799227,0.9032660396760387,50.0,52.12765957446809,50.00000000000002,35.52631578947369,49.99999999999999,46.3768115942029,49.999999999999986,25.589225589225585,49.99999999999999,42.50000000000001,50.0,40.42400250947405,75.97402597402598,85.24203069657614,78.78787878787878,87.43315508021391,77.91353383458647,90.88345864661656,85.93750000000001,92.18750000000001,83.82352941176471,97.26890756302521,80.48729360165119,90.60301039728635,65.24364680082559,65.5135064533802,0.8625513617233646
60.0,50.32679738562093,50.480584390618986,56.52578796561604,59.79942693409742,45.57362240289069,39.56639566395664,46.93424170616115,39.41054502369668,51.7647058823529,56.134453781512605,50.22503106852834,49.07828115877646,68.97440794499619,75.55658627087199,75.74627665273758,83.08582449373192,78.03172737955349,86.17626321974149,74.70638443154661,90.6213724820758,67.88128302814306,87.65515546270125,73.06801588739538,84.61904038582449,61.64652347796186,66.84866077230048,0.9007851769232474,50.0,51.06382978723405,50.00000000000002,35.52631578947369,49.99999999999999,45.65217391304348,49.999999999999986,25.589225589225585,49.99999999999999,42.50000000000001,50.0,40.06630901579536,75.97402597402598,85.24203069657614,78.78787878787878,87.34402852049912,77.91353383458647,90.88345864661656,81.77083333333334,91.92708333333334,83.82352941176471,97.26890756302521,79.65396026831785,90.53310175201008,64.82698013415893,65.29970538390272,0.8598309602962098
61.0,45.46328335255671,58.6312956555171,55.60171919770773,48.939828080229226,44.354110207768734,55.82655826558265,51.62174170616116,46.97867298578199,50.29411764705879,39.36974789915966,49.46699442225063,49.94922057725413,69.39457601222307,74.23878642366037,74.43587270973961,78.83852994749812,75.19976498237368,85.32549941245593,75.20996927278937,90.7237965175828,69.82303060095857,88.2757773135062,72.81264271561686,83.48047792294068,61.13981856893375,66.7148492500974,0.9003452879806285,50.0,51.06382978723405,50.00000000000002,35.52631578947369,49.99999999999999,45.65217391304348,49.999999999999986,25.589225589225585,49.99999999999999,41.666666666666664,50.0,39.89964234912869,75.97402597402598,85.36009445100355,80.08021390374333,87.5222816399287,79.69924812030075,90.78947368421053,81.77083333333334,91.796875,86.76470588235294,97.26890756302521,80.85780544275126,90.5475264676336,65.42890272137564,65.22358440838114,0.8587632321481574
62.0,53.09496347558631,50.13456362937332,55.60171919770773,47.79369627507163,41.46341463414633,47.06413730803975,55.36137440758295,39.306872037914694,50.2521008403361,41.21848739495799,51.15471451107188,45.10355132907148,69.28953399541633,74.39975990396158,75.25661630772525,80.13286188792456,75.80493537015278,85.49706227967097,74.3786275179242,89.3137589621031,71.52205972717218,88.9271230183114,73.25035458367816,83.65411321039431,62.20253454737502,64.3788322697329,0.9036118490687244,50.0,50.0,50.00000000000002,35.52631578947369,49.99999999999999,44.927536231884055,49.999999999999986,25.589225589225585,49.99999999999999,40.833333333333336,50.0,39.37528218878334,75.97402597402598,85.24203069657615,80.08021390374333,87.43315508021391,79.69924812030075,90.78947368421053,81.77083333333334,91.66666666666667,88.23529411764707,97.47899159663865,81.15192308981008,90.52206354486118,65.57596154490504,64.94867286682226,0.8558150472189906
63.0,49.98077662437525,48.63514033064206,55.60171919770773,47.65042979942693,51.761517615176146,56.76001204456489,51.384774881516606,49.79265402843601,58.508403361344506,54.87394957983193,53.44743833602405,51.542437156580355,68.34415584415584,74.35883444286806,76.2391513982642,79.2821172184721,75.6874265569918,87.61457109283197,75.89962444520314,89.9761010583817,66.36352464053091,89.8979968047192,72.50677657702917,84.2259241234546,62.97710745652661,67.88418064001748,0.8930006640244655,50.0,50.0,50.00000000000002,35.52631578947369,49.99999999999999,44.927536231884055,49.999999999999986,25.25252525252525,49.99999999999999,40.833333333333336,50.0,39.307942121443276,75.97402597402598,85.24203069657615,80.08021390374333,87.4331550802139,79.69924812030075,90.88345864661653,81.77083333333334,91.66666666666667,89.70588235294117,97.47899159663865,81.44604073686891,90.54086053734238,65.72302036843445,64.92440132939282,0.8541947192553104
64.0,56.05536332179931,62.55286428296809,57.38538681948424,50.845272206303726,55.64588979223125,56.48900933453779,50.29620853080571,40.23992890995261,48.86554621848737,52.85714285714286,53.64967893656158,52.596843518181025,68.44919786096256,70.74648041034595,75.25233044037284,79.56498446373087,75.57579318448886,86.07520564042302,73.19392284055994,89.6278593376579,70.39449428536317,87.31719306869853,72.57314772234947,82.66634458417124,63.11141332945553,67.63159405117614,0.8892206036620113,50.0,50.0,50.00000000000002,35.08771929824562,49.99999999999999,44.927536231884055,49.999999999999986,24.579124579124574,49.99999999999999,40.0,50.0,38.91887602185085,75.97402597402598,85.47815820543094,78.78787878787878,87.5222816399287,78.38345864661655,90.88345864661653,81.77083333333334,91.53645833333334,89.70588235294117,97.47899159663865,80.92441581895915,90.57986968438965,65.46220790947957,64.74937285312025,0.8509174718671082
65.0,48.231449442522106,59.438677431757014,56.23925501432664,49.770773638968485,51.35501355013549,47.45558566696778,49.9629739336493,41.084123222748815,46.70168067226888,45.50420168067227,50.49807452258048,48.65067232822287,69.81474407944997,73.85817963549056,71.64791599699987,80.81860066430944,77.69095182138662,84.89776733254995,76.88972345510415,90.512120177535,71.7125476219737,86.07594936708861,73.55117659498285,83.23252343539471,62.024625558781665,65.94159788180879,0.8915797598968239,50.0,50.0,50.00000000000002,35.08771929824562,49.99999999999999,44.927536231884055,49.999999999999986,24.579124579124574,49.99999999999999,40.0,50.0,38.91887602185085,76.62337662337663,85.36009445100355,78.78787878787878,87.4331550802139,78.38345864661655,91.07142857142857,81.77083333333334,91.40625,89.70588235294117,97.47899159663865,81.05428594882929,90.54998393985693,65.52714297441464,64.73442998085389,0.8484708508012132
66.0,56.57439446366783,53.710111495578616,44.455587392550136,38.03724928366762,50.94850948509484,50.888286660644376,41.91350710900475,30.59834123222749,54.705882352941146,55.33613445378152,49.71957616065174,45.714024625179924,68.32505729564554,73.85408708938121,73.94406943105109,79.55855566270225,74.92361927144538,83.98354876615745,74.52884943666783,90.7954933424377,72.1979845151776,87.76576133710213,72.7839159899975,83.19148923955615,61.25174607532462,64.45275693236803,0.8979066195897261,50.0,50.0,50.00000000000002,34.21052631578947,49.99999999999999,44.927536231884055,49.999999999999986,24.579124579124574,49.99999999999999,40.0,50.0,38.74343742535962,76.62337662337663,85.47815820543094,79.09982174688058,87.25490196078431,80.16917293233084,91.16541353383458,81.77083333333334,91.40625,89.70588235294117,97.68907563025209,81.4738173977725,90.59875986606038,65.73690869888625,64.67109864571,0.8479083656714375
67.0,45.463283352556715,56.36293733179547,47.09885386819484,33.5243553008596,57.678410117434495,59.2893706714845,52.80657582938392,47.36374407582938,53.3193277310924,50.12605042016807,51.27329017973248,49.333291560027405,66.60618792971735,74.83084142748008,73.94192649737488,80.58716382727954,77.25616921269098,84.02350176263221,76.99556162512803,89.4366678047115,74.77264348039819,87.09598131989677,73.9144977490619,83.19483122840002,62.59389396439718,66.26406139421371,0.8855258240457103,50.0,50.0,50.00000000000002,34.21052631578947,49.99999999999999,44.927536231884055,49.999999999999986,24.579124579124574,49.99999999999999,40.0,50.0,38.74343742535962,76.62337662337663,85.36009445100355,77.80748663101605,87.43315508021391,80.16917293233084,91.07142857142856,81.77083333333334,91.53645833333334,89.70588235294117,97.68907563025209,81.21535037459961,90.61804241324629,65.6076751872998,64.68073991930295,0.8447804501512252
68.0,45.11726259131103,45.98231449442522,52.671919770773634,42.378223495702,49.86449864498644,52.51430292080699,52.23637440758295,48.37085308056872,44.57983193277308,38.78151260504201,48.89397746948543,45.60544131930899,69.39457601222307,73.39572192513369,73.94192649737488,80.74788385299475,76.70975323149237,86.99882491186838,75.46602936155685,90.1502219187436,66.89197492933513,84.88386383187908,72.48085200639646,83.2353032881239,60.68741473794094,64.42037230371645,0.8950565210950476,50.0,50.0,50.00000000000002,33.77192982456141,49.99999999999999,43.47826086956522,49.999999999999986,24.579124579124574,49.99999999999999,40.0,50.0,38.36586305465024,76.62337662337663,85.36009445100355,79.09982174688058,87.34402852049912,80.16917293233084,91.07142857142857,81.77083333333334,91.53645833333334,91.17647058823529,97.68907563025209,81.76793504483133,90.60021710130334,65.88396752241567,64.4830400779768,0.8438148021367816
69.0,46.674356016916576,53.86389850057669,47.81518624641833,39.81375358166189,52.34869015356819,56.699789220114425,38.78850710900475,30.968601895734597,56.701680672268864,55.504201680672274,48.465684039635335,47.37004897575198,68.64018334606571,73.07786751064062,74.27086681667201,78.5063752276867,75.0822561692127,83.79318448883667,73.74189143052237,89.3547285763059,75.74351726680595,87.38478554749908,73.49574300585576,82.42338827019378,60.980713522745546,64.89671862297288,0.8900835509092175,50.0,50.0,50.00000000000002,33.77192982456141,49.99999999999999,43.47826086956522,49.999999999999986,24.579124579124574,49.99999999999999,39.16666666666666,50.0,38.19919638798358,76.62337662337663,85.47815820543094,79.09982174688058,87.34402852049912,80.16917293233084,91.07142857142857,81.25000000000001,91.40625,91.17647058823529,97.89915966386555,81.66376837816468,90.63980499224483,65.83188418908233,64.4195006901142,0.8439305619523781
70.0,36.428296808919654,39.75394079200307,42.52865329512893,43.61031518624642,53.38753387533875,52.60463715748269,49.348341232227504,40.2399289099526,46.70168067226888,41.008403361344534,45.67890117677675,43.44344508140586,68.34415584415585,71.86238131616282,72.3036537019179,77.91492553305476,76.86839012925971,86.43243243243242,76.41174462273814,90.80914988050527,71.07041907336857,87.42165417229937,72.99967267428802,82.88810866689093,59.339286925532384,63.16577687414839,0.8930420714648905,50.0,50.0,50.00000000000002,33.77192982456141,49.99999999999999,43.47826086956522,49.999999999999986,24.242424242424242,49.99999999999999,37.5,50.0,37.79852298731017,76.62337662337663,85.47815820543094,76.82709447415331,87.4331550802139,80.16917293233084,91.07142857142856,83.33333333333334,91.40625,91.17647058823529,97.89915966386555,81.62588959028588,90.65763030418779,65.81294479514294,64.22807664574898,0.8414482025036623
71.0,57.95847750865052,61.51480199923106,51.81232091690544,51.762177650429805,47.19963866305329,46.672688949111716,41.67654028436021,28.273104265402843,56.86974789915963,45.42016806722689,51.103345054425816,46.72858818628046,68.95530939648586,70.66735785223179,72.46651666130933,80.30215364834459,76.0575793184489,85.40070505287896,76.30590645271427,88.03687265278252,76.22895416000983,85.89160624308714,74.00285319779364,82.059739089865,62.55309912610973,64.39416363807274,0.8837543446810774,50.0,47.87234042553191,50.00000000000002,33.77192982456141,49.99999999999999,42.75362318840579,49.999999999999986,23.905723905723907,49.99999999999999,37.5,50.0,37.1607234688446,76.62337662337663,85.47815820543094,77.80748663101605,87.43315508021391,80.16917293233084,90.97744360902256,83.33333333333334,91.40625,91.17647058823529,97.89915966386555,81.82196802165844,90.63883331170658,65.91098401082922,63.899778390275586,0.837825936571542
72.0,41.29181084198386,44.482891195693966,47.38538681948423,41.81948424068768,44.53477868112014,39.686841312857574,57.39780805687206,45.941943127962084,61.84873949579829,57.26890756302521,50.491704779051716,45.8400134880453,68.32505729564554,73.00283749863581,73.77906353798348,80.24643737276331,76.60399529964748,85.87779083431258,75.46602936155685,89.6073745305565,69.46663389455576,89.95329974191962,72.72815587787781,83.73754799563757,61.60993032846476,64.78878074184144,0.8850844299482197,50.0,47.87234042553191,50.00000000000002,33.77192982456141,49.99999999999999,42.028985507246375,49.999999999999986,23.905723905723907,49.99999999999999,37.5,50.0,37.01579593261272,76.62337662337663,85.47815820543094,77.80748663101605,87.5222816399287,80.16917293233084,91.3533834586466,83.33333333333334,91.40625,91.17647058823529,97.89915966386555,81.82196802165844,90.73184659357436,65.91098401082922,63.87382126309354,0.8361531350034141
73.0,53.9600153787005,62.706651287966174,47.89398280802292,39.04011461318051,51.94218608852754,50.85817524841916,54.228376777251206,47.778436018957336,51.02941176470585,48.739495798319325,51.810794563441604,49.824574593368496,69.16539343009931,73.54578194914329,75.08946748098143,82.7600985749491,74.5358401880141,85.33725029377204,74.68760669170365,89.761010583817,70.0995452869608,85.89160624308714,72.71557061555185,83.45914952895372,62.26318258949673,66.6418620611611,0.8710414101947562,50.0,47.87234042553191,50.00000000000002,33.333333333333336,49.99999999999999,42.028985507246375,49.999999999999986,23.905723905723907,49.99999999999999,36.66666666666667,50.0,36.761409967700445,76.62337662337663,85.59622195985833,77.80748663101605,87.5222816399287,80.16917293233084,91.25939849624059,83.33333333333334,91.27604166666667,91.17647058823529,97.89915966386555,81.82196802165844,90.71062068531197,65.91098401082922,63.736015326506205,0.8333794649450428
74.0,47.539407920030754,45.9438677431757,48.24498567335244,39.97134670487106,53.9747064137308,52.69497139415839,54.9837085308057,42.83175355450237,53.19327731092434,51.5126050420168,51.587217169768806,46.59090888774487,68.74522536287242,75.19644221324893,72.46758812814743,80.11571841851494,75.24089306698004,84.76615746180964,74.63468760669171,87.63741891430521,72.04129285977633,87.75347179550202,72.62593740489359,83.09384176067616,62.1065772873312,64.84237532421051,0.87845551401612,50.0,47.87234042553191,50.00000000000002,32.45614035087719,49.99999999999999,40.57971014492754,49.999999999999986,23.23232323232323,49.99999999999999,36.66666666666667,50.0,36.16143616406531,76.62337662337663,85.47815820543094,77.80748663101605,87.4331550802139,80.16917293233084,91.25939849624059,81.25000000000001,91.14583333333334,91.17647058823529,97.89915966386555,81.40530135499176,90.64314095581686,65.70265067749588,63.402288559941084,0.8331682715609835
75.0,47.193387158785086,39.869281045751634,55.45845272206302,54.95702005730659,55.013550135501355,54.62210177657332,52.525177725118496,52.680687203791464,42.45798319327729,33.739495798319325,50.52971018694906,47.17371717634847,68.41100076394193,70.71101167739823,73.9408550305368,79.21140040715741,75.94594594594597,84.30552291421857,80.79720040969616,91.19494708091497,74.81565687599853,88.70591126950964,74.78213180522388,82.82575866983977,62.65592099608647,64.99973792309412,0.8732329651851348,50.0,47.87234042553191,50.00000000000002,32.45614035087719,49.99999999999999,40.57971014492754,49.999999999999986,22.558922558922557,49.99999999999999,35.0,50.0,35.69342269605183,76.62337662337663,85.47815820543094,77.80748663101605,87.4331550802139,80.16917293233084,91.25939849624059,81.25000000000001,91.27604166666667,91.17647058823529,97.89915966386555,81.40530135499176,90.66918262248353,65.70265067749588,63.181302659267686,0.8312878114509259
76.0,47.36639753940792,55.82468281430219,46.17478510028653,40.3295128939828,45.980126467931335,37.7295995182174,52.71030805687206,41.247037914691944,48.949579831932745,46.134453781512605,48.23623939928612,44.253057384541385,68.22001527883882,76.38055222088835,74.4337297760634,78.6585235186971,73.34312573443009,84.28202115158638,72.56572208945033,88.61044725162171,72.1365368071771,86.38318790709107,72.13982593719194,82.86294640997691,60.18803266823903,63.558001897259146,0.8809996597087522,50.0,47.87234042553191,50.00000000000002,32.45614035087719,49.99999999999999,40.57971014492754,49.999999999999986,22.222222222222218,49.99999999999999,35.0,50.0,35.62608262871177,76.62337662337663,85.36009445100355,77.80748663101605,87.34402852049911,80.16917293233084,91.16541353383458,81.25000000000001,91.14583333333334,91.17647058823529,97.89915966386555,81.40530135499176,90.58290590050723,65.70265067749588,63.1044942646095,0.8303519204855871
77.0,55.690119184928875,62.745098039215684,48.32378223495702,40.042979942693414,42.27642276422764,42.938873833182775,53.8951421800948,47.91172985781991,45.231092436974755,41.09243697478991,49.08331176023662,46.946223729540336,69.06035141329258,77.27818400087307,73.12011143255114,78.7356691310404,75.0235017626322,85.47826086956522,78.038579720041,88.39194264254012,72.76944819958216,85.65810495268526,73.60239850561982,83.10843231934082,61.34285513292822,65.02732802444058,0.8713674830546992,50.0,45.74468085106383,50.00000000000002,32.45614035087719,49.99999999999999,39.85507246376812,49.999999999999986,22.222222222222218,49.99999999999999,35.0,50.0,35.05562317758627,76.62337662337663,85.36009445100355,77.80748663101605,87.5222816399287,80.16917293233084,91.25939849624059,81.25000000000001,91.27604166666667,91.17647058823529,97.89915966386555,81.40530135499176,90.66339518354101,65.70265067749588,62.85950918056364,0.8276343319151679
78.0,54.13302575932334,59.669357939254134,42.958452722063036,39.39828080229226,58.08491418247515,64.19753086419753,58.915876777251206,52.44372037914692,59.684873949579796,52.18487394957984,54.7554286781385,53.57875278689414,69.37547746371276,70.59369202226344,73.44798028501015,81.90935390549662,74.05405405405406,84.3337250293772,73.89211334926598,89.11232502560601,74.13051493179306,85.13579943468109,72.98002801676719,82.21697908348487,63.86772834745285,67.89786593518951,0.8577267167446593,50.0,45.74468085106383,50.00000000000002,32.45614035087719,49.99999999999999,39.13043478260869,49.999999999999986,22.222222222222218,49.99999999999999,34.166666666666664,50.0,34.744028974687716,76.62337662337663,85.47815820543094,77.80748663101605,87.65597147950089,80.16917293233084,91.44736842105263,81.25000000000001,91.14583333333334,91.17647058823529,97.89915966386555,81.40530135499176,90.72529822063667,65.70265067749588,62.73466359766219,0.8254334929057366
79.0,54.99807766243754,63.70626682045367,47.671919770773634,46.77650429799427,46.160794941282745,43.48087925323697,49.82227488151661,41.86907582938389,54.57983193277308,51.93277310924369,50.646579837756725,49.553099862062496,68.6401833460657,76.34508348794063,74.4348012429015,79.5306975249116,72.47356051703879,82.11280846063454,76.86241037896896,90.4335950836463,74.0875015361927,84.07889885707263,73.29969140423353,82.50021668284114,61.97313562099512,66.02665827245181,0.8603473276541391,50.0,45.74468085106383,50.00000000000002,32.45614035087719,49.99999999999999,38.405797101449274,49.999999999999986,21.885521885521882,49.99999999999999,33.333333333333336,50.0,34.365094704449106,75.97402597402598,85.47815820543094,77.80748663101605,87.65597147950089,80.16917293233084,91.07142857142856,82.81250000000001,90.69010416666667,92.6470588235294,97.89915966386555,81.88204887218045,90.55896441737852,65.94102443609023,62.46202956091381,0.8248869960899314
80.0,47.88542868127643,46.02076124567474,49.32664756446991,48.882521489971346,49.86449864498645,49.713941583860276,56.642476303317565,53.18424170616114,53.19327731092434,46.134453781512605,51.38246570099493,48.78718396143602,67.58976317799846,75.83078686019863,73.12439729990355,79.35283402978678,73.29024676850764,84.08695652173914,74.64322294298397,91.80607715944008,72.52672975298023,86.20498955388963,72.23487198847477,83.45632882501084,61.80866884473485,66.12175639322344,0.8613409052948621,50.0,45.74468085106383,50.00000000000002,32.45614035087719,49.99999999999999,38.405797101449274,49.999999999999986,21.885521885521882,49.99999999999999,32.49999999999999,50.0,34.198428037782435,75.97402597402598,85.47815820543094,77.80748663101605,87.61140819964349,80.16917293233084,91.25939849624059,82.81250000000001,90.75520833333334,92.6470588235294,97.89915966386555,81.88204887218045,90.60066657970278,65.94102443609023,62.399547308742605,0.823101937872628
81.0,55.863129565551716,72.62591311034218,56.74785100286533,48.30945558739255,53.56820234869015,57.93435712134899,57.49407582938392,53.598933649289094,47.52100840336132,51.84873949579833,54.23885342997048,56.863479792834234,67.7807486631016,73.1174287896977,73.12439729990355,78.65852351869711,76.76263219741482,85.87544065804936,78.38340730624789,89.5322635711847,75.88177460980707,87.17586334029741,74.38659201529498,82.87190397558524,64.31272272263273,69.86769188420973,0.8454044127718678,50.0,44.680851063829785,50.00000000000002,32.01754385964912,49.99999999999999,37.68115942028986,49.999999999999986,21.885521885521882,49.99999999999999,32.49999999999999,50.0,33.75301524585812,72.07792207792208,85.36009445100353,77.80748663101605,87.61140819964349,80.16917293233084,91.25939849624059,82.81250000000001,90.75520833333334,92.6470588235294,98.10924369747899,81.10282809295968,90.61907063554,65.55141404647983,62.18604294069906,0.8202402068955726
82.0,44.57900807381776,40.67666282199154,52.81518624641832,48.25214899713467,45.12195121951219,41.82475158084914,53.99140995260666,50.65165876777251,46.050420168067205,42.3109243697479,48.51159513208442,44.743229307499156,69.06035141329258,72.50900360144058,74.2719382835101,80.69216757741349,75.40540540540542,84.83666274970622,76.31444178900651,88.91430522362582,77.48555978861988,89.94715497111957,74.50753933596688,83.37985882466113,61.50956723402565,64.06154406608015,0.8714080984266886,50.0,44.680851063829785,50.00000000000002,31.578947368421055,49.99999999999999,37.68115942028986,49.999999999999986,21.885521885521882,49.99999999999999,32.49999999999999,50.0,33.66529594761251,75.97402597402598,85.24203069657614,77.80748663101605,87.5222816399287,80.16917293233084,91.16541353383458,82.81250000000001,90.75520833333334,94.11764705882352,98.10924369747899,82.17616651923927,90.55883558023035,66.08808325961964,62.112065763921436,0.8221346834750389
83.0,50.99961553248751,51.01883890811225,54.247851002865325,48.92550143266476,57.45257452574525,55.82655826558265,48.829976303317544,37.677725118483416,52.45798319327728,51.09243697478991,52.797600111538586,48.90821213992659,68.74522536287242,71.78325875804867,73.77477767063107,80.55716275581271,76.32197414806112,82.88366627497062,75.18265619665416,89.0474564697849,74.99692761459997,86.42620130269141,73.80431219856375,82.13954911226166,63.30095615505117,65.52388062609413,0.8578603851322403,50.0,44.680851063829785,50.00000000000002,31.578947368421055,49.99999999999999,36.95652173913043,49.999999999999986,22.22222222222222,49.99999999999999,32.49999999999999,50.0,33.5877084787207,71.42857142857143,85.24203069657614,77.80748663101605,87.61140819964349,80.16917293233084,91.3533834586466,82.81250000000001,90.88541666666667,92.6470588235294,98.10924369747899,80.97295796308956,90.64029654380238,65.48647898154478,62.11400251126154,0.819182279887267
84.0,43.71395617070358,42.90657439446367,53.18051575931232,46.08882521489971,51.94218608852754,47.305028605841606,53.04354265402845,42.12085308056872,48.172268907562994,50.294117647058826,50.010493916026974,45.74307978856651,68.53514132925898,73.67947178871547,73.28618879245685,81.52148291010394,74.91774383078732,84.33842538190363,74.88221235916696,88.56947763741891,77.43332923681947,87.16971856949736,73.81092310969792,83.05571525752786,61.91070851286245,64.39939752304718,0.8740137034341139,50.0,43.61702127659575,50.00000000000002,31.140350877192986,49.99999999999999,36.95652173913043,49.999999999999986,22.22222222222222,49.99999999999999,32.49999999999999,50.0,33.28722322302828,71.42857142857143,85.47815820543092,77.80748663101605,87.70053475935828,80.16917293233084,91.3533834586466,82.81250000000001,90.88541666666667,94.11764705882352,98.10924369747899,81.26707561014838,90.70534735751629,65.63353780507418,61.99628529027228,0.8195401542173822
85.0,42.675893886966556,52.17224144559785,47.89398280802292,47.421203438395416,55.64588979223125,56.398675097862096,54.228376777251206,46.44549763033176,50.33613445378149,51.59663865546218,50.15605554365068,50.806851253529864,68.95530939648586,73.53214012877878,73.77799207114538,82.25222329368907,76.3807285546416,84.9283196239718,78.04711505633323,88.97917377944691,74.90168366719921,85.55364384908442,74.41256574916106,83.04910013499419,62.28431064640587,66.92797569426203,0.8501119411589994,50.0,42.5531914893617,50.00000000000002,30.701754385964914,49.99999999999999,36.95652173913043,49.999999999999986,22.22222222222222,49.99999999999999,32.49999999999999,50.0,32.986737967335856,72.07792207792208,85.59622195985833,78.7878787878788,87.61140819964349,80.16917293233084,91.25939849624059,82.81250000000001,91.14583333333334,92.6470588235294,98.10924369747899,81.29890652433222,90.74442113731095,65.6494532621661,61.8655795523234,0.8169060390577483
86.0,49.26951172625913,54.0561322568243,47.24212034383954,38.30945558739255,52.484191508581745,50.797952423968674,51.2440758293839,41.898696682464454,46.09243697478988,41.89075630252101,49.26646727657084,45.390598650634196,68.11497326203208,72.75455636800174,73.28726025929495,80.64502303653703,74.048178613396,83.55346650998825,74.50153636053261,90.97302833731649,77.000122895416,84.39228216787514,73.39041427813433,82.46367128394373,61.32844077735258,63.927134967288964,0.8588127795268243,50.0,42.5531914893617,50.00000000000002,30.701754385964914,49.99999999999999,36.95652173913043,49.999999999999986,22.22222222222222,49.99999999999999,32.49999999999999,50.0,32.986737967335856,71.42857142857143,85.59622195985833,77.80748663101605,87.78966131907309,80.16917293233084,91.16541353383458,82.81250000000001,91.01562500000001,94.11764705882352,98.10924369747899,81.26707561014838,90.735233102049,65.63353780507418,61.860985534692425,0.8161745653014366
87.0,43.194925028835065,43.52172241445598,49.67765042979943,44.627507163323784,53.16169828364949,50.28605841613971,43.33530805687206,40.28436018957346,47.52100840336132,44.74789915966386,47.37811804050347,44.69350946863136,69.06035141329258,71.55407617592492,72.79545698060643,81.00075002678668,75.13513513513514,84.97062279670975,77.6493683851144,87.63059064527143,73.05518004178444,87.23116627749785,73.5390983911866,82.4774411844381,60.45860821584503,63.585475326534734,0.8589954070519455,50.0,41.48936170212766,50.00000000000002,30.701754385964914,49.99999999999999,36.95652173913043,49.999999999999986,22.22222222222222,49.99999999999999,30.833333333333336,50.0,32.440638676555714,72.07792207792208,85.59622195985833,78.7878787878788,87.87878787878788,80.16917293233084,91.16541353383458,82.81250000000001,91.14583333333334,94.11764705882352,98.10924369747899,81.59302417139105,90.77910008065862,65.79651208569553,61.60986937860717,0.8143777552253867
88.0,60.03460207612458,61.97616301422529,53.388252148997125,53.83954154727794,46.79313459801264,39.47606142728094,51.95497630331756,41.52843601895736,44.66386554621846,41.09243697478991,51.366966134534074,47.582527796506284,68.41100076394193,73.20473644003056,73.61405764491586,81.4979106396657,77.57344300822562,86.08225616921268,76.61488562649369,89.7814953909184,74.85867027159888,88.40481750030725,74.21441146303519,83.7942432280269,62.79068879878463,65.68838551226659,0.8579386841967088,50.0,41.48936170212766,50.00000000000002,30.701754385964914,49.99999999999999,36.95652173913043,49.999999999999986,22.22222222222222,49.99999999999999,30.833333333333336,50.0,32.440638676555714,72.07792207792208,85.59622195985833,78.7878787878788,87.78966131907309,80.16917293233084,91.2593984962406,82.81250000000001,91.27604166666667,94.11764705882352,98.10924369747899,81.59302417139105,90.80611342786355,65.79651208569553,61.623376052209636,0.8132470194442817
89.0,61.9377162629758,74.31757016532103,48.96131805157592,40.55873925501433,49.23215898825654,45.61878952122855,49.777843601895746,41.40995260663507,53.928571428571395,43.319327731092436,52.76752166665508,49.04487585585829,68.22001527883882,75.13096147549929,75.09053894781954,81.04146576663453,74.0951821386604,83.62162162162163,77.64936838511439,87.64424718333903,72.56974314858057,87.75961656630209,73.52496957980274,83.03958252267931,63.14624562322891,66.0422291892688,0.8531349026334432,50.0,41.48936170212766,50.00000000000002,30.701754385964914,49.99999999999999,36.231884057971016,49.999999999999986,22.22222222222222,49.99999999999999,30.833333333333336,50.0,32.29571114032383,72.72727272727273,85.71428571428571,78.7878787878788,87.78966131907309,80.16917293233084,91.1654135338346,82.81250000000001,91.27604166666667,94.11764705882352,98.10924369747899,81.72289430126118,90.81092918626781,65.8614471506306,61.55332016329582,0.8114702437666969
90.0,50.65359477124184,60.5920799692426,48.180515759312314,49.88538681948423,54.20054200542004,60.343270099367665,53.280509478673,52.51777251184835,56.092436974789884,55.714285714285715,52.481519797887415,55.81055902284571,70.86516424751719,73.34933973589436,73.77906353798348,82.93581913639774,72.63807285546419,82.35252643948297,77.35745988391945,88.69580061454421,72.37003809757896,88.33722502150671,73.40195972449266,83.1341421895652,62.941739761190036,69.47235060620545,0.836330405626773,50.0,40.42553191489362,50.00000000000002,30.701754385964914,49.99999999999999,36.231884057971016,49.999999999999986,21.885521885521882,49.99999999999999,30.833333333333336,50.0,32.01560511553696,72.07792207792208,85.9504132231405,78.7878787878788,87.70053475935828,80.16917293233084,91.1654135338346,82.81250000000001,91.27604166666667,90.54621848739495,98.31932773109244,80.87873845710533,90.8823461828185,65.43936922855266,61.448975649177726,0.8098875604986381
91.0,49.615532487504815,33.94848135332565,51.891117478510026,40.78796561604585,56.233062330623305,60.162601626016254,51.00710900473935,40.96563981042654,45.27310924369745,37.89915966386555,50.803986109014986,42.75276961393596,69.79564553093965,73.00556586270872,73.9408550305368,79.72999035679845,75.9988249118684,85.36310223266746,76.47319904404236,87.74325708432912,72.03207570357627,84.84085043627873,73.6481200441927,82.1365531945565,62.22605307660384,62.44466140424623,0.8631278780755763,50.0,40.42553191489362,50.00000000000002,30.701754385964914,49.99999999999999,36.231884057971016,49.999999999999986,21.885521885521882,49.99999999999999,30.833333333333336,50.0,32.01560511553696,72.07792207792208,85.9504132231405,78.7878787878788,87.61140819964349,80.16917293233084,91.2593984962406,80.72916666666669,91.27604166666667,90.54621848739495,98.31932773109244,80.46207179043867,90.88331786335675,65.23103589521934,61.449461489446854,0.8104629092245034
92.0,48.57747020376779,45.98231449442522,61.540114613180506,58.15186246418338,46.97380307136403,42.155977115326706,49.72600710900476,38.41824644549763,50.462184873949546,47.22689075630252,51.45591597425333,46.38705825514709,69.37547746371276,74.68078140347049,73.61298617807778,79.81570770384656,77.25029377203292,86.15276145710929,78.04711505633325,89.2249914646637,75.62983900700505,86.19270001228955,74.78314229543236,83.21338840827592,63.11952913484284,64.8002233317115,0.8447417793355901,50.0,40.42553191489362,50.00000000000002,30.701754385964914,49.99999999999999,35.507246376811594,49.999999999999986,21.885521885521882,49.99999999999999,30.833333333333336,50.0,31.870677579305067,72.07792207792208,85.71428571428571,78.7878787878788,87.61140819964349,80.16917293233084,91.2593984962406,80.72916666666669,91.40625,90.54621848739495,98.31932773109244,80.46207179043867,90.86213402825244,65.23103589521934,61.366405803778754,0.8086200183887826
93.0,46.136101499423305,44.40599769319493,44.24785100286533,36.67621776504298,49.457994579945805,43.7819933754893,57.827310426540315,48.69668246445498,54.62184873949576,50.252100840336134,50.4582212496541,44.762598427703665,69.16539343009931,75.20189894139475,73.94299796421298,80.23572270438231,76.70387779083433,83.64512338425382,75.78354387162855,88.42949812222601,76.65294334521323,85.56593339068452,74.44975128039769,82.61563530858828,62.4539862650259,63.68911686814597,0.8456963560943448,50.0,40.42553191489362,50.00000000000002,30.263157894736846,49.99999999999999,34.05797101449276,49.999999999999986,21.548821548821547,49.99999999999999,30.833333333333336,50.0,31.42576314125562,72.72727272727273,85.71428571428571,78.7878787878788,87.61140819964349,80.16917293233084,91.16541353383458,80.72916666666669,91.53645833333333,90.54621848739495,98.31932773109244,80.5919419203088,90.86937870243791,65.29597096015439,61.147570921846764,0.805980972985638
94.0,42.50288350634372,47.28950403690888,49.96418338108882,44.55587392550143,53.74887082204155,53.146642577536895,59.15284360189575,47.334123222748815,52.45798319327728,43.19327731092437,51.565352900929426,47.103884214724076,68.95530939648587,78.43501036778349,73.94299796421298,81.06075216972035,78.22561692126911,85.03642773207991,75.88084670536021,86.49368385114373,73.44537298758758,85.89775101388717,74.09002879498316,83.38472502692292,62.82769084795629,65.2443046208235,0.8441472726219541,50.0,40.42553191489362,50.00000000000002,29.824561403508774,49.99999999999999,34.05797101449276,49.999999999999986,21.548821548821547,49.99999999999999,30.000000000000004,50.0,31.171377176343345,72.72727272727273,85.71428571428571,78.7878787878788,87.70053475935829,80.16917293233084,91.2593984962406,80.72916666666669,91.53645833333333,90.54621848739495,98.31932773109244,80.5919419203088,90.90600100686206,65.29597096015439,61.0386890916027,0.8045748447293267
95.0,59.515570934256054,62.89888504421377,50.680515759312314,41.10315186246418,50.271002710027105,48.599819331526646,52.05124407582941,44.32760663507109,53.23529411764702,54.20168067226891,53.15072551941438,50.226228709108916,70.32085561497327,74.08599803557786,73.12118289938925,82.89938926390228,77.19153936545241,85.04112808460636,77.55206555138274,88.7333560942301,74.65896522059727,85.23411576748187,74.568921730359,83.19879744915968,63.85982362488669,66.7125130791343,0.8296139785464943,50.0,39.361702127659576,50.00000000000002,29.385964912280706,49.99999999999999,34.05797101449276,49.999999999999986,21.548821548821547,49.99999999999999,30.000000000000004,50.0,30.870891920650923,72.72727272727273,85.71428571428571,79.76827094474153,87.70053475935829,80.16917293233084,91.2593984962406,80.72916666666669,91.53645833333333,90.54621848739495,98.31932773109244,80.78802035168135,90.90600100686206,65.39401017584068,60.88844646375649,0.8018925673042311
96.0,55.690119184928875,60.36139946174548,57.750716332378225,47.95128939828081,55.194218608852744,53.38753387533875,43.80924170616115,36.389218009478675,46.86974789915964,47.39495798319328,51.862808746296125,49.096879745607396,69.56646294881588,73.65764487613227,75.08732454730524,81.75077681345762,76.15746180963573,82.74735605170389,75.73916012290886,89.3103448275862,74.75420916799803,87.02838884109622,74.26092371933275,82.89890228199525,63.06186623281444,65.99789101380132,0.8335866431619492,50.0,39.361702127659576,50.00000000000002,29.824561403508774,49.99999999999999,34.05797101449276,49.999999999999986,21.548821548821547,49.99999999999999,30.000000000000004,50.0,30.958611218896532,72.72727272727273,85.71428571428571,79.76827094474153,87.61140819964349,80.16917293233084,91.44736842105263,82.81250000000001,91.40625,90.54621848739495,98.31932773109244,81.20468701834803,90.89972801321485,65.602343509174,60.929169616055695,0.7992297383331547
97.0,53.96001537870051,66.62821991541715,57.893982808022926,57.97994269340974,56.82023486901535,51.40018066847335,51.81427725118486,43.85367298578199,49.6428571428571,49.831932773109244,54.026273489956154,53.9387898072383,69.69060351413292,75.52111753792425,71.64791599699988,80.87645987356692,78.00822561692127,84.5710928319624,78.54216456128373,88.9655172413793,72.76023104338208,87.02224407029618,74.12982814654397,83.39128631102581,64.07805081825006,68.66503805913206,0.8245793308046122,50.0,39.361702127659576,50.00000000000002,29.385964912280706,49.99999999999999,34.05797101449276,49.999999999999986,21.548821548821547,49.99999999999999,30.000000000000004,50.0,30.870891920650923,72.72727272727273,85.71428571428571,79.76827094474153,87.61140819964349,80.16917293233084,91.3533834586466,80.72916666666669,91.40625,90.54621848739495,98.31932773109244,80.78802035168135,90.88093102073364,65.39401017584068,60.87591147069228,0.7973915591799849
98.0,49.78854286812765,47.1357170319108,50.53724928366762,46.70487106017192,49.232158988256536,47.365251430292076,54.93927725118485,49.12618483412323,59.726890756302474,61.72268907563026,52.844823829507824,50.410942686425656,70.74102368220015,77.50190985485104,75.09053894781954,81.86649523197256,77.52056404230319,85.50411280846065,78.39194264254013,86.84192557186753,74.7111957723977,85.53520953668428,75.29105301745214,83.44993060076722,64.06793842347999,66.93043664359644,0.8317521472337616,50.0,39.361702127659576,50.00000000000002,28.947368421052634,49.99999999999999,33.33333333333333,49.999999999999986,21.548821548821547,49.99999999999999,30.000000000000004,50.0,30.63824508617342,72.72727272727273,85.71428571428571,79.76827094474153,87.5222816399287,80.16917293233084,91.54135338345864,80.72916666666669,91.40625,90.54621848739495,98.31932773109244,80.78802035168135,90.90069969375311,65.39401017584068,60.76947238996327,0.7955473121079681
99.0,37.120338331411006,38.216070742022296,48.38825214899713,46.260744985673355,48.82565492321589,51.00873230954532,55.55390995260665,47.452606635071085,43.067226890756274,39.075630252100844,46.59107644939739,44.40275698488257,69.69060351413292,75.76939866855832,74.92446158791383,83.4608378870674,73.66039952996475,85.89189189189189,77.41037896893138,87.38135882553773,73.0981934373848,85.23411576748188,73.75680740766555,83.54752060810745,60.17394192853147,63.97513879649501,0.8363713933612771,50.0,39.361702127659576,50.00000000000002,28.947368421052634,49.99999999999999,33.33333333333333,49.999999999999986,21.548821548821547,49.99999999999999,30.000000000000004,50.0,30.63824508617342,72.72727272727273,85.71428571428571,77.80748663101605,87.70053475935828,80.16917293233084,91.44736842105263,80.72916666666669,91.27604166666667,90.54621848739495,98.31932773109244,80.39586348893627,90.89151165849114,65.19793174446814,60.76487837233228,0.795278270549101
100.0,54.13302575932334,48.05843906189927,49.67765042979943,47.922636103151866,50.045167118337844,45.55856669677807,45.512440758293856,44.860781990521325,56.17647058823526,55.294117647058826,51.108950930797945,48.33890829988187,68.95530939648586,75.75575684819383,74.92553305475194,80.55287688846032,76.86839012925971,83.46650998824913,75.93376579037215,87.70570160464322,74.79722256359838,89.0131498095121,74.29604418689361,83.29879902781173,62.70249755884578,65.8188536638468,0.8287565015795112,50.0,39.361702127659576,50.00000000000002,28.50877192982456,49.99999999999999,33.33333333333333,49.999999999999986,21.548821548821547,49.99999999999999,30.000000000000004,50.0,30.550525787927803,72.72727272727273,85.8323494687131,78.7878787878788,87.61140819964349,80.16917293233084,91.44736842105263,80.72916666666669,91.40625,90.54621848739495,98.31932773109244,80.5919419203088,90.92334076410035,65.29597096015439,60.73693327601407,0.792035215259072
101.0,55.51710880430605,57.247212610534405,50.25071633237822,46.87679083094556,56.413730803974694,53.59831376091538,55.457642180094815,52.769549763033176,51.93277310924367,43.61344537815126,53.91439424599948,50.82106246871596,69.90068754774637,73.69311360908,73.61512911175396,83.04939462123647,75.34077555816687,84.97297297297297,76.87094571526119,90.1638784568112,72.80324443898243,87.48924665109992,73.70615647438217,83.87372126224011,63.81027536019083,67.34739186547803,0.8215147564388433,50.0,39.361702127659576,50.00000000000002,28.50877192982456,49.99999999999999,33.33333333333333,49.999999999999986,21.548821548821547,49.99999999999999,30.000000000000004,50.0,30.550525787927803,73.37662337662337,85.9504132231405,78.7878787878788,87.61140819964349,80.16917293233084,91.54135338345864,80.72916666666669,91.40625,90.54621848739495,98.52941176470588,80.72181205017894,91.0077673141897,65.36090602508946,60.77914655105876,0.7886538670257739
102.0,44.05997693194925,42.675893886966556,44.964183381088816,46.43266475644699,53.74887082204154,53.327311050888284,51.436611374407605,46.06042654028436,47.52100840336132,43.403361344537814,48.3461301825697,46.3799315158248,70.1107715813598,78.56324347920986,73.61298617807778,82.64438015643415,75.34665099882491,84.44418331374854,78.00273130761354,87.55889382041651,73.4361558313875,84.12805702347302,74.1018591794527,83.46775155865642,61.223994681011206,64.9238415372406,0.8275718829304483,50.0,39.361702127659576,50.00000000000002,28.50877192982456,49.99999999999999,33.33333333333333,49.999999999999986,21.548821548821547,49.99999999999999,30.000000000000004,50.0,30.550525787927803,73.37662337662337,85.9504132231405,78.7878787878788,87.61140819964349,80.16917293233084,91.54135338345864,80.72916666666669,91.40625,90.54621848739495,98.52941176470588,80.72181205017894,91.0077673141897,65.36090602508946,60.77914655105876,0.7854455084658286
103.0,45.27104959630912,51.40330642060745,49.104584527220624,43.137535816618914,55.01355013550134,49.53327311050888,55.9315758293839,41.291469194312796,55.441176470588196,51.63865546218488,52.15238731180064,47.40084800084659,70.84606569900687,78.08305140237913,74.92339012107573,81.89435336976322,76.21034077555817,83.05287896592245,75.64185728917721,87.77057016046432,71.92761459997541,83.48285608946787,73.90985369695868,82.8567419975994,63.03112050437966,65.12879499922299,0.8209640694850742,50.0,39.361702127659576,50.00000000000002,28.50877192982456,49.99999999999999,33.33333333333333,49.999999999999986,21.548821548821547,49.99999999999999,30.000000000000004,50.0,30.550525787927803,73.37662337662337,85.9504132231405,78.7878787878788,87.61140819964349,80.16917293233084,91.63533834586465,80.72916666666669,91.53645833333333,90.54621848739495,98.52941176470588,80.72181205017894,91.05260597333756,65.36090602508946,60.80156588063268,0.7806683637901185
104.0,39.36947327950788,46.44367550941945,58.5458452722063,48.18051575931232,50.858175248419144,46.40168623908461,50.39247630331756,39.98815165876777,58.466386554621806,56.63865546218487,51.52647133161454,47.530536925753815,69.48051948051949,77.7583760777038,72.95724847315974,80.7885995928426,76.59224441833139,85.74618096357227,74.80198019801982,86.50734038921132,78.20449797222565,87.50768096350006,74.40729810845122,83.66163559736601,62.96688472003288,65.59608626155992,0.8069660905095689,50.0,39.361702127659576,50.00000000000002,28.947368421052634,49.99999999999999,33.33333333333333,49.999999999999986,21.548821548821547,49.99999999999999,30.000000000000004,50.0,30.63824508617342,73.37662337662337,85.9504132231405,78.7878787878788,87.61140819964349,80.16917293233084,91.63533834586465,80.72916666666669,91.53645833333333,90.54621848739495,98.52941176470588,80.72181205017894,91.05260597333756,65.36090602508946,60.84542552975549,0.776152350693321
105.0,48.92349096501346,32.21837754709727,52.607449856733524,47.03438395415473,43.08943089430894,44.50466726889491,60.71534360189575,57.40521327014218,54.222689075630214,48.65546218487395,51.91168087871638,45.96362084503261,69.06035141329258,77.05172978282222,73.45012321868636,81.80220722168649,75.28789659224444,83.22679200940071,76.67634004779791,88.35097302833731,70.80926631436648,83.80852894187048,73.05679551727755,82.84804619682345,62.484238197996966,64.40583352092803,0.8169335372537295,50.0,39.361702127659576,50.00000000000002,28.947368421052634,49.99999999999999,33.33333333333333,49.999999999999986,21.548821548821547,49.99999999999999,30.000000000000004,50.0,30.63824508617342,73.37662337662337,85.9504132231405,78.7878787878788,87.70053475935828,80.16917293233084,91.63533834586465,80.72916666666669,91.53645833333333,90.54621848739495,98.52941176470588,80.72181205017894,91.07043128528053,65.36090602508946,60.854338185726974,0.7713896718601645
106.0,56.55517108804305,51.63398692810457,54.96418338108883,50.47277936962751,55.37488708220415,52.84552845528455,56.5980450236967,50.0,45.31512605042013,48.403361344537814,53.76148252509057,50.67113121951089,68.95530939648587,77.78838808250572,73.61512911175396,81.90078217079181,78.21974148061106,86.24676850763807,75.58893820416526,89.56981905087059,73.9738232763918,86.66584736389332,74.07058829388157,84.4343210351399,63.91603540948607,67.5527261273254,0.7993369937352012,50.0,39.361702127659576,50.00000000000002,28.947368421052634,49.99999999999999,33.33333333333333,49.999999999999986,21.21212121212121,49.99999999999999,30.000000000000004,50.0,30.57090501883335,73.37662337662337,85.9504132231405,78.7878787878788,87.70053475935828,80.16917293233084,91.63533834586465,80.72916666666669,91.53645833333333,90.54621848739495,98.52941176470588,80.72181205017894,91.07043128528053,65.36090602508946,60.82066815205694,0.7654935648236768
107.0,55.690119184928875,62.09150326797385,58.46704871060171,58.89684813753582,53.29719963866304,53.59831376091538,46.5565758293839,40.906398104265406,43.88655462184872,41.05042016806723,51.57949959708526,51.308696687751535,69.5855614973262,77.26454218050858,74.2676524161577,84.23443694417657,77.19153936545241,84.6298472385429,75.83646295664052,87.73301468077844,71.44217770677153,85.7994346810864,73.66467878846967,83.93225514501857,62.622089192777466,67.62047591638506,0.8041272054232925,50.0,38.297872340425535,50.00000000000002,28.947368421052634,49.99999999999999,32.60869565217391,49.999999999999986,20.875420875420872,49.99999999999999,30.000000000000004,50.0,30.145871457814593,73.37662337662337,85.71428571428571,78.7878787878788,87.78966131907309,78.85338345864663,91.72932330827068,80.72916666666669,91.53645833333333,90.54621848739495,98.52941176470588,80.45865415544208,91.05982808793374,65.22932707772104,60.602849772874166,0.760674439352895
108.0,43.54094579008074,43.098808150711264,48.96131805157592,44.84240687679083,45.302619692863594,42.125865703101475,53.613744075829395,51.06635071090048,51.239495798319304,50.12605042016807,48.53162468173379,46.25189637233443,71.16119174942705,78.1676306886391,72.6283081538626,79.75570556091289,78.97767332549944,87.44535840188014,77.51621713895528,89.5664049163537,75.03994101020032,83.2370652574659,75.06466627558893,83.63443296505034,61.79814547866136,64.94316466869239,0.7960062933881454,50.0,38.297872340425535,50.00000000000002,28.947368421052634,49.99999999999999,32.60869565217391,49.999999999999986,20.875420875420872,49.99999999999999,29.166666666666675,50.0,29.979204791147925,73.37662337662337,85.71428571428571,78.7878787878788,87.78966131907309,78.85338345864663,91.82330827067669,80.72916666666669,91.796875,90.54621848739495,98.52941176470588,80.45865415544208,91.13070841374827,65.22932707772104,60.554956602448094,0.7537619081203079
109.0,31.21876201460977,36.21683967704729,50.53724928366762,53.20916905444126,52.529358626919596,45.58867810900332,50.014810426540315,42.920616113744074,50.504201680672246,46.38655462184874,46.960876406481916,44.86437151521694,69.35637891520243,79.96016588453563,73.77584913746918,82.03364405871638,75.9400705052879,86.73325499412456,78.05565039262548,89.59713212700579,70.60956126336488,86.41391176109131,73.54750204278997,84.94762176509474,60.254189224635944,64.90599664015583,0.7928074257538651,50.0,37.234042553191486,50.00000000000002,28.947368421052634,49.99999999999999,32.60869565217391,49.999999999999986,20.875420875420872,49.99999999999999,29.166666666666675,50.0,29.766438833701113,73.37662337662337,85.71428571428571,78.7878787878788,87.78966131907309,78.85338345864663,91.82330827067669,80.72916666666669,91.92708333333333,90.54621848739495,98.52941176470588,80.45865415544208,91.15675008041494,65.22932707772104,60.46159445705803,0.7471179477470771
110.0,37.639369473279515,34.140715109573236,50.31518624641834,47.836676217765046,52.12285456187894,49.50316169828365,49.91854265402845,46.4899289099526,50.987394957983156,43.94957983193277,48.196669578717675,44.38401235350146,70.00572956455309,80.69409582014625,72.1365048751741,82.85867352405442,74.90599294947123,86.35957696827262,76.8265619665415,87.95151928986003,74.6497480643972,85.78100036868625,73.70490748402743,84.72897319420392,60.95078853137255,64.55649277385268,0.7874951363138035,50.0,37.234042553191486,50.00000000000002,28.947368421052634,49.99999999999999,32.60869565217391,49.999999999999986,20.875420875420872,49.99999999999999,29.166666666666675,50.0,29.766438833701113,73.37662337662337,85.71428571428571,78.7878787878788,87.78966131907309,78.85338345864663,91.82330827067669,80.72916666666669,91.92708333333333,92.01680672268907,98.52941176470588,80.75277180250092,91.15675008041494,65.37638590125046,60.46159445705803,0.7404603281635308
111.0,55.690119184928875,70.66512879661668,46.89111747851002,45.17191977077364,50.67750677506774,40.0782896717856,52.095675355450254,48.14869668246445,51.80672268907559,43.109243697478995,51.43222829660649,49.43465572382387,69.79564553093964,76.42420604605479,74.10478945676628,81.90078217079181,76.42773207990602,83.79083431257344,76.42881529532264,88.71628542164561,75.1351849576011,85.75642128548606,74.37843346410713,83.31770584731034,62.905330880356814,66.3761807855671,0.7819330418003945,50.0,37.234042553191486,50.00000000000002,28.947368421052634,49.99999999999999,32.60869565217391,49.999999999999986,20.2020202020202,49.99999999999999,29.166666666666675,50.0,29.63175869902098,73.37662337662337,85.71428571428571,78.7878787878788,87.96791443850267,78.85338345864663,91.9172932330827,80.72916666666669,92.1875,90.54621848739495,98.52941176470588,80.45865415544208,91.2632810301154,65.22932707772104,60.447519864568186,0.7336163156770411
112.0,55.863129565551716,64.85966935793925,50.107449856733524,41.48997134670488,48.23848238482384,37.81993375489311,53.850710900473956,49.95556872037915,52.58403361344536,53.8235294117647,52.128761264205686,49.589734518336215,70.42589763177997,79.39266615737203,72.3025822350798,83.66655951998287,73.98354876615747,86.16216216216216,75.44725162171392,89.44691020826221,79.95575765023966,86.28487157429028,74.42300758099415,84.99063392441391,63.275884422599916,67.29018422137506,0.7681299249670945,50.0,37.234042553191486,50.00000000000002,28.947368421052634,49.99999999999999,32.60869565217391,49.999999999999986,20.2020202020202,49.99999999999999,29.166666666666675,50.0,29.63175869902098,73.37662337662337,85.8323494687131,78.7878787878788,88.05704099821747,78.85338345864663,92.01127819548873,80.72916666666669,92.1875,90.54621848739495,98.52941176470588,80.45865415544208,91.32351608542504,65.22932707772104,60.47763739222301,0.726651620900608
113.0,54.13302575932335,48.673587081891576,60.18624641833811,58.624641833810884,43.08943089430894,42.87865100873231,57.353376777251206,52.3696682464455,48.34033613445376,41.21848739495799,52.62048319673507,48.753007113167655,70.40679908326968,80.10749754447232,73.44798028501015,84.06300225008036,73.39012925969449,87.30904817861341,79.04574940252648,90.78866507340389,75.82032690180657,85.18495760108148,74.42219698646147,85.49063412953029,63.521340091598276,67.12182062134897,0.7651283494481389,50.0,37.234042553191486,50.00000000000002,28.50877192982456,49.99999999999999,31.884057971014496,49.999999999999986,20.2020202020202,49.99999999999999,29.166666666666675,50.0,29.39911186454349,74.02597402597402,85.95041322314049,78.7878787878788,88.23529411764706,80.16917293233084,92.10526315789474,80.72916666666669,92.31770833333334,90.54621848739495,98.52941176470588,80.85168218004905,91.42761811934429,65.42584109002453,60.41336499194389,0.7208933497244082
114.0,61.41868512110727,49.44252210688197,57.60744985673352,53.72492836676217,56.63956639566394,51.731406202950915,48.1190758293839,48.68187203791469,51.11344537815123,50.882352941176464,54.979644516207976,50.89261633113724,69.35637891520243,78.754228964313,75.25340190721094,85.12589735347692,74.20094007050528,86.00235017626322,74.85489928303177,89.9590303857972,77.27663758141821,88.49698906230796,74.18845155147373,85.66769918843167,64.58404803384086,68.28015775978446,0.7533826280018133,50.0,37.234042553191486,50.00000000000002,28.07017543859649,49.99999999999999,31.15942028985507,49.999999999999986,20.2020202020202,49.99999999999999,29.166666666666675,50.0,29.16646503006599,73.37662337662337,85.95041322314049,78.7878787878788,88.23529411764706,78.85338345864663,92.10526315789474,80.72916666666669,92.31770833333334,90.54621848739495,98.52941176470588,80.45865415544208,91.42761811934429,65.22932707772104,60.29704157470514,0.7161044428430915
115.0,46.655132641291814,42.94502114571319,57.399713467048706,51.41833810888252,49.59349593495934,47.69647696476965,52.858412322274894,46.267772511848335,51.84873949579829,44.159663865546214,51.671098772274604,46.49745451935198,69.5855614973262,80.31212484993998,73.61620057859207,84.22157934211937,75.28789659224444,85.47356051703878,79.04574940252648,89.02355752816662,76.60071279341281,86.14354184588916,74.8272241728204,85.03487281663078,63.2491614725475,65.76616366799138,0.7595458356307494,50.0,37.234042553191486,50.00000000000002,28.07017543859649,49.99999999999999,31.15942028985507,49.999999999999986,20.2020202020202,49.99999999999999,29.166666666666675,50.0,29.16646503006599,73.37662337662337,85.95041322314049,78.7878787878788,88.23529411764706,78.85338345864663,92.19924812030075,80.72916666666669,92.31770833333334,90.54621848739495,98.52941176470588,80.45865415544208,91.44641511182549,65.22932707772104,60.30644007094574,0.7121159359958213
116.0,56.382160707420226,55.40176855055747,55.68051575931232,39.64183381088825,58.89792231255645,60.61427280939476,50.86640995260665,46.134478672985786,54.70588235294114,49.03361344537815,55.30657821696737,50.165193457840886,70.11077158135981,80.37214885954383,72.95831993999784,84.66302367941712,74.47121034077557,87.29024676850764,78.15295322635714,89.87026288835781,70.85227970996681,87.20658719429764,73.30910695969143,85.88045387802481,64.30784258832941,68.02282366793284,0.7525718824529476,50.0,36.17021276595745,50.00000000000002,28.07017543859649,49.99999999999999,31.15942028985507,49.999999999999986,20.2020202020202,49.99999999999999,29.166666666666675,50.0,28.95369907261918,73.37662337662337,86.1865407319953,78.7878787878788,88.23529411764706,78.85338345864663,92.19924812030075,80.72916666666669,92.578125,90.54621848739495,98.52941176470588,80.45865415544208,91.5457239469298,65.22932707772104,60.249711509774485,0.7092856214331612
117.0,51.69165705497887,53.325643983083424,50.823782234957015,45.68767908309455,51.30984643179764,51.21951219512195,53.4730450236967,49.34834123222749,51.89075630252098,59.747899159663866,51.837817409590244,51.86581513063826,70.12987012987013,81.65993670195351,71.65005893067608,84.1765777349191,76.05757931844889,87.35840188014102,76.23420962785936,91.02082622055309,71.48519110237189,89.3511122035148,73.11138182184527,86.7133709482163,62.47459961571776,69.28959303942727,0.7411155356098026,50.0,36.17021276595745,50.00000000000002,28.07017543859649,49.99999999999999,31.15942028985507,49.999999999999986,20.2020202020202,49.99999999999999,29.166666666666675,50.0,28.95369907261918,73.37662337662337,86.1865407319953,78.7878787878788,88.23529411764706,78.85338345864663,92.19924812030075,80.72916666666669,92.578125,92.01680672268907,98.52941176470588,80.75277180250092,91.5457239469298,65.37638590125046,60.249711509774485,0.7064177460468711
118.0,48.57747020376779,39.06189926951173,53.037249283667606,46.16045845272206,53.3423667570009,53.53809093646493,57.59034360189575,54.66528436018957,46.659663865546186,44.957983193277315,51.84141874237565,47.67674324243312,71.3903743315508,76.91531157917713,75.90592521161467,83.76942033644059,74.74148061104584,88.30082256169213,74.70467736428817,87.89347900307273,73.38392527958707,85.19724714268158,74.02527655961731,84.41525612461284,62.93334765099648,66.04599968352298,0.7565295353934514,50.0,35.1063829787234,50.00000000000002,28.07017543859649,49.99999999999999,31.15942028985507,49.999999999999986,20.2020202020202,49.99999999999999,29.166666666666675,50.0,28.740933115172375,74.02597402597402,86.1865407319953,78.7878787878788,88.32442067736186,80.16917293233084,92.29323308270676,80.72916666666669,92.578125,90.54621848739495,98.52941176470588,80.85168218004905,91.58234625135397,65.42584109002453,60.161639683263175,0.7042195500822158
119.0,55.17108804306038,58.36216839677048,51.25358166189111,49.59885386819484,48.41915085817524,49.71394158386028,56.50177725118486,52.85841232227489,48.949579831932745,48.57142857142857,52.05903552924887,51.82096094850581,69.69060351413292,78.67783477027174,74.43694417657771,81.5064823743705,75.9400705052879,86.94477085781435,77.7108228064186,91.29395698190508,68.85830158535087,86.03293597148827,73.3273485175536,84.89119619117,62.69319202340124,68.3560785698379,0.7478551590983439,50.0,35.1063829787234,50.00000000000002,28.07017543859649,49.99999999999999,31.15942028985507,49.999999999999986,19.528619528619526,49.99999999999999,29.166666666666675,50.0,28.606252980492236,73.37662337662337,86.1865407319953,78.7878787878788,88.32442067736186,78.85338345864663,92.19924812030075,80.72916666666669,92.578125,90.54621848739495,98.52941176470588,80.45865415544208,91.56354925887277,65.22932707772104,60.0849011196825,0.7026823099535837
120.0,50.480584390619,59.47712418300654,53.323782234957015,42.20630372492836,49.23215898825654,53.327311050888284,51.577310426540315,47.58590047393365,44.66386554621846,49.41176470588235,49.85554031731827,50.40168082772784,69.88158899923606,76.64793190003275,74.4348012429015,84.99517839922855,75.83431257344301,88.06345475910693,75.19972686923866,88.97575964493001,75.03994101020032,87.55683912990045,74.07807413900392,85.24783276663975,61.966807228161095,67.8247567971838,0.7455733040196927,50.0,36.17021276595745,50.00000000000002,28.07017543859649,49.99999999999999,30.434782608695656,49.999999999999986,19.528619528619526,49.99999999999999,28.333333333333332,50.0,28.50742473504049,74.02597402597402,86.30460448642268,78.7878787878788,88.32442067736186,78.85338345864663,92.29323308270676,80.72916666666669,92.578125,90.54621848739495,98.52941176470588,80.58852428531222,91.60595900223943,65.29426214265611,60.05669186863996,0.7014328618318584
121.0,54.99807766243753,48.40445982314494,48.67478510028653,41.060171919770774,52.0776874435411,52.303523035230356,57.92357819905215,53.125,57.52100840336131,51.97478991596638,54.23902736173572,49.37358893882249,70.30175706646294,79.96835097675434,74.1047894567663,83.28511732561877,74.47121034077557,85.63337250293772,78.70092181631958,90.1468077842267,72.89848838638319,87.9623940027037,74.09543341334151,85.39920851844825,64.16723038753861,67.38639872863537,0.7443237610447234,50.0,36.17021276595745,50.00000000000002,28.07017543859649,49.99999999999999,30.434782608695656,49.999999999999986,19.191919191919187,49.99999999999999,27.500000000000004,50.0,28.273418001033757,74.02597402597402,86.30460448642268,78.7878787878788,88.32442067736186,80.16917293233084,92.29323308270676,80.72916666666669,92.578125,90.54621848739495,98.52941176470588,80.85168218004905,91.60595900223943,65.42584109002453,59.939688501636596,0.6998023496910656
122.0,44.92502883506344,51.24951941560938,51.68338108882522,50.44412607449858,50.27100271002709,42.69798253538091,53.99140995260665,47.05272511848341,45.96638655462181,39.831932773109244,49.36744182822885,46.255257183416305,70.93200916730329,78.50049110553311,74.1069323904425,83.5486981677917,76.4864864864865,87.48531139835488,75.54455445544556,90.44725162171389,75.33489000860268,90.51861865552415,74.4809745016561,86.10007418978356,61.92420816494248,66.17766568659994,0.7548252922327494,50.0,35.1063829787234,50.00000000000002,28.07017543859649,49.99999999999999,30.434782608695656,49.999999999999986,20.538720538720536,49.99999999999999,29.166666666666664,50.0,28.66334564628055,74.02597402597402,86.30460448642268,78.7878787878788,88.41354723707666,80.16917293233084,92.38721804511279,80.72916666666669,92.578125,90.54621848739495,98.52941176470588,80.85168218004905,91.6425813066636,65.42584109002453,60.152963476472074,0.6985379996403273
123.0,57.24721261053441,51.24951941560938,48.89684813753581,53.33810888252148,52.529358626919596,58.50647395362842,49.0669431279621,44.00177725118483,43.19327731092435,43.78151260504202,50.18672796277525,50.17547842159723,72.21161191749425,79.03252209974899,75.25447337404904,83.79727847423122,75.94594594594597,87.45005875440658,77.80812564015024,91.33151246159098,70.999754209168,87.04682315349636,74.44398221736151,85.73163898869483,62.31535509006838,67.95355870514602,0.7416668298715143,50.0,35.1063829787234,50.00000000000002,28.07017543859649,49.99999999999999,29.710144927536238,49.999999999999986,18.85521885521885,49.99999999999999,27.500000000000004,50.0,27.848384440014996,74.02597402597402,86.30460448642268,79.76827094474153,88.50267379679144,80.16917293233084,92.38721804511279,82.81250000000001,92.578125,90.54621848739495,98.31932773109243,81.46442727808828,91.61838981188387,65.73221363904415,59.733387125949434,0.6968282051828779
124.0,61.93771626297578,66.62821991541715,59.3266475644699,50.5300859598854,58.44625112917795,55.013550135501355,48.97067535545026,40.99526066350711,48.99159663865544,44.41176470588235,55.53457739014586,51.51577627603867,71.47631779984721,79.58365164247517,75.58234222650808,83.95156969891782,78.22561692126911,88.97062279670975,78.55069989757598,91.84704677364289,75.7250829544058,85.86702715988693,75.91201195992123,86.04398361432652,65.72329467503354,68.7798799451826,0.7435421999552614,50.0,35.1063829787234,50.00000000000002,28.07017543859649,49.99999999999999,29.710144927536238,49.999999999999986,18.85521885521885,49.99999999999999,27.500000000000004,50.0,27.848384440014996,74.02597402597402,86.30460448642268,79.76827094474153,88.50267379679144,81.48496240601504,92.38721804511279,82.81250000000001,92.578125,90.54621848739495,98.31932773109243,81.72758517282512,91.61838981188387,65.86379258641256,59.733387125949434,0.6952703403724044
125.0,48.404459823144954,47.86620530565167,58.18051575931232,51.53295128939828,50.90334236675699,50.64739536284251,61.04857819905215,55.00592417061612,54.01260504201677,47.81512605042017,54.50990023805664,50.573520435785746,70.30175706646294,80.41034595656444,74.5976642022929,85.00803600128577,73.82491186839015,85.47356051703878,77.61351997268694,90.2014339364971,74.06906722379256,89.22821678751383,74.08138406672511,86.06431863977998,64.29564215239087,68.31891953778286,0.742632366203371,50.0,35.1063829787234,50.00000000000002,28.07017543859649,49.99999999999999,29.710144927536238,49.999999999999986,18.518518518518515,49.99999999999999,26.66666666666667,50.0,27.614377706008263,74.02597402597402,86.30460448642268,78.7878787878788,88.50267379679144,78.85338345864663,92.38721804511279,80.72916666666669,92.70833333333333,90.54621848739495,98.52941176470588,80.58852428531222,91.68644828527322,65.29426214265611,59.650412995640735,0.696642115518777
126.0,58.47750865051904,61.630142252979624,57.32091690544412,52.908309455587386,52.71002710027099,48.47937368262572,55.69460900473936,59.59715639810427,39.64285714285711,41.72268907563026,52.769183760766126,52.86753417298545,71.16119174942705,83.08414274800829,75.58234222650808,86.21450766098789,73.44888366627498,87.67567567567566,80.56674632980541,90.1946056674633,78.68993486542952,89.33882266191472,75.889819767489,87.30155088280998,64.32950176412757,70.08454252789771,0.7189868452207302,50.0,35.1063829787234,50.00000000000002,28.07017543859649,49.99999999999999,29.710144927536238,49.999999999999986,18.518518518518515,49.99999999999999,26.66666666666667,50.0,27.614377706008263,74.02597402597402,86.30460448642268,79.76827094474153,88.59180035650624,80.16917293233084,92.38721804511279,82.81250000000001,92.70833333333333,90.54621848739495,98.52941176470588,81.46442727808828,91.70427359721619,65.73221363904415,59.65932565161222,0.6943493953585109
127.0,48.75048058439063,50.21145713187235,46.03151862464183,45.45845272206303,51.49051490514904,48.47937368262571,55.9315758293839,50.05924170616114,46.70168067226888,54.24369747899159,49.78115412316686,49.69044454434277,70.1967150496562,82.63396267597949,75.58234222650808,84.39729990356798,75.6169212690952,87.4524089306698,80.02731307613523,91.32809832707409,70.70480521076566,88.6751874155094,74.42561936643207,86.89739145056015,62.103386744799465,68.29391799745146,0.7403819058108245,50.0,36.17021276595745,50.00000000000002,28.07017543859649,49.99999999999999,29.710144927536238,49.999999999999986,18.518518518518515,49.99999999999999,26.66666666666667,50.0,27.827143663455068,74.02597402597402,86.30460448642268,78.7878787878788,88.68092691622104,78.85338345864663,92.4812030075188,80.72916666666669,92.70833333333333,90.54621848739495,98.31932773109243,80.58852428531222,91.69887909491766,65.29426214265611,59.763011379186366,0.6952890596555222
128.0,50.84582852748943,45.79008073817762,53.67478510028653,46.203438395415475,54.78771454381209,58.35591689250226,60.61907582938392,55.67239336492891,46.092436974789884,48.109243697478995,53.20396819515237,50.82621461770065,70.72192513368984,77.17177780202991,74.43694417657771,83.19297117754205,77.29729729729732,86.9659224441833,75.29702970297029,90.2424035506999,73.53139977878827,88.25119823030602,74.25691921786469,85.16485464095224,63.73044370650853,67.99553462932644,0.736879215332706,50.0,36.17021276595745,50.00000000000002,28.07017543859649,49.99999999999999,29.710144927536238,49.999999999999986,18.518518518518515,49.99999999999999,26.66666666666667,50.0,27.827143663455068,74.02597402597402,86.30460448642268,78.7878787878788,88.68092691622104,78.85338345864663,92.38721804511279,80.72916666666669,92.70833333333333,90.54621848739495,98.31932773109243,80.58852428531222,91.68008210243644,65.29426214265611,59.75361288294576,0.6949853065742436
129.0,51.691657054978855,48.05843906189927,54.39111747851002,50.18624641833811,41.46341463414634,34.447455585666965,50.629443127962105,43.661137440758296,46.659663865546186,48.109243697478995,48.9670592322287,44.892504440828326,70.93200916730329,81.57808577976645,75.58341369334617,82.71509696774885,76.15746180963573,88.19506462984724,79.39057698873336,90.7954933424377,72.11810249477696,89.61533734791693,74.83631283075911,86.57981561354343,61.90168603149391,65.73616002718587,0.7396096896486302,50.0,36.17021276595745,50.00000000000002,28.07017543859649,49.99999999999999,29.710144927536238,49.999999999999986,18.518518518518515,49.99999999999999,26.66666666666667,50.0,27.827143663455068,74.67532467532467,86.30460448642268,78.7878787878788,88.68092691622104,80.16917293233084,92.38721804511279,80.72916666666669,92.83854166666666,90.54621848739495,98.31932773109243,80.9815523099192,91.70612376910312,65.4907761549596,59.76663371627909,0.692998330783516
130.0,48.57747020376779,48.59669357939255,48.595988538681944,34.29799426934097,48.23848238482384,54.20054200542006,53.043542654028464,46.23815165876778,49.600840336134425,49.03361344537815,49.611264823487296,46.473398991659906,70.72192513368984,79.45541853104878,75.90592521161467,83.79727847423123,77.24441833137486,85.64982373678026,77.560600887675,89.5288494366678,72.41305149317931,88.42325181270738,74.76918421150673,85.37092439828709,62.190224517497015,65.9221616949735,0.7472157679327636,50.0,36.17021276595745,50.00000000000002,27.631578947368425,49.99999999999999,29.710144927536238,49.999999999999986,18.518518518518515,49.99999999999999,26.66666666666667,50.0,27.73942436520946,74.67532467532467,86.30460448642268,78.7878787878788,88.59180035650624,78.85338345864663,92.38721804511279,80.72916666666669,92.83854166666666,90.54621848739495,98.31932773109243,80.71839441518235,91.68829845716014,65.35919720759117,59.7138614111848,0.6931373996390706
131.0,47.36639753940792,56.93963860053826,53.53151862464184,52.865329512893986,53.16169828364949,54.80277024992471,53.658175355450254,47.30450236966824,56.092436974789884,50.7563025210084,52.76204535558789,52.53370865080673,71.35217723453017,79.38175270108043,75.909139612129,84.44230151076825,75.6169212690952,87.50411280846063,76.96824854899285,89.8190508706043,79.86051370283889,87.08369177829667,75.94140007351722,85.64618193384206,64.35172271455255,69.08994529232439,0.7337591780403537,50.0,36.17021276595745,50.00000000000002,27.631578947368425,49.99999999999999,29.710144927536238,49.999999999999986,18.85521885521885,49.99999999999999,26.66666666666667,50.0,27.806764432549528,74.67532467532467,86.30460448642268,78.7878787878788,88.59180035650624,78.85338345864663,92.57518796992481,80.72916666666669,92.83854166666666,90.54621848739495,98.31932773109243,80.71839441518235,91.72589244212256,65.35919720759117,59.76632843733604,0.6924291710899367
132.0,48.57747020376779,44.367550941945396,51.89111747851002,43.624641833810884,58.67208672086719,50.19572417946401,49.11137440758295,39.78080568720379,48.25630252100838,43.57142857142857,51.301670266347266,44.30803024277053,70.5977845683728,78.44046709592928,75.25447337404904,83.34940533590485,78.49588719153937,86.28672150411282,77.26869238648005,89.1054967565722,74.45926016959568,87.77190610790217,75.21521953800739,84.99079936008425,63.25844490217733,64.64941480142738,0.7495455219185662,50.0,36.17021276595745,50.00000000000002,27.631578947368425,49.99999999999999,29.710144927536238,49.999999999999986,18.85521885521885,49.99999999999999,26.66666666666667,50.0,27.806764432549528,74.67532467532467,86.30460448642268,78.7878787878788,88.59180035650624,78.85338345864663,92.57518796992481,80.72916666666669,92.83854166666666,92.01680672268907,98.31932773109243,81.01251206224117,91.72589244212256,65.50625603112059,59.76632843733604,0.6924613269200232
133.0,60.726643598615915,54.59438677431756,46.52578796561603,45.157593123209175,41.23757904245709,42.848539596507074,55.07997630331756,53.22867298578199,59.684873949579796,57.81512605042016,52.65097217191728,50.72886370604719,71.98242933537051,83.18236385463275,75.25340190721094,84.8773170470374,78.00235017626323,85.95299647473561,80.27483782861047,90.80914988050529,74.25955511859408,87.45237802629961,75.95451487320986,86.45484105664214,64.30274352256357,68.59185238134467,0.7324117113546977,50.0,36.17021276595745,50.00000000000002,27.631578947368425,49.99999999999999,30.434782608695656,49.999999999999986,19.528619528619526,49.99999999999999,28.333333333333332,50.0,28.419705436794878,74.67532467532467,86.30460448642268,78.7878787878788,88.68092691622104,78.85338345864663,92.57518796992481,80.72916666666669,92.83854166666666,90.54621848739495,98.31932773109243,80.71839441518235,91.74371775406551,65.35919720759117,60.08171159543019,0.6911347477620662
134.0,40.77277970011534,30.64206074586697,56.747851002865325,50.55873925501433,50.85817524841916,44.74555856669677,54.087677725118496,54.45793838862558,48.86554621848737,44.07563025210084,50.26640597900114,44.8959854416609,72.63177998472116,80.79777365491651,74.43587270973961,85.05303760848602,78.6545240893067,86.8695652173913,78.84260839877092,90.18777739842949,80.5364384908443,89.62762688951702,77.02024473467654,86.50715615374807,63.643325356838844,65.70157079770448,0.733794765476262,50.0,36.17021276595745,50.00000000000002,27.631578947368425,49.99999999999999,30.434782608695656,49.999999999999986,19.191919191919187,49.99999999999999,28.333333333333332,50.0,28.35236536945481,74.67532467532467,86.42266824085006,78.7878787878788,88.68092691622104,78.85338345864663,92.57518796992481,80.72916666666669,92.83854166666666,90.54621848739495,98.31932773109243,80.71839441518235,91.76733050495099,65.35919720759117,60.0598479372029,0.6905259693200398
135.0,60.38062283737025,55.59400230680508,49.59885386819484,40.95988538681949,56.2330623306233,53.05630834086119,55.4576421800948,53.317535545023695,49.64285714285711,48.02521008403362,54.262607671828064,50.190588332708614,72.42169595110771,81.99279711884753,75.25661630772524,84.65873781206471,76.86839012925971,89.13983548766157,80.36360532604986,89.6107886650734,74.79722256359838,89.44328376551553,75.94150605554817,86.96908856983255,65.10205686368812,68.57983845127058,0.7263773624601604,50.0,34.04255319148936,50.00000000000002,27.631578947368425,49.99999999999999,30.434782608695656,49.999999999999986,24.579124579124578,49.99999999999999,27.500000000000004,50.0,28.837607865335606,74.67532467532467,86.30460448642268,78.7878787878788,88.68092691622104,78.85338345864663,92.57518796992481,80.72916666666669,92.83854166666666,90.54621848739495,98.31932773109243,80.71839441518235,91.74371775406551,65.35919720759117,60.290662809700564,0.6887073586753603
136.0,57.78546712802769,53.44098423683199,57.464183381088816,46.44699140401146,60.117434507678404,51.61096055404999,50.673874407582964,43.542654028436026,56.21848739495795,51.38655462184873,56.45188936386717,49.28562896903564,70.61688311688312,79.83466113718214,76.3998714239794,85.20518589949641,77.94947121034079,86.39012925969448,78.45339706384435,89.50495049504951,78.44721641882758,87.47695710949982,76.37336784677504,85.68237678018447,66.4126286053211,67.48400287461006,0.7317242090977412,50.0,35.1063829787234,50.00000000000002,35.08771929824561,49.99999999999999,27.536231884057973,49.999999999999986,34.68013468013468,49.99999999999999,34.166666666666664,50.0,33.31542710156566,74.67532467532467,86.54073199527745,78.7878787878788,88.68092691622104,78.85338345864663,92.57518796992481,80.72916666666669,92.83854166666666,92.01680672268907,98.31932773109243,81.01251206224117,91.79094325583648,65.50625603112059,62.55318517870107,0.6884440829704429
137.0,43.02191464821223,32.83352556708958,52.177650429799435,49.570200573065904,53.16169828364949,47.96747967479675,59.48607819905215,56.39810426540285,56.05042016806719,54.03361344537816,52.7795523457561,48.160584705146654,72.10656990068753,82.30655898723126,75.41626486660236,83.27654559091397,76.15158636897769,86.70270270270271,81.99897575964495,90.6691703653124,76.06304534840851,90.27282782352218,76.34728844886422,86.6455610939365,64.56342039731015,67.40307289954157,0.7261306262364009,50.0,34.04255319148936,50.00000000000002,35.08771929824561,49.99999999999999,26.08695652173913,49.999999999999986,40.06734006734006,49.99999999999999,36.66666666666667,50.0,34.39024714909617,74.67532467532467,86.54073199527745,78.7878787878788,88.68092691622104,78.85338345864663,92.66917293233084,80.72916666666669,92.83854166666666,90.54621848739495,98.31932773109243,80.71839441518235,91.80974024831768,65.35919720759117,63.099993698706925,0.687311249795227
138.0,55.863129565551716,47.67397154940408,60.96704871060172,54.89971346704871,51.716350496838295,55.37488708220415,50.86640995260665,47.24526066350711,56.30252100840334,56.34453781512605,55.14309194680035,52.30767411545802,71.14209320091672,81.87274909963985,76.4030858244937,85.19661416479161,77.79083431257345,88.28202115158636,80.56674632980541,90.33458518265618,75.03994101020032,87.38478554749906,76.18854013559792,86.6141510292346,65.66581604119914,69.46091257234632,0.7243257174114462,50.0,34.04255319148936,50.00000000000002,32.89473684210527,49.99999999999999,26.08695652173913,49.999999999999986,40.74074074074075,49.99999999999999,37.5,50.0,34.252997459214896,74.67532467532467,86.54073199527745,78.7878787878788,88.85918003565064,78.85338345864663,92.66917293233084,80.72916666666669,92.83854166666666,92.01680672268907,98.31932773109243,81.01251206224117,91.84539087220358,65.50625603112059,63.04919416570924,0.6870469325442123
139.0,53.78700499807767,50.59592464436755,54.67765042979943,50.05730659025788,48.87082204155374,47.66636555254441,56.73874407582941,54.82819905213271,50.33613445378149,35.96638655462185,52.882071199808344,47.82283647878488,72.71772345301756,81.24522536287243,74.59873566913102,84.99517839922855,77.94947121034077,89.64747356051704,78.74530556503927,91.15056333219528,76.93867518741551,88.13444758510508,76.18998221698884,87.03457764798367,64.5360267083986,67.42870706338428,0.7299628073905116,50.0,34.04255319148936,50.00000000000002,34.64912280701754,49.99999999999999,26.811594202898547,49.999999999999986,42.76094276094276,49.99999999999999,37.5,50.0,35.15284259246964,74.67532467532467,86.54073199527745,78.7878787878788,88.85918003565064,78.85338345864663,92.76315789473684,80.72916666666669,92.83854166666666,92.01680672268907,98.31932773109243,81.01251206224117,91.8641878646848,65.50625603112059,63.50851522857722,0.6865844560042644
140.0,56.55517108804307,47.020376778162245,52.5429799426934,44.4269340974212,58.4914182475158,45.1370069256248,49.16321090047395,44.66824644549763,50.33613445378149,48.445378151260506,53.417782926501545,45.939588479593276,72.63177998472116,82.50572956455309,75.25340190721094,85.5094824815172,75.9400705052879,86.67450058754407,78.20587231136908,91.07545237282349,79.71303920363772,89.44328376551555,76.34883278244537,87.04168975439069,64.88330785447346,66.49063911699199,0.7301407612319655,50.0,34.04255319148936,50.00000000000002,35.08771929824561,49.99999999999999,27.536231884057973,49.999999999999986,36.02693602693603,49.99999999999999,35.0,50.0,33.538688080145796,75.32467532467531,86.54073199527745,78.7878787878788,88.85918003565064,78.85338345864663,92.57518796992481,80.72916666666669,92.83854166666666,92.01680672268907,98.31932773109243,81.1423821921113,91.82659387972238,65.57119109605566,62.68264097993409,0.6862071829770231
141.0,60.72664359861592,51.05728565936178,48.81805157593122,44.28366762177651,51.716350496838295,51.64107196627522,57.968009478673,51.52547393364929,51.071428571428534,43.865546218487395,54.06009674429739,48.47460907991004,72.00152788388083,78.63145258103242,73.94406943105109,85.84378013500482,78.93066980023504,86.56639247943596,78.99283031751453,89.6858996244452,77.32886813321863,88.7243455819098,76.23959311318002,85.89037408036563,65.1498449287387,67.18249158013784,0.7303758796178303,50.0,34.04255319148936,50.00000000000002,33.77192982456141,49.99999999999999,28.26086956521739,49.999999999999986,43.77104377104377,49.99999999999999,40.833333333333336,50.0,36.13594593712905,75.32467532467531,86.65879574970484,78.7878787878788,88.85918003565064,78.85338345864663,92.76315789473684,80.72916666666669,92.83854166666666,92.01680672268907,98.31932773109243,81.1423821921113,91.88780061557028,65.57119109605566,64.01187327634966,0.6850872051165509
142.0,52.22991157247213,44.40599769319492,48.38825214899713,44.58452722063037,51.309846431797645,50.52694971394158,58.67890995260665,53.302725118483416,49.72689075630249,49.91596638655462,52.06676217243521,48.54723322656098,71.16119174942705,82.31474407944997,73.94406943105109,85.24375870566807,76.32197414806112,88.40188014101058,77.81666097644249,90.7989074769546,79.56556470443653,87.32948261029864,75.76189220188364,86.81775460267636,63.91432718715943,67.68249391461868,0.725552000674687,50.0,34.04255319148936,50.00000000000002,33.333333333333336,49.99999999999999,26.08695652173913,49.999999999999986,49.158249158249156,49.99999999999999,44.166666666666664,50.0,37.35755177429553,75.32467532467531,86.54073199527745,78.7878787878788,88.85918003565064,78.85338345864663,92.66917293233084,80.72916666666669,92.83854166666666,92.01680672268907,98.31932773109243,81.1423821921113,91.84539087220358,65.57119109605566,64.60147132324956,0.6842798362973698
143.0,52.92195309496347,35.563244905805455,47.81518624641833,47.0487106017192,49.00632339656729,45.709123757904244,55.07997630331756,47.808056872037916,55.4411764705882,49.57983193277311,52.05292310237097,45.141793614047984,71.79144385026737,81.85365055112955,76.89060323582983,85.68520304296582,77.18566392479438,89.8801410105758,80.17753499487881,90.4609081597815,81.55954282905248,89.79353570111836,77.52095776696459,87.53468769311421,64.78694043466777,66.3382406535811,0.7237680589992919,50.0,34.04255319148936,50.00000000000002,35.96491228070175,49.99999999999999,26.811594202898547,49.999999999999986,43.43434343434344,49.99999999999999,37.5,50.0,35.55068062188662,75.32467532467531,86.65879574970484,78.7878787878788,88.94830659536542,78.85338345864663,92.76315789473684,80.72916666666669,92.83854166666666,92.01680672268907,98.31932773109243,81.1423821921113,91.90562592751323,65.57119109605566,63.72815327469992,0.6840162604484349
144.0,43.02191464821223,43.06036139946174,45.45845272206303,44.64183381088825,51.716350496838295,55.94700391448358,52.665876777251206,49.22985781990521,51.8067226890756,45.714285714285715,48.933863466688074,47.71866853180491,72.94690603514132,81.43893921204845,75.25447337404907,83.82085074466946,77.57344300822562,88.21621621621622,79.53226357118473,90.2321611471492,77.66683052722135,89.4494285363156,76.59478330316442,86.63151917127978,62.76432338492624,67.17509385154234,0.7255701019113483,50.0,34.04255319148936,50.00000000000002,35.08771929824561,49.99999999999999,26.811594202898554,49.999999999999986,33.33333333333333,49.99999999999999,34.166666666666664,50.0,32.6883733385267,75.32467532467531,86.77685950413223,78.7878787878788,88.94830659536542,78.85338345864663,92.76315789473684,80.72916666666669,92.83854166666666,92.01680672268907,98.31932773109243,81.1423821921113,91.92923867839872,65.57119109605566,62.30880600846271,0.6834858148564765
145.0,59.86159169550175,48.86582083813917,50.39398280802292,44.828080229226366,51.716350496838295,53.95965070761818,48.637440758293856,48.637440758293835,56.13445378151257,54.45378151260505,53.34876390803388,50.14895480917652,72.08747135217723,82.02008075957656,74.92660452159004,84.91803278688525,77.8437132784959,88.45123384253819,78.05565039262548,90.1672925913281,77.51935602802016,88.76121420671008,76.08655911458177,86.86357083740764,64.71766151130782,68.50626282329208,0.7222217673172123,50.0,34.04255319148936,50.00000000000002,35.96491228070175,49.99999999999999,25.362318840579707,49.999999999999986,43.09764309764309,49.99999999999999,35.83333333333334,50.0,34.86015214874945,75.97402597402596,86.65879574970484,78.7878787878788,88.94830659536542,78.85338345864663,92.76315789473684,80.72916666666669,92.96875,92.01680672268907,98.31932773109243,81.27225232198143,91.9316675941799,65.63612616099071,63.395909871464674,0.6827026272523802
146.0,37.466359092656674,27.720107650903497,60.10744985673351,54.928366762177646,50.09033423667568,47.45558566696779,52.56960900473936,47.111966824644554,51.72268907563022,47.05882352941176,50.391288253287094,44.854970086821055,71.79144385026738,82.10738840990942,75.58234222650808,85.78377799207114,78.76615746180966,88.2491186839013,80.71696824854901,90.61454421304201,77.4241120806194,88.99471549711195,76.8562047735507,87.14990895920717,63.623746513418894,66.00243952301412,0.7267822364557293,50.0,34.04255319148936,50.00000000000002,35.08771929824561,49.99999999999999,26.811594202898547,49.999999999999986,41.75084175084175,49.99999999999999,35.83333333333334,50.0,34.70520835536173,75.97402597402596,86.54073199527745,78.7878787878788,88.94830659536542,78.85338345864663,92.66917293233084,80.72916666666669,92.96875,92.01680672268907,98.31932773109243,81.27225232198143,91.88925785081322,65.63612616099071,63.29723310308748,0.6819117680393818
147.0,53.09496347558632,43.944636678200695,52.95845272206303,42.421203438395416,49.23215898825654,48.78048780487806,55.316943127962105,51.55509478672986,50.987394957983156,45.420168067226896,52.31798265437023,46.424318155086176,72.50763941940413,81.89184764815016,74.60087860280721,84.47873138326369,78.33137485311399,88.47003525264395,79.77978832365996,90.79207920792078,78.44721641882758,90.29126213592234,76.73337952356256,87.18479112558018,64.5256810889664,66.80455464033318,0.7247696407133801,50.0,34.04255319148936,50.00000000000002,35.08771929824561,49.99999999999999,26.811594202898554,49.999999999999986,35.69023569023568,49.99999999999999,35.0,50.0,33.326420476573844,75.97402597402596,86.42266824085006,78.7878787878788,88.94830659536542,78.85338345864663,92.66917293233084,80.72916666666669,93.09895833333333,92.01680672268907,98.31932773109243,81.27225232198143,91.8916867665944,65.63612616099071,62.609053621584124,0.6815478304445786
148.0,47.539407920030754,46.71280276816609,44.10458452722063,42.5214899713467,50.27100271002709,49.683830171635044,49.015106635071106,43.942535545023695,53.8865546218487,44.07563025210084,48.96333128283966,45.38725774165447,72.50763941940411,81.68449197860961,74.4315868423872,85.10875388406728,78.38425381903645,88.14806110458284,79.58518265619668,92.35916695117788,79.47032075703578,89.0131498095121,76.87579669881204,87.26272474558994,62.91956399082585,66.32499124362221,0.7248020388268333,50.0,34.04255319148936,50.00000000000002,32.89473684210527,49.99999999999999,28.26086956521739,49.999999999999986,30.303030303030297,49.99999999999999,33.333333333333336,50.0,31.76690464703513,75.97402597402596,86.54073199527745,78.7878787878788,89.03743315508021,78.85338345864663,92.76315789473684,80.72916666666669,93.09895833333333,92.01680672268907,98.52941176470588,81.27225232198143,91.99393862862674,65.63612616099071,61.880421637830935,0.6816146339117065
149.0,42.8489042675894,35.486351403306415,58.38825214899713,65.67335243553009,49.86449864498644,47.57603131586871,48.63744075829386,41.78021327014218,61.1974789915966,69.11764705882352,52.18731496229268,51.92671909673419,73.07104660045837,83.59161846556805,75.74627665273756,83.17154184078002,78.27849588719155,88.78965922444183,79.43496073745307,90.8023216114715,75.03994101020032,88.49084429150793,76.31414417760817,86.96919708675387,64.25072956995042,69.44795809174403,0.7130966302450193,50.0,34.04255319148936,50.00000000000002,35.526315789473685,49.99999999999999,25.362318840579707,49.999999999999986,42.08754208754208,49.99999999999999,37.5,50.0,34.90374598181697,76.6233766233766,86.54073199527745,78.7878787878788,89.03743315508021,78.85338345864663,92.66917293233084,80.72916666666669,93.09895833333333,92.01680672268907,98.31932773109243,81.40212245185157,91.93312482942285,65.70106122592578,63.41843540561991,0.6796523305019022
150.0,47.71241830065359,45.751633986928105,51.60458452722063,42.30659025787965,47.42547425474254,50.25594700391448,52.23637440758295,46.430687203791464,51.84873949579829,48.31932773109244,50.1655181971996,46.612837236721234,71.77234530175706,80.41034595656443,75.90913961212897,86.22307939569271,77.84371327849591,89.21504112808461,78.94844656879482,89.3240013656538,76.5484822416124,88.29421162590634,76.20442540055782,86.69333589438038,63.18497179887871,66.65308656555081,0.7305890775026788,50.0,34.04255319148936,50.00000000000002,35.08771929824561,49.99999999999999,26.811594202898554,49.999999999999986,39.73063973063973,49.99999999999999,33.333333333333336,50.0,33.80116795132132,75.97402597402596,86.54073199527745,78.7878787878788,89.03743315508021,78.85338345864663,92.76315789473684,80.72916666666669,93.09895833333333,92.01680672268907,98.31932773109243,81.27225232198143,91.95192182190405,65.63612616099071,62.876544886612685,0.6797910952928029
151.0,58.47750865051903,67.39715494040755,57.893982808022926,57.23495702005731,55.01355013550134,56.639566395663955,53.70260663507111,48.133886255924175,55.357142857142826,43.36134453781513,56.088958217251445,54.553381829973624,73.59625668449196,81.60809778456837,75.909139612129,86.2166505946641,78.06110458284373,87.7743830787309,77.61351997268694,91.86070331171048,79.02789725943222,91.41575519233132,76.84158362231678,87.77511799240104,66.4652709197841,71.16424991118733,0.7038239439454268,50.0,34.04255319148936,50.00000000000002,34.64912280701754,49.99999999999999,28.26086956521739,49.999999999999986,44.107744107744104,49.99999999999999,40.833333333333336,50.0,36.378724600960346,77.27272727272727,86.54073199527745,78.7878787878788,89.03743315508021,78.85338345864663,92.66917293233084,80.72916666666669,93.09895833333333,92.01680672268907,98.31932773109243,81.5319925817217,91.93312482942285,65.76599629086084,64.1559247151916,0.6784059398363471
152.0,55.517108804306034,62.93733179546328,56.812320916905435,41.060171919770774,57.633242999096645,55.13399578440228,46.69727488151661,43.52784360189574,48.90756302521006,47.81512605042017,53.11350212540695,50.09489383039045,73.59625668449198,80.16206482593037,74.76052716168434,85.71948998178507,79.0364277320799,89.52996474735605,79.24035506998976,92.21918743598498,76.88644463561509,91.00405554872802,76.70400225677221,87.7269525079569,64.90875219108958,68.91092316917367,0.7086623307355607,50.0,34.04255319148936,50.00000000000002,34.21052631578948,49.99999999999999,26.811594202898547,49.999999999999986,48.48484848484848,49.99999999999999,43.333333333333336,50.0,37.37657110567184,77.27272727272727,86.54073199527745,78.7878787878788,89.03743315508021,78.85338345864663,92.66917293233084,80.72916666666669,93.09895833333333,92.01680672268907,98.31932773109243,81.5319925817217,91.93312482942285,65.76599629086084,64.65484796754734,0.6775942037013283
153.0,35.90926566705114,34.94809688581314,50.53724928366762,53.42406876790831,52.574525745257446,48.148148148148145,52.332642180094815,49.807464454976305,53.844537815126,55.25210084033613,49.039644138239396,48.3159758194364,72.52673796791443,83.19327731092436,76.07093110468229,85.94664095146256,75.61692126909519,86.90011750881317,79.87709115739163,91.82656196654149,76.30576379501045,87.91938060710335,76.07948905881881,87.15719566896898,62.5595665985291,67.7365857442027,0.7191298652782318,50.0,34.04255319148936,50.00000000000002,35.526315789473685,49.99999999999999,25.362318840579707,49.999999999999986,52.52525252525253,49.99999999999999,45.833333333333336,50.0,38.65795473602573,76.6233766233766,86.54073199527745,78.7878787878788,89.12655971479502,78.85338345864663,92.76315789473684,80.72916666666669,93.09895833333333,92.01680672268907,98.52941176470588,81.40212245185157,92.0117639405697,65.70106122592578,65.33485933829772,0.6779232957202413
154.0,54.47904652056902,52.672049211841596,52.09885386819485,46.060171919770774,45.75429087624209,42.81842818428184,51.14780805687206,44.77191943127961,57.56302521008399,54.07563025210085,52.20860490639241,48.07963979985493,72.73682200152788,83.41700316490233,77.38454944819455,85.79449266045216,78.87191539365452,87.43360752056404,78.64800273130764,90.9252304540799,81.07410593584859,91.08393756912866,77.74307910210663,87.73085427382541,64.97584200424953,67.90524703684017,0.7142294330454524,50.0,34.04255319148936,50.00000000000002,35.526315789473685,49.99999999999999,27.536231884057973,49.999999999999986,42.760942760942754,49.99999999999999,38.33333333333334,50.0,35.63987539185942,76.6233766233766,86.65879574970484,78.7878787878788,89.12655971479502,78.85338345864663,92.85714285714285,80.72916666666669,93.09895833333333,92.01680672268907,98.52941176470588,81.40212245185157,92.05417368393637,65.70106122592578,63.847024537897894,0.6780896914654615
155.0,57.61245674740485,50.403690888119954,55.74498567335243,56.64756446991404,49.86449864498644,43.23998795543511,53.04354265402845,43.438981042654035,45.92436974789913,39.78991596638656,52.43797069353426,46.70402806450194,72.29755538579067,81.53443195460002,75.41840780027856,83.96228436729884,79.03642773207991,90.40658049353702,79.68248548992833,89.42983953567771,79.51333415263612,88.35565933390684,77.1896421121427,86.73775913700409,64.81380640283848,66.72089360075302,0.7185988455893147,50.0,34.04255319148936,50.00000000000002,35.087719298245624,49.99999999999999,24.63768115942029,49.999999999999986,50.5050505050505,49.99999999999999,44.99999999999999,50.0,37.85460083084115,77.27272727272727,86.54073199527745,79.76827094474153,89.12655971479502,78.85338345864663,92.76315789473684,80.72916666666669,93.09895833333333,92.01680672268907,98.52941176470588,81.72807101309424,92.0117639405697,65.86403550654711,64.93318238570542,0.6761809889976786
156.0,54.30603613994618,56.132256824298345,49.96418338108882,45.63037249283667,50.49683830171634,47.335140018066845,53.658175355450254,53.480450236966824,45.23109243697476,43.403361344537814,50.73126512303527,49.196316183341295,71.9633307868602,81.17155953290407,77.54634094074785,85.44305153755491,78.76615746180964,89.0364277320799,77.80812564015024,91.34858313417548,74.98771045839992,89.33267789111466,76.21433305759358,87.26645996556582,63.472799090314425,68.23138807445355,0.7154144620254379,50.0,32.97872340425532,50.00000000000002,34.21052631578948,49.99999999999999,26.811594202898547,49.999999999999986,45.45454545454546,49.99999999999999,41.66666666666667,50.0,36.2244112088311,77.27272727272727,86.42266824085006,79.76827094474153,89.12655971479502,78.85338345864663,92.76315789473684,80.72916666666669,93.09895833333333,92.01680672268907,98.52941176470588,81.72807101309424,91.98815118968423,65.86403550654711,64.10628119925767,0.675818250263656
157.0,30.872741253364094,28.066128412149165,50.31518624641834,49.28366762177651,53.34236675700089,43.63143631436314,56.54620853080571,52.41409952606635,52.45798319327728,49.075630252100844,48.70689719617326,44.4941924252912,72.71772345301757,82.45116228309506,77.38562091503265,86.43094396228437,77.89659224441834,88.17861339600469,81.8572891771936,92.38306589279618,76.01081479660809,88.57687108270862,77.17360811725405,87.6041313233778,62.94025265671365,66.0491618743345,0.7144481185821034,50.0,32.97872340425532,50.00000000000002,34.64912280701755,49.99999999999999,26.811594202898547,49.999999999999986,45.454545454545446,49.99999999999999,42.50000000000001,50.0,36.478797173743374,77.27272727272727,86.42266824085006,80.74866310160428,89.12655971479502,78.85338345864663,92.76315789473684,80.72916666666669,92.96875,92.01680672268907,98.52941176470588,81.92414944446679,91.96210952301756,65.9620747222334,64.22045334838046,0.6753047689658814
158.0,44.42522106881968,49.519415609381014,52.95845272206303,48.6676217765043,49.05149051490514,45.22734116230051,57.731042654028464,62.32227488151659,58.94957983193274,57.05882352941176,52.623157358349815,52.55909539182284,72.71772345301757,82.99683509767544,76.72774027643841,84.77659916425587,78.49588719153937,87.54406580493537,78.75384090133153,92.30795493342437,74.1120806193929,88.7980828315104,76.16145448834395,87.28470756636028,64.39230592334688,69.92190147909156,0.7079858083135393,50.0,32.97872340425532,50.00000000000002,35.526315789473685,49.99999999999999,23.91304347826087,49.999999999999986,54.54545454545454,49.99999999999999,50.83333333333333,50.0,39.559374110155545,77.27272727272727,86.42266824085006,81.72905525846701,89.12655971479502,80.16917293233084,92.76315789473684,82.81250000000001,93.09895833333333,90.54621848739495,98.52941176470588,82.50593479018403,91.98815118968423,66.25296739509201,65.77376264991989,0.6738203627915078
159.0,51.71088043060361,54.74817377931564,48.96131805157593,49.89971346704871,56.007226738934044,52.905751279735014,53.18424170616116,47.67476303317535,51.071428571428534,50.168067226890756,52.18701909974065,51.07929375723309,71.9824293353705,83.6516424751719,76.40308582449371,84.54944819457837,80.5581668625147,87.77908343125733,78.70092181631958,90.716968248549,76.15828929580927,89.498586702716,76.76057862690155,87.23914581045452,64.4737988633211,69.15921978384381,0.7102138361696092,50.0,32.97872340425532,50.00000000000002,35.08771929824562,49.99999999999999,26.811594202898547,49.999999999999986,44.44444444444444,49.99999999999999,41.66666666666667,50.0,36.197829603302125,77.27272727272727,86.42266824085006,80.74866310160428,89.2156862745098,78.85338345864663,92.76315789473684,80.72916666666669,92.96875,92.01680672268907,98.52941176470588,81.92414944446679,91.97993483496052,65.9620747222334,64.08888221913132,0.6745997077769983
160.0,54.65205690119185,45.17493271818531,53.96131805157592,48.653295128939824,47.60614272809394,43.601324902137904,61.093009478673,65.26954976303317,53.970588235294095,46.470588235294116,54.25662307896577,49.83393814951807,71.70550038197096,81.43621084797556,76.72774027643841,86.26165220186435,79.96474735605172,88.45358401880141,81.15909866848754,90.55650392625469,81.70701732825367,90.8873049035271,78.25282080224046,87.51905117968462,66.25472194060312,68.67649466460135,0.7057351658083404,50.0,32.97872340425532,50.00000000000002,35.08771929824562,49.99999999999999,27.536231884057973,49.999999999999986,42.08754208754208,49.99999999999999,39.16666666666667,50.0,35.37137666815353,77.27272727272727,86.42266824085006,79.76827094474153,89.2156862745098,78.85338345864663,92.66917293233084,80.72916666666669,93.09895833333333,92.01680672268907,98.31932773109243,81.72807101309424,91.94516270242329,65.86403550654711,63.65826968528841,0.6748455741492284
161.0,30.007689350249905,32.56439830834295,55.95272206303725,49.87106017191977,52.75519421860885,43.48087925323697,51.14780805687206,48.133886255924175,46.659663865546186,40.33613445378151,47.304615510862845,42.87727168864107,71.96333078686018,81.70631889119284,77.87420979320689,86.56380585020894,76.9153936545241,89.35840188014103,79.39057698873336,91.36565380675998,78.39498586702717,88.99471549711197,76.90769941807034,87.59777918508296,62.10615746446659,65.23752543686201,0.716351063320381,50.0,31.914893617021274,50.00000000000002,36.40350877192983,49.99999999999999,27.536231884057973,49.999999999999986,42.08754208754208,49.99999999999999,38.33333333333334,50.0,35.255101938776896,77.27272727272727,86.42266824085006,79.76827094474153,89.2156862745098,78.85338345864663,92.76315789473684,80.72916666666669,93.09895833333333,92.01680672268907,98.52941176470588,81.72807101309424,92.00597650162717,65.86403550654711,63.63053922020204,0.6744498456867205
162.0,50.13456362937333,46.17454825067282,51.604584527220624,45.53008595988539,55.82655826558265,51.49051490514904,54.13210900473936,51.28850710900474,50.37815126050417,43.0672268907563,52.41519333748403,47.510176623093656,71.85828877005348,83.77714722252537,77.54634094074785,87.28811743276546,78.22561692126911,88.70740305522914,80.08023216114717,91.53977466712188,75.08295440580066,89.85498340911884,76.55868663980365,88.23348515735213,64.48693998864384,67.8718308902229,0.7016872534538301,50.0,32.97872340425532,50.00000000000002,35.08771929824561,49.99999999999999,26.811594202898547,49.999999999999986,44.107744107744104,49.99999999999999,40.833333333333336,50.0,35.963822869295385,77.27272727272727,86.42266824085006,80.74866310160428,89.2156862745098,78.85338345864663,92.76315789473684,80.72916666666669,93.09895833333333,92.01680672268907,98.52941176470588,81.92414944446679,92.00597650162717,65.9620747222334,63.98489968546128,0.6736683511724132
163.0,45.46328335255671,44.21376393694732,55.315186246418335,55.54441260744986,48.23848238482384,42.24631135200241,54.74674170616116,50.54798578199051,44.53781512605039,44.57983193277311,49.66030176320209,47.426461122232645,73.7872421695951,78.62326748881371,76.4009428908175,86.11593271188256,77.8437132784959,88.87426556991775,77.95834755889383,90.4165244110618,78.24751136782598,87.48310188029987,76.84755145312565,86.30261841239515,63.253926608163866,66.8645397673139,0.7247204088302668,50.0,31.914893617021274,50.00000000000002,35.52631578947369,49.99999999999999,26.811594202898547,49.999999999999986,44.107744107744104,49.99999999999999,40.0,50.0,35.672109543427524,77.27272727272727,86.42266824085006,80.74866310160428,89.3048128342246,78.85338345864663,92.66917293233082,80.72916666666669,93.22916666666667,92.01680672268907,98.52941176470588,81.92414944446679,92.03104648775562,65.9620747222334,63.85157801559157,0.672812743398231
164.0,47.88542868127644,47.86620530565167,53.96131805157594,49.01146131805157,50.90334236675699,49.262270400481775,58.24940758293842,58.69372037914692,43.15126050420165,37.563025210084035,50.83015143734988,48.4793365226832,72.38349885408708,82.90407071919677,77.54955534126216,84.94374799099968,76.43360752056405,88.42538190364277,82.2021167634005,93.09320587231137,76.64372618901317,90.37728892712302,77.04250093366541,87.94873908265473,63.936326185507646,68.21403780266897,0.7021038295646935,50.0,31.914893617021274,50.00000000000002,34.64912280701755,49.99999999999999,26.08695652173913,49.999999999999986,48.148148148148145,49.99999999999999,44.166666666666664,50.0,36.99315755211855,77.27272727272727,86.42266824085006,81.72905525846701,89.3048128342246,81.48496240601504,92.66917293233082,82.81250000000001,93.48958333333334,92.01680672268907,98.52941176470588,83.06321033197968,92.08312982108893,66.53160516598984,64.53814368660375,0.6715074592166945
165.0,57.95847750865052,65.89773164167629,52.177650429799414,40.730659025787965,48.870822041553744,47.15447154471544,54.413507109004755,47.89691943127961,58.94957983193273,55.714285714285715,54.47400738418823,51.478813471549,72.4025974025974,81.61901124085999,77.54848387442406,87.91813993356905,77.46768507638073,88.62514688601647,81.4066234209628,91.41345168999659,80.5886690426447,90.46331571832371,77.88281176340195,88.00781309375316,66.1784095737951,69.74331328265109,0.700956367018402,50.0,31.914893617021274,50.00000000000002,35.08771929824562,49.99999999999999,23.188405797101446,49.999999999999986,53.198653198653204,49.99999999999999,45.833333333333336,50.0,37.84460104887098,77.27272727272727,86.42266824085006,80.74866310160428,89.3048128342246,78.85338345864663,92.85714285714286,80.72916666666669,93.48958333333334,92.01680672268907,98.52941176470588,81.92414944446679,92.12072380605134,65.9620747222334,64.98266242746116,0.671939909657542
166.0,60.207612456747405,53.787004998077656,59.31232091690545,48.72492836676218,42.50225835591689,32.06865401987353,51.62174170616115,47.2452606635071,51.72268907563022,46.9327731092437,53.07332450227223,45.75172423149284,73.80634071810542,80.41307432063735,75.41840780027856,86.17379192114004,80.01762632197415,88.93537015276145,78.15295322635716,92.31136906794127,74.50227356519602,89.17291385031338,76.37952032638228,87.40130386255869,64.72642241432726,66.57651404702577,0.7111105704747565,50.0,31.914893617021274,50.00000000000002,35.08771929824562,49.99999999999999,23.188405797101446,49.999999999999986,52.18855218855219,49.99999999999999,44.99999999999999,50.0,37.475914180184105,77.27272727272727,86.42266824085006,79.76827094474153,89.3048128342246,78.85338345864663,92.85714285714286,80.72916666666669,93.48958333333334,92.01680672268907,98.52941176470588,81.72807101309424,92.12072380605134,65.86403550654711,64.79831899311773,0.6720060057002275
167.0,54.13302575932335,38.446751249519416,43.739255014326645,40.95988538681949,50.67750677506774,51.460403492923824,50.53317535545025,49.94075829383886,53.84453781512602,49.45378151260504,50.5855001438588,46.05231598714133,74.6466768525592,83.52340936374549,77.05989499624984,86.39665702346512,75.99294947121035,89.21504112808461,80.61966541481735,91.87777398429499,75.76809635000616,88.0361312523043,76.81745661696858,87.8098025503789,63.70147838041369,66.93105926876012,0.7105949827888226,50.0,31.914893617021274,50.00000000000002,35.96491228070175,49.99999999999999,23.91304347826087,49.999999999999986,49.83164983164983,49.99999999999999,44.166666666666664,50.0,37.15823317486008,77.27272727272727,86.42266824085006,80.74866310160428,89.3048128342246,78.85338345864663,92.76315789473684,80.72916666666669,93.48958333333334,92.01680672268907,98.52941176470588,81.92414944446679,92.10192681357015,65.9620747222334,64.63007999421511,0.6706316592922034
168.0,58.65051903114187,54.90196078431373,51.669054441260755,46.93409742120344,42.90876242095754,40.7106293285155,57.731042654028464,52.369668246445485,48.90756302521005,42.47899159663866,51.97338831451974,47.47906947542336,73.47211611917494,85.43326421477683,76.56594878388512,85.63270116789884,77.89659224441834,90.25616921269095,80.42505974735406,91.85387504267669,80.92663143664743,91.60624308713284,77.85726966629598,88.95645054503522,64.91532899040786,68.21776001022928,0.7009144088770479,50.0,31.914893617021274,50.00000000000002,35.08771929824562,49.99999999999999,21.73913043478261,49.999999999999986,53.535353535353536,49.99999999999999,45.00000000000001,50.0,37.45541937708061,77.27272727272727,86.42266824085006,80.74866310160428,89.39393939393939,78.85338345864663,92.76315789473684,80.72916666666669,93.48958333333334,92.01680672268907,98.73949579831933,81.92414944446679,92.1617689322358,65.9620747222334,64.80859415465821,0.670516580071679
169.0,57.95847750865053,53.74855824682814,56.89111747851003,48.48137535816619,55.19421860885275,46.913580246913575,52.37707345971566,59.06398104265402,47.52100840336132,41.596638655462186,53.98837909181806,49.960826710004824,72.94690603514132,79.90559860307759,76.0752169720347,85.61877209900354,78.06110458284371,89.5229142185664,82.0962785933766,91.75827927620348,78.2997419196264,89.89185203391914,77.49584962060455,87.33948324615402,65.7421143562113,68.65015497807943,0.7068161974817926,50.0,30.851063829787233,50.00000000000002,35.52631578947369,49.99999999999999,23.91304347826087,49.999999999999986,51.85185185185185,49.99999999999999,43.333333333333336,50.0,37.095121656541394,77.27272727272727,86.42266824085006,80.74866310160428,89.39393939393939,78.85338345864663,92.76315789473684,80.72916666666669,93.48958333333334,92.01680672268907,98.94957983193278,81.92414944446679,92.20378573895849,65.9620747222334,64.64945369774995,0.6707349571543139
170.0,47.193387158785086,43.90618992695117,53.67478510028653,46.590257879656164,47.83197831978319,44.474555856669674,51.76244075829386,44.44609004739337,49.60084033613442,45.588235294117645,50.01268633465661,45.001065800957605,75.50611153552329,82.10738840990942,76.89060323582981,84.7208828886746,80.28789659224445,89.475910693302,80.23045407989076,91.86070331171048,77.4241120806194,90.28511736512228,78.06783550482155,87.69000053374376,64.04026091973907,66.34553316735068,0.7041639565266623,50.0,30.851063829787233,50.00000000000002,37.719298245614034,49.99999999999999,20.289855072463762,49.999999999999986,53.87205387205387,49.99999999999999,45.833333333333336,50.0,37.71312087065045,77.27272727272727,86.42266824085006,80.74866310160428,89.39393939393939,78.85338345864663,92.76315789473684,80.72916666666669,93.48958333333334,92.01680672268907,98.94957983193278,81.92414944446679,92.20378573895849,65.9620747222334,64.95845330480446,0.6705820848931082
171.0,53.78700499807767,49.25028835063438,49.45558739255014,42.578796561604584,54.968383017163504,53.417645287563985,59.434241706161174,49.89632701421801,46.70168067226888,41.344537815126046,52.86937955724427,47.29751900582939,74.31245225362872,84.3937575030012,76.89167470266793,85.21375763420122,77.62632197414807,89.56521739130436,81.65414817343803,91.57391601229088,76.40100774241121,89.58461349391668,77.3771209692588,88.06625240694287,65.12325026325153,67.68188570638613,0.7039474350033229,50.0,36.17021276595745,50.00000000000002,39.03508771929825,49.99999999999999,21.014492753623188,49.999999999999986,58.24915824915825,49.99999999999999,50.83333333333333,50.0,41.06045696427409,77.27272727272727,86.54073199527745,80.74866310160428,89.39393939393939,78.85338345864663,92.76315789473684,80.72916666666669,93.61979166666667,92.01680672268907,98.94957983193278,81.92414944446679,92.25344015651064,65.9620747222334,66.65694856039237,0.6695246490890151
172.0,52.05690119184929,45.40561322568243,51.38252148997133,46.919770773638966,52.3486901535682,44.77566997892201,48.40047393364931,40.328791469194314,46.008403361344506,47.773109243697476,50.039398026076526,45.040590938227034,72.29755538579067,81.09243697478992,78.03921568627449,85.93378334940533,77.57344300822562,87.32314923619272,80.71696824854901,90.80573574598839,79.32284625783458,88.84109622711074,77.59000571733489,86.79924030669743,63.81470187170571,65.91991562246223,0.7121108607046692,50.0,38.297872340425535,50.00000000000002,38.59649122807017,49.99999999999999,20.28985507246377,49.999999999999986,58.58585858585859,49.99999999999999,50.83333333333333,50.0,41.32068211203027,77.27272727272727,86.54073199527745,80.74866310160428,89.39393939393939,78.85338345864663,92.85714285714286,80.72916666666669,93.75,92.01680672268907,98.94957983193278,81.92414944446679,92.2982788156585,65.9620747222334,66.80948046384438,0.6698257229223649
173.0,49.096501345636284,53.517877739331034,59.677650429799435,52.550143266475644,49.63866305329719,41.58386028304727,56.50177725118486,57.27191943127961,56.86974789915963,59.621848739495796,54.35686799581548,52.90912989192587,74.22650878533233,80.79777365491651,76.73095467695272,86.00235722704383,76.75675675675679,88.45828437132785,80.08023216114715,91.28030044383749,76.73897013641393,90.59850067592478,76.90668450332058,87.4274432746101,65.63177624956802,70.16828658326799,0.7017243661931923,50.0,40.42553191489362,50.00000000000002,39.473684210526315,49.99999999999999,19.565217391304344,49.999999999999986,60.26936026936027,44.99999999999999,50.83333333333333,49.0,42.11342542388358,77.27272727272727,86.54073199527745,80.74866310160428,89.39393939393939,78.85338345864663,92.85714285714286,80.72916666666669,93.75,92.01680672268907,98.94957983193278,81.92414944446679,92.2982788156585,65.4620747222334,67.20585211977104,0.6697024939553455
174.0,59.342560553633206,46.55901576316801,55.74498567335243,47.40687679083094,54.78771454381209,58.20535983137609,58.06427725118485,50.3850710900474,54.62184873949576,45.58823529411764,56.51227735229567,49.628911753908014,74.52253628724218,83.37607770380879,76.72988321011462,86.34522661523626,79.47121034077557,90.13631022326675,82.14919767838855,92.93274155001707,78.63770431362911,90.1130637827209,78.30210636603002,88.58068397500995,67.40719185916285,69.10479786445899,0.6933622141363719,50.0,41.48936170212766,50.00000000000002,39.03508771929825,49.99999999999999,23.91304347826087,49.999999999999986,62.289562289562284,49.99999999999999,51.66666666666667,50.0,43.67874437118316,77.27272727272727,86.54073199527745,80.74866310160428,89.39393939393939,80.16917293233084,92.76315789473684,80.72916666666669,93.75,92.01680672268907,98.94957983193278,82.18730733920361,92.27948182317729,66.0936536696018,67.97911309718023,0.6677636831557089
175.0,54.652056901191855,55.90157631680124,42.815186246418335,37.65042979942693,51.716350496838295,46.883468834688344,58.96030805687206,49.274289099526065,46.785714285714256,43.65546218487395,50.98592319740696,46.67304524706331,72.92780748663101,82.28746043872094,76.89167470266793,85.34661952212579,77.62632197414807,89.29964747356051,79.29327415500173,92.33526800955958,75.5253779034042,89.36954651591495,76.45289124437059,87.72770839197635,63.719407220888776,67.20037681951983,0.7050876044327804,50.0,41.48936170212766,50.00000000000002,38.59649122807017,49.99999999999999,23.91304347826087,49.999999999999986,62.62626262626263,49.99999999999999,51.66666666666667,50.0,43.6583651402776,77.27272727272727,86.54073199527745,80.74866310160428,89.39393939393939,80.16917293233084,92.76315789473684,80.72916666666669,93.61979166666667,92.01680672268907,98.94957983193278,82.18730733920361,92.25344015651064,66.0936536696018,67.95590264839412,0.6672013787079463
176.0,52.57593233371781,50.249903883121874,52.09885386819485,45.042979942693414,50.903342366757,55.19421860885275,49.207642180094815,41.27665876777251,58.99159663865543,59.285714285714285,52.75547347748399,50.20989509763096,73.89228418640184,83.34060897086108,77.05668059573554,86.74595521268617,78.98354876615747,88.40423031727379,82.64424718333905,93.15466029361556,71.19024210396954,88.73663512350988,76.75340056712068,88.0764179835893,64.75443702230234,69.14315654061014,0.7005281747558572,50.0,38.297872340425535,50.00000000000002,37.719298245614034,49.99999999999999,21.014492753623188,49.999999999999986,58.58585858585859,49.99999999999999,50.83333333333333,50.0,41.29017105177094,77.27272727272727,86.42266824085006,80.74866310160428,89.39393939393939,80.16917293233084,92.76315789473684,80.72916666666669,93.61979166666667,92.01680672268907,98.94957983193278,82.18730733920361,92.22982740562516,66.0936536696018,66.75999922869805,0.6678974502252505
177.0,48.231449442522106,47.36639753940792,54.534383954154734,49.46991404011461,55.82655826558264,51.79162902740138,50.770142180094815,47.52665876777251,53.23529411764702,47.39495798319327,52.51956559200026,48.70991147157794,73.03284950343773,82.67488813707301,76.07200257152039,85.24590163934427,77.07990599294948,89.90129259694477,81.11471491976785,91.55684533970638,79.08012781123266,89.94101020031952,77.27592015978162,87.8639875826776,64.89774287589094,68.28694952712777,0.6983568594630764,50.0,38.297872340425535,50.00000000000002,38.15789473684211,49.99999999999999,21.014492753623188,49.999999999999986,58.24915824915824,49.99999999999999,49.16666666666667,50.0,40.97721694934315,77.27272727272727,86.54073199527744,80.74866310160428,89.39393939393939,80.16917293233084,92.76315789473684,80.72916666666669,93.61979166666667,92.01680672268907,98.94957983193278,82.18730733920361,92.25344015651062,66.0936536696018,66.61532855292688,0.6675330091267307
178.0,58.3044982698962,50.9034986543637,50.60171919770774,51.590257879656164,50.49683830171635,49.53327311050888,53.70260663507111,48.45971563981043,57.52100840336132,45.46218487394958,54.12533416155054,49.18978603165775,73.15699006875477,80.30121139364836,77.54848387442408,85.8994964105861,80.18213866039954,89.52526439482962,80.96449300102425,90.6623420962786,81.31682438245055,90.00860267912007,78.63378599741063,87.27938339489256,66.37956007948058,68.23458471327515,0.7025879127194554,50.0,38.297872340425535,50.00000000000002,38.15789473684211,49.99999999999999,20.28985507246377,49.999999999999986,57.23905723905723,44.99999999999999,46.666666666666664,49.0,40.13026921109106,77.27272727272727,86.42266824085006,80.74866310160428,89.39393939393939,78.85338345864663,92.76315789473684,80.72916666666669,93.75,92.01680672268907,98.94957983193278,81.92414944446679,92.25586907229182,65.4620747222334,66.19306914169144,0.6686359880284568
179.0,53.61399461745483,44.02153018069973,49.31232091690544,45.02865329512894,59.1237579042457,57.90424570912376,54.74674170616116,49.437203791469194,53.19327731092432,46.554621848739494,53.998018491138296,48.58925096503222,73.7872421695951,81.60264105642257,77.05560912889743,87.6374156219865,79.62984723854291,88.2373678025852,80.86719016729262,91.87777398429498,77.22440702961781,90.72754086272582,77.71285914678916,88.01654786560303,65.85543881896373,68.30289941531763,0.6959747309947993,50.0,39.36170212765958,50.00000000000002,38.1578947368421,49.99999999999999,19.565217391304344,49.999999999999986,58.58585858585859,44.99999999999999,47.5,49.0,40.634134568332925,77.27272727272727,86.42266824085006,80.74866310160428,89.39393939393939,78.85338345864663,92.76315789473684,80.72916666666669,93.75,92.01680672268907,98.94957983193278,81.92414944446679,92.25586907229182,65.4620747222334,66.44500182031237,0.6681524521828299
180.0,53.44098423683199,61.66858900422913,54.16905444126074,51.5759312320917,48.64498644986449,45.1370069256248,60.00444312796211,59.241706161137444,45.92436974789912,40.12605042016807,52.43676760076369,51.54985674865022,74.60847975553857,82.95590963658191,78.03921568627447,87.03310832529733,77.73207990599295,89.46180963572267,82.34380334585184,93.31512461590987,80.14624554504117,92.7368809143419,78.5739648477398,89.10056662557074,65.50536622425174,70.32521168711048,0.682138572608205,50.0,45.74468085106383,50.00000000000002,41.66666666666667,49.99999999999999,26.811594202898554,49.999999999999986,63.636363636363626,44.99999999999999,53.333333333333336,49.0,46.2385277380652,77.27272727272727,86.30460448642266,80.74866310160428,89.39393939393939,80.16917293233084,92.76315789473684,80.72916666666669,93.75,92.01680672268907,98.94957983193278,82.18730733920361,92.23225632140634,65.5936536696018,69.23539202973578,0.6665498033586412
181.0,53.44098423683199,42.75278738946559,52.09885386819485,45.22922636103152,50.49683830171635,53.688647997591076,51.34034360189575,47.2600710900474,55.357142857142826,56.05042016806723,52.54683257315636,48.99623060124057,73.47211611917494,82.52209974899051,75.74734811957568,86.62809386049501,78.98354876615747,89.12103407755583,78.55069989757598,92.39330829634687,79.51333415263612,90.05161607472041,77.25340941102402,88.14323041162172,64.9001209920902,68.56973050643114,0.6952413630882427,50.0,45.74468085106383,50.00000000000002,42.10526315789474,49.99999999999999,29.71014492753623,49.999999999999986,65.31986531986531,49.99999999999999,55.00000000000001,50.0,47.575990851272024,77.27272727272727,86.42266824085006,80.74866310160428,89.39393939393939,80.16917293233084,92.76315789473684,80.72916666666669,93.75,92.01680672268907,98.94957983193278,82.18730733920361,92.25586907229182,66.0936536696018,69.91592996178193,0.6648842056188589
182.0,48.058439061899264,48.94271434063822,48.38825214899713,44.269340974212035,51.94218608852754,51.21951219512195,49.58530805687206,47.92654028436019,47.39495798319325,43.403361344537814,49.07382866789785,47.152293827774045,73.80634071810542,81.72814580377606,78.03814421943639,85.87806707382406,77.3560517038778,88.94242068155111,77.90542847388188,91.46807784226698,77.22440702961781,90.03318176232027,76.86607442898386,87.6099786327477,62.96995154844086,67.38113623026086,0.7027006649868225,50.0,48.93617021276596,50.00000000000002,41.66666666666667,49.99999999999999,33.333333333333336,49.999999999999986,67.34006734006735,49.99999999999999,56.666666666666664,50.0,49.5885808439,77.27272727272727,86.30460448642266,80.74866310160428,89.39393939393939,80.16917293233084,92.76315789473684,80.72916666666669,93.75,92.01680672268907,98.94957983193278,82.18730733920361,92.23225632140634,66.0936536696018,70.91041858265316,0.6648836850404206
183.0,48.231449442522106,42.945021145713184,55.25071633237821,50.68767908309455,43.08943089430894,35.86269196025293,56.738744075829395,50.3850710900474,53.8865546218487,43.65546218487395,51.439379073377474,44.70718509279641,73.89228418640184,82.74309723889556,74.76159862852244,87.0009643201543,77.52056404230319,88.91186839012927,76.4373506316149,90.67599863434619,77.66683052722134,90.68452746712548,76.05572560321274,88.00329121013014,63.74755233829511,66.35523815146328,0.7058218522775596,50.0,41.48936170212766,50.00000000000002,38.15789473684211,49.99999999999999,22.46376811594203,49.999999999999986,61.27946127946128,44.99999999999999,49.16666666666667,49.0,42.51143050020795,77.27272727272727,86.42266824085006,80.74866310160428,89.39393939393939,80.16917293233084,92.76315789473684,80.72916666666669,93.61979166666667,92.01680672268907,98.94957983193278,82.18730733920361,92.22982740562516,65.5936536696018,67.37062895291655,0.6659059519427485
184.0,46.155324875048066,41.40715109573241,51.81232091690543,47.04871060171919,50.67750677506774,42.30653417645288,56.82760663507111,44.92002369668247,47.39495798319325,39.36974789915967,50.57354343705712,43.01043349394933,75.80213903743315,82.23834988540871,76.5659487838851,87.99957141326476,79.20094007050528,89.42185663924795,81.21201775349952,93.49948787982247,79.32284625783458,87.7227479415018,78.42077838063153,88.17640275184914,64.49716090884432,65.59341812289924,0.7114371438965373,50.0,41.48936170212766,50.00000000000002,37.28070175438596,49.99999999999999,18.11594202898551,49.999999999999986,58.24915824915825,44.99999999999999,46.666666666666664,49.0,40.360366080264804,77.27272727272727,86.42266824085006,80.74866310160428,89.3048128342246,80.16917293233084,92.76315789473684,80.72916666666669,93.75,92.01680672268907,98.94957983193278,82.18730733920361,92.23804376034886,65.5936536696018,66.29920492030683,0.6670065887643775
185.0,53.96001537870051,40.484429065743946,55.107449856733524,55.94555873925502,47.24480578139115,44.05299608551642,55.457642180094815,54.058056872037916,47.39495798319325,46.09243697478991,51.83297423602265,48.12669554746864,72.92780748663101,80.7868601986249,76.89060323582983,86.1566484517304,80.55229142185667,90.21386603995299,82.83885285080234,91.92557186753157,78.15226742042523,91.44647904633158,78.27236448310902,88.1058851208343,65.05266935956584,68.11629033415147,0.6958780910792504,50.0,50.0,50.00000000000002,42.10526315789473,49.99999999999999,30.434782608695656,49.999999999999986,66.32996632996633,49.99999999999999,55.00000000000001,50.0,48.774002419311344,77.27272727272727,86.42266824085006,80.74866310160428,89.3048128342246,81.48496240601504,92.76315789473684,80.72916666666669,93.61979166666667,92.01680672268907,98.94957983193278,82.45046523394046,92.21200209368219,66.22523261697023,70.49300225649677,0.6638411490499826
186.0,54.99807766243754,63.70626682045367,51.52578796561605,50.41547277936962,47.42547425474254,44.474555856669674,58.345675355450254,48.63744075829384,54.62184873949576,43.19327731092437,53.383372795548425,50.085402705142236,73.7872421695951,81.48532140128779,76.2380799314261,87.59669988213865,77.02115158636899,90.12690951821386,83.67872994195974,92.24308637760328,73.72188767358978,89.7628118471181,76.88941826058795,88.24296580527235,65.13639552806819,69.16418425520729,0.6936652125184515,50.0,54.255319148936174,50.00000000000002,40.35087719298246,49.99999999999999,30.434782608695656,49.999999999999986,65.99326599326598,44.99999999999999,54.166666666666664,49.0,49.04018232210938,77.27272727272727,86.54073199527745,80.74866310160428,89.3048128342246,80.16917293233084,92.76315789473684,80.72916666666669,93.61979166666667,92.01680672268907,98.94957983193278,82.18730733920361,92.23561484456766,65.5936536696018,70.63789858333853,0.664423299241501
187.0,46.84736639753942,48.59669357939254,52.24212034383954,40.816618911174785,42.90876242095754,45.67901234567901,59.197274881516606,56.857227488151665,48.00420168067223,50.294117647058826,49.83994514490506,48.448733994291366,75.82123758594346,81.77725635708829,78.37029893924782,87.35454837672773,79.03642773207994,90.05640423031727,82.49402526459545,92.28747012632297,78.29974191962641,92.65699889394126,78.80434628829862,88.82653559687951,64.32214571660184,68.63763479558544,0.6882248401892437,50.0,48.93617021276596,50.00000000000002,39.03508771929825,49.99999999999999,24.637681159420293,44.44444444444443,60.94276094276094,44.99999999999999,49.16666666666667,47.88888888888889,44.54367334018242,77.27272727272727,86.30460448642266,80.74866310160428,89.3048128342246,80.16917293233084,92.76315789473684,80.72916666666669,93.75,92.01680672268907,98.94957983193278,82.18730733920361,92.21443100946337,65.03809811404625,68.3790521748229,0.6655894330561816
188.0,47.88542868127643,44.05997693194925,48.96131805157592,47.49283667621777,52.529358626919596,52.39385727190605,50.629443127962105,53.30272511848341,47.39495798319325,40.79831932773109,49.48010129418546,47.60954306525751,74.2933537051184,82.43479209865765,77.71134683381547,87.68027429551056,79.41245593419508,90.0846063454759,79.69102082622057,94.11744622738135,80.38896399164311,88.61988447830896,78.29942825819852,88.58740068906687,63.88976477619199,68.09847187716218,0.6890328983145957,50.0,50.0,50.00000000000002,39.91228070175439,49.99999999999999,23.91304347826087,49.999999999999986,61.95286195286195,44.99999999999999,50.83333333333333,49.0,45.32230389324211,77.27272727272727,86.30460448642266,80.74866310160428,89.39393939393939,80.16917293233084,92.76315789473684,80.72916666666669,93.61979166666667,92.01680672268907,98.94957983193278,82.18730733920361,92.20621465473968,65.5936536696018,68.76425927399089,0.6651204043831636
189.0,58.47750865051903,49.44252210688197,52.03438395415473,51.676217765042985,49.683830171635044,49.92472146943691,58.01244075829386,60.10071090047393,58.94957983193274,55.16806722689076,55.43154867330708,53.26244789374531,74.62757830404888,82.59030885081305,76.89381763634414,86.1437908496732,78.38425381903645,89.49941245593419,78.35609423011269,90.79890747695458,81.50731227725207,91.13309573552907,77.95381125335885,88.03310307378082,66.69267996333296,70.64777548376307,0.683393427828506,50.0,61.702127659574465,50.00000000000002,41.66666666666667,49.99999999999999,36.95652173913044,49.999999999999986,67.34006734006734,44.99999999999999,55.833333333333336,49.0,52.69974334775444,77.27272727272727,86.30460448642266,80.74866310160428,89.39393939393939,80.16917293233084,92.76315789473684,80.72916666666669,93.75,92.01680672268907,98.94957983193278,82.18730733920361,92.23225632140634,65.5936536696018,72.46599983458039,0.6636513909021279
190.0,53.78700499807767,57.67012687427911,56.03151862464182,46.51862464183382,49.27732610659439,44.534778681120144,51.2440758293839,43.350118483412324,53.97058823529408,54.36974789915967,52.86210275879837,49.28867931596101,74.10236822001526,84.19185856160647,76.89488910318222,86.6259509268188,81.5334900117509,89.07638072855464,80.76988733356096,92.24650051212018,79.02789725943222,91.79058621113433,78.46570638558832,88.78625538804688,65.66390457219335,69.03746735200394,0.6827100719320112,50.0,59.57446808510638,50.00000000000002,41.66666666666667,49.99999999999999,37.68115942028986,49.999999999999986,67.34006734006734,44.99999999999999,57.49999999999999,49.0,52.75247230242604,77.27272727272727,86.42266824085006,80.74866310160428,89.39393939393939,80.16917293233084,92.76315789473684,80.72916666666669,93.75,92.01680672268907,98.94957983193278,82.18730733920361,92.25586907229182,65.5936536696018,72.50417068735894,0.662768368072444
191.0,51.1918492887351,40.484429065743946,44.74212034383954,44.15472779369627,48.41915085817524,46.13068352905751,53.087973933649316,53.92476303317535,50.33613445378149,52.77310924369747,49.55544577563614,47.49354253307411,75.04774637127578,80.96147549929063,76.89381763634414,87.4038358512804,79.41833137485311,88.427732079906,79.88562649368387,92.64254011608058,79.51333415263612,89.88570726311909,78.15177120575859,87.86425816193534,63.85360849069737,67.67890034750472,0.6897781455660836,50.0,62.76595744680851,50.00000000000002,41.66666666666667,49.99999999999999,38.40579710144928,49.999999999999986,67.34006734006734,44.99999999999999,56.666666666666664,49.0,53.3690310443317,77.27272727272727,86.42266824085006,80.74866310160428,89.48306595365419,80.16917293233084,92.76315789473684,80.72916666666669,93.75,92.01680672268907,98.94957983193278,82.18730733920361,92.27369438423477,65.5936536696018,72.82136271428324,0.6631145509420736
192.0,37.29334871203383,40.561322568242986,47.958452722063036,41.14613180515759,45.79945799457994,39.59650707618187,47.074940758293856,43.58708530805687,47.43697478991592,46.72268907563025,45.11263499537732,42.32274716665391,74.207410236822,81.76361453672378,77.38347798135646,86.19950712525448,79.52408930669802,89.572267920094,84.32400136565383,93.24342779105496,78.00479292122405,91.10237188152882,78.68875436235086,88.37623785093122,61.90069467886409,65.34949250879257,0.6959704149761421,50.0,59.57446808510638,50.00000000000002,39.473684210526315,49.99999999999999,34.78260869565217,49.999999999999986,66.66666666666666,44.99999999999999,55.833333333333336,49.0,51.266152198256975,77.27272727272727,86.42266824085006,80.74866310160428,89.48306595365419,80.16917293233084,92.76315789473684,80.72916666666669,93.75,92.01680672268907,98.94957983193278,82.18730733920361,92.27369438423477,65.5936536696018,71.76992329124587,0.6624827281658231
193.0,48.058439061899264,60.630526720492114,53.10171919770773,44.19770773638969,52.755194218608835,51.27973501957241,55.22067535545025,56.27962085308057,50.2521008403361,44.411764705882355,51.87762573480044,51.35987100708344,74.31245225362872,83.70893812070283,77.71027536697737,86.61737919211402,80.17626321974149,88.80141010575794,81.36223967224309,94.15158757255037,78.73294826102986,91.55708492073245,78.4588357547241,88.96727998237152,65.16823074476227,70.16357549472748,0.6820035688911251,50.0,58.51063829787234,50.00000000000002,41.66666666666667,49.99999999999999,35.507246376811594,49.999999999999986,67.34006734006735,44.99999999999999,56.666666666666664,49.0,51.93825706961693,77.27272727272727,86.42266824085006,80.74866310160428,89.48306595365419,80.16917293233084,92.76315789473684,80.72916666666669,93.75,92.01680672268907,98.94957983193278,82.18730733920361,92.27369438423477,65.5936536696018,72.10597572692585,0.6625344818331359
194.0,37.81237985390235,31.910803537101113,47.385386819484246,46.0028653295129,51.94218608852754,54.44143330322192,53.56190758293842,50.05924170616114,45.96638655462183,45.252100840336134,47.33364937989488,45.53328894326664,74.1214667685256,84.63931026956237,75.42162220079285,86.44808743169399,78.27849588719155,90.27027027027026,80.23045407989078,93.65312393308297,77.81430502642253,90.0270369915202,77.17326879256466,89.00756577922596,62.25345908622977,67.2704273612463,0.6906008802709189,50.0,62.76595744680851,50.00000000000002,43.85964912280702,49.99999999999999,41.30434782608695,49.999999999999986,70.7070707070707,44.99999999999999,60.0,49.0,55.727405020554635,77.27272727272727,86.42266824085006,80.74866310160428,89.48306595365419,81.48496240601504,92.76315789473684,80.72916666666669,93.75,92.01680672268907,98.94957983193278,82.45046523394046,92.27369438423477,65.72523261697023,74.00054970239471,0.6612561849687885
195.0,36.60130718954249,48.250672818146874,53.53151862464184,43.53868194842407,51.94218608852754,46.612466124661246,56.68690758293842,46.09004739336493,57.605042016806685,53.99159663865546,51.2733923004914,47.69669298465051,74.54163483575248,81.7990832696715,76.72774027643841,87.10382513661202,78.1668625146886,88.93537015276146,83.0863776032776,92.47866165926938,79.27061570603418,91.42804473393143,78.35864618723825,88.34899699044915,64.81601924386483,68.02284498754983,0.6886692242004001,50.0,61.702127659574465,50.00000000000002,46.92982456140351,49.99999999999999,42.02898550724638,44.44444444444443,69.36026936026936,44.99999999999999,59.166666666666664,47.88888888888889,55.83757475103208,77.27272727272727,86.42266824085006,80.74866310160428,89.48306595365419,80.16917293233084,92.85714285714286,80.72916666666669,93.75,92.01680672268907,98.94957983193278,82.18730733920361,92.29249137671599,65.03809811404625,74.06503306387404,0.6622858688342316
196.0,58.47750865051904,43.021914648212224,52.38538681948424,54.670487106017184,52.574525745257446,46.612466124661246,50.67387440758295,45.36433649289099,53.19327731092434,53.57142857142857,53.460914586753596,48.64812658864205,73.7872421695951,83.06504419949799,77.05668059573554,85.95735561984357,79.74148061104583,90.62984723854288,80.57528166609767,93.10344827586206,80.14624554504117,92.22072016713776,78.26138611750306,88.99528310017686,65.86115035212833,68.82170484440945,0.6809051224334784,50.0,60.63829787234043,50.00000000000002,46.49122807017544,49.99999999999999,42.02898550724638,44.44444444444443,68.68686868686868,44.99999999999999,58.33333333333333,47.88888888888889,55.23574269399285,77.27272727272727,86.42266824085006,80.74866310160428,89.57219251336899,80.16917293233084,92.66917293233082,80.72916666666669,93.75,93.48739495798318,98.94957983193278,82.48142498626244,92.27272270369653,65.18515693757567,73.75423269884469,0.6620715922558716
197.0,52.5759323337178,49.63475586312956,56.46131805157593,46.60458452722063,49.68383017163504,49.62360734718458,57.87174170616116,50.97748815165877,50.33613445378149,47.39495798319327,53.38579134337429,48.84707877447737,73.89228418640184,84.36510968023573,77.05882352941174,87.33526197364192,80.38777908343127,88.91421856639248,77.77227722772278,92.17138955274838,78.34275531522675,91.91348162713531,77.49078386843887,88.93989228003076,65.43828760590658,68.89348552725406,0.6816839299264631,50.0,60.63829787234043,50.00000000000002,46.05263157894737,49.99999999999999,42.7536231884058,44.44444444444443,69.6969696969697,44.99999999999999,59.166666666666664,47.88888888888889,55.66163780066599,77.27272727272727,86.42266824085006,80.74866310160428,89.57219251336899,80.16917293233084,92.76315789473684,80.72916666666669,93.75,94.95798319327731,98.94957983193278,82.77554263332127,92.29151969617774,65.33221576110508,73.97657874842187,0.6617456251902424
198.0,58.650519031141876,59.55401768550558,55.68051575931231,47.79369627507163,53.79403794037939,50.978620897320084,55.83530805687206,50.72571090047393,47.47899159663863,43.65546218487395,54.28787447686885,50.541501588649034,74.96180290297937,83.58343337334935,75.58234222650808,86.40094289081752,80.0117508813161,88.36427732079906,78.10856947763743,92.13041993854559,78.247511367826,91.31743885953054,77.38239537125341,88.35930247660842,65.83513492406112,69.45040203262873,0.6828595068556241,50.0,60.63829787234043,50.00000000000002,47.36842105263158,49.99999999999999,49.27536231884058,44.44444444444443,70.37037037037037,44.99999999999999,60.0,47.88888888888889,57.53049032283659,77.27272727272727,86.65879574970485,80.74866310160428,89.66131907308377,80.16917293233084,92.76315789473684,80.72916666666669,93.75,94.95798319327731,98.94957983193278,82.77554263332127,92.35657050989165,65.33221576110508,74.94353041636413,0.6611557545660041
199.0,42.156862745098046,35.217224144559786,52.52865329512893,45.22922636103153,58.265582655826556,54.41132189099669,57.0201421800948,53.77665876777251,47.43697478991593,46.38655462184874,51.481643133212856,47.004197157241855,74.75171886936593,83.10596966059151,78.03814421943639,86.47808850316083,78.38425381903645,88.64864864864866,79.29327415500173,92.33526800955958,76.25353324321004,89.19749293351357,77.3441848612101,87.95309355109482,64.41291399721148,67.47864535416834,0.6897731089404202,50.0,61.702127659574465,50.00000000000002,46.92982456140351,49.99999999999999,47.826086956521735,44.44444444444443,70.7070707070707,44.99999999999999,59.166666666666664,47.88888888888889,57.26635531024741,77.27272727272727,86.54073199527745,80.74866310160428,89.66131907308377,80.16917293233084,92.95112781954886,80.72916666666669,93.75,92.01680672268907,98.94957983193278,82.18730733920361,92.37055174396858,65.03809811404625,74.81845352710799,0.6612252180712123
200.0,58.82352941176471,57.631680123029604,54.885386819484225,57.5214899713467,43.676603432700986,43.78199337548931,52.71030805687206,47.52665876777251,59.726890756302474,66.09243697478992,53.964543695424894,54.510851842485614,73.3479755538579,80.68045399978173,77.21954355512695,87.89671059680703,79.7356051703878,89.21739130434783,81.45954250597475,91.01741208603619,75.23042890500184,90.57392159272459,77.39861913806985,87.87717791593948,65.68158141674738,71.19401487921255,0.6827728317987841,50.0,59.57446808510638,50.00000000000002,46.05263157894737,49.99999999999999,43.47826086956522,44.44444444444443,69.6969696969697,44.99999999999999,58.333333333333336,47.88888888888889,55.4271327127844,77.27272727272727,86.42266824085006,80.74866310160428,89.66131907308377,80.16917293233084,92.85714285714286,80.72916666666669,93.75,92.01680672268907,98.94957983193278,82.18730733920361,92.3281420006019,65.03809811404625,73.87763735669316,0.6611209584615221
201.0,47.02037677816225,50.86505190311419,52.09885386819484,41.81948424068768,49.457994579945805,44.86600421559771,53.087973933649316,43.30568720379147,49.64285714285712,51.470588235294116,50.26161126056187,46.465363159697034,73.99732620320854,82.65306122448979,77.87635272688308,86.3773706203793,79.90599294947123,89.17743830787309,79.5937179924889,90.1092523045408,78.9756667076318,89.3511122035148,78.0698113159367,87.53364693215956,64.16571128824928,66.99950504592829,0.695135564784183,50.0,61.702127659574465,50.00000000000002,46.92982456140351,49.99999999999999,47.10144927536232,44.44444444444443,70.37037037037037,44.99999999999999,59.166666666666664,47.88888888888889,57.05408770667547,77.27272727272727,86.42266824085006,80.74866310160428,89.66131907308377,80.16917293233084,92.76315789473684,80.72916666666669,93.75,92.01680672268907,98.94957983193278,82.18730733920361,92.30934500812069,65.03809811404625,74.68171635739807,0.6607797341707804
202.0,55.863129565551716,66.89734717416378,58.03724928366761,53.882521489971346,57.90424570912375,55.13399578440229,62.514810426540315,57.864336492891,51.02941176470585,53.27731092436975,57.06976934991785,57.411102373159636,73.87318563789151,81.96824184219142,78.3660130718954,86.88310296796315,77.78495887191539,90.13866039952997,80.32775691362242,92.35233868214408,75.71586579820574,90.84429150792676,77.21355605870609,88.43732707995107,67.14166270431197,72.92421472655536,0.6669042817965104,50.0,64.8936170212766,50.00000000000002,49.56140350877193,49.99999999999999,51.44927536231884,44.44444444444443,71.38047138047138,44.99999999999999,64.16666666666667,47.88888888888889,60.29028678790108,77.27272727272727,86.42266824085006,80.74866310160428,89.75044563279857,80.16917293233084,92.66917293233082,80.72916666666669,93.75,93.48739495798318,98.94957983193278,82.48142498626244,92.30837332758244,65.18515693757567,76.29933005774177,0.6598605593424968
203.0,57.78546712802769,55.78623606305266,53.96131805157592,54.355300859598856,50.72267389340559,46.070460704607044,54.13210900473936,53.317535545023695,51.15546218487391,44.36974789915966,53.5514060525245,50.77985621428839,73.89228418640184,83.815344319546,76.56487731704702,85.65734490517518,78.97767332549944,89.48766157461809,80.47797883236602,91.64561283714579,72.55130883618041,91.50792675433206,76.49282449949894,88.42277807816342,65.02211527601172,69.60131714622591,0.6821276616473669,50.0,70.2127659574468,50.00000000000002,50.0,49.99999999999999,53.62318840579711,44.44444444444443,72.05387205387206,44.99999999999999,65.83333333333333,47.88888888888889,62.344631950089855,77.27272727272727,86.30460448642268,80.74866310160428,89.75044563279857,80.16917293233084,92.66917293233082,80.72916666666669,93.75,92.01680672268907,98.94957983193278,82.18730733920361,92.28476057669698,65.03809811404625,77.31469626339342,0.6592538927516154
204.0,56.728181468665895,65.28258362168397,57.32091690544412,62.03438395415473,45.79945799457994,37.277928334838904,56.405509478673,50.192535545023695,44.4957983193277,38.99159663865546,52.14997283333813,50.755805618871356,74.1214667685256,82.74036887482265,76.2380799314261,86.18236365584485,77.40893066980024,89.45475910693301,79.93854557869582,93.05223625810856,79.99877104584,93.57256974314858,77.54115879885754,89.00045952777154,64.84556581609783,69.87813257332145,0.6759433111110856,50.0,63.829787234042556,50.00000000000002,50.0,49.99999999999999,53.623188405797094,49.999999999999986,72.05387205387206,44.99999999999999,65.83333333333333,49.0,61.06803620540901,77.27272727272727,86.42266824085006,80.74866310160428,89.75044563279857,81.48496240601504,92.66917293233082,82.81250000000001,93.75,92.01680672268907,98.94957983193278,82.86713190060712,92.30837332758244,65.93356595030356,76.68820476649573,0.6585161225929591
205.0,57.26643598615918,59.823144944252206,44.10458452722063,43.29512893982808,49.86449864498644,57.78380006022282,51.95497630331756,50.31101895734598,51.029411764705856,47.89915966386554,50.84398144527793,51.82245051310292,73.24293353705119,81.97642693441013,78.03921568627449,86.55737704918033,79.31257344300823,88.80376028202114,80.57528166609765,91.19494708091497,74.98771045839992,89.70136413911762,77.2315429581663,87.64677509712884,64.03776220172212,69.73461280511589,0.6890491445637958,50.0,60.63829787234043,50.00000000000002,47.36842105263158,49.99999999999999,49.275362318840585,44.44444444444443,70.03367003367003,44.99999999999999,61.66666666666667,47.88888888888889,57.79648358882986,77.27272727272727,86.42266824085007,80.74866310160428,89.75044563279857,80.16917293233084,92.66917293233082,80.72916666666669,93.75,92.01680672268907,98.94957983193278,82.18730733920361,92.30837332758246,65.03809811404625,75.05242845820615,0.6591059052914374
206.0,51.88389081122645,50.9034986543637,51.03151862464183,42.32091690544413,53.74887082204155,57.78380006022282,53.895142180094815,55.42061611374407,56.86974789915963,54.41176470588235,53.48583406743286,52.16811928793142,74.83766233766234,83.76350540216086,76.56594878388512,85.52448301725062,79.30669800235019,90.5945945945946,82.64424718333905,92.70058040286786,79.36585965343494,92.22686493793782,78.54408319213431,88.96200567096234,66.01495862978359,70.56506247944688,0.6716133252083538,50.0,63.829787234042556,50.00000000000002,49.56140350877193,49.99999999999999,52.17391304347827,44.44444444444443,71.71717171717171,44.99999999999999,64.16666666666667,47.88888888888889,60.28978843402623,77.27272727272727,86.30460448642268,80.74866310160428,89.75044563279857,80.16917293233084,92.76315789473684,80.72916666666669,93.75,93.48739495798318,98.94957983193278,82.48142498626244,92.30355756917818,65.18515693757567,76.2966730016022,0.6582452288346887
207.0,58.47750865051903,62.05305651672434,47.60744985673352,44.11174785100287,48.28364950316169,45.22734116230051,52.8065758293839,45.23104265402844,51.8067226890756,43.78151260504202,51.79638130577475,48.08094015781964,73.97822765469823,82.82767652515551,76.07093110468229,87.53026893817636,78.76615746180964,88.06110458284373,80.32775691362242,92.52645954250598,77.85731842202287,92.30674695833846,77.40007831136708,88.650451309404,64.59822980857092,68.36569573361183,0.6837753110018774,50.0,64.8936170212766,50.00000000000002,49.56140350877193,49.99999999999999,53.623188405797094,44.44444444444443,72.39057239057239,44.99999999999999,64.16666666666667,47.88888888888889,60.927089598616945,77.27272727272727,86.30460448642268,80.74866310160428,89.83957219251337,80.16917293233084,92.76315789473684,80.72916666666669,93.75,92.01680672268907,98.94957983193278,82.18730733920361,92.32138288112114,65.03809811404625,76.62423623986905,0.6578952353400493
208.0,53.61399461745483,47.05882352941176,47.17765042979942,50.372492836676216,55.19421860885275,60.07226738934055,51.2440758293839,45.6457345971564,54.62184873949577,49.117647058823536,52.37035764499733,50.45339308228169,74.10236822001526,83.82898613991051,77.38133504768024,86.47808850316083,79.79435957696829,90.6909518213866,81.75998634346195,93.13076135199726,75.62062185080497,91.4772029003318,77.73173420778615,89.1211981433574,65.05104592639174,69.78729561281955,0.677785234348967,50.0,64.89361702127661,50.00000000000002,49.56140350877193,49.99999999999999,54.347826086956516,44.44444444444443,72.05387205387206,44.99999999999999,65.83333333333333,47.88888888888889,61.33801040084209,77.27272727272727,86.30460448642268,80.74866310160428,89.83957219251337,80.16917293233084,92.76315789473684,80.72916666666669,93.75,92.01680672268907,98.94957983193278,82.18730733920361,92.32138288112114,65.03809811404625,76.82969664098161,0.6573454768542716
209.0,57.95847750865052,65.85928489042676,47.52865329512893,49.25501432664757,51.12917795844625,48.148148148148145,47.408175355450254,43.75,48.172268907563,43.90756302521008,50.439350605047785,50.18400207808651,73.4339190221543,84.07453890647167,78.0381442194364,85.80520732883318,79.6298472385429,89.46650998824911,78.89552748378289,91.65926937521338,82.4351726680595,92.97652697554383,78.4865221263952,88.79641051486223,64.46293636572149,69.49020629647437,0.6778939124103094,50.0,69.14893617021276,50.00000000000002,49.56140350877193,49.99999999999999,53.62318840579711,44.44444444444443,72.05387205387206,44.99999999999999,65.83333333333333,47.88888888888889,62.04414669439743,77.27272727272727,86.30460448642268,80.74866310160428,89.83957219251337,80.16917293233084,92.85714285714286,80.72916666666669,93.75,92.01680672268907,98.94957983193278,82.18730733920361,92.34017987360234,65.03809811404625,77.19216328399989,0.6572691112016528
210.0,44.05997693194925,31.564782775855438,50.107449856733524,54.77077363896847,56.639566395663955,54.08009635651913,56.783175355450254,53.880331753554486,55.315126050420126,51.59663865546219,52.581058918043425,49.17852463607194,74.96180290297937,84.41285605151151,78.6917389906782,87.36312011143255,78.60164512338426,90.21621621621621,81.5568453397064,92.32161147149198,79.41809020523536,91.01634509032813,78.6460245123967,89.06602978819606,65.61354171522007,69.12227721213401,0.6759003716567722,50.0,69.14893617021276,50.00000000000002,49.56140350877193,49.99999999999999,54.347826086956516,44.44444444444443,71.71717171717171,44.99999999999999,63.33333333333333,47.88888888888889,61.62173416328925,77.27272727272727,86.30460448642268,80.74866310160428,89.83957219251337,80.16917293233084,92.85714285714286,80.72916666666669,93.75,94.95798319327731,98.94957983193278,82.77554263332127,92.34017987360234,65.33221576110508,76.98095701844579,0.6564109759569322
211.0,54.13302575932334,49.3271818531334,56.46131805157593,50.85959885386819,49.86449864498644,47.06413730803975,52.47334123222751,51.095971563981045,45.27310924369745,51.55462184873949,51.641058586362135,49.980302285552376,73.47211611917494,85.75521117537923,76.39987142397942,87.3288331726133,75.77555816686252,90.12690951821386,82.59986343461934,94.56811198361214,82.38294211625907,94.45127196755561,78.12607025217906,90.44606756347483,64.8835644192706,70.2131849245136,0.6648736658290603,50.0,69.14893617021276,50.00000000000002,49.56140350877193,41.666666666666664,54.347826086956516,44.44444444444443,71.71717171717171,44.99999999999999,64.16666666666667,46.22222222222222,61.788400829955926,77.27272727272727,86.42266824085006,80.74866310160428,90.01782531194296,80.16917293233084,92.95112781954886,82.29166666666669,93.75,94.95798319327731,98.94957983193278,83.08804263332127,92.41824024085494,64.65513242777175,77.10332053540543,0.6562586204600126
212.0,59.86159169550174,62.20684352172241,55.82378223495702,61.117478510028654,56.413730803974694,57.934357121349,55.36137440758295,54.22097156398104,47.31092436974787,46.470588235294116,54.954280702352854,56.390047790475045,75.17188693659281,82.83858998144713,76.2348655309118,87.03096539162112,77.94359576968273,88.12925969447708,82.8473881870946,92.52987367702288,77.07693253041661,92.05481135553644,77.85493379093973,88.51670002002092,66.4046072466463,72.45337390524799,0.6678457698807008,50.0,74.46808510638299,50.00000000000002,50.43859649122807,49.99999999999999,57.971014492753625,44.44444444444443,72.39057239057239,44.99999999999999,68.33333333333333,47.88888888888889,64.72032036285408,77.27272727272727,86.42266824085006,80.74866310160428,90.01782531194296,80.16917293233084,92.85714285714286,80.72916666666669,93.75,94.95798319327731,98.94957983193278,82.77554263332127,92.39944324837373,65.33221576110508,78.55988180561391,0.6552322032161582
213.0,49.961553248750484,41.061130334486734,50.68051575931233,47.04871060171919,51.53568202348689,46.100572116832275,51.67357819905215,54.250592417061604,56.17647058823526,51.806722689075634,52.00555996376742,48.053545631835085,74.31245225362872,81.11426388737313,75.41840780027856,86.75666988106718,80.44653349001177,91.13278495887191,79.48787982246502,92.75862068965517,76.34877719061079,89.19134816271354,77.20281011139897,88.19073751593619,64.60418503758319,68.12214157388564,0.6823076991370528,50.0,75.53191489361701,50.00000000000002,50.43859649122807,49.99999999999999,57.971014492753625,44.44444444444443,71.71717171717171,44.99999999999999,69.16666666666667,47.88888888888889,64.96507285228742,77.27272727272727,86.42266824085006,80.74866310160428,90.01782531194296,81.48496240601504,92.85714285714286,82.81250000000001,93.75,92.01680672268907,98.94957983193278,82.86713190060712,92.39944324837373,65.378010394748,78.68225805033057,0.6551917240264181
214.0,55.863129565551716,63.39869281045751,51.17478510028653,45.30085959885387,53.56820234869015,50.888286660644376,54.84300947867301,48.82997630331754,48.25630252100837,40.21008403361345,52.74108580284195,49.72557988137735,74.54163483575248,80.88235294117648,76.07093110468229,86.97739204971606,78.00822561692127,88.85311398354875,82.5469443496074,93.68726527825196,79.60857810003688,90.36499938552292,78.15526280140007,88.15302472764323,65.448174302121,68.93930230451029,0.6786169111060292,50.0,71.27659574468085,50.00000000000002,49.12280701754386,49.99999999999999,56.52173913043479,44.44444444444443,71.71717171717171,44.99999999999999,65.83333333333333,47.88888888888889,62.89432938863291,77.27272727272727,86.42266824085006,80.74866310160428,90.01782531194296,80.16917293233084,92.85714285714286,80.72916666666669,93.75,94.95798319327731,98.94957983193278,82.77554263332127,92.39944324837373,65.33221576110508,77.64688631850332,0.6549052136683194
215.0,49.6155324875048,44.482891195693966,53.03724928366762,47.091690544412614,49.45799457994579,51.70129479072568,50.39247630331756,49.111374407582936,56.70168067226887,59.20168067226891,51.84098666534093,50.31778632213682,72.40259740259741,82.23834988540871,75.41626486660236,88.14314796957035,79.35957696827262,90.4418331374853,83.97917377944692,92.80983270740867,78.15226742042523,90.64765884232519,77.8619760874689,88.85616450843963,64.85148137640492,69.58697541528822,0.6792918074911177,50.0,69.14893617021276,50.00000000000002,48.24561403508772,49.99999999999999,56.52173913043479,44.44444444444443,71.71717171717171,44.99999999999999,65.0,47.88888888888889,62.126692210581396,77.27272727272727,86.42266824085006,80.74866310160428,90.01782531194296,80.16917293233084,92.85714285714286,80.72916666666669,93.75,94.95798319327731,98.94957983193278,82.77554263332127,92.39944324837373,65.33221576110508,77.26306772947757,0.6546321949709495
216.0,49.442522106881974,52.97962322183775,52.52865329512893,39.46991404011462,53.3423667570009,49.95483288166215,52.47334123222751,46.78613744075829,46.78571428571427,43.23529411764706,50.914519535390724,46.48516034040398,76.32734912146675,83.15235184983084,77.38026358084214,87.4831243972999,79.62984723854291,89.65922444183315,80.6282007511096,93.97405257767156,75.08295440580068,91.45876858793167,77.80972301955242,89.14550437091341,64.36212127747157,67.8153323556587,0.6763117413758957,50.0,67.02127659574467,50.00000000000002,48.24561403508772,49.99999999999999,55.79710144927537,44.44444444444443,71.71717171717171,44.99999999999999,65.0,47.88888888888889,61.556232759455895,77.27272727272727,86.54073199527745,80.74866310160428,90.10695187165776,80.16917293233084,92.85714285714286,80.72916666666669,93.75,94.95798319327731,98.94957983193278,82.77554263332127,92.44088131120216,65.33221576110508,76.99855703532903,0.6544543296850241
217.0,61.41868512110727,45.17493271818531,54.39111747851002,50.73065902578796,46.16079494128273,43.66154772658838,56.642476303317565,64.2031990521327,53.27731092436972,55.840336134453786,54.37807695371746,51.922134931429625,75.82123758594346,84.82483902651971,78.69173899067822,86.95810564663023,80.18213866039954,87.48531139835488,82.93615568453399,92.53328781153978,73.86936217279096,91.95649502273567,78.30012661886923,88.75160778115605,66.33910178629334,70.33687135629285,0.6742205278679065,50.0,68.08510638297872,50.00000000000002,48.68421052631579,49.99999999999999,56.52173913043479,44.44444444444443,71.71717171717171,44.99999999999999,65.0,47.88888888888889,62.00164555138019,77.27272727272727,86.42266824085006,80.74866310160428,90.01782531194296,80.16917293233084,92.85714285714286,82.29166666666669,93.75,94.95798319327731,98.94957983193278,83.08804263332127,92.39944324837373,65.48846576110508,77.20054439987696,0.6541468813071967
218.0,57.78546712802769,70.93425605536333,52.81518624641834,47.27793696275072,49.68383017163504,48.29870520927431,51.48104265402845,46.5936018957346,53.19327731092434,44.579831932773104,52.991760702206776,51.53686641117921,74.10236822001526,79.08163265306123,78.69173899067822,86.50166077359906,81.15158636897768,89.5957696827262,81.0174120860362,93.13758962103107,76.98168858301587,91.32972840113064,78.38895884974464,87.92927622630964,65.69035977597571,69.73307131874442,0.6748855105679464,50.0,68.08510638297872,50.00000000000002,48.24561403508772,41.666666666666664,55.79710144927537,44.44444444444443,71.71717171717171,44.99999999999999,63.33333333333333,46.22222222222222,61.43566538356937,77.27272727272727,86.54073199527745,80.74866310160428,90.01782531194296,80.16917293233084,92.85714285714286,82.29166666666669,93.75,94.95798319327731,98.94957983193278,83.08804263332127,92.42305599925922,64.65513242777175,76.9293606914143,0.6539198012263453
219.0,61.072664359861605,65.7439446366782,48.67478510028653,40.54441260744986,52.16802168021679,54.04998494429388,58.10870853080571,53.95438388625592,52.49999999999996,45.88235294117647,54.50483593423412,52.03501580317087,75.48701298701297,82.71581359816653,77.87635272688308,86.67309546769528,79.0364277320799,89.55111633372503,83.82895186070334,94.45885967907135,76.2013026914096,88.26963254270616,78.48600959961777,88.33370352427286,66.49542276692594,70.18435966372186,0.6768718873187031,50.0,68.08510638297872,50.00000000000002,48.245614035087726,49.99999999999999,56.52173913043479,44.44444444444443,71.71717171717171,44.99999999999999,65.83333333333333,47.88888888888889,62.080592919801255,77.27272727272727,86.42266824085006,80.74866310160428,90.10695187165776,80.16917293233084,92.95112781954886,80.72916666666669,93.75,94.95798319327731,98.94957983193278,82.77554263332127,92.43606555279788,65.33221576110508,77.25832923629957,0.6535949700365191
220.0,59.515570934256054,47.174163783160324,52.607449856733524,57.13467048710601,47.83197831978319,40.018066847335135,55.457642180094815,52.354857819905206,52.45798319327728,50.882352941176464,53.57412489682897,49.51282237573663,74.73262032085562,81.69540543490123,77.38669238187076,87.85170898960676,79.95887191539367,90.3689776733255,81.56538067599864,94.13110276544896,82.92060956126338,90.42644709352341,79.3128349710764,88.89472839136117,66.44347993395269,69.2037753835489,0.6748674789514274,50.0,72.34042553191489,50.00000000000002,48.684210526315795,49.99999999999999,56.52173913043479,44.44444444444443,71.38047138047138,44.99999999999999,65.0,47.88888888888889,62.78536931382737,77.27272727272727,86.42266824085006,80.74866310160428,90.10695187165776,80.16917293233084,92.95112781954886,82.29166666666669,93.75,94.95798319327731,98.94957983193278,83.08804263332127,92.43606555279788,65.48846576110508,77.61071743331263,0.6532796043395052
221.0,50.13456362937332,35.33256439830835,57.03438395415472,54.49856733524355,48.193315266485996,41.64408310749774,56.072274881516606,52.26599526066351,60.420168067226854,58.23529411764705,54.37094115975149,48.39530084387204,74.96180290297937,85.20953836079886,77.22168648880316,86.29165327333119,80.39365452408931,90.15511163337251,79.78832365995221,92.96346876066917,77.61459997542092,88.01769693990414,77.99601351024899,88.52749379361519,66.18347733500023,68.46139731874362,0.6799534048604802,50.0,72.34042553191489,50.00000000000002,48.24561403508772,49.99999999999999,56.52173913043479,44.44444444444443,71.71717171717171,44.99999999999999,65.0,47.88888888888889,62.76499008292183,77.27272727272727,86.42266824085006,80.74866310160428,90.10695187165776,80.16917293233084,92.95112781954886,82.29166666666669,93.75,94.95798319327731,98.94957983193278,83.08804263332127,92.43606555279788,65.48846576110508,77.60052781785986,0.6529338903365389
222.0,48.75048058439063,39.48481353325644,51.39684813753581,51.30372492836677,48.64498644986449,48.84071062932851,53.32494075829385,47.3489336492891,57.605042016806685,56.890756302521005,51.94445958937829,48.77378780855236,76.01222307104659,83.47429881043327,75.41840780027856,87.37383477981356,78.70740305522915,90.40188014101058,82.8473881870946,92.40355069989758,79.56556470443653,91.99336364753594,78.5101973636171,89.12938561573819,65.22732847649769,68.95158671214527,0.6743490506714488,50.0,72.34042553191489,50.00000000000002,48.24561403508772,49.99999999999999,55.79710144927537,44.44444444444443,72.05387205387206,44.99999999999999,67.5,47.88888888888889,63.187402614030006,77.27272727272727,86.42266824085006,80.74866310160428,90.10695187165776,81.48496240601504,92.95112781954886,82.81250000000001,93.61979166666667,93.48739495798318,98.94957983193278,83.16124954766595,92.41002388613123,65.52506921827742,77.79871325008062,0.6530858763038717
223.0,58.99653979238756,66.89734717416378,56.46131805157593,54.91404011461319,53.16169828364949,48.991267690454684,59.389810426540315,54.94668246445498,46.70168067226888,42.26890756302521,54.94220944528443,53.60364900134236,75.36287242169595,86.09079995634616,76.72988321011462,87.12954034072645,80.44065804935371,91.24089306698002,81.60976442471835,92.55718675315808,79.70382204743764,92.44807668673958,78.76940003066406,89.89329936079005,66.85580473797424,71.7484741810662,0.6613446473066861,50.0,73.40425531914893,50.00000000000002,48.24561403508772,49.99999999999999,56.52173913043479,44.44444444444443,72.05387205387206,44.99999999999999,68.33333333333333,47.88888888888889,63.71176277437536,77.27272727272727,86.30460448642268,80.74866310160428,90.10695187165776,81.48496240601504,92.95112781954886,82.81250000000001,93.75,92.01680672268907,98.94957983193278,82.86713190060712,92.41245280191241,65.378010394748,78.06210778814389,0.6527354965417362
224.0,43.71395617070357,44.79046520569012,59.534383954154734,59.785100286532945,39.205058717253834,37.2779283348389,54.843009478673,51.74763033175355,56.82773109243694,50.042016806722685,50.82482788264441,48.72862819310764,75.67799847211612,82.71581359816653,78.2063645130183,86.99453551912568,79.1421856639248,89.35840188014102,80.61966541481735,92.48207579378628,80.14624554504118,91.12695096472902,78.75849192178354,88.5355555511897,64.79165990221398,68.63209187214866,0.681144895733117,50.0,71.27659574468085,50.00000000000002,48.68421052631579,49.99999999999999,55.072463768115945,44.44444444444443,71.38047138047138,44.99999999999999,65.0,47.88888888888889,62.282748283916796,77.27272727272727,86.1865407319953,80.74866310160428,90.01782531194296,80.16917293233084,93.04511278195488,80.72916666666669,93.75,94.95798319327731,98.94957983193278,82.77554263332127,92.38981173156517,65.33221576110508,77.33628000774098,0.6523753107942081
225.0,53.61399461745484,48.13533256439831,50.744985673352424,50.60171919770773,58.08491418247515,53.62842517314061,57.968009478673,52.85841232227489,48.1302521008403,42.10084033613445,53.70843121055915,49.4649459187312,74.73262032085562,83.0759576557896,78.53101896496301,87.2366870245366,78.97767332549942,89.88719153936545,82.10481392966884,92.18163195629909,81.16934988324937,92.12854860513703,79.10309528484726,88.90200335622555,66.4057632477032,69.18347463747838,0.6701631468440994,50.0,68.08510638297872,50.00000000000002,48.24561403508772,49.99999999999999,55.79710144927537,44.44444444444443,71.38047138047138,44.99999999999999,64.16666666666667,47.88888888888889,61.534991982895974,77.27272727272727,86.1865407319953,80.74866310160428,90.01782531194296,80.16917293233084,93.04511278195488,82.29166666666669,93.75,94.95798319327731,98.94957983193278,83.08804263332127,92.38981173156517,65.48846576110508,76.96240185723057,0.6522375078417341
226.0,60.207612456747405,69.78085351787774,49.24785100286533,41.54727793696275,52.57452574525744,48.148148148148145,52.947274881516606,52.873222748815174,53.19327731092434,56.21848739495798,53.63410827946221,53.71359794935237,75.04774637127578,83.815344319546,77.71027536697737,86.80381442194364,79.25381903642774,89.07168037602821,81.16763400477981,93.44144759303516,79.02789725943222,89.9102863463193,78.44147440777859,88.60851461137446,66.0377913436204,71.16105628036341,0.6669795442437966,50.0,71.27659574468085,50.00000000000002,48.245614035087726,49.99999999999999,56.52173913043479,44.44444444444443,71.38047138047138,44.99999999999999,65.83333333333333,47.88888888888889,62.65155072480161,77.27272727272727,86.1865407319953,80.74866310160428,90.01782531194296,80.16917293233084,93.04511278195488,82.29166666666669,93.75,94.95798319327731,98.94957983193278,83.08804263332127,92.38981173156517,65.48846576110508,77.52068122818339,0.6517369291774185
227.0,53.96001537870051,49.17339484813533,50.31518624641833,47.12034383954155,53.9747064137308,55.28455284552846,57.731042654028464,50.77014218009478,52.45798319327728,43.8235294117647,53.687786777231075,49.234392625012966,74.18831168831169,83.67074102368221,77.71456123432978,86.9281045751634,80.8813160987074,90.58049353701527,84.57152611812907,92.82007511095938,76.83421408381469,90.21138011552169,78.83798584465852,88.84215887246839,66.2628863109448,69.03827574874067,0.670939535251156,50.0,73.40425531914893,50.00000000000002,48.684210526315795,41.666666666666664,55.79710144927537,44.44444444444443,71.38047138047138,44.99999999999999,65.83333333333333,46.22222222222222,63.019874401708954,77.27272727272727,86.1865407319953,80.74866310160428,89.75044563279857,80.16917293233084,93.04511278195488,82.29166666666669,93.75,94.95798319327731,98.94957983193278,83.08804263332127,92.3363357957363,64.65513242777175,77.67810509872263,0.6515213634955058
228.0,60.38062283737025,57.8239138792772,43.674785100286535,40.97421203438395,53.38753387533875,51.27973501957241,54.228376777251206,50.04443127962086,50.42016806722687,49.07563025210084,52.41829733149471,49.83958449299105,74.41749427043544,81.88366255593145,77.05668059573554,88.69602485803065,78.71327849588721,89.2855464159812,76.97678388528509,93.35609423011266,77.37188152881897,90.29126213592235,76.90722375523245,88.70251803919567,64.66276054336359,69.27105126609337,0.6767330864883514,50.0,73.40425531914893,50.00000000000002,48.684210526315795,49.99999999999999,56.52173913043479,44.44444444444443,72.05387205387206,44.99999999999999,68.33333333333333,47.88888888888889,63.79948207262098,77.27272727272727,86.1865407319953,80.74866310160428,89.75044563279857,81.48496240601504,93.04511278195488,82.81250000000001,93.75,94.95798319327731,98.94957983193278,83.45536719472477,92.3363357957363,65.67212804180683,78.06790893417865,0.6511260250048532
229.0,52.74894271434064,56.32449058054595,60.02865329512894,56.489971346704884,50.72267389340559,54.50165612767239,60.71534360189575,58.767772511848335,58.25630252100837,55.25210084033614,56.49438320515586,56.26719828142154,77.08174178762413,83.00502018989415,77.70920390013927,86.73095467695275,79.35370152761459,89.53701527614571,81.30932058723116,92.78934790030728,77.12916308221705,91.70455941993364,78.51662617696522,88.75337949264672,67.50550469106054,72.51028888703414,0.6623705730449101,50.0,75.53191489361703,50.00000000000002,49.56140350877193,49.99999999999999,57.2463768115942,44.44444444444443,71.71717171717171,44.99999999999999,68.33333333333333,47.88888888888889,64.47804005289764,77.27272727272727,86.1865407319953,80.74866310160428,89.83957219251337,81.48496240601504,93.13909774436088,82.81250000000001,93.75,93.48739495798318,98.94957983193278,83.16124954766595,92.37295810016046,65.52506921827742,78.42549907652905,0.6511357009139435
230.0,58.99653979238754,65.32103037293349,55.10744985673352,47.97994269340975,52.34869015356819,52.33363444745558,50.155509478673,40.31398104265403,58.29831932773105,58.78151260504201,54.98130172181866,52.94602023229898,74.52253628724218,84.06635381425296,77.54741240758595,86.6988106718097,82.45005875440658,91.08578143360752,81.1676340047798,93.56094230112666,79.90352709843924,91.71684896153374,79.11823371049074,89.42574743646611,67.0497677161547,71.18588383438254,0.6642156961646358,50.0,75.53191489361703,50.00000000000002,48.68421052631579,49.99999999999999,57.2463768115942,44.44444444444443,71.38047138047138,44.99999999999999,68.33333333333333,47.88888888888889,64.23526138906634,77.27272727272727,86.0684769775679,80.74866310160428,89.75044563279857,81.48496240601504,93.04511278195488,82.81250000000001,93.61979166666667,94.95798319327731,98.94957983193278,83.45536719472477,92.28668137818417,65.67212804180683,78.26097138362525,0.6503513129725095
231.0,60.207612456747405,64.66743560169166,53.16618911174784,46.28939828080229,57.09123757904244,52.574525745257446,53.42120853080571,47.51184834123222,57.52100840336131,51.932773109243705,56.28145121634094,52.595196215645466,73.7872421695951,84.61202662883335,77.70920390013927,87.75099110682525,78.43713278495889,89.34430082256168,82.39672243086379,94.00477978832366,78.49022981442792,91.04706894432837,78.16410621999698,89.35183345817447,67.22277871816897,70.97351483690997,0.6668530156879635,50.0,75.53191489361703,50.00000000000002,48.68421052631579,41.666666666666664,57.2463768115942,44.44444444444443,71.38047138047138,44.99999999999999,68.33333333333333,46.22222222222222,64.23526138906634,77.27272727272727,85.95041322314052,80.74866310160428,89.75044563279857,80.16917293233084,93.04511278195488,82.29166666666669,93.61979166666667,94.95798319327731,98.94957983193278,83.08804263332127,92.26306862729868,64.65513242777175,78.2491650081825,0.6500374942537958
232.0,60.38062283737025,58.74663590926566,57.17765042979942,56.86246418338109,51.309846431797645,54.92321589882565,52.90284360189575,51.46623222748815,55.27310924369745,55.756302521008394,55.4088145089121,55.550970147993795,73.3479755538579,82.59303721488595,76.89274616950603,87.9524268723883,80.11163337250295,90.14571092831963,78.90406282007513,93.27756913622397,81.65478677645325,89.48629716111589,78.18224093847905,88.69100826258675,66.79552772369559,72.12098920529027,0.664256463740985,50.0,77.65957446808511,50.00000000000002,49.122807017543856,41.666666666666664,57.2463768115942,44.44444444444443,71.71717171717171,44.99999999999999,69.16666666666667,46.22222222222222,64.98251933621232,77.27272727272727,86.06847697756788,80.74866310160428,89.75044563279857,80.16917293233084,93.04511278195488,82.29166666666669,93.75,94.95798319327731,98.94957983193278,83.08804263332127,92.31272304485083,64.65513242777175,78.64762119053157,0.6495989515026667
233.0,55.863129565551716,51.018838908112265,50.02865329512893,45.0,46.61246612466124,36.163806082505275,57.827310426540315,58.427132701421804,53.19327731092434,45.88235294117647,52.704967344561304,47.29842612664316,74.41749427043544,84.51653388628179,78.03814421943639,88.12814743383693,79.63572267920095,88.89541715628671,83.28951860703313,93.11369067941277,84.13420179427308,92.6877227479415,79.90301631407581,89.46830238075195,66.30399182931856,68.38336425369755,0.6704370082777984,50.0,77.65957446808511,50.00000000000002,48.68421052631579,41.666666666666664,57.2463768115942,44.44444444444443,71.71717171717171,44.99999999999999,69.16666666666667,46.22222222222222,64.89480003796669,77.27272727272727,86.06847697756788,80.74866310160428,89.75044563279857,80.16917293233084,93.04511278195488,83.85416666666669,93.75,94.95798319327731,98.94957983193278,83.40054263332127,92.31272304485083,64.81138242777175,78.60376154140876,0.6496187992279867
234.0,55.3440984236832,44.136870434448284,53.388252148997125,47.29226361031518,48.82565492321589,44.02288467329117,56.783175355450254,56.442535545023695,56.00840336134449,52.52100840336135,54.06991684253819,48.883112533287935,74.94270435446904,85.36232674888137,75.41733633344046,85.24161577199186,78.87191539365455,88.87426556991774,79.88562649368387,92.61181290542847,79.36585965343494,91.70455941993364,77.69668844573657,88.75891608323062,65.88330264413739,68.82101430825928,0.6732273096919844,50.0,77.65957446808511,50.00000000000002,48.68421052631579,41.666666666666664,57.2463768115942,44.44444444444443,71.38047138047138,44.99999999999999,69.16666666666667,46.22222222222222,64.82745997062662,77.27272727272727,86.06847697756788,80.74866310160428,89.75044563279857,80.16917293233084,93.04511278195488,83.85416666666669,93.75,91.38655462184873,98.94957983193278,82.68625691903556,92.31272304485083,64.45423957062889,78.57009150773872,0.6499679819902433
235.0,60.207612456747405,65.05190311418684,49.24785100286533,53.194842406876795,49.86449864498645,52.00240891297801,55.59834123222751,47.61552132701421,55.35714285714282,46.51260504201681,54.055089238793904,52.87545616061453,74.94270435446904,82.36112626868929,76.07200257152039,86.52737597771349,80.82256169212692,90.00940070505288,79.84124274496416,92.18846022533288,79.123141206833,89.7996804719184,78.1603305139827,88.17720872974138,66.1077098763883,70.52633244517796,0.6706508927094036,50.0,77.65957446808511,50.00000000000002,48.68421052631579,41.666666666666664,57.2463768115942,44.44444444444443,71.38047138047138,44.99999999999999,69.16666666666667,46.22222222222222,64.82745997062662,77.27272727272727,86.06847697756788,80.74866310160428,89.75044563279857,80.16917293233084,93.04511278195488,83.85416666666669,94.01041666666666,91.38655462184873,98.94957983193278,82.68625691903556,92.36480637818417,64.45423957062889,78.5961331744054,0.6494250005935882
236.0,52.402921953094975,47.904652056901185,52.177650429799414,49.957020057306586,57.0460704607046,59.43992773261066,56.783175355450254,52.4585308056872,48.90756302521006,45.7563025210084,53.46347624485186,51.103286634702805,76.22230710466003,85.23136527338208,77.87420979320687,89.59819993571199,77.29729729729732,90.1997649823737,79.1959713212701,93.73847729600546,82.38294211625906,90.26053828192208,78.59454552653867,89.80566915387907,66.02901088569527,70.45447789429093,0.662842943704814,50.0,79.7872340425532,50.00000000000002,48.24561403508772,41.666666666666664,57.2463768115942,44.44444444444443,71.71717171717171,44.99999999999999,70.0,46.22222222222222,65.39927932128137,77.27272727272727,85.9504132231405,80.74866310160428,89.75044563279857,80.16917293233084,93.04511278195488,82.29166666666669,93.75,94.95798319327731,98.94957983193278,83.08804263332127,92.28911029396535,64.65513242777175,78.84419480762335,0.6483755678197234
237.0,55.690119184928875,61.51480199923106,60.39398280802292,49.928366762177646,51.0840108401084,51.370069256248115,48.4523104265403,48.2968009478673,50.98739495798317,47.73109243697479,53.32156364351673,51.76822628049979,75.38197097020625,84.42922623594892,76.89167470266793,87.875281260045,80.55229142185665,89.78378378378379,83.58142710822807,93.48241720723797,80.24148949244194,89.69521936831757,79.32977073908016,89.05318557106665,66.32566719129845,70.41070592578322,0.6635791888737524,50.0,79.7872340425532,50.00000000000002,47.80701754385965,41.666666666666664,57.2463768115942,44.44444444444443,71.71717171717171,44.99999999999999,69.16666666666667,46.22222222222222,65.14489335636908,77.27272727272727,86.06847697756788,80.74866310160428,89.75044563279857,80.16917293233084,93.04511278195488,82.29166666666669,93.75,94.95798319327731,98.94957983193278,83.08804263332127,92.31272304485083,64.65513242777175,78.72880820060996,0.6482601297851065
238.0,55.863129565551716,54.47904652056901,47.17765042979942,42.82234957020057,49.68383017163504,50.85817524841916,56.64247630331756,52.991706161137444,53.9285714285714,53.19327731092437,52.65913157977502,50.86891096225011,75.38197097020625,84.01997162501364,78.203150112504,86.2273652630451,78.93066980023504,89.67567567567568,82.44964151587575,94.14475930351655,74.30256851419443,89.79353570111836,77.85360018260309,88.77226151367385,65.25636588118905,69.82058623796198,0.6719981312506922,50.0,77.65957446808511,50.00000000000002,48.68421052631579,41.666666666666664,57.2463768115942,44.44444444444443,71.38047138047138,44.99999999999999,68.33333333333333,46.22222222222222,64.66079330395995,77.27272727272727,86.06847697756788,80.74866310160428,89.75044563279857,80.16917293233084,93.04511278195488,83.85416666666669,93.75,94.95798319327731,98.94957983193278,83.40054263332127,92.31272304485083,64.81138242777175,78.4867581744054,0.6484802533999297
239.0,49.615532487504815,56.05536332179931,54.534383954154734,50.1432664756447,36.314363143631425,33.032219211081,56.30924170616116,52.029028436018955,54.57983193277307,55.084033613445385,50.27067064484504,49.26878221159787,75.34377387318564,83.63527229073448,78.69388192435443,87.23025822350799,79.68272620446535,88.47003525264395,80.03584841242746,93.67019460566746,80.5364384908443,93.124001474745,78.85853378105544,89.22595236945978,64.56460221295023,69.24736729052883,0.6724707662796734,50.0,77.65957446808511,50.00000000000002,49.122807017543856,49.99999999999999,57.2463768115942,44.44444444444443,71.38047138047138,44.99999999999999,68.33333333333333,47.88888888888889,64.74851260220558,77.27272727272727,85.9504132231405,80.74866310160428,89.75044563279857,81.48496240601504,93.04511278195488,84.37500000000001,93.75,94.95798319327731,98.94957983193278,83.76786719472477,92.28911029396535,65.82837804180683,78.51881144808547,0.6478657227125684
240.0,42.675893886966556,42.21453287197232,57.32091690544413,56.26074498567335,55.420054200542005,47.66636555254441,57.353376777251206,54.66528436018957,54.62184873949576,52.94117647058824,53.47841810193993,50.74962084819357,74.52253628724218,82.85223180181163,77.71134683381547,88.12600450016073,79.47121034077557,90.62749706227967,80.47797883236602,92.87811539774667,80.87440088484699,88.8226619147106,78.61149463580924,88.66130213534186,66.04495636887458,69.70546149176772,0.6685844129385957,50.0,77.65957446808511,50.00000000000002,49.56140350877193,41.666666666666664,57.2463768115942,44.44444444444443,71.04377104377105,44.99999999999999,68.33333333333333,46.22222222222222,64.76889183311113,77.27272727272727,85.8323494687131,80.74866310160428,89.75044563279857,81.48496240601504,93.04511278195488,84.37500000000001,93.88020833333333,94.95798319327731,98.94957983193278,83.76786719472477,92.29153920974655,64.9950447084735,78.53021552142883,0.6477435366111098
241.0,47.539407920030754,43.71395617070357,52.89398280802292,46.9054441260745,55.82655826558264,51.03884372177055,56.783175355450254,52.14751184834123,62.58403361344534,57.52100840336135,55.12543159250638,50.265352854050235,76.01222307104658,82.73218378260395,76.89488910318222,86.3795135540555,78.05522914218568,89.90129259694477,82.2021167634005,92.60839877091158,78.34275531522674,92.3006021875384,78.30144267900835,88.78439817841084,66.71343713575736,69.52487551623054,0.6702095458099403,50.0,77.65957446808511,50.00000000000002,49.122807017543856,41.666666666666664,57.2463768115942,44.44444444444443,71.04377104377105,44.99999999999999,68.33333333333333,46.22222222222222,64.68117253486551,77.27272727272727,85.8323494687131,80.74866310160428,89.75044563279857,80.16917293233084,93.04511278195488,83.85416666666669,94.01041666666666,94.95798319327731,98.94957983193278,83.40054263332127,92.3175808764132,64.81138242777175,78.49937670563935,0.6479669798587993
242.0,42.32987312572088,42.21453287197232,50.967048710601716,47.636103151862464,56.233062330623305,60.73471845829569,57.16084123222751,49.27428909952607,48.823529411764675,41.05042016806723,51.102870962187616,48.182012749944754,75.1527883880825,86.51369638764596,77.05775206257364,88.24172291867566,81.41598119858992,89.8683901292597,78.85114373506316,93.77944691020828,78.247511367826,91.66769079513335,78.14503535042704,90.0141894281846,64.62395315630732,69.09810108906467,0.664141200260208,50.0,77.65957446808511,50.00000000000002,49.56140350877193,41.666666666666664,57.2463768115942,44.44444444444443,71.04377104377105,44.99999999999999,68.33333333333333,46.22222222222222,64.76889183311113,77.27272727272727,85.71428571428572,80.74866310160428,89.75044563279857,80.16917293233084,93.04511278195488,83.85416666666669,93.88020833333333,94.95798319327731,98.94957983193278,83.40054263332127,92.26792645886106,64.81138242777175,78.51840914598608,0.6474236642352661
243.0,52.40292195309496,49.788542868127635,49.88538681948424,40.5730659025788,50.72267389340559,46.221017765733215,57.96800947867301,54.324644549763036,58.25630252100837,65.58823529411765,53.84705893313323,51.299101276064064,76.32734912146675,85.20408163265304,78.85674488374582,87.99528554591235,79.9529964747356,90.37132784958872,78.85114373506316,91.97678388528509,78.73294826102986,90.77669902912622,78.54423649520822,89.2648355885131,66.19564771417073,70.28196843228858,0.6665576578401556,50.0,76.59574468085107,50.00000000000002,49.56140350877193,41.666666666666664,56.52173913043479,44.44444444444443,71.38047138047138,44.99999999999999,67.5,46.22222222222222,64.31187174010583,77.27272727272727,85.71428571428572,80.74866310160428,89.75044563279857,80.16917293233084,93.04511278195488,83.85416666666669,94.01041666666667,94.95798319327731,98.94957983193278,83.40054263332127,92.29396812552773,64.81138242777175,78.30291993281678,0.6475727126144467
244.0,41.46482122260669,41.983852364475204,61.60458452722063,67.57879656160458,48.19331526648599,45.829569406805184,55.55390995260665,55.40580568720379,50.98739495798317,58.907563025210074,51.56080518538063,53.94111740905977,75.1527883880825,82.82494816108262,78.52887603128681,87.02239365691632,78.93066980023504,90.70740305522914,82.44964151587575,92.20894503243427,81.99274917045597,90.72754086272582,79.41094498118721,88.69824615367763,65.48587508328393,71.3196817813687,0.6645460608898485,50.0,76.59574468085107,50.00000000000002,49.56140350877193,41.666666666666664,57.2463768115942,44.44444444444443,71.38047138047138,44.99999999999999,67.5,46.22222222222222,64.4567992763377,77.27272727272727,85.8323494687131,80.74866310160428,89.75044563279857,81.48496240601504,93.04511278195488,83.85416666666669,94.01041666666667,94.95798319327731,98.94957983193278,83.66370052805811,92.31758087641322,64.94296137514017,78.38719007637546,0.6472735422426829
245.0,53.61399461745482,44.675124951941555,51.95558739255014,43.89684813753581,44.534778681120144,40.77085215296597,51.00710900473935,53.361966824644554,48.172268907562994,43.90756302521008,49.85674772068549,45.32247101845959,75.27692895339953,84.06089708610716,78.3649416050573,88.00600021429338,80.11750881316101,91.01997649823737,80.13315124615912,93.30146807784227,79.99877104584002,88.86567531031093,78.7782603327234,89.05080343735821,64.31750402670446,67.1866372279089,0.6691162364367443,50.0,76.59574468085107,50.00000000000002,48.68421052631579,41.666666666666664,57.2463768115942,44.44444444444443,71.38047138047138,44.99999999999999,68.33333333333333,46.22222222222222,64.44802734651316,77.27272727272727,85.8323494687131,80.74866310160428,89.75044563279857,81.48496240601504,93.04511278195488,85.93750000000001,94.01041666666667,94.95798319327731,98.94957983193278,84.08036719472477,92.31758087641322,65.1512947084735,78.38280411146319,0.6468230461904465
246.0,54.99807766243753,67.1280276816609,54.104584527220624,54.16905444126074,51.53568202348689,49.44293887383318,58.06427725118486,50.355450236966824,50.2521008403361,44.03361344537815,53.790944460933204,53.025816935819954,73.7872421695951,84.04998362981556,78.85888781742203,86.71166827386692,78.26674500587545,90.65804935370153,84.07647661317857,92.52645954250596,81.75003072385401,93.83065011675065,79.34787646598502,89.55536218332813,66.56941046345912,71.29058955957404,0.6581770274775353,50.0,78.72340425531915,50.00000000000002,48.24561403508772,41.666666666666664,56.52173913043479,44.44444444444443,71.71717171717171,44.99999999999999,69.16666666666667,46.22222222222222,64.874919160936,77.27272727272727,85.8323494687131,80.74866310160428,89.75044563279857,81.48496240601504,93.04511278195488,84.37500000000001,94.01041666666667,94.95798319327731,98.94957983193278,83.76786719472477,92.31758087641322,64.9950447084735,78.59625001867461,0.6460786849695519
247.0,61.9377162629758,59.13110342176087,53.89684813753583,47.449856733524356,51.94218608852754,46.19090635350798,52.3326421800948,46.963862559241704,54.62184873949577,45.79831932773109,54.94624828172594,49.1068096791532,75.78304048892282,84.14820473644002,77.54526947390976,87.98028501017893,80.117508813161,90.46533490011751,82.2021167634005,94.29839535677706,78.04780631682439,90.75211994592601,78.7391483712437,89.52886798988791,66.84269832648482,69.31783883452056,0.6653353305230528,50.0,77.65957446808511,50.00000000000002,47.80701754385965,41.666666666666664,57.2463768115942,44.44444444444443,71.38047138047138,44.99999999999999,68.33333333333333,46.22222222222222,64.48535470746873,77.27272727272727,85.8323494687131,80.74866310160428,89.75044563279857,81.48496240601504,93.04511278195488,85.93750000000001,94.01041666666667,94.95798319327731,98.94957983193278,84.08036719472477,92.31758087641322,65.1512947084735,78.40146779194097,0.6463633430681838
248.0,59.16955017301038,51.864667435601696,47.46418338108882,53.00859598853869,51.716350496838295,49.53327311050889,57.4940758293839,55.25770142180095,49.51680672268904,44.663865546218496,53.07219332060208,50.86562070053374,76.11726508785331,83.85899814471243,77.71134683381547,86.68381013607629,78.92479435957698,89.81668625146885,80.97302833731652,93.62922499146465,76.83421408381469,90.500184343124,78.1121297404754,88.89778077336925,65.59216153053873,69.8817007369515,0.6651459857825481,50.0,77.65957446808511,50.00000000000002,47.80701754385965,41.666666666666664,57.2463768115942,44.44444444444443,71.71717171717171,44.99999999999999,69.16666666666667,46.22222222222222,64.71936144147547,77.27272727272727,85.8323494687131,80.74866310160428,89.83957219251337,81.48496240601504,92.95112781954886,85.93750000000001,94.01041666666667,94.95798319327731,98.94957983193278,84.08036719472477,92.31660919587496,65.1512947084735,78.51798531867522,0.6459939063353446
249.0,59.688581314878896,50.86505190311419,53.96131805157592,54.5702005730659,52.12285456187895,50.466726889491106,56.16854265402845,53.77665876777251,56.092436974789884,50.3781512605042,55.606746711430425,52.01135787878958,74.08326967150497,83.77441885845246,77.54741240758595,87.03310832529732,80.17038777908343,89.02937720329025,82.89177193581429,92.27381358825536,77.95256236942363,92.18999631313753,78.52908083268245,88.86014285768658,67.06791377205644,70.43575036823808,0.6589594945513039,50.0,77.65957446808511,50.00000000000002,47.80701754385965,41.666666666666664,57.2463768115942,44.44444444444443,71.71717171717171,44.99999999999999,69.16666666666667,46.22222222222222,64.71936144147547,77.27272727272727,85.8323494687131,80.74866310160428,89.75044563279857,81.48496240601504,92.95112781954886,85.93750000000001,94.01041666666667,94.95798319327731,98.94957983193278,84.08036719472477,92.298783883932,65.1512947084735,78.50907266270374,0.6455367354090767
250.0,56.72818146866591,57.90080738177624,52.60744985673351,53.15186246418339,45.98012646793134,41.82475158084914,63.69964454976304,57.360781990521325,52.49999999999997,50.252100840336134,54.30308046861876,52.09806085153325,73.43391902215431,82.0855614973262,77.05775206257364,88.5138754955534,80.87544065804938,91.17273795534665,81.6626835097303,92.74155001707068,79.90352709843923,92.45422145753965,78.58666447018938,89.3935892845673,66.44487246940406,70.74582506805027,0.6624876861321622,50.0,77.65957446808511,50.00000000000002,47.80701754385965,41.666666666666664,57.2463768115942,44.44444444444443,71.38047138047138,44.99999999999999,67.5,46.22222222222222,64.31868804080207,77.27272727272727,85.71428571428572,80.74866310160428,89.75044563279857,80.16917293233084,92.95112781954886,83.85416666666669,94.01041666666667,94.95798319327731,98.94957983193278,83.40054263332127,92.27517113304653,64.81138242777175,78.2969295869243,0.6458832141610908
251.0,49.961553248750484,53.8638985005767,55.107449856733524,55.24355300859598,52.34869015356819,48.118036735922914,45.13477488151661,46.65284360189574,56.78571428571424,51.344537815126046,51.867636485256604,51.044573932423475,75.17188693659281,84.70479100731201,76.89167470266793,88.4217293474767,79.68272620446535,89.72502937720328,80.8228064185729,92.24308637760328,77.80508787022245,92.25144402113801,78.07483642650429,89.46921602614665,64.97123645588044,70.25689497928506,0.6603004209250556,50.0,77.65957446808511,50.00000000000002,47.80701754385965,41.666666666666664,57.2463768115942,44.44444444444443,71.38047138047138,44.99999999999999,69.16666666666667,46.22222222222222,64.6520213741354,77.27272727272727,85.71428571428572,80.74866310160428,89.75044563279857,80.16917293233084,92.95112781954886,85.93750000000001,94.01041666666667,94.95798319327731,98.94957983193278,83.81720929998794,92.27517113304653,65.01971576110508,78.46359625359096,0.6453971965607928
252.0,24.452133794694348,17.99307958477509,54.247851002865325,39.240687679083095,54.561878952122846,49.05149051490515,60.856042654028464,54.73933649289099,54.62184873949577,56.63865546218487,49.747951028641346,43.53264994676785,76.43239113827349,84.60384153661464,75.58019929283186,85.7559198542805,81.25734430082258,90.44888366627497,82.94469102082623,92.77227722772278,77.56236942362051,91.73528327393387,78.75539903527493,89.06324111176535,64.25167503195814,66.2979455292666,0.6699086662909555,50.0,77.65957446808511,50.00000000000002,48.24561403508772,41.666666666666664,57.971014492753625,44.44444444444443,71.38047138047138,44.99999999999999,67.5,46.22222222222222,64.55133487527957,77.27272727272727,85.8323494687131,80.74866310160428,89.75044563279857,81.48496240601504,93.04511278195488,85.93750000000001,94.01041666666667,94.95798319327731,98.94957983193278,84.08036719472477,92.31758087641322,65.1512947084735,78.43445787584639,0.6455545942126633
253.0,53.9600153787005,48.94271434063822,46.39684813753582,39.083094555873934,51.30984643179764,54.290876242095756,42.52813981042655,43.52784360189573,53.844537815126024,53.61344537815126,49.6078775147173,47.89159482373098,75.46791443850267,83.73349339735894,77.54634094074785,86.87881710061075,79.35957696827262,89.78378378378378,79.48787982246502,92.92249914646638,80.72692638564581,89.79353570111834,78.5177277111268,88.62242582586764,64.06280261292204,68.25701032479931,0.6733470186719934,50.0,77.65957446808511,50.00000000000002,48.24561403508772,41.666666666666664,57.971014492753625,44.44444444444443,71.38047138047138,44.99999999999999,67.5,46.22222222222222,64.55133487527957,77.27272727272727,85.71428571428572,80.74866310160428,89.75044563279857,81.48496240601504,93.04511278195488,85.93750000000001,94.01041666666667,94.95798319327731,98.94957983193278,84.08036719472477,92.29396812552773,65.1512947084735,78.42265150040365,0.6453533692956566
254.0,53.78700499807767,49.788542868127635,49.391117478510026,49.06876790830946,56.458897922312545,49.95483288166215,50.05924170616116,46.99348341232227,49.64285714285712,43.0672268907563,51.8678238495837,47.774570792235565,76.22230710466005,85.37051184110007,75.25447337404904,87.63312975463411,79.18918918918921,89.17743830787309,81.51246159098669,93.85455786958006,79.123141206833,91.76600712793413,78.2603144931436,89.56032898022428,65.06406917136366,68.66744988622992,0.662339538370225,50.0,76.59574468085107,50.00000000000002,49.122807017543856,41.666666666666664,57.971014492753625,44.44444444444443,70.7070707070707,44.99999999999999,66.66666666666667,46.22222222222222,64.21266071297718,77.27272727272727,85.8323494687131,80.74866310160428,89.75044563279857,81.95488721804513,93.04511278195488,83.85416666666669,94.01041666666667,91.38655462184873,98.94957983193278,83.04339977617842,92.31758087641322,64.63281099920032,78.2651207946952,0.6455908433218919
255.0,60.034602076124564,59.5924644367551,47.67191977077363,41.04584527220631,51.129177958446235,36.796145739235165,54.03584123222752,50.60722748815165,51.11344537815123,45.50420168067226,52.79699728314464,46.70917692340409,76.72841864018334,83.75804867401506,78.19993571198968,87.54526947390977,80.0117508813161,91.12338425381903,82.79446910208263,91.69341072038239,77.46712547621975,93.5479906599484,79.0403399623583,89.53362075641492,65.91866862275147,68.1213988399095,0.6662311185393679,50.0,76.59574468085107,50.00000000000002,48.68421052631579,41.666666666666664,57.2463768115942,44.44444444444443,71.71717171717171,44.99999999999999,68.33333333333333,46.22222222222222,64.51536741385323,77.27272727272727,85.71428571428572,80.74866310160428,89.75044563279857,81.48496240601504,92.95112781954886,85.93750000000001,94.01041666666667,94.95798319327731,98.94957983193278,84.08036719472477,92.27517113304653,65.1512947084735,78.39526927344988,0.6449853446355178
256.0,59.68858131487889,66.43598615916954,52.89398280802292,52.14899713467048,52.935862691960246,57.45257452574526,49.86670616113746,49.644549763033176,54.57983193277307,48.109243697478995,53.99299298175451,54.758270256019486,75.25783040488922,82.86041689403034,76.89167470266793,85.10446801671489,78.92479435957698,89.77673325499413,79.93854557869582,93.00443837487197,78.34275531522674,91.16381958952931,77.87112007221134,88.38197522602813,65.93205652698293,71.57012274102381,0.6605234263877731,50.0,77.65957446808511,50.00000000000002,49.122807017543856,49.99999999999999,57.2463768115942,44.44444444444443,71.71717171717171,44.99999999999999,69.16666666666667,47.88888888888889,64.98251933621232,77.27272727272727,85.71428571428572,80.74866310160428,89.75044563279857,81.48496240601504,92.95112781954886,84.37500000000001,94.01041666666667,94.95798319327731,98.94957983193278,83.76786719472477,92.27517113304653,65.82837804180683,78.62884523462942,0.6440556237641241
257.0,54.99807766243753,55.55555555555556,54.96418338108883,62.0916905444126,53.16169828364949,55.01355013550134,49.348341232227504,52.769549763033176,48.172268907562994,44.45378151260504,52.12891389339327,53.97682550222154,73.01375095492743,84.26006766342901,77.05560912889744,87.05882352941177,77.94947121034077,90.78260869565217,83.63434619324002,92.23967224308637,79.90352709843924,91.76600712793413,78.31134091716896,89.2214358519027,65.22012740528112,71.59913067706212,0.6607366440185602,50.0,77.65957446808511,50.00000000000002,49.122807017543856,41.666666666666664,57.971014492753625,44.44444444444443,71.71717171717171,44.99999999999999,68.33333333333333,46.22222222222222,64.96078020577752,77.27272727272727,85.8323494687131,80.74866310160428,89.75044563279857,81.48496240601504,93.04511278195488,85.93750000000001,94.140625,94.95798319327731,98.94957983193278,84.08036719472477,92.34362254307987,65.1512947084735,78.6522013744287,0.6442856398924662
258.0,49.26951172625913,52.133794694348325,54.96418338108883,47.43553008595988,51.12917795844625,48.32881662149955,53.42120853080572,57.58293838862559,51.80672268907559,42.35294117647059,52.1181608571351,49.56680419338078,76.098166539343,85.8397904616392,78.03921568627447,89.08175291974713,79.03642773207991,88.8108108108108,80.43359508364632,93.52338682144077,81.75003072385401,92.92736880914342,79.07148715303956,90.03662196455628,65.59482400508733,69.80171307896853,0.6554031877725136,50.0,77.65957446808511,50.00000000000002,48.68421052631579,41.666666666666664,57.971014492753625,44.44444444444443,71.71717171717171,44.99999999999999,69.16666666666667,46.22222222222222,65.03972757419858,77.27272727272727,85.8323494687131,80.74866310160428,89.75044563279857,80.16917293233084,93.04511278195488,85.93750000000001,94.140625,91.38655462184873,98.94957983193278,83.10292358570223,92.34362254307987,64.66257290396223,78.69167505863922,0.6441542607974529
259.0,61.418685121107266,60.092272202998856,56.96991404011461,51.21776504297995,48.64498644986449,44.625112917795846,56.30924170616116,51.02191943127963,61.89075630252098,59.41176470588236,57.04671672395371,53.27376686018734,76.64247517188694,86.21630470369966,76.40308582449371,87.00310725383049,80.39365452408931,90.1433607520564,82.54694434960739,94.32229429839535,76.92945803121545,90.1622219491213,78.58312358025856,89.56945779142066,67.81492015210614,71.421612325804,0.6577981554267753,50.0,77.65957446808511,50.00000000000002,48.68421052631579,41.666666666666664,57.971014492753625,44.44444444444443,71.38047138047138,44.99999999999999,70.83333333333334,46.22222222222222,65.30572084019184,77.27272727272727,85.8323494687131,80.74866310160428,89.75044563279857,81.48496240601504,93.04511278195488,85.93750000000001,94.140625,94.95798319327731,98.94957983193278,84.08036719472477,92.34362254307987,65.1512947084735,78.82467169163586,0.6437923378711705
260.0,60.899653979238764,76.6628219915417,56.74785100286533,59.52722063037249,55.42005420054199,46.46190906353508,58.39751184834125,56.709123222748815,53.15126050420166,53.65546218487395,56.92326630703779,58.603307418614406,74.52253628724218,85.29411764705883,76.07200257152039,87.88171006107362,82.01527614571094,91.57696827262043,84.12939569819052,93.41413451689996,78.73294826102986,91.99336364753596,79.09443179273879,90.03205882903777,68.00884904988828,74.31768312382609,0.6416409538524458,50.0,77.65957446808511,50.00000000000002,48.68421052631579,41.666666666666664,57.971014492753625,44.44444444444443,71.71717171717171,44.99999999999999,70.83333333333334,46.22222222222222,65.37306090753191,77.27272727272727,85.8323494687131,80.74866310160428,89.75044563279857,81.48496240601504,93.04511278195488,85.93750000000001,94.140625,94.95798319327731,98.94957983193278,84.08036719472477,92.34362254307987,65.1512947084735,78.85834172530589,0.6433801123030126
261.0,50.480584390619,59.86159169550174,54.82091690544413,50.845272206303726,52.12285456187895,50.67750677506775,56.642476303317565,50.10367298578199,57.605042016806685,53.025210084033624,54.33437483561327,52.90265074933776,77.16768525592053,85.5505838699116,79.83927997428478,88.5867352405443,81.0928319623972,90.58754406580493,81.51246159098669,94.99487879822465,74.54528696079636,92.52795870714023,78.83150914887712,90.44954013632514,66.5829419922452,71.67609544283145,0.6487258603397912,50.0,77.65957446808511,50.00000000000002,48.68421052631579,41.666666666666664,57.971014492753625,44.44444444444443,71.71717171717171,44.99999999999999,70.83333333333334,46.22222222222222,65.37306090753191,77.27272727272727,85.95041322314049,80.74866310160428,89.75044563279857,81.48496240601504,93.04511278195488,85.93750000000001,94.140625,94.95798319327731,98.94957983193278,84.08036719472477,92.36723529396535,65.1512947084735,78.87014810074862,0.6432907301177567
262.0,48.058439061899264,45.25182622068436,53.24498567335243,55.60171919770773,49.683830171635044,50.70761818729298,51.384774881516606,43.305687203791464,51.02941176470585,45.08403361344537,50.68028831062183,47.990176884584386,75.1527883880825,84.07999563461748,79.51248258866386,87.62670095360548,80.76968272620448,91.41715628672151,81.46807784226701,92.99078183680436,77.31965097701857,92.60784072754088,78.84453650444728,89.74449508785793,64.76241240753455,68.86733598622115,0.6606481627876555,50.0,78.72340425531915,50.00000000000002,48.68421052631579,41.666666666666664,57.971014492753625,44.44444444444443,72.05387205387206,44.99999999999999,70.0,46.22222222222222,65.48650026565213,77.27272727272727,85.8323494687131,80.74866310160428,89.75044563279857,81.48496240601504,93.1390977443609,85.93750000000001,94.140625,91.38655462184873,99.15966386554622,83.36608148043906,92.40443634228377,64.79415185133064,78.94546830396794,0.6435792092853772
263.0,37.466359092656674,39.52326028450596,48.67478510028653,39.87106017191977,50.090334236675695,48.23848238482385,58.53821090047396,58.88625592417062,46.659663865546186,49.747899159663866,48.28587063912781,47.253391585016814,76.85255920550037,85.9734803012114,80.16822029358188,88.3488696024858,79.19506462984725,92.09635722679201,81.11471491976786,93.12051894844656,81.89750522305519,90.98562123632789,79.84561285435052,90.10496946305273,64.06574174673916,68.67918052403476,0.6629739257705509,50.0,78.72340425531915,50.00000000000002,49.122807017543856,41.666666666666664,57.2463768115942,44.44444444444443,72.05387205387206,44.99999999999999,69.16666666666667,46.22222222222222,65.26262536099918,77.27272727272727,86.06847697756788,80.74866310160428,89.83957219251337,81.48496240601504,93.1390977443609,85.93750000000001,94.140625,91.38655462184873,99.15966386554622,83.36608148043906,92.46948715599767,64.79415185133064,78.86605625849842,0.6437444089609655
264.0,59.688581314878896,60.32295271049597,52.95845272206303,41.704871060171925,54.561878952122846,57.84402288467329,58.345675355450254,54.68009478672986,46.70168067226888,42.05882352941177,54.45125380335678,51.32215299429656,76.62337662337661,87.88333515224271,77.875281260045,86.84238722811529,79.95887191539367,89.6075205640423,82.59986343461934,93.08296346876067,80.874400884847,93.1117119331449,79.58635882365634,90.10558366926118,67.01880631350656,70.71386833177887,0.6533025219119472,50.0,78.72340425531915,50.00000000000002,49.122807017543856,41.666666666666664,57.2463768115942,44.44444444444443,71.71717171717171,44.99999999999999,70.83333333333334,46.22222222222222,65.52861862699244,77.27272727272727,85.8323494687131,80.74866310160428,89.66131907308379,81.48496240601504,93.1390977443609,84.37500000000001,94.27083333333334,94.95798319327731,99.15966386554622,83.76786719472477,92.41265269700747,64.9950447084735,78.97063566199995,0.6427031170609218
265.0,47.712418300653596,43.21414840445982,58.38825214899713,55.54441260744986,53.56820234869014,49.20204757603131,54.98370853080571,51.58471563981043,52.415966386554594,55.714285714285715,53.41370954314023,51.05192198840743,76.53743315508021,85.19043981228856,77.05560912889743,87.82170791813992,79.79435957696829,89.68272620446534,79.58518265619668,93.70775008535335,83.6487649010692,91.42804473393143,79.32426988364236,89.5661337508357,66.3689897133913,70.30902786962156,0.6575129206760655,50.0,79.7872340425532,50.00000000000002,49.122807017543856,41.666666666666664,57.2463768115942,44.44444444444443,71.38047138047138,44.99999999999999,70.0,46.22222222222222,65.50737785043252,77.27272727272727,85.8323494687131,80.74866310160428,89.75044563279857,81.48496240601504,93.04511278195488,85.93750000000001,94.140625,91.38655462184873,99.15966386554622,83.36608148043906,92.38563934980257,64.79415185133064,78.94650860011754,0.6430809749057752
266.0,47.36639753940792,58.97731641676278,47.32091690544413,50.31518624641833,49.45799457994579,51.12917795844625,59.0565758293839,54.398696682464454,54.57983193277307,49.53781512605042,51.55634335739096,52.87163848602845,77.18678380443086,85.2504638218924,78.52887603128681,87.66955962712954,79.90011750881317,90.62279670975325,81.16763400477981,91.87094571526117,76.44402113801155,92.33132604153866,78.64548649746443,89.549018383115,65.1009149274277,71.21032843457172,0.6564070806254093,50.0,80.85106382978724,50.00000000000002,49.122807017543856,41.666666666666664,57.971014492753625,44.44444444444443,71.04377104377105,44.99999999999999,71.66666666666669,46.22222222222222,66.13106461010449,77.27272727272727,85.95041322314049,80.74866310160428,89.83957219251337,81.48496240601504,93.1390977443609,85.93750000000001,94.27083333333334,94.95798319327731,99.15966386554622,84.08036719472477,92.47191607177888,65.1512947084735,79.30149034094168,0.6425737677577567
267.0,48.058439061899264,52.17224144559785,56.03151862464182,54.87106017191977,52.52935862691959,53.68864799759109,60.71534360189577,53.92476303317535,52.49999999999997,44.957983193277315,53.96693198307128,51.92293916831227,76.43239113827349,85.32140128778785,78.85781635058393,85.98092789028179,79.6886016451234,90.8319623971798,83.73164902697168,93.07954933424377,78.49022981442792,91.27442546393019,79.4401375950761,89.29765327468468,66.70353478907369,70.61029622149847,0.6567971329020653,50.0,80.85106382978724,50.00000000000002,49.122807017543856,41.666666666666664,57.2463768115942,44.44444444444443,71.04377104377105,44.99999999999999,71.66666666666669,46.22222222222222,65.98613707387261,77.27272727272727,85.95041322314049,80.74866310160428,89.83957219251337,81.48496240601504,93.1390977443609,85.93750000000001,94.27083333333334,94.95798319327731,99.15966386554622,84.08036719472477,92.47191607177888,65.1512947084735,79.22902657282575,0.6421833370088331
268.0,60.207612456747405,66.70511341791618,46.239255014326645,41.87679083094555,43.94760614272809,41.49352604637158,50.673874407582964,50.99229857819905,56.82773109243693,61.51260504201681,51.57921582276441,52.51606678308983,76.32734912146675,85.2450070937466,79.18461373620485,87.57312761170041,79.08930669800236,90.49353701527615,83.53704335950837,92.15431888016387,81.45508172545165,93.75691286715005,79.91867892812681,89.84458069360741,65.74894737544561,71.18032373834862,0.6560213324349883,50.0,80.85106382978724,50.00000000000002,49.122807017543856,41.666666666666664,57.2463768115942,44.44444444444443,70.7070707070707,44.99999999999999,70.83333333333334,46.22222222222222,65.75213033986589,77.27272727272727,85.95041322314049,80.74866310160428,89.92869875222816,81.48496240601504,93.1390977443609,85.93750000000001,94.27083333333334,91.38655462184873,99.15966386554622,83.36608148043906,92.48974138372182,64.79415185133064,79.12093586179385,0.64244248449748
269.0,53.96001537870051,59.900038446751246,59.82091690544412,64.79942693409741,45.16711833785004,42.87865100873231,58.96030805687206,58.160545023696685,46.74369747899157,43.19327731092437,52.930411231571654,53.78638774484041,76.11726508785331,84.37465895449088,78.03707275259828,86.71166827386692,79.6298472385429,90.46298472385429,81.22055308979176,93.84772960054626,77.31965097701857,92.22072016713777,78.46487782916097,89.52355234397922,65.69764453036632,71.65497004440982,0.6541894232554701,50.0,79.7872340425532,50.00000000000002,49.122807017543856,41.666666666666664,57.2463768115942,44.44444444444443,70.7070707070707,44.99999999999999,70.0,46.22222222222222,65.37269771575238,77.27272727272727,86.06847697756788,80.74866310160428,89.92869875222816,83.27067669172934,93.1390977443609,85.93750000000001,94.27083333333334,91.38655462184873,99.15966386554622,83.72322433758193,92.51335413460731,64.97272327990207,78.94302592517985,0.6425153650133014
270.0,54.652056901191855,47.40484429065744,51.318051575931236,57.59312320916905,40.018066847335135,41.10207768744354,52.23637440758295,39.94372037914692,50.29411764705879,43.69747899159664,49.70373347581999,45.94824891160272,76.64247517188694,84.40739932336571,74.59980713596912,87.63527268831031,82.07403055229143,91.13278495887191,82.3523386821441,92.36599522021167,79.70382204743764,92.46036622833968,79.07449471794584,89.60036368381986,64.3891140968829,67.77430629771129,0.6635904625299113,50.0,80.85106382978724,50.00000000000002,48.68421052631579,41.666666666666664,57.2463768115942,44.44444444444443,70.37037037037037,44.99999999999999,68.33333333333333,46.22222222222222,65.09707097428019,77.27272727272727,86.06847697756788,80.74866310160428,89.92869875222816,81.95488721804513,93.1390977443609,83.85416666666669,94.27083333333334,91.38655462184873,99.15966386554622,83.04339977617842,92.51335413460731,64.63281099920032,78.80521255444376,0.6429760028403196
271.0,59.688581314878896,68.62745098039215,54.45558739255014,52.378223495702,52.75519421860885,50.70761818729298,57.4940758293839,48.91883886255924,53.9285714285714,47.352941176470594,55.66440203679864,53.59701454048339,76.76661573720396,84.86576448761323,78.3649416050573,88.72602592949748,81.79788484136313,90.24206815511164,84.91635370433596,94.02526459542506,79.36585965343494,92.71844660194175,80.24233110827905,90.11551395391783,67.95336657253884,71.85626424720061,0.6492702272571786,50.0,79.7872340425532,50.00000000000002,48.68421052631579,41.666666666666664,57.2463768115942,44.44444444444443,70.03367003367002,44.99999999999999,70.0,46.22222222222222,65.15029828282664,77.27272727272727,86.06847697756788,80.74866310160428,90.01782531194296,83.27067669172934,93.1390977443609,83.85416666666669,94.27083333333334,91.38655462184873,99.15966386554622,83.30655767091525,92.53117944655028,64.76438994656874,78.84073886468846,0.6424190083427328
272.0,48.75048058439063,47.44329104190696,55.74498567335243,62.34957020057307,47.78681120144533,42.63775971093044,53.51747630331756,55.968601895734594,58.298319327731065,54.87394957983194,52.819614618047396,52.654634485795405,78.34224598930481,84.32009167303285,79.18568520304294,87.7981356477017,79.74148061104586,90.23501762632198,80.42505974735406,93.48241720723797,82.14022366965712,93.39437138994715,79.96693904408096,89.84600670884832,66.39327683106418,71.25032059732186,0.649369866785878,50.0,79.7872340425532,50.00000000000002,49.122807017543856,41.666666666666664,56.52173913043478,44.44444444444443,70.7070707070707,44.99999999999999,71.66666666666669,46.22222222222222,65.56110351285385,77.27272727272727,86.06847697756788,80.74866310160428,89.92869875222816,81.48496240601504,93.1390977443609,85.93750000000001,94.27083333333334,94.95798319327731,99.15966386554622,84.08036719472477,92.51335413460731,65.1512947084735,79.03722882373057,0.6411974624537049
273.0,50.82660515186467,42.675893886966556,58.53151862464183,58.49570200573066,53.974706413730786,46.642577536886485,55.9315758293839,52.44372037914692,58.25630252100837,52.352941176470594,55.504141708125914,50.522166997040244,76.01222307104659,84.36101713412639,79.83927997428478,90.31822565091609,80.06462984723855,90.41363102232667,81.81290542847391,94.05940594059406,81.26459383065013,95.10876244316087,79.7987264303388,90.8522084382248,67.65143406923235,70.68718771763253,0.6442578820255012,50.0,79.7872340425532,50.00000000000002,49.122807017543856,41.666666666666664,56.52173913043478,44.44444444444443,70.37037037037037,44.99999999999999,70.83333333333334,46.22222222222222,65.3270967788471,77.27272727272727,85.9504132231405,80.74866310160428,90.01782531194296,83.27067669172934,93.1390977443609,85.93750000000001,94.27083333333334,91.38655462184873,99.15966386554622,83.72322433758193,92.50756669566479,64.97272327990207,78.91733173725595,0.6416837492526135
274.0,55.517108804306034,49.51941560938101,58.38825214899713,57.53581661891117,48.23848238482384,42.27642276422765,59.293542654028464,57.449644549763036,58.256302521008365,55.420168067226896,55.938737702632764,52.44029352190195,76.20320855614973,83.35970751937138,78.20315011250399,87.41883638701383,81.69212690951822,91.18448883666275,83.88187094571529,93.27415500170706,76.92945803121545,92.5648273319405,79.38196291102055,89.5604030153391,67.66035030682666,71.00034826862053,0.6492189363817608,50.0,78.72340425531914,50.00000000000002,49.122807017543856,41.666666666666664,57.2463768115942,44.44444444444443,70.37037037037037,44.99999999999999,73.33333333333334,46.22222222222222,65.75925835763219,77.27272727272727,86.06847697756788,80.74866310160428,90.10695187165776,81.48496240601504,93.1390977443609,85.93750000000001,94.27083333333334,94.95798319327731,99.15966386554622,84.08036719472477,92.54900475849323,65.1512947084735,79.15413155806272,0.6403715853144795
275.0,61.764705882352935,45.17493271818531,53.96131805157594,55.644699140401144,55.420054200542005,51.49051490514904,57.968009478673,54.235781990521325,54.57983193277307,52.689075630252105,56.7387839091834,51.84700087690179,77.39686783804429,84.3855724107825,75.42055073395476,87.53026893817636,79.63572267920095,90.57579318448884,80.68111983612157,93.96722430863777,77.17217647781739,90.91802875752735,78.06128751302779,89.47537751992256,67.4000357111056,70.66118919841217,0.6544421278213607,50.0,78.72340425531914,50.00000000000002,49.122807017543856,41.666666666666664,57.2463768115942,44.44444444444443,70.37037037037037,44.99999999999999,71.66666666666669,46.22222222222222,65.42592502429885,77.27272727272727,86.30460448642268,80.74866310160428,90.10695187165776,81.48496240601504,93.1390977443609,85.93750000000001,94.40104166666667,91.38655462184873,99.15966386554622,83.36608148043906,92.62227192693084,64.79415185133064,79.02409847561484,0.6403329497403107
276.0,50.480584390618986,49.25028835063438,54.534383954154734,41.79083094555874,50.72267389340559,47.395362842517315,56.02784360189575,58.96030805687204,49.60084033613442,38.991596638655466,52.2732652352419,47.277677366847584,76.30825057295645,82.50300120048018,77.87528126004497,88.40887174541948,82.3443008225617,89.47826086956522,81.6626835097303,94.02867872994196,80.48420793904388,91.31129408873049,79.73494482086747,89.14602132682747,66.00410502805468,68.21184934683752,0.6601577835768357,50.0,78.72340425531914,50.00000000000002,49.122807017543856,41.666666666666664,57.2463768115942,44.44444444444443,70.03367003367002,44.99999999999999,72.50000000000001,46.22222222222222,65.52525162362545,77.27272727272727,86.0684769775679,80.74866310160428,90.10695187165776,81.48496240601504,93.1390977443609,85.93750000000001,94.40104166666667,94.95798319327731,99.15966386554622,84.08036719472477,92.5750464251599,65.1512947084735,79.05014902439268,0.6399870014502743
277.0,48.57747020376779,50.826605151864655,56.39684813753581,57.37822349570201,52.529358626919596,59.25925925925925,50.39247630331756,52.3696682464455,43.15126050420165,39.411764705882355,50.20948275514848,51.84910417183075,75.99312452253628,84.15093310051293,80.16607735990571,88.23529411764706,79.35370152761459,90.68390129259694,84.51860703311712,91.84704677364289,81.75003072385401,92.04252181393635,80.35630823340554,89.39193941966724,65.28289549427701,70.620521795749,0.6574164962322748,50.0,78.72340425531914,50.00000000000002,49.122807017543856,41.666666666666664,56.52173913043478,44.44444444444443,70.37037037037037,44.99999999999999,71.66666666666669,46.22222222222222,65.28099748806696,77.27272727272727,86.1865407319953,80.74866310160428,90.10695187165776,83.27067669172934,93.1390977443609,85.93750000000001,94.40104166666667,91.38655462184873,99.15966386554622,83.72322433758193,92.59865917604537,64.97272327990207,78.93982833205617,0.6403058652751688
278.0,51.172625913110345,53.13341022683583,56.747851002865325,57.063037249283674,45.754290876242095,43.179765130984634,55.55390995260666,58.59004739336492,51.7647058823529,49.15966386554622,52.19867672543546,52.225184773203054,76.9576012223071,83.52340936374549,77.87635272688308,87.21740062145076,79.80023501762633,90.81316098707403,83.97917377944692,94.27108228064188,79.4611036008357,92.44807668673958,79.61489326941982,89.65462598793036,65.90678499742765,70.9399053805667,0.655345020131119,50.0,79.7872340425532,50.00000000000002,49.56140350877193,41.666666666666664,56.52173913043478,44.44444444444443,70.37037037037037,44.99999999999999,71.66666666666669,46.22222222222222,65.58148274375938,77.27272727272727,86.1865407319953,80.74866310160428,90.19607843137256,83.27067669172934,93.23308270676691,85.93750000000001,94.40104166666667,91.38655462184873,99.15966386554622,83.72322433758193,92.63528148046954,64.97272327990207,79.10838211211447,0.6402568944430949
279.0,56.209150326797385,51.24951941560938,51.031518624641826,44.598853868194844,48.870822041553744,51.21951219512195,52.947274881516606,46.667654028436026,58.21428571428567,58.949579831932766,53.45461031775905,50.53702386785899,77.04354469060351,82.87133035032195,76.40201435765562,89.10746812386157,80.88131609870742,90.05170387779083,82.40525776715603,93.87162854216456,77.61459997542092,90.8627258203269,78.86934657790869,89.35297134289316,66.16197844783386,69.94499760537607,0.6587353477299103,50.0,79.7872340425532,50.00000000000002,50.0,41.666666666666664,56.52173913043478,44.44444444444443,70.03367003367002,44.99999999999999,71.66666666666669,46.22222222222222,65.60186197466494,77.27272727272727,86.1865407319953,80.74866310160428,90.37433155080214,83.27067669172934,93.23308270676691,85.93750000000001,94.40104166666667,91.38655462184873,99.15966386554622,83.72322433758193,92.67093210435544,64.97272327990207,79.1363970395102,0.6400110797559969
280.0,55.34409842368321,50.211457131872365,49.6131805157593,52.277936962750715,51.0840108401084,53.47786811201445,62.61107819905216,59.804502369668256,53.02521008403358,47.18487394957983,54.33551561252733,52.59132770517713,75.86898395721924,84.05544035796136,77.87528126004497,87.91385406621664,79.46533490011751,91.0340775558167,80.18607033117105,93.85797200409696,77.80508787022245,92.42964237433942,78.24015166375504,89.85819727168622,66.2878336381412,71.22476248843168,0.6531791529074839,50.0,78.72340425531914,50.00000000000002,50.0,49.99999999999999,57.2463768115942,44.44444444444443,69.36026936026936,44.99999999999999,73.33333333333334,47.88888888888889,65.7326767521032,77.27272727272727,86.1865407319953,80.74866310160428,90.19607843137256,81.48496240601504,93.23308270676691,85.93750000000001,94.40104166666667,94.95798319327731,99.15966386554622,84.08036719472477,92.63528148046954,65.98462804180683,79.18397911628637,0.6386952261230255
281.0,56.209150326797385,58.66974240676662,53.323782234957015,52.53581661891118,55.194218608852744,60.915386931647085,53.61374407582941,58.145734597156405,56.82773109243694,47.77310924369748,55.0337252677747,55.607957959635755,76.43239113827349,83.84535632434792,76.72881174327652,86.89810350369656,80.39365452408931,90.01410105757932,84.42130419938549,94.16524411061795,75.90635369300726,90.77055425832616,78.77650305960641,89.13867185091358,66.90511416369056,72.37331490527467,0.6508766311305401,50.0,76.59574468085107,50.00000000000002,50.0,41.666666666666664,57.2463768115942,44.44444444444443,69.02356902356901,44.99999999999999,73.33333333333334,46.22222222222222,65.23980476986954,77.27272727272727,86.1865407319953,80.74866310160428,90.01782531194296,81.48496240601504,93.23308270676691,85.93750000000001,94.40104166666667,91.38655462184873,99.15966386554622,83.36608148043906,92.59963085658362,64.79415185133064,78.91971781322658,0.6384387538198061
282.0,57.59323337178009,64.47520184544405,55.53724928366761,56.7621776504298,50.67750677506775,49.382716049382715,61.329976303317565,62.64810426540285,56.78571428571424,50.924369747899156,56.38473600390945,56.83851391171171,76.72841864018334,84.9776274146022,78.20207864566588,88.52673309761062,80.93419506462986,90.71445358401881,83.97917377944692,94.30863776032777,82.14022366965712,92.73073614354185,80.39681795991662,90.25163760002025,68.39077698191304,73.54507575586598,0.6417121134698922,50.0,76.59574468085107,50.00000000000002,49.56140350877193,41.666666666666664,57.2463768115942,44.44444444444443,69.36026936026936,44.99999999999999,73.33333333333334,46.22222222222222,65.21942553896397,77.27272727272727,86.1865407319953,80.74866310160428,90.01782531194296,81.48496240601504,93.23308270676691,85.93750000000001,94.40104166666667,91.38655462184873,99.15966386554622,83.36608148043906,92.59963085658362,64.79415185133064,78.9095281977738,0.6381098030486542
283.0,52.03767781622454,51.67243367935409,59.75644699140401,69.02578796561605,50.27100271002709,45.61878952122855,53.51747630331756,52.354857819905206,52.49999999999997,49.78991596638656,53.61652076419464,53.69235699049809,75.86898395721924,85.29138928298592,77.05453766205935,88.06171648987464,81.03995299647474,89.90834312573442,81.46807784226698,93.93991123250257,79.21838515423374,91.77215189873418,78.9299875224508,89.79470240596635,66.27325414332272,71.74352969823222,0.6446741793273714,50.0,76.59574468085107,50.00000000000002,50.0,41.666666666666664,57.2463768115942,44.44444444444443,69.6969696969697,44.99999999999999,72.50000000000001,46.22222222222222,65.207818237883,77.27272727272727,86.1865407319953,80.74866310160428,90.01782531194296,83.27067669172934,93.23308270676691,85.93750000000001,94.40104166666667,91.38655462184873,99.15966386554622,83.72322433758193,92.59963085658362,64.97272327990207,78.90372454723331,0.6383354191798201
284.0,40.23452518262207,45.751633986928105,52.256446991404005,57.27793696275072,48.41915085817524,44.625112917795846,58.915876777251206,55.55390995260664,56.82773109243694,52.983193277310924,51.330746180377886,51.23835741947844,75.02864782276546,83.33242387864237,78.69495339119251,88.7367405978785,80.93419506462986,91.19388954171563,80.28337316490271,92.72447934448618,82.23546761705789,91.85203391913481,79.4353274121097,89.5679134563715,65.3830367962438,70.40313543792497,0.6537731066267122,50.0,77.65957446808511,50.00000000000002,50.0,41.666666666666664,57.2463768115942,44.44444444444443,70.03367003367003,44.99999999999999,71.66666666666669,46.22222222222222,65.3212575960032,77.27272727272727,86.1865407319953,80.74866310160428,90.10695187165776,81.95488721804512,93.32706766917292,83.85416666666669,94.40104166666667,91.38655462184873,99.15966386554622,83.04339977617842,92.63625316100777,64.63281099920032,78.9787553785055,0.6386548041634639
285.0,56.901191849288736,60.47673971549404,54.39111747851002,56.532951289398284,50.04516711833783,60.70460704607046,55.316943127962105,51.79206161137441,61.806722689075585,55.714285714285715,55.69222845263486,57.04412907532458,76.41329258976317,83.65709920331769,78.85781635058393,87.99742847958856,80.27614571092833,91.4876615746181,81.71560259474225,93.84772960054627,80.24148949244194,92.14083814673711,79.50086934769192,89.82615140096155,67.59654890016338,73.43514023814306,0.6435165628320718,50.0,77.65957446808511,50.00000000000002,50.0,41.666666666666664,57.971014492753625,44.44444444444443,70.03367003367003,44.99999999999999,72.50000000000001,46.22222222222222,65.63285179890175,77.27272727272727,86.1865407319953,80.74866310160428,90.10695187165776,83.27067669172934,93.32706766917292,85.93750000000001,94.40104166666667,91.38655462184873,99.15966386554622,83.72322433758193,92.63625316100777,64.97272327990207,79.13455247995476,0.6381115634304184
286.0,56.55517108804307,57.36255286428297,54.0401146131805,58.28080229226361,54.15537488708219,54.77265883769948,53.99140995260665,52.53258293838863,56.00840336134449,47.773109243697476,54.95009478045138,54.144341235266424,76.41329258976317,83.75259194586926,77.38669238187076,89.65605914496946,81.03995299647474,90.87896592244418,82.65278251963127,95.26118129054284,77.56236942362051,91.47720290033182,79.01101798227208,90.2052002408315,66.98055638136174,72.17477073804896,0.6437833912344278,50.0,77.65957446808511,50.00000000000002,50.0,41.666666666666664,58.69565217391304,44.44444444444443,70.03367003367003,44.99999999999999,72.50000000000001,46.22222222222222,65.77777933513364,77.27272727272727,86.1865407319953,80.74866310160428,90.10695187165776,83.27067669172934,93.32706766917292,85.93750000000001,94.40104166666667,91.38655462184873,99.15966386554622,83.72322433758193,92.63625316100777,64.97272327990207,79.20701624807072,0.6378956948497673
287.0,58.631295655517114,50.9034986543637,47.60744985673352,47.44985673352435,48.599819331526646,41.22252333634447,55.74644549763036,52.117890995260666,54.789915966386516,51.34453781512606,53.07498526155884,48.607661506923854,77.37776928953399,85.05947833678927,79.18247080252866,89.30890388942461,78.1668625146886,91.48531139835487,83.28951860703314,93.48583134175486,82.2354676170579,92.65699889394125,80.05041776616847,90.39930477205299,66.56270151386366,69.50348313948842,0.6494810954680801,50.0,77.65957446808511,50.00000000000002,50.0,41.666666666666664,58.69565217391304,44.44444444444443,70.03367003367003,44.99999999999999,72.50000000000001,46.22222222222222,65.77777933513364,77.27272727272727,86.1865407319953,80.74866310160428,90.01782531194296,83.27067669172934,93.23308270676691,85.93750000000001,94.40104166666667,91.38655462184873,99.15966386554622,83.72322433758193,92.59963085658362,64.97272327990207,79.18870509585864,0.6377979936867852
288.0,56.55517108804305,55.017301038062286,53.18051575931232,56.08882521489971,50.271002710027105,45.9500150557061,59.86374407582941,55.37618483412322,56.78571428571424,47.647058823529406,55.331229583785216,52.01587699326414,75.1336898395722,85.33777147222526,78.69281045751633,88.47530268938175,80.27614571092833,91.17038777908343,81.91020826220554,94.01160805735745,82.38294211625907,91.31129408873049,79.67915927729629,90.06127281735567,67.50519443054075,71.0385749053099,0.6467336735068866,50.0,77.65957446808511,50.00000000000002,49.56140350877193,49.99999999999999,58.69565217391304,44.44444444444443,70.03367003367003,44.99999999999999,73.33333333333334,47.88888888888889,65.8567267035547,77.27272727272727,86.1865407319953,80.74866310160428,90.01782531194296,81.48496240601504,93.23308270676691,85.93750000000001,94.40104166666667,94.95798319327731,99.15966386554622,84.08036719472477,92.59963085658362,65.98462804180683,79.22817878006916,0.6368760700029241
289.0,63.49480968858132,58.90042291426375,53.89684813753583,56.919770773638966,52.0776874435411,57.69346582354713,59.48607819905215,61.00414691943128,56.91176470588232,52.85714285714286,57.173437634918535,57.474989857604804,75.59205500381971,86.69104005238458,78.69602485803061,88.78602807243115,81.90951821386605,91.26439482961221,81.95459201092524,93.10686241037897,78.63770431362911,91.33587317193069,79.35797888005415,90.23683970734751,68.26570825748634,73.85591478247616,0.6410903380582268,50.0,76.59574468085107,50.00000000000002,49.56140350877193,41.666666666666664,58.69565217391304,44.44444444444443,69.6969696969697,44.99999999999999,72.50000000000001,46.22222222222222,65.40995401210115,77.27272727272727,86.0684769775679,80.74866310160428,90.01782531194296,83.27067669172934,93.23308270676691,85.93750000000001,94.40104166666667,91.38655462184873,99.15966386554622,83.72322433758193,92.57601810569814,64.97272327990207,78.99298605889965,0.6370056332283799
290.0,61.418685121107266,49.288735101883894,54.0401146131805,50.51575931232092,51.716350496838295,54.47154471544715,55.4576421800948,53.13981042654028,57.605042016806685,49.747899159663866,56.04756688560551,51.43274974317122,78.3422459893048,85.58332423878643,76.07200257152039,88.63387978142076,79.74148061104583,90.2867215041128,79.99146466370776,93.84431546602936,79.70382204743764,91.54479537913235,78.77020317660329,89.97860727389634,67.4088850311044,70.70567850853378,0.6458628827353224,50.0,77.65957446808511,50.00000000000002,50.0,41.666666666666664,58.69565217391304,44.44444444444443,70.03367003367003,44.99999999999999,71.66666666666669,46.22222222222222,65.61111266846697,77.27272727272727,86.0684769775679,80.74866310160428,90.01782531194296,83.27067669172934,93.32706766917292,85.93750000000001,94.40104166666667,91.38655462184873,99.15966386554622,83.72322433758193,92.59481509817934,64.97272327990207,79.10296388332316,0.6374830654930413
291.0,46.655132641291814,46.05920799692426,58.89684813753582,60.200573065902574,52.12285456187895,56.85034628124058,54.60604265402845,53.13981042654029,53.928571428571395,50.96638655462185,53.24188988466128,53.44326486504591,76.9576012223071,85.23409363745498,78.03707275259826,88.91888996035573,80.22326674500589,91.572267920094,83.09491293956984,94.01502219187437,81.11711933144893,92.84748678874278,79.885994598186,90.51755209970437,66.56394224142365,71.98040848237514,0.641535291540579,50.0,77.65957446808511,50.00000000000002,50.0,41.666666666666664,58.69565217391304,44.44444444444443,69.36026936026936,44.99999999999999,73.33333333333334,46.22222222222222,65.80976586712018,77.27272727272727,86.1865407319953,80.74866310160428,90.01782531194296,83.27067669172934,93.32706766917292,85.93750000000001,94.40104166666667,91.38655462184873,99.15966386554622,83.72322433758193,92.61842784906482,64.97272327990207,79.21409685809249,0.6365327144875081
292.0,56.03613994617456,64.59054209919262,59.1189111747851,50.200573065902574,49.81933152664858,41.82475158084914,53.517476303317565,51.18483412322274,57.605042016806685,49.117647058823536,55.2193801935465,51.38366958559813,76.72841864018334,84.94488704572738,78.53101896496301,87.6395585556627,82.77908343125736,91.98119858989425,82.50256060088772,93.37999317173096,77.80508787022245,91.75371758633403,79.66923390150278,89.93987098986986,67.44430704752463,70.66177028773399,0.6476707759725453,50.0,78.72340425531915,50.00000000000002,50.0,49.99999999999999,58.69565217391304,44.44444444444443,69.6969696969697,44.99999999999999,73.33333333333334,47.88888888888889,66.08987189190705,77.27272727272727,86.1865407319953,80.74866310160428,90.01782531194296,81.48496240601504,93.32706766917292,85.93750000000001,94.40104166666667,91.38655462184873,99.15966386554622,83.36608148043906,92.61842784906482,65.62748518466398,79.35414987048594,0.6359518666927856
293.0,64.53287197231833,70.35755478662054,58.61031518624641,54.79942693409742,57.633242999096645,57.60313158687143,57.782879146919456,59.80450236966824,58.34033613445375,57.98319327731092,59.37992908780692,60.10956179091371,75.6588999236058,86.40456182472988,77.38454944819456,87.91599699989285,80.87544065804936,91.60517038777908,80.87572550358486,92.85080232161147,76.44402113801155,89.99016836671993,78.24772733428922,89.75333998014665,68.81382821104808,74.93145088553018,0.6453629921534266,50.0,78.72340425531915,50.00000000000002,50.0,41.666666666666664,57.971014492753625,44.44444444444443,69.6969696969697,44.99999999999999,72.50000000000001,46.22222222222222,65.77827768900849,77.27272727272727,85.9504132231405,80.74866310160428,90.01782531194296,83.27067669172934,93.32706766917292,85.93750000000001,94.40104166666667,91.38655462184873,99.15966386554622,83.72322433758193,92.57120234729385,64.97272327990207,79.17474001815117,0.6363370544293881
294.0,57.59323337178007,58.28527489427143,55.04297994269341,50.25787965616046,46.56729900632339,48.99126769045468,50.44431279620854,49.97037914691943,55.27310924369745,50.7563025210084,52.98418687214057,51.65222078176288,76.20320855614973,86.65284295536397,79.51248258866386,88.92103289403192,81.20446533490014,91.20094007050528,84.66882895186073,92.96346876066917,81.35983777805089,92.7245913727418,80.58976464192509,90.49257521066242,66.78697575703282,71.07239799621266,0.6488036936917195,50.0,77.65957446808511,50.00000000000002,50.0,41.666666666666664,57.971014492753625,44.44444444444443,69.6969696969697,44.99999999999999,72.50000000000001,46.22222222222222,65.56551173156168,77.27272727272727,85.9504132231405,80.74866310160428,90.01782531194296,83.27067669172934,93.32706766917292,85.93750000000001,94.40104166666667,91.38655462184873,99.15966386554622,83.72322433758193,92.57120234729385,64.97272327990207,79.06835703942777,0.6362546909696724
295.0,57.59323337178009,53.59477124183007,59.247851002865325,52.93696275071633,52.303523035230334,49.503161698283655,57.21267772511851,52.577014218009474,53.23529411764702,50.882352941176464,55.918515850528266,51.8988525700032,75.88808250572956,84.14547637236713,79.35176256294865,88.55887710275367,81.25734430082258,92.03995299647474,84.42130419938549,93.51655855240696,79.85129654663882,92.88435541354308,80.15395802310502,90.22904408750912,68.03623693681664,71.06394832875617,0.6444920368264225,50.0,77.65957446808511,50.00000000000002,50.0,41.666666666666664,57.971014492753625,44.44444444444443,70.03367003367003,44.99999999999999,72.50000000000001,46.22222222222222,65.63285179890175,77.27272727272727,85.9504132231405,80.74866310160428,90.10695187165776,81.95488721804512,93.23308270676691,85.93750000000001,94.40104166666667,91.38655462184873,99.15966386554622,83.46006644284509,92.57023066675562,64.84114433253366,79.10154123282868,0.6363169584551734
296.0,52.902729719338716,53.82545174932718,49.183381088825215,44.24068767908309,51.716350496838295,50.46672688949112,56.879443127962105,54.902251184834114,52.45798319327728,41.30252100840336,52.62797752524832,48.947527702227774,76.95760122230709,85.01855287569573,77.87742419372118,86.6130933247616,81.0928319623972,90.21621621621621,82.5025606008877,94.75247524752474,77.95256236942363,91.6369669411331,79.27659606974736,89.64746092106627,65.95228679749783,69.29749431164703,0.6511440800223369,50.0,77.65957446808511,50.00000000000002,50.0,41.666666666666664,57.971014492753625,44.44444444444443,69.69696969696969,44.99999999999999,70.83333333333334,46.22222222222222,65.23217839822834,77.27272727272727,85.9504132231405,80.74866310160428,90.19607843137256,81.95488721804512,93.23308270676691,85.93750000000001,94.53125,91.38655462184873,99.15966386554622,83.46006644284509,92.61409764536525,64.84114433253366,78.9231380217968,0.6362563519012877
297.0,64.53287197231833,65.12879661668589,58.75358166189112,54.04011461318052,54.968383017163504,55.947003914483595,57.49407582938392,50.79976303317535,54.62184873949576,49.20168067226891,58.074152244050524,55.02347176995886,76.32734912146675,83.99814471243043,78.5299474981249,90.50466088074573,80.33490011750882,92.01410105757932,81.91020826220554,94.55445544554455,82.96362295686372,93.90438736635123,80.01320559123396,90.99514989253024,69.04367891764224,73.00931083124455,0.6320338923893954,50.0,76.59574468085107,50.00000000000002,52.192982456140356,41.666666666666664,57.971014492753625,44.44444444444443,69.69696969696969,44.99999999999999,73.33333333333334,46.22222222222222,65.95800893200962,77.92207792207792,85.9504132231405,80.74866310160428,90.19607843137256,83.27067669172934,93.23308270676691,85.93750000000001,94.53125,91.38655462184873,99.15966386554622,83.85309446745205,92.61409764536525,65.03765834483714,79.28605328868744,0.6348135364106783
298.0,47.86620530565168,49.750096116878126,55.10744985673352,55.93123209169054,55.37488708220415,60.70460704607046,56.12411137440761,53.77665876777251,53.8865546218487,50.042016806722685,53.67184164816913,54.04092216582686,76.64247517188693,85.16588453563243,79.51355405550196,88.40244294439087,80.17038777908346,89.84018801410105,83.28951860703314,93.99112325025605,73.33169472778665,92.57711687354062,78.58952606825844,89.9953511235842,66.13068385821379,72.01813664470554,0.6499700165533282,50.0,77.65957446808511,50.00000000000002,49.56140350877193,41.666666666666664,57.971014492753625,44.44444444444443,70.03367003367003,44.99999999999999,72.50000000000001,46.22222222222222,65.54513250065614,77.27272727272727,85.8323494687131,80.74866310160428,90.10695187165776,81.95488721804512,93.23308270676691,85.93750000000001,94.53125,91.38655462184873,99.15966386554622,83.46006644284509,92.5726595825368,64.84114433253366,79.05889604159647,0.6355618831839064
299.0,63.66782006920416,67.16647443291042,44.46991404011462,46.03151862464184,51.264679313459794,52.152965974104184,57.49407582938392,57.0053317535545,57.47899159663863,50.84033613445378,54.875096169760226,54.63932538393294,76.81436210847976,85.76339626759794,77.54848387442406,89.37533483338692,81.03995299647475,91.51351351351352,83.09491293956984,94.44178900648687,81.35983777805089,94.22391544795379,79.97150993939985,91.06358981378781,67.42330305458003,72.85145759886038,0.6376514565709277,50.0,76.59574468085107,50.00000000000002,49.56140350877193,41.666666666666664,57.971014492753625,44.44444444444443,69.6969696969697,44.99999999999999,72.50000000000001,46.22222222222222,65.26502647586926,77.92207792207792,85.8323494687131,80.74866310160428,90.10695187165776,81.95488721804512,93.23308270676691,85.93750000000001,94.53125,91.38655462184873,99.15966386554622,83.58993657271522,92.5726595825368,64.90607939746872,78.91884302920303,0.6349652786184027
300.0,62.45674740484429,63.975394079200306,51.82664756446991,52.908309455587386,55.6007226738934,56.69978922011442,55.07997630331756,52.42890995260664,57.52100840336131,51.42857142857142,56.49702046997729,55.488194827216034,77.48281130634072,87.69917057732184,79.18461373620485,88.5138754955534,81.31022326674503,91.00587544065804,81.76852167975422,93.66678047115057,79.8512965466388,91.74757281553399,79.91949330713672,90.52665496004357,68.208256888557,73.0074248936298,0.6418022510860439,50.0,76.59574468085107,50.00000000000002,51.75438596491229,41.666666666666664,57.971014492753625,44.44444444444443,70.03367003367002,44.99999999999999,74.16666666666667,46.22222222222222,66.10429636777073,77.92207792207792,85.9504132231405,80.74866310160428,90.01782531194296,81.48496240601504,93.23308270676691,85.93750000000001,94.53125,91.38655462184873,99.15966386554622,83.49595161030919,92.57844702147932,64.85908691626571,79.34137169462502,0.6345985966349122
301.0,51.86466743560169,46.32833525567089,56.25358166189112,61.97707736389686,46.74796747967479,48.84071062932851,55.74644549763036,54.398696682464454,57.64705882352937,53.65546218487396,53.65194417966546,53.04005642324694,75.6588999236058,83.57797664520353,78.52994749812493,89.77606343083681,79.24794359576968,90.34077555816687,83.97917377944692,94.39740525776715,79.85129654663882,92.35590512473884,79.45345226871723,90.08962520334265,66.55269822419135,71.5648408132948,0.6446964642471305,50.0,77.65957446808511,50.00000000000002,50.43859649122807,41.666666666666664,58.69565217391304,44.44444444444443,70.03367003367002,44.99999999999999,73.33333333333334,46.22222222222222,66.0321653000459,77.92207792207792,85.8323494687131,80.74866310160428,90.01782531194296,83.27067669172934,93.23308270676691,85.93750000000001,94.53125,91.38655462184873,99.15966386554622,83.85309446745205,92.55483427059384,65.03765834483714,79.29349978531988,0.6346144970609595
302.0,52.383698577470206,50.51903114186851,54.183381088825215,51.06017191977077,49.45799457994579,46.01023788015657,60.33767772511851,64.55864928909953,53.8865546218487,45.54621848739496,54.04986131864168,51.538861743658074,76.93850267379678,85.97075193713849,77.71348976749168,88.54601950069645,79.74148061104583,91.17743830787308,83.09491293956984,94.37350631614886,81.99274917045597,93.93511122035149,79.89622703247201,90.80056545644166,66.97304417555685,71.16971360004987,0.6419968596558542,50.0,77.65957446808511,50.00000000000002,50.0,41.666666666666664,59.42028985507246,44.44444444444443,69.69696969696969,44.99999999999999,72.50000000000001,46.22222222222222,65.85536680402545,77.92207792207792,85.8323494687131,80.74866310160428,90.10695187165776,81.95488721804512,93.23308270676691,85.93750000000001,94.53125,91.38655462184873,99.15966386554622,83.58993657271522,92.5726595825368,64.90607939746872,79.21401319328112,0.6350076446123225
303.0,51.345636293733186,43.75240292195309,57.464183381088816,53.06590257879657,57.63324299909666,54.11020776874436,52.525177725118496,48.43009478672986,45.96638655462183,45.294117647058826,52.98692539073179,48.93054514065655,77.69289533995416,84.64476699770817,79.18354226936674,88.04993035465553,80.117508813161,91.34900117508813,84.22669853192218,95.23386821440765,81.750030723854,91.80902052353449,80.59413513565161,90.21731745307879,66.7905302631917,69.57393129686767,0.6485181168066549,50.0,77.65957446808511,50.00000000000002,50.0,41.666666666666664,59.42028985507246,44.44444444444443,70.03367003367002,44.99999999999999,73.33333333333334,46.22222222222222,66.08937353803219,77.92207792207792,85.71428571428571,80.74866310160428,90.01782531194296,81.95488721804512,93.23308270676691,85.93750000000001,94.53125,91.38655462184873,99.15966386554622,83.58993657271522,92.53122151970835,64.90607939746872,79.31029752887028,0.6342936074944606
304.0,52.03767781622454,53.44098423683199,58.5458452722063,62.865329512893986,49.232158988256536,51.64107196627522,45.84567535545026,41.60248815165877,48.1302521008403,39.28571428571429,50.75832190659558,49.76711763067485,76.95760122230709,84.62566844919786,78.69281045751632,89.17604200150005,81.5334900117509,90.58519388954171,84.07647661317857,92.99761010583818,79.21838515423374,91.5755192331326,80.09575269179732,89.79200673584208,65.42703729919646,69.77956218325846,0.648967205275847,50.0,78.72340425531915,50.00000000000002,51.31578947368421,49.99999999999999,59.42028985507246,44.44444444444443,70.03367003367002,44.99999999999999,73.33333333333334,47.88888888888889,66.56529739021585,77.92207792207792,85.8323494687131,80.74866310160428,90.10695187165776,83.27067669172934,93.23308270676691,85.93750000000001,94.53125,91.38655462184873,99.15966386554622,83.85309446745205,92.5726595825368,65.87099167817047,79.56897848637632,0.6339960468580211
305.0,61.072664359861584,64.70588235294117,50.0429799426934,52.89398280802292,51.309846431797645,45.07678410117435,57.30894549763036,52.60663507109005,56.82773109243694,54.03361344537815,55.31243346488399,53.86337955572132,77.79793735676087,86.66102804758266,79.34747669559626,88.88246008786028,80.98707403055231,91.82138660399531,80.97302833731652,93.90235575281666,77.37188152881899,90.63536930072509,79.29547958980899,90.38051995859601,67.30395652734649,72.12194975715866,0.6433255860817773,50.0,78.72340425531915,50.00000000000002,50.43859649122807,41.666666666666664,59.42028985507246,44.44444444444443,69.36026936026936,44.99999999999999,72.50000000000001,46.22222222222222,66.08851199237782,77.92207792207792,85.71428571428571,80.74866310160428,90.10695187165776,83.27067669172934,93.23308270676691,85.93750000000001,94.53125,91.38655462184873,99.15966386554622,83.85309446745205,92.54904683165132,65.03765834483714,79.31877941201458,0.6343112758572826
306.0,47.69319492502884,59.78469819300268,52.256446991404005,55.83094555873925,49.23215898825654,46.04034929238181,52.8065758293839,47.46741706161138,58.94957983193274,57.39495798319327,52.18759131320121,53.303673617785684,78.44728800611152,85.05402160864347,77.05989499624984,89.49105325190186,80.76968272620448,91.16098707403056,83.97917377944692,94.31205189484466,82.625660562861,93.0748433083446,80.57634001417475,90.61859142755303,66.38196566368798,71.96113252266936,0.6351452141674171,50.0,77.65957446808511,50.00000000000002,53.94736842105263,49.99999999999999,59.42028985507246,44.44444444444443,70.03367003367002,44.99999999999999,73.33333333333334,47.88888888888889,66.87884722224271,77.92207792207792,85.9504132231405,80.74866310160428,90.10695187165776,81.48496240601504,93.32706766917292,85.93750000000001,94.53125,91.38655462184873,99.15966386554622,83.49595161030919,92.61506932590348,65.69242024959904,79.7469582740731,0.6334359851475555
307.0,54.286812764321425,44.482891195693966,53.18051575931232,53.739255014326645,58.67208672086719,56.57934357121349,56.738744075829395,54.339454976303315,53.151260504201645,60.0,55.20588396490639,53.82818895150748,78.3422459893048,83.53568700207356,78.0381442194364,89.88535304832315,79.74148061104583,91.8448883666275,82.55547968589964,94.58176852167975,80.72692638564581,91.48334767113187,79.88085537826649,90.26620892196716,67.54336967158645,72.04719893673732,0.6397907944775378,50.0,77.65957446808511,50.00000000000002,53.07017543859649,41.666666666666664,59.42028985507246,44.44444444444443,69.69696969696969,44.99999999999999,73.33333333333334,46.22222222222222,66.63606855841142,77.92207792207792,85.71428571428571,80.74866310160428,90.10695187165776,83.27067669172934,93.23308270676691,85.93750000000001,94.53125,91.38655462184873,99.15966386554622,83.85309446745205,92.54904683165132,65.03765834483714,79.59255769503137,0.6335126044868231
308.0,51.864667435601696,43.3679354094579,60.616045845272204,64.72779369627507,46.79313459801263,53.327311050888284,53.280509478673,52.90284360189573,55.39915966386552,51.344537815126046,53.59070340428501,53.134084314728604,77.27272727272727,87.11939321183019,79.18461373620485,89.21890067502412,83.04935370152762,91.4406580493537,84.32400136565383,94.40764766131785,79.85129654663882,94.90598500675925,80.73639852455048,91.41851692085702,67.16355096441774,72.27630061779281,0.6326132833701056,50.0,77.65957446808511,50.00000000000002,56.57894736842106,49.99999999999999,59.42028985507246,44.44444444444443,70.03367003367002,44.99999999999999,73.33333333333334,47.88888888888889,67.4051630117164,77.92207792207792,85.8323494687131,80.74866310160428,90.10695187165776,83.27067669172934,93.23308270676691,85.93750000000001,94.53125,91.38655462184873,99.15966386554622,83.85309446745205,92.5726595825368,65.87099167817047,79.9889112971266,0.6328479411415744
309.0,58.97731641676279,50.019223375624755,46.39684813753582,47.65042979942693,45.88979223125564,48.72026498042758,52.62144549763035,53.86552132701422,53.8865546218487,50.84033613445378,51.55439138100665,50.219155123389456,77.48281130634072,87.11120811961148,79.18782813671913,89.35819136397728,79.7356051703878,92.61104582843713,82.8473881870946,94.07306247866167,79.60857810003688,93.04411945434435,79.77244218011583,91.23952544900638,65.66341678056125,70.72934028619792,0.6415872667535069,50.0,77.65957446808511,50.00000000000002,56.57894736842106,49.99999999999999,60.14492753623188,44.44444444444443,70.03367003367002,44.99999999999999,73.33333333333334,47.88888888888889,67.55009054794827,77.92207792207792,85.8323494687131,80.74866310160428,89.92869875222816,81.48496240601504,93.1390977443609,85.93750000000001,94.53125,91.38655462184873,99.15966386554622,83.49595161030919,92.51821196616967,65.69242024959904,80.03415125705897,0.6325973141058525
310.0,50.65359477124184,47.9430988081507,46.39684813753582,45.458452722063036,53.16169828364949,59.31948208370973,56.12411137440761,53.79146919431279,56.86974789915963,58.94957983193277,52.64120009319888,53.0924165280338,75.46791443850267,84.87667794390484,79.18782813671915,88.09814636237007,79.46533490011754,91.93184488836663,83.04199385455787,94.79685899624445,76.29654663881038,92.57097210274055,78.69192359374154,90.45490005872531,65.6665618434702,71.77365829337955,0.6425715737109089,50.0,77.65957446808511,50.00000000000002,57.45614035087719,49.99999999999999,60.14492753623188,44.44444444444443,70.03367003367002,44.99999999999999,73.33333333333334,47.88888888888889,67.72552914443952,77.92207792207792,85.8323494687131,80.74866310160428,89.92869875222816,81.48496240601504,93.23308270676691,85.93750000000001,94.53125,91.38655462184873,99.15966386554622,83.49595161030919,92.53700895865089,65.69242024959904,80.1312690515452,0.6323599314324134
311.0,63.49480968858132,61.39946174548251,53.97564469914039,55.73065902578798,52.303523035230334,54.411321890996675,59.293542654028464,58.012440758293835,51.722689075630214,44.41176470588235,56.158041830522144,54.79312962528868,77.9029793735676,85.31321619556913,79.67748848173147,89.2146148076717,79.47121034077557,92.75675675675676,82.44964151587575,94.36326391259814,79.70382204743764,92.11011429273688,79.84102835187761,90.75159319306651,67.99953509119987,72.77236140917759,0.6352109474092601,50.0,77.65957446808511,50.00000000000002,58.77192982456141,49.99999999999999,60.14492753623188,44.44444444444443,69.69696969696969,44.99999999999999,74.16666666666667,47.88888888888889,68.08801363850296,77.92207792207792,85.8323494687131,80.74866310160428,90.01782531194296,81.48496240601504,93.32706766917292,88.02083333333334,94.53125,94.95798319327731,99.15966386554622,84.62690399126157,92.57363126307504,66.25789644007523,80.330822450789,0.6320647481394209
312.0,52.03767781622454,47.020376778162245,59.40544412607449,61.28939828080229,58.44625112917795,60.31315868714243,57.827310426540315,55.746445497630326,53.19327731092434,52.18487394957984,56.18199216178833,55.31085063866343,77.14858670741023,87.82058277856596,78.69602485803063,89.80820743597985,80.87544065804938,91.16098707403056,84.91635370433598,94.43837487196996,77.17217647781739,92.24529925033796,79.76171648112873,91.09469028217686,67.97185432145852,73.20277046042014,0.6332451163949889,50.0,77.65957446808511,50.00000000000002,58.77192982456141,49.99999999999999,60.14492753623188,44.44444444444443,69.36026936026936,44.99999999999999,73.33333333333334,47.88888888888889,67.85400690449622,77.92207792207792,85.95041322314049,80.74866310160428,90.01782531194296,83.27067669172934,93.1390977443609,85.93750000000001,94.53125,91.38655462184873,99.15966386554622,83.85309446745205,92.5596500289981,65.87099167817047,80.20682846674717,0.6320029639223939
313.0,52.21068819684738,59.5924644367551,53.323782234957015,50.41547277936962,58.039747064137295,60.463715748268584,59.86374407582941,62.26303317535545,51.764705882352914,52.18487394957984,55.04053349082481,56.98391201786571,76.83346065699007,87.00753028484121,77.22061502196505,89.9989285331619,79.35957696827263,89.95769682726204,82.65278251963127,93.89211334926597,81.99274917045597,92.51566916554013,79.611836867463,90.67438763201426,67.3261851791439,73.82914982493999,0.6359381435257383,50.0,77.65957446808511,50.00000000000002,60.96491228070175,49.99999999999999,60.14492753623188,44.44444444444443,69.69696969696969,44.99999999999999,74.16666666666667,47.88888888888889,68.52661012973103,77.92207792207792,85.95041322314049,80.74866310160428,90.10695187165774,81.48496240601504,93.1390977443609,85.93750000000001,94.53125,91.38655462184873,99.15966386554622,83.49595161030919,92.57747534094108,65.69242024959904,80.55204273533604,0.631314560904509
314.0,64.70588235294117,66.7435601691657,57.19197707736389,57.46418338108883,54.33604336043359,48.72026498042758,63.69964454976304,68.82405213270142,57.56302521008399,54.495798319327726,59.499314510117145,59.24957179654225,77.37776928953399,84.21368547418967,78.04135861995069,89.38390656809172,82.12690951821389,92.56169212690952,83.97917377944692,94.46568794810514,83.25857195526608,93.29605505714636,80.95675663248231,90.78420543488849,70.22803557129973,75.01688861571537,0.6286950583612448,50.0,77.65957446808511,50.00000000000002,58.77192982456141,49.99999999999999,60.14492753623188,44.44444444444443,69.69696969696969,44.99999999999999,73.33333333333334,47.88888888888889,67.92134697183629,77.92207792207792,85.8323494687131,80.74866310160428,90.10695187165774,83.27067669172934,93.1390977443609,85.93750000000001,94.53125,91.38655462184873,99.15966386554622,83.85309446745205,92.55386259005559,65.87099167817047,80.23760478094593,0.6312380022724114
315.0,63.14878892733565,48.78892733564014,42.542979942693414,37.449856733524356,53.74887082204154,49.05149051490515,53.139810426540315,56.66469194312796,56.092436974789884,55.54621848739496,53.73457741868016,49.50023700291851,75.42971734148203,84.6884208228746,77.87420979320687,88.54601950069645,81.0458284371328,91.46650998824913,83.63434619324003,95.09388869921476,80.09401499324076,93.49268772274793,79.6156233516605,90.65750534675657,66.67510038517034,70.07887117483753,0.6425964900931644,50.0,77.65957446808511,50.00000000000002,62.28070175438596,49.99999999999999,59.42028985507246,44.44444444444443,69.02356902356902,44.99999999999999,72.50000000000001,47.88888888888889,68.17682702022252,77.92207792207792,85.8323494687131,80.74866310160428,89.92869875222816,81.48496240601504,93.23308270676691,88.02083333333334,94.53125,94.95798319327731,99.15966386554622,84.62690399126157,92.53700895865089,66.25789644007523,80.35691798943671,0.6303265412434697
316.0,55.49788542868128,51.98000768935025,52.1131805157593,50.38681948424069,57.99457994579945,55.37488708220415,59.62677725118486,58.930687203791464,59.03361344537812,56.680672268907564,56.8532073173606,54.67061474569882,75.67799847211612,84.70751937138492,78.03814421943639,88.44744455159113,80.98707403055231,91.74853113983549,81.6626835097303,94.08671901672926,83.40604645446726,94.98586702715988,79.95438933726048,90.79521622134014,68.40379832731054,72.73291548351948,0.634939281524434,50.0,77.65957446808511,50.00000000000002,58.333333333333336,49.99999999999999,60.14492753623188,44.44444444444443,69.69696969696969,44.99999999999999,72.50000000000001,47.88888888888889,67.666961006924,77.92207792207792,85.71428571428571,80.74866310160428,90.10695187165774,83.27067669172934,93.1390977443609,85.93750000000001,94.53125,91.38655462184873,99.15966386554622,83.85309446745205,92.53024983917012,65.87099167817047,80.09860542304706,0.6308985236800857
317.0,54.632833525567094,53.210303729334875,53.91117478510029,49.04011461318052,59.89159891598914,59.680819030412515,61.093009478673,63.47748815165877,56.743697478991564,59.15966386554622,57.25446283686422,56.913677878026576,76.72841864018334,85.32685801593365,78.85674488374582,89.63462980820744,79.79435957696829,91.76498237367802,82.697166268351,94.29839535677705,81.35983777805089,90.96718692392773,79.88730542945987,90.39841049570478,68.57088413316205,73.65604418686567,0.6375425630357433,50.0,77.65957446808511,50.00000000000002,62.28070175438596,49.99999999999999,59.42028985507246,44.44444444444443,69.02356902356901,44.99999999999999,72.50000000000001,47.88888888888889,68.17682702022252,77.92207792207792,85.95041322314049,80.74866310160428,89.83957219251336,81.48496240601504,93.23308270676691,88.02083333333334,94.53125,94.95798319327731,99.15966386554622,84.62690399126157,92.5427963975934,66.25789644007523,80.35981170890796,0.6298899085963459
318.0,55.324875048058445,52.825836216839676,49.46991404011461,51.189111747851,48.41915085817524,52.93586269196025,51.436611374407605,53.33234597156399,55.4411764705882,53.23529411764706,52.01834555826881,52.703690149172395,77.56875477463711,85.57513914656771,79.51462552234007,89.26390228222436,83.10223266745007,90.86016451233843,85.21679754182317,95.14168658245134,80.09401499324076,92.69386751874156,81.09928509989824,90.70695200846468,66.55881532908353,71.70532107881854,0.6385035592125761,50.0,77.65957446808511,50.00000000000002,60.96491228070175,49.99999999999999,59.42028985507246,44.44444444444443,68.68686868686868,44.99999999999999,72.50000000000001,47.88888888888889,67.8463290581456,77.92207792207792,85.95041322314049,80.74866310160428,90.01782531194296,83.27067669172934,93.1390977443609,85.93750000000001,94.53125,91.38655462184873,99.15966386554622,83.85309446745205,92.5596500289981,65.87099167817047,80.20298954357185,0.6299050331138574
319.0,54.97885428681276,56.86274509803921,54.1189111747851,56.790830945558746,55.7813911472448,55.19421860885275,58.53821090047396,57.12381516587678,55.4411764705882,55.67226890756303,55.77170879598096,56.328775745178106,74.90450725744844,86.1344537815126,78.3670845387335,89.06675238401371,81.09870740305524,92.50528789659225,80.97302833731652,94.09696142027994,80.38896399164312,93.7630576379501,79.14645830563936,91.11330262406972,67.45908355081016,73.72103918462392,0.636292521998243,50.0,77.65957446808511,50.00000000000002,58.77192982456141,41.666666666666664,59.42028985507246,44.44444444444443,68.68686868686868,44.99999999999999,71.66666666666667,46.22222222222222,67.24106590025087,77.92207792207792,85.71428571428571,80.74866310160428,90.10695187165774,81.95488721804512,93.1390977443609,85.93750000000001,94.53125,91.38655462184873,99.15966386554622,83.58993657271522,92.53024983917012,64.90607939746872,79.8856578697105,0.6305028929596003
320.0,54.632833525567094,52.28758169934641,56.04584527220629,59.94269340974212,43.90243902439024,40.529960855164106,56.73874407582941,55.0207345971564,56.953781512605005,54.91596638655463,53.654728682119604,52.53938738959273,77.58785332314743,86.16173742224163,78.53101896496301,88.75388406728813,80.17038777908343,90.43478260869566,80.43359508364631,95.01536360532606,82.67789111466142,93.1117119331449,79.88014925310031,90.6954959273393,66.76743896760996,71.61744165846602,0.6384368599871054,50.0,77.65957446808511,50.00000000000002,57.45614035087719,41.666666666666664,59.42028985507246,44.44444444444443,68.35016835016833,44.99999999999999,70.83333333333334,46.22222222222222,66.7439012715073,77.92207792207792,85.59622195985833,80.74866310160428,90.10695187165774,81.95488721804512,93.1390977443609,83.85416666666669,94.53125,91.38655462184873,99.15966386554622,83.17326990604855,92.50663708828463,64.69774606413539,79.62526917989597,0.6309386803810452
321.0,49.42329873125721,53.51787773933102,59.75644699140401,57.34957020057306,55.60072267389339,56.218006624510686,51.5773104265403,54.1765402843602,53.928571428571395,55.420168067226896,54.05727005033326,55.33643258320037,77.27272727272727,86.63374440685364,78.20207864566589,89.16961320047146,82.12690951821389,92.4042303172738,84.96927278934791,93.47900307272107,82.86837900946294,92.626275039941,81.08787344708358,90.86257320745219,67.57257174870841,73.09950289532628,0.6342296054554305,50.0,77.65957446808511,50.00000000000002,62.71929824561404,49.99999999999999,59.42028985507246,44.44444444444443,68.68686868686868,44.99999999999999,72.50000000000001,47.88888888888889,68.19720625112805,77.92207792207792,85.71428571428571,80.74866310160428,90.01782531194296,83.27067669172934,93.1390977443609,85.93750000000001,94.53125,91.38655462184873,99.15966386554622,83.85309446745205,92.51242452722715,65.87099167817047,80.3548153891776,0.6294040673939209
322.0,65.39792387543251,65.24413687043445,57.25644699140401,53.56733524355302,55.96205962059621,57.96446853357422,51.00710900473936,49.95556872037915,50.42016806722687,49.45378151260505,56.00874151187979,55.23705817610918,76.41329258976317,87.39768634726617,79.67963141540767,88.66173791921139,82.3443008225617,90.14806110458284,81.41515875725504,94.81392966882896,79.70382204743764,92.97652697554382,79.91124112648505,90.79958840308663,67.95999131918242,73.0183232895979,0.6393624994494617,50.0,77.65957446808511,50.00000000000002,61.8421052631579,49.99999999999999,60.14492753623188,44.44444444444443,68.68686868686868,44.99999999999999,72.50000000000001,47.88888888888889,68.16669519086871,77.92207792207792,85.71428571428572,80.74866310160428,90.10695187165774,83.27067669172934,93.04511278195488,88.02083333333334,94.53125,91.38655462184873,98.94957983193277,84.26976113411872,92.46943603996621,66.07932501150381,80.31806561541745,0.6293226910893628
323.0,60.188389081122665,63.89850057670127,57.19197707736389,57.249283667621775,58.67208672086719,65.19120746763024,57.92357819905215,60.39691943127961,51.722689075630214,50.08403361344538,57.13974403080722,59.36398895133566,77.56875477463711,85.20135326858016,75.9102110789671,89.10532519018535,82.45593419506464,91.49236192714454,83.88187094571528,93.91601229088427,83.01585350866414,94.55573307115645,80.56652490060965,90.85415714959016,68.85313446570844,75.10907305046291,0.6269638023893095,50.0,77.65957446808511,50.00000000000002,63.1578947368421,49.99999999999999,60.14492753623188,44.44444444444443,68.68686868686868,44.99999999999999,72.50000000000001,47.88888888888889,68.42985308560556,77.92207792207792,85.71428571428571,80.74866310160428,90.10695187165774,83.27067669172934,93.04511278195488,85.93750000000001,94.53125,91.38655462184873,98.94957983193277,83.85309446745205,92.46943603996621,65.87099167817047,80.44964456278589,0.6287346117400651
324.0,55.324875048058445,48.63514033064206,49.61318051575931,43.28080229226361,49.006323396567296,47.21469436916591,55.88714454976304,57.70142180094786,60.50420168067223,64.03361344537815,54.067145038164064,52.173134447679516,78.86745607333843,86.71559532904071,79.02282224365153,88.40030001071466,82.23266745005877,92.29847238542891,84.02355752816662,94.55104131102765,76.29654663881038,93.7261890131498,80.08860998680515,91.13831960987234,67.0778775124846,71.65572702877593,0.6332532593923403,50.0,78.72340425531915,50.00000000000002,67.10526315789474,49.99999999999999,60.14492753623188,44.44444444444443,68.68686868686868,44.99999999999999,72.50000000000001,47.88888888888889,69.4320927272629,77.92207792207792,85.59622195985833,80.74866310160428,90.01782531194296,83.27067669172934,93.04511278195488,88.02083333333334,94.53125,91.38655462184873,98.94957983193277,84.26976113411872,92.42799797713778,66.07932501150381,80.93004535220034,0.6283976488439764
325.0,59.32333717800847,72.35678585159555,53.8323782234957,61.0458452722063,47.33514001806684,46.76302318578742,57.44964454976304,54.72452606635071,56.17647058823526,56.260504201680675,54.823394111513856,58.230136915524135,76.098166539343,85.65153334060896,79.84035144112288,89.1310403942998,82.02115158636899,91.91304347826087,83.97917377944692,94.29839535677705,83.25857195526606,93.95969030355168,81.03948306030956,90.99074057469967,67.9314385859117,74.6104387451119,0.6308268625127831,50.0,78.72340425531915,50.00000000000002,63.59649122807017,49.99999999999999,59.42028985507246,44.44444444444443,68.35016835016835,44.99999999999999,73.33333333333334,47.88888888888889,68.68473740439269,77.92207792207792,85.59622195985833,80.74866310160428,90.01782531194296,83.27067669172934,93.04511278195488,85.93750000000001,94.53125,91.38655462184873,98.94957983193277,83.85309446745205,92.42799797713778,65.87099167817047,80.55636769076523,0.628571419858303
326.0,68.85813148788927,62.898885044213756,57.256446991404,49.54154727793696,53.70370370370371,53.327311050888284,61.618779620853104,63.84774881516587,53.928571428571395,51.512605042016816,59.0731266464843,56.225619446044334,75.11459129106188,85.45781949143294,77.21954355512695,88.47744562305797,80.88131609870743,91.35370152761458,84.72174803687267,93.84431546602936,77.31965097701857,91.12695096472902,79.0513699917575,90.05204661457277,69.0622483191209,73.13883303030855,0.6372297329783697,50.0,78.72340425531915,50.00000000000002,64.91228070175438,49.99999999999999,59.42028985507246,44.44444444444443,68.01346801346801,44.99999999999999,72.50000000000001,47.88888888888889,68.7138885651228,77.92207792207792,85.47815820543093,80.74866310160428,90.10695187165776,83.27067669172934,93.04511278195488,85.93750000000001,94.53125,91.38655462184873,98.94957983193277,83.85309446745205,92.42221053819526,65.87099167817047,80.56804955165903,0.6281310024037078
327.0,63.148788927335644,63.01422529796233,54.89971346704871,50.94555873925501,52.0776874435411,52.84552845528455,54.32464454976304,54.51718009478673,56.86974789915963,52.94117647058824,56.26411645736963,54.852733811575376,78.63827349121466,86.10989850485649,78.85781635058393,88.192435444123,78.97767332549942,90.524089306698,83.63434619324003,95.02219187435985,81.75003072385401,92.90893449674327,80.37162801687842,90.55150992535611,68.31787223712402,72.70212186846575,0.6365299112130502,50.0,79.7872340425532,50.00000000000002,63.59649122807017,49.99999999999999,59.42028985507246,44.44444444444443,67.67676767676767,44.99999999999999,71.66666666666667,47.88888888888889,68.42948989382604,77.92207792207792,85.47815820543093,80.74866310160428,90.10695187165776,81.95488721804512,93.04511278195488,85.93750000000001,94.53125,91.38655462184873,99.15966386554622,83.58993657271522,92.46422734491796,65.73941273080206,80.446858619372,0.6282220841852011
328.0,57.05497885428682,55.78623606305266,57.399713467048706,59.11174785100286,50.406504065040636,52.213188798554654,55.55390995260665,60.796800947867304,59.03361344537812,58.193277310924366,55.88974395687219,57.22025019428037,77.4637127578304,85.97075193713849,81.31254687667413,89.17604200150005,81.4747356051704,91.88014101057578,84.96927278934791,95.28166609764425,77.85731842202287,90.8627258203269,80.61551729020914,90.6342653734371,68.25263062354067,73.92725778385874,0.6312455501277948,50.0,79.7872340425532,50.00000000000002,64.91228070175438,49.99999999999999,59.42028985507246,44.44444444444443,67.67676767676767,44.99999999999999,71.66666666666669,47.88888888888889,68.69264778856288,77.92207792207792,85.47815820543093,80.74866310160428,90.01782531194296,81.95488721804512,92.95112781954887,85.93750000000001,94.40104166666666,91.38655462184873,98.94957983193277,83.58993657271522,92.35954656710442,65.73941273080206,80.52609717783365,0.628068067253166
329.0,53.92156862745098,50.403690888119954,53.40257879656159,51.81948424068767,58.44625112917795,63.29418849744053,60.478376777251206,59.61196682464455,64.09663865546214,60.462184873949575,58.06908279718078,57.11830306496845,76.70932009167302,84.63931026956237,79.51355405550196,88.84817314904103,81.85663924794359,92.55699177438308,84.32400136565383,95.50017070672585,80.48420793904388,93.0379746835443,80.57754453996326,90.91652411665133,69.32331366857201,74.0174135908099,0.6297500992669951,50.0,78.72340425531914,50.00000000000002,67.54385964912281,49.99999999999999,59.42028985507246,44.44444444444443,67.67676767676767,44.99999999999999,72.50000000000001,47.88888888888889,69.17286428725643,77.92207792207792,85.36009445100355,80.74866310160428,90.01782531194296,83.27067669172934,92.95112781954887,88.02083333333334,94.40104166666666,91.38655462184873,98.94957983193277,84.26976113411872,92.33593381621895,66.07932501150381,80.75439905173769,0.6272787479940872
330.0,66.26297577854672,60.01537870049981,54.9785100286533,51.57593123209169,52.84552845528454,52.45408009635651,54.79857819905215,57.3904028436019,53.19327731092434,54.28571428571429,56.4157739544922,55.14430143165284,76.70932009167302,88.68547418967584,80.33429765348761,89.00889317475625,81.63924794359578,91.1774383078731,83.53704335950837,95.48310003414136,78.43799926262751,92.77374953914219,80.13158166217845,91.42573104911773,68.27367780833532,73.28501624038529,0.6266355057269015,50.0,78.72340425531914,50.00000000000002,69.73684210526316,49.99999999999999,59.42028985507246,44.44444444444443,67.34006734006735,44.99999999999999,71.66666666666667,47.88888888888889,69.37745404447776,77.92207792207792,85.36009445100355,80.74866310160428,89.92869875222816,83.27067669172934,92.95112781954887,88.02083333333334,94.40104166666666,91.38655462184873,98.94957983193277,84.26976113411872,92.31810850427598,66.07932501150381,80.84778127437687,0.6268327628780305
331.0,56.36293733179547,62.1683967704729,57.19197707736389,52.063037249283674,47.922312556458884,46.67268894911171,54.657879146919456,53.11018957345972,56.17647058823526,52.14285714285714,54.46231534015459,53.23143393703704,77.04354469060351,84.84939430317581,78.53101896496301,88.8181720775742,82.17978848413632,91.34430082256169,85.01365653806761,94.48958688972345,78.97566670763182,92.46651099913973,80.34873507708046,90.39359301843498,67.40552520861752,71.81251347773602,0.6390206403432144,50.0,79.7872340425532,50.00000000000002,64.03508771929825,49.99999999999999,59.42028985507246,44.44444444444443,67.67676767676767,44.99999999999999,71.66666666666669,47.88888888888889,68.51720919207165,77.92207792207792,85.36009445100355,80.74866310160428,89.92869875222816,81.95488721804512,92.95112781954887,85.93750000000001,94.40104166666666,91.38655462184873,98.94957983193277,83.58993657271522,92.31810850427598,65.73941273080206,80.41765884817382,0.6274952488592065
332.0,61.74548250672819,54.82506728181469,56.61891117478509,52.22063037249283,61.51761517615174,61.668172237277915,55.88714454976304,50.87381516587677,56.82773109243694,58.865546218487395,58.519376899973,55.690646255189925,77.37776928953399,85.46873294772455,77.71456123432978,88.49458909246759,81.42185663924796,92.20446533490012,83.63434619324002,94.00136565380676,80.3367334398427,91.60009831633282,80.0970533592389,90.35385026904638,69.30821512960594,73.02224826211815,0.6388139818282674,50.0,78.72340425531914,50.00000000000002,66.66666666666667,49.99999999999999,60.14492753623188,44.44444444444443,67.003367003367,44.99999999999999,71.66666666666669,47.88888888888889,68.84100642565028,77.92207792207792,85.36009445100355,80.74866310160428,89.92869875222816,81.95488721804512,92.95112781954887,85.93750000000001,94.53125,91.38655462184873,98.94957983193277,83.58993657271522,92.34415017094265,65.73941273080206,80.59257829829647,0.6268038228029919
333.0,57.40099961553249,55.97846981930027,55.98137535816618,58.69627507163324,57.00090334236675,52.69497139415839,55.035545023696685,56.01303317535545,64.78991596638653,63.57142857142858,58.04174786122974,57.390835606375184,78.13216195569136,87.55593146349449,77.22275795564124,90.03535840565735,81.41598119858992,91.7132784958872,84.12939569819052,95.51382724479343,79.99877104584,94.38367948875506,80.17981357079061,91.84041501971751,69.11078071601017,74.61562531304635,0.6198768703284369,50.0,78.72340425531914,50.877192982456165,71.49122807017542,49.99999999999999,60.86956521739131,48.989898989898975,67.34006734006735,44.99999999999999,71.66666666666667,48.973418394471025,70.01818630992399,77.92207792207792,85.36009445100355,80.74866310160428,89.92869875222816,83.27067669172934,92.95112781954887,88.02083333333334,94.40104166666666,91.38655462184873,98.94957983193277,84.26976113411872,92.31810850427598,66.62158976429487,81.16814740709998,0.6255806357185587
334.0,64.70588235294117,65.20569011918494,54.54871060171919,53.739255014326645,59.259259259259245,58.747365251430296,64.6030805687204,60.20438388625592,48.99159663865544,46.554621848739494,58.42170588425908,56.89026322398746,78.7624140565317,86.88748226563352,79.18568520304295,88.62530804671594,80.38777908343127,91.33725029377204,82.15773301468079,94.41789006486854,79.21838515423376,92.60784072754088,79.94239930238409,90.77515427970619,69.18205259332159,73.83270875184682,0.6282601073388947,50.0,78.72340425531914,50.00000000000002,70.17543859649122,49.99999999999999,61.59420289855072,45.959595959595944,67.67676767676767,44.99999999999999,72.50000000000001,48.19191919191919,70.13396268542574,77.92207792207792,85.47815820543093,80.74866310160428,89.92869875222816,83.27067669172934,92.95112781954887,88.02083333333334,94.53125,91.38655462184873,98.94957983193277,84.26976113411872,92.36776292182815,66.23084016301895,81.25086280362694,0.6256775274407664
335.0,54.6328335255671,58.59284890426759,57.90830945558739,60.87392550143266,59.033423667570005,54.08009635651913,52.14751184834125,51.49585308056872,58.29831932773105,53.57142857142857,56.40407956495936,55.722830482843335,78.13216195569136,85.19316817636145,79.51355405550196,89.48033858352085,80.55229142185667,91.51821386603996,82.89177193581429,95.08706043018094,81.65478677645325,93.33906845274672,80.5489132290635,90.92356990176998,68.47649639701143,73.32320019230666,0.6286603834032248,50.0,78.72340425531914,50.877192982456165,70.6140350877193,49.99999999999999,61.59420289855072,47.47474747474747,67.34006734006735,44.99999999999999,71.66666666666669,48.67038809144073,69.98767524966465,77.92207792207792,85.59622195985833,80.74866310160428,89.92869875222816,81.95488721804512,92.95112781954887,85.93750000000001,94.53125,91.38655462184873,98.94957983193277,83.58993657271522,92.39137567271362,66.13016233207797,81.18952546118913,0.6255882969716957
336.0,50.461361014994246,55.209534794309874,61.41117478510027,65.51575931232092,60.7497741644083,69.01535682023487,50.48874407582941,48.82997630331754,54.01260504201678,55.084033613445385,55.424731816469794,58.73093216872572,76.93850267379679,86.11535523300229,78.85995928426014,88.56959177113468,80.17626321974149,90.83901292596944,82.94469102082623,94.91635370433596,81.11711933144895,91.91348162713531,80.00730710601472,90.47075905231553,67.71601946124225,74.60084561052062,0.630719786276479,50.0,78.72340425531914,50.00000000000002,69.2982456140351,49.99999999999999,61.59420289855072,45.959595959595944,67.67676767676767,44.99999999999999,70.83333333333334,48.19191919191919,69.6251907556012,77.92207792207792,85.47815820543093,80.74866310160428,89.83957219251337,81.95488721804512,92.95112781954887,85.93750000000001,94.53125,91.38655462184873,98.94957983193277,83.58993657271522,92.34993760988519,65.8909278823172,80.9875641827432,0.625992092033483
337.0,63.82160707420223,69.28104575163398,50.12177650429799,54.5272206303725,46.567299006323395,46.94369165913882,53.139810426540315,52.38447867298578,58.34033613445374,61.9327731092437,54.39816582916353,57.01384196467495,75.55385790679907,88.04430863254392,79.51355405550196,89.39033536912032,79.95887191539367,91.84958871915394,84.32400136565383,95.16217138955274,78.73294826102986,92.14698291753717,79.61664670087569,91.31867740558161,67.00740626501961,74.16625968512828,0.6303124679695871,50.0,78.72340425531914,50.877192982456165,70.6140350877193,49.99999999999999,61.59420289855072,47.47474747474747,67.34006734006734,44.99999999999999,70.83333333333334,48.67038809144073,69.82100858299798,77.92207792207792,85.47815820543093,80.74866310160428,89.83957219251337,81.95488721804512,92.95112781954887,85.93750000000001,94.53125,91.38655462184873,98.94957983193277,83.58993657271522,92.34993760988519,66.13016233207797,81.08547309644158,0.6251123138157565
338.0,57.57400999615534,50.749711649365636,59.97851002865329,63.12320916905444,58.26558265582654,55.82655826558265,60.67091232227491,61.18187203791469,56.91176470588233,54.87394957983194,58.680155941758485,57.15106014034988,75.97402597402598,85.3841536614646,80.4939462123647,89.96678452801886,79.74148061104583,90.30552291421857,83.09491293956984,94.93683851143734,83.55352095366844,91.56937446233255,80.57157733813497,90.43253481549439,69.62586663994674,73.79179747792213,0.6316002334577376,51.06382978723404,79.7872340425532,53.5087719298246,71.49122807017545,49.99999999999999,61.59420289855072,48.989898989898975,67.67676767676767,44.99999999999999,70.83333333333334,49.71250014139152,70.27655320427607,77.92207792207792,85.47815820543093,80.74866310160428,89.83957219251337,81.95488721804512,92.95112781954887,85.93750000000001,94.53125,91.38655462184873,98.94957983193277,83.58993657271522,92.34993760988519,66.65121835705337,81.31324540708063,0.6247530917002402
339.0,59.82314494425221,66.1284121491734,61.267908309455585,63.92550143266475,57.813911472448055,51.731406202950915,55.27251184834125,51.19964454976302,50.37815126050417,49.03361344537815,56.91112556700026,56.40371555598605,78.65737203972498,86.58463385354142,77.22168648880316,88.71102539376406,82.77908343125735,91.67097532314924,82.15773301468079,94.08330488221236,80.6746958338454,94.23006021875383,80.29811416166234,91.05599993428419,68.6046198643313,73.72985774513512,0.6291017122150844,50.0,80.85106382978724,52.63157894736845,74.12280701754386,49.99999999999999,61.59420289855072,48.989898989898975,67.67676767676767,44.99999999999999,71.66666666666667,49.32429558745348,71.18230161786325,77.92207792207792,85.47815820543094,80.74866310160428,89.83957219251337,83.27067669172934,92.95112781954887,88.02083333333334,94.53125,91.38655462184873,98.94957983193277,84.26976113411872,92.34993760988519,66.7970283607861,81.76611961387422,0.6243111017269364
340.0,54.286812764321425,52.55670895809303,62.41404011461318,64.67048710601719,54.74254742547424,57.27190605239386,50.0148104265403,52.4585308056872,61.1974789915966,55.92436974789916,56.53113794450915,56.57640053401808,76.70932009167302,85.70337225799412,78.85995928426014,88.25243758705668,79.90011750881317,91.99764982373678,83.28951860703313,94.27449641515877,83.501290401868,94.5987464667568,80.4520411787295,90.96534051014062,68.49158956161932,73.77087052207935,0.6257965853991664,50.0,80.85106382978724,50.877192982456165,72.36842105263158,49.99999999999999,61.59420289855072,45.959595959595944,67.34006734006735,44.99999999999999,70.83333333333334,48.36735778841042,70.59741769087404,77.92207792207792,85.59622195985833,80.74866310160428,89.83957219251337,81.95488721804512,92.95112781954887,85.93750000000001,94.53125,91.38655462184873,98.94957983193277,83.58993657271522,92.37355036077068,65.97864718056282,81.48548402582236,0.6249397370578629
341.0,57.574009996155326,64.70588235294117,51.7621776504298,52.20630372492836,56.54923215898826,59.319482083709715,57.545912322274894,58.69372037914692,50.46218487394955,54.66386554621848,54.77870340035956,57.91785081738893,78.53323147440794,86.4263887373131,78.20422157934209,90.14893389049608,80.17038777908346,93.26439482961223,84.37692045066576,94.58518265619665,82.86837900946296,94.2362049895539,80.83062805859244,91.7322210206344,67.804665729476,74.82503591901167,0.6192590560524374,50.0,80.85106382978724,52.63157894736845,74.12280701754386,49.99999999999999,61.59420289855072,48.989898989898975,67.67676767676767,44.99999999999999,71.66666666666667,49.32429558745348,71.18230161786325,77.92207792207792,85.47815820543094,80.74866310160428,89.83957219251337,81.95488721804512,92.95112781954887,88.02083333333334,94.53125,91.38655462184873,98.94957983193277,84.00660323938187,92.34993760988519,66.66544941341768,81.76611961387422,0.624035089636816
342.0,71.280276816609,72.43367935409456,66.26790830945558,75.07163323782234,54.110207768744345,56.91056910569105,62.470379146919456,66.60248815165878,48.172268907563,41.680672268907564,60.46020818985828,62.53980842363486,76.098166539343,87.15759030885081,77.38454944819455,88.36815600557163,80.06462984723855,91.57696827262043,86.54318880163879,95.68794810515534,82.38294211625907,92.54639301954037,80.49469535053478,91.06741114234771,70.47745177019652,76.80360978299129,0.6160241182037284,52.12765957446809,80.85106382978724,54.38596491228074,76.3157894736842,49.99999999999999,61.59420289855072,48.989898989898975,67.67676767676768,44.99999999999999,71.66666666666667,50.100704695329554,71.62089810909131,77.92207792207792,85.36009445100355,80.74866310160428,89.83957219251337,83.27067669172934,92.95112781954887,88.02083333333334,94.53125,91.38655462184873,98.94957983193277,84.26976113411872,92.32632485899971,67.18523291472414,81.9736114840455,0.623177617232811
343.0,41.94540561322569,46.52056901191849,53.19484240687679,57.29226361031519,54.74254742547424,57.45257452574526,55.413210900473956,54.59123222748816,49.76890756302518,51.38655462184873,51.012982781815175,53.448638799463176,78.11306340718104,86.68012659609299,79.84142290796098,90.20893603342978,81.4747356051704,92.06345475910693,82.94469102082623,94.98122226015705,81.75003072385401,93.29605505714638,80.82478873299854,91.44595894118662,65.91888575740685,72.4472988703249,0.6272419715968518,51.06382978723404,80.85106382978724,52.63157894736845,74.56140350877193,49.99999999999999,61.59420289855072,48.989898989898975,67.67676767676767,44.99999999999999,71.66666666666667,49.53706154490029,71.27002091610885,77.92207792207792,85.47815820543094,80.74866310160428,89.92869875222816,81.95488721804512,92.95112781954887,85.93750000000001,94.53125,91.38655462184873,98.94957983193277,83.58993657271522,92.36776292182815,66.56349905880775,81.81889191896849,0.623732901458378
344.0,60.515186466743565,64.43675509419454,62.33524355300858,57.306590257879655,52.0776874435411,47.395362842517315,63.321978672985814,66.23222748815165,56.86974789915963,57.52100840336134,59.02396880708774,58.5783888172209,75.88808250572956,85.68427370948379,78.3681560055716,89.33247615986285,82.28554641598122,91.94594594594594,83.78456811198363,94.91293956981906,83.89148334767114,93.59714882634877,80.84356727738744,91.09455684229208,69.93376804223759,74.83647282975649,0.6203220704201793,53.191489361702125,80.85106382978724,54.38596491228074,75.0,49.99999999999999,61.59420289855072,48.989898989898975,67.67676767676767,44.99999999999999,71.66666666666667,50.31347065277637,71.35774021435446,77.92207792207792,85.36009445100355,80.74866310160428,90.01782531194296,81.95488721804512,92.95112781954887,85.93750000000001,94.53125,91.38655462184873,98.94957983193277,83.58993657271522,92.36197548288563,66.95170361274579,81.85985784862004,0.6232329835583149
345.0,58.7850826605152,60.16916570549788,52.27077363896848,56.13180515759312,64.9954832881662,61.6380608250527,57.68661137440761,56.29443127962086,56.953781512605005,56.680672268907564,58.1383464949325,58.18282704733442,77.16768525592053,86.34453781512603,78.85995928426014,89.17604200150005,81.9623971797885,91.92714453584018,82.75008535336293,94.23352680095596,81.50731227725207,90.8504362787268,80.44948787011684,90.5063374864298,69.29391718252467,74.34458226688211,0.6297503128009622,54.25531914893617,81.91489361702128,56.140350877193015,76.75438596491229,52.17391304347826,61.59420289855072,48.989898989898975,67.34006734006734,49.16666666666666,71.66666666666667,52.14522974523461,71.85404329744367,78.57142857142857,85.24203069657615,80.74866310160428,90.01782531194296,81.95488721804512,92.95112781954887,88.02083333333334,94.53125,91.38655462184873,98.94957983193277,84.136473369252,92.33836273200015,68.14085155724331,82.09620301472191,0.6220060685956241
346.0,65.20569011918494,60.399846212995,60.05730659025787,59.412607449856736,57.00090334236675,55.85666967780789,53.80627962085309,57.997630331753555,52.49999999999997,56.80672268907563,57.71403593453251,58.094695272297756,78.17990832696715,87.55865982756738,79.51355405550196,89.75463409407479,83.58989424206817,91.66862514688601,86.3929668828952,95.85524069648343,83.01585350866414,92.3251812707386,82.13843540321932,91.43246820715004,69.92623566887592,74.76358173972389,0.6199459707512953,56.38297872340425,81.91489361702128,57.01754385964916,76.75438596491229,52.17391304347826,61.59420289855072,50.5050505050505,67.34006734006734,53.33333333333332,71.66666666666667,53.88256389298309,71.85404329744367,78.57142857142857,85.36009445100355,80.74866310160428,90.01782531194296,81.95488721804512,92.85714285714285,88.02083333333334,94.53125,91.38655462184873,98.94957983193277,84.136473369252,92.34317849040443,69.00951863111754,82.09861089392405,0.6215982500472119
347.0,58.61207227989236,54.94040753556324,63.41690544412607,69.61318051575931,56.54923215898825,57.00090334236676,55.0355450236967,49.422393364928915,65.60924369747897,71.80672268907563,59.84459972083647,60.556721489538766,76.85255920550037,85.91345629160756,76.89274616950603,88.88674595521269,82.3443008225617,91.31374853113982,82.697166268351,93.79993171730966,78.34275531522675,93.02568514194421,79.42590555622917,90.5879135274428,69.63525263853282,75.57231750849078,0.6201901156370366,56.38297872340425,81.91489361702128,58.77192982456144,76.75438596491229,52.17391304347826,61.59420289855072,50.5050505050505,67.67676767676767,53.33333333333332,71.66666666666667,54.23344108596556,71.92138336478374,78.57142857142857,85.12396694214877,80.74866310160428,90.01782531194296,81.95488721804512,92.85714285714285,85.93750000000001,94.53125,91.38655462184873,98.94957983193277,83.71980670258534,92.29595298863346,68.97662389427545,82.10866817670859,0.6218313979147172
348.0,54.094579008073815,49.365628604382934,51.69770773638969,55.945558739255006,61.92411924119241,59.831376091538694,64.26984597156401,68.8388625592417,58.34033613445375,59.91596638655462,58.06531761833473,58.7794784761946,77.69289533995415,87.39222961912037,77.71241830065357,88.68745312332584,79.68272620446535,91.41950646298473,83.63434619324003,95.94742232843974,83.11109745606491,93.92282167875139,80.3666966988756,91.47388664252442,69.21600715860517,75.12668255935951,0.6207242134383855,57.44680851063829,81.91489361702128,60.52631578947373,77.19298245614036,52.17391304347826,61.59420289855072,53.535353535353515,66.66666666666667,53.33333333333332,72.50000000000001,55.403144842455426,71.9737491276758,78.57142857142857,85.12396694214877,80.74866310160428,90.01782531194296,81.95488721804512,92.85714285714285,88.02083333333334,94.53125,91.38655462184873,98.94957983193277,84.136473369252,92.29595298863346,69.76980910585371,82.13485105815462,0.6208037301579719
349.0,61.899269511726274,72.12610534409842,44.992836676217756,49.04011461318052,53.25203252032519,59.25925925925925,64.22541469194316,68.9425355450237,60.50420168067223,64.5798319327731,56.974751016176924,62.789569338867,75.59205500381971,86.5737203972498,78.3627986713811,89.25318761384335,82.17978848413632,94.4747356051704,82.3523386821441,95.04609081597815,79.123141206833,91.81516529433452,79.52202440966285,91.43257994531525,68.24838771291988,77.11107464209113,0.6107794077024276,58.51063829787233,81.91489361702128,60.52631578947373,77.19298245614036,52.17391304347826,61.59420289855072,53.535353535353515,66.66666666666667,53.33333333333332,72.50000000000001,55.61591079990224,71.9737491276758,78.57142857142857,85.00590318772137,80.74866310160428,90.01782531194296,81.95488721804512,92.85714285714285,85.93750000000001,94.53125,91.38655462184873,98.94957983193277,83.71980670258534,92.272340237748,69.66785875124378,82.1230446827119,0.6209187606568822
350.0,73.35640138408304,63.975394079200306,60.551575931232094,62.693409742120345,57.994579945799444,60.794941282746166,64.36611374407586,61.729857819905206,56.95378151260502,55.67226890756303,62.64449050355908,60.97317436630701,76.5183346065699,85.16315617155954,77.71348976749168,88.48173149041038,80.55229142185665,91.1421856639248,84.32400136565383,95.71526118129053,81.75003072385401,93.90438736635124,80.17162957708521,90.88134437470731,71.40806004032214,75.92725937050716,0.6196937368001503,58.51063829787233,81.91489361702128,60.52631578947373,77.19298245614036,52.17391304347826,61.59420289855072,55.05050505050504,66.32996632996633,53.33333333333332,72.50000000000001,55.918941102932536,71.90640906033573,78.57142857142857,85.12396694214877,80.74866310160428,90.01782531194296,81.95488721804512,92.85714285714285,88.02083333333334,94.53125,91.38655462184873,98.94957983193277,84.136473369252,92.29595298863346,70.02770723609227,82.10118102448459,0.6200261706798335
351.0,66.58977316416764,66.3590926566705,61.346704871060155,62.865329512893986,57.813911472448055,62.05962059620597,65.31398104265406,68.61670616113744,62.01680672268903,62.016806722689076,62.61623545460378,64.3835111299194,74.27425515660809,86.1535523300229,77.21954355512695,89.01317904210865,81.52761457109284,91.69682726204465,82.697166268351,94.43837487196996,82.72090451026178,93.21617303674572,79.68789681228813,90.90362130857838,71.15206613344596,77.6435662192489,0.6180474651589525,60.63829787234042,81.91489361702128,63.15789473684216,77.63157894736842,52.17391304347826,61.59420289855072,56.56565656565655,66.32996632996633,53.33333333333332,73.33333333333334,57.17381911033014,72.160795025248,78.57142857142857,85.12396694214877,80.74866310160428,90.01782531194296,81.95488721804512,92.85714285714285,88.02083333333334,94.53125,91.38655462184873,98.94957983193277,84.136473369252,92.29595298863346,70.65514623979107,82.22837400694073,0.6195514383182463
352.0,67.28181468665898,71.81853133410226,63.70343839541547,68.567335243553,57.994579945799444,63.98675097862089,51.19964454976304,47.808056872037916,54.05462184873947,56.134453781512605,58.84681988527528,61.66302564196534,74.48433919022153,84.816653934301,78.3660130718954,90.28393871209686,80.65804935370154,92.07520564042304,84.32400136565383,94.86172755206555,80.3367334398427,93.23460734914588,79.63382728426299,91.05442663760645,69.24032358476913,76.3587261397859,0.6170557115946497,61.70212765957446,82.97872340425532,63.15789473684216,77.19298245614034,52.17391304347826,62.31884057971014,56.56565656565655,66.32996632996633,53.33333333333332,73.33333333333334,57.38658506777695,72.4307692206811,78.57142857142857,85.00590318772137,80.74866310160428,89.92869875222816,81.95488721804512,92.85714285714285,88.02083333333334,94.53125,91.38655462184873,98.94957983193277,84.136473369252,92.25451492580503,70.76152921851448,82.34264207324307,0.6188145726774383
353.0,68.85813148788928,72.51057285659361,60.70916905444125,64.94269340974212,53.07136404697379,60.31315868714242,59.4416469194313,56.723933649289094,56.302521008403325,58.99159663865545,59.67656650342779,62.69639104828453,77.06264323911383,86.89839572192514,77.38669238187076,89.16747026679525,82.83196239717981,92.94712103407757,83.38682144076478,94.28132468419255,77.56236942362051,92.19614108393758,79.64609777650993,91.09809055818562,69.66133213996886,76.89724080323508,0.6214012934008815,61.70212765957446,82.97872340425532,63.15789473684216,77.19298245614034,52.17391304347826,61.59420289855072,53.535353535353515,67.003367003367,53.33333333333332,71.66666666666667,56.78052446171635,72.08718848579602,78.57142857142857,84.88783943329399,80.74866310160428,89.92869875222816,81.95488721804512,92.85714285714285,88.02083333333334,94.53125,91.38655462184873,98.94957983193277,84.136473369252,92.23090217491956,70.45849891548417,82.1590453303578,0.6190675859869192
354.0,65.37870049980778,64.82122260668973,48.416905444126066,55.730659025787965,55.736224028906946,58.89792231255645,62.32968009478677,62.07049763033176,59.11764705882349,61.09243697478992,58.195831425290216,60.52254771003116,77.06264323911383,86.1399105096584,78.03921568627449,89.50605378763528,79.40658049353704,91.8213866039953,82.94469102082624,93.64288152953226,81.84527467125477,95.51431731596412,79.85968102220127,91.32490994935706,69.02775622374574,75.92372882969411,0.6171886064356935,61.70212765957446,82.97872340425532,63.15789473684216,77.19298245614034,52.17391304347826,61.59420289855072,53.535353535353515,66.66666666666667,53.33333333333332,72.50000000000001,56.78052446171635,72.18651508512261,78.57142857142857,84.88783943329399,80.74866310160428,89.92869875222816,81.95488721804512,92.85714285714285,85.93750000000001,94.53125,91.38655462184873,98.94957983193277,83.71980670258534,92.23090217491956,70.25016558215084,82.20870863002108,0.6189684387005739
355.0,57.208765859284895,60.74586697424067,48.98997134670486,46.10315186246418,59.62059620596205,57.12134899126768,59.96001184834125,64.63270142180095,51.80672268907559,53.57142857142857,55.517213589873734,56.43489956424041,75.99312452253628,86.55189348466659,78.69602485803061,89.48248151719704,80.71092831962399,92.06815511163336,83.28951860703314,94.38716285421644,84.28167629347425,94.1624677399533,80.59425452013966,91.33043214153335,68.0557340550067,73.88266585288687,0.6252045252796606,59.57446808510638,82.97872340425532,60.52631578947373,76.3157894736842,52.17391304347826,62.31884057971014,50.5050505050505,66.66666666666667,53.33333333333332,71.66666666666667,55.222616151288435,71.98933735819661,78.57142857142857,84.88783943329399,80.74866310160428,89.92869875222816,81.95488721804512,92.85714285714285,85.93750000000001,94.53125,91.38655462184873,98.94957983193277,83.71980670258534,92.23090217491956,69.47121142693689,82.11011976655809,0.6195588250897884
356.0,66.93579392541331,66.39753940792004,63.70343839541547,61.57593123209168,52.61969286359529,56.57934357121349,60.626481042654056,62.27784360189573,60.546218487394924,56.596638655462186,60.88632494289461,60.68545929371662,76.18411000763942,87.2885517843501,77.54848387442406,89.0474659809279,81.25734430082258,93.54171562867215,84.57152611812907,94.63298053943325,81.35983777805089,94.45741673835566,80.1842604158132,91.79362613434782,70.5352926793539,76.23954271403221,0.608803897913371,64.89361702127658,82.97872340425532,65.78947368421056,77.19298245614034,52.17391304347826,63.04347826086957,56.56565656565655,66.66666666666667,53.33333333333332,72.50000000000001,58.55119872959106,72.47637015758639,78.57142857142857,84.88783943329399,80.74866310160428,89.92869875222816,81.95488721804512,92.85714285714285,85.93750000000001,94.53125,91.38655462184873,98.94957983193277,83.71980670258534,92.23090217491956,71.1355027160882,82.35363616625298,0.6180494642916167
357.0,64.34063821607074,61.05344098423683,66.63323782234956,68.92550143266476,58.5817524841915,56.03733815115929,63.46267772511851,64.12914691943128,58.29831932773105,53.94957983193278,62.26332511509228,60.81900146388499,77.04354469060351,87.4140565317036,79.02175077681342,89.7610628951034,80.87544065804936,91.46886016451235,84.76613178559236,94.72174803687265,79.07091065503258,92.34361558313876,80.15555571321825,91.14186864226615,71.20944041415527,75.98043505307557,0.6163333783938588,62.76595744680851,82.97872340425532,64.0350877192983,77.63157894736842,52.17391304347826,63.04347826086957,53.535353535353515,66.32996632996633,53.33333333333332,71.66666666666667,57.16872901565438,72.33008272182526,78.57142857142857,84.88783943329399,80.74866310160428,89.92869875222816,81.95488721804512,92.85714285714285,88.02083333333334,94.53125,91.38655462184873,98.94957983193277,84.136473369252,92.23090217491956,70.65260119245319,82.28049244837241,0.6173692951469293
358.0,67.10880430603615,70.78046905036524,54.706303724928375,61.59025787965615,62.10478771454381,59.861487503763925,56.5980450236967,55.998222748815174,64.95798319327729,64.83193277310924,61.09518479249647,62.612473991141954,76.30825057295645,86.18629269889774,78.20422157934209,89.90035358405657,80.27614571092833,92.07520564042302,84.71321270058041,93.63263912598157,78.5854737618287,92.25144402113801,79.61746086512719,90.8091870140994,70.35632282881183,76.71083050262067,0.6162135170867994,64.89361702127658,82.97872340425532,68.42105263157899,78.0701754385965,54.347826086956516,63.76811594202899,56.56565656565655,65.993265993266,53.33333333333332,71.66666666666667,59.51229712776039,72.4953894889627,78.57142857142857,84.88783943329399,80.74866310160428,89.92869875222816,81.95488721804512,92.85714285714285,88.02083333333334,94.53125,91.38655462184873,98.94957983193277,84.136473369252,92.23090217491956,71.82438524850619,82.36314583194113,0.6163466249138795
359.0,60.86120722798923,64.5520953479431,62.49283667621776,60.17191977077364,55.10388437217705,54.04998494429388,52.525177725118496,54.398696682464454,54.70588235294114,54.20168067226891,57.137797670888745,57.47487548354879,75.2387318563789,87.07573938666376,78.69495339119251,88.06814529090325,82.45005875440658,92.117508813161,82.44964151587573,94.58176852167975,81.75003072385401,93.49883249354801,80.11668324834156,91.06839890119116,68.62724045961515,74.27163719236998,0.6216329079309604,64.89361702127658,82.97872340425532,65.78947368421056,78.50877192982456,52.17391304347826,63.76811594202898,53.535353535353515,65.993265993266,53.33333333333332,71.66666666666667,57.94513812353044,72.5831087872083,78.57142857142857,84.88783943329399,80.74866310160428,89.92869875222816,81.95488721804512,92.85714285714285,88.02083333333334,94.53125,91.38655462184873,98.94957983193277,84.136473369252,92.23090217491956,71.04080574639121,82.40700548106393,0.6166095969868246
360.0,68.14686658977317,68.89657823913879,68.06590257879655,68.75358166189112,59.2140921409214,56.30834086118639,64.50681279620855,66.78021327014217,59.159663865546186,63.48739495798319,63.81866759424916,64.84522179806834,76.83346065699007,87.64596747790024,79.02175077681342,88.65959498553521,81.20446533490012,92.90246768507637,83.38682144076478,94.77296005462617,80.63168243824505,92.78603908074228,80.21563612954269,91.35340585677606,72.01715186189593,78.09931382742221,0.607674257669671,65.95744680851064,82.97872340425532,69.29824561403514,78.50877192982456,58.69565217391304,64.4927536231884,59.59595959595957,65.65656565656566,53.33333333333332,71.66666666666667,61.376127505150336,72.66069625610012,78.57142857142857,84.88783943329399,80.74866310160428,89.92869875222816,81.95488721804512,92.85714285714285,88.02083333333334,94.53125,91.38655462184873,98.94957983193277,84.136473369252,92.23090217491956,72.75630043720116,82.44579921550985,0.6149309710261407
361.0,58.93886966551326,58.74663590926566,58.209169054441254,63.868194842406865,59.214092140921395,60.493827160493815,66.87648104265406,69.12026066350711,58.34033613445375,59.53781512605043,60.31578960759674,62.353346740344776,77.56875477463713,86.5600785768853,78.85781635058393,90.21536483445838,80.0117508813161,91.10223266745005,85.11095937179927,95.82792762034825,81.80226127565442,94.57416738355658,80.67030853079817,91.65595421653971,70.49304906919745,77.00465047844224,0.6120143356539252,65.95744680851064,84.04255319148936,69.29824561403514,78.94736842105263,56.52173913043478,64.4927536231884,55.05050505050504,65.65656565656565,53.33333333333332,71.66666666666667,60.03225398736379,72.96118151179255,78.57142857142857,84.88783943329399,80.74866310160428,89.92869875222816,81.95488721804512,92.85714285714285,88.02083333333334,94.53125,91.38655462184873,98.94957983193277,84.136473369252,92.23090217491956,72.0843636783079,82.59604184335606,0.6150967893637754
362.0,63.62937331795464,67.97385620915033,60.136103151862464,64.61318051575931,60.614272809394755,64.22764227642276,62.80361374407586,63.93661137440757,64.95798319327729,66.00840336134453,62.428269243313004,65.3519387474169,77.69289533995416,87.60777038087963,77.87313832636877,89.35604843030107,79.13631022326676,90.07755581668626,82.94469102082624,95.27483782861044,79.94654049403958,94.55573307115644,79.51871508089111,91.37438910552677,70.97349216210206,78.36316392647183,0.6072976959835447,65.95744680851064,84.04255319148936,68.42105263157899,79.38596491228071,56.52173913043478,64.4927536231884,53.535353535353515,65.31986531986533,53.33333333333332,71.66666666666667,59.55378508784226,72.98156074269811,78.57142857142857,85.00590318772137,80.74866310160428,89.92869875222816,81.95488721804512,92.85714285714285,88.02083333333334,94.53125,91.38655462184873,98.94957983193277,84.136473369252,92.25451492580503,71.84512922854714,82.61803783425157,0.6150528771416303
363.0,69.87697039600155,65.39792387543253,65.56590257879655,68.43839541547277,58.5817524841915,63.29418849744053,62.048281990521346,64.92890995260663,54.13865546218485,58.10924369747899,62.04231258233915,64.03373228768628,76.11726508785331,87.4140565317036,75.58555662702237,89.8403514411229,82.83196239717981,91.76733254994124,81.46807784226701,94.70809149880506,84.13420179427308,94.11945434435296,80.0274127497191,91.56985727318515,71.03486266602913,77.80179478043571,0.6078755622646734,70.2127659574468,84.04255319148936,59.42982456140356,79.38596491228071,60.8695652173913,64.4927536231884,59.59595959595957,65.31986531986533,57.49999999999999,71.66666666666667,61.52162306644025,72.98156074269811,78.57142857142857,85.12396694214877,80.74866310160428,89.92869875222816,81.95488721804512,92.85714285714285,88.02083333333334,94.53125,91.38655462184873,98.94957983193277,84.136473369252,92.2781276766905,72.82904821784612,82.62984420969431,0.6139273100815799
364.0,62.76432141484046,65.62860438292965,60.42263610315186,58.968481375358174,64.31797651309846,66.09454983438722,62.048281990521346,60.35248815165877,54.74789915966384,53.57142857142857,60.86022303625519,60.923110463152476,77.71199388846448,88.80552220888356,76.72988321011464,89.20175720561448,81.14571092831963,91.99059929494712,84.12939569819054,95.36360532604985,79.8512965466388,93.01954037114416,79.91365605434562,91.67620488132783,70.38693954530041,76.29965767224016,0.6135287125947729,70.2127659574468,84.04255319148936,59.42982456140356,79.82456140350878,60.8695652173913,67.3913043478261,59.59595959595957,65.31986531986533,57.49999999999999,71.66666666666667,61.52162306644025,73.64899018587126,78.57142857142857,85.24203069657614,80.74866310160428,89.92869875222816,83.27067669172934,92.85714285714285,88.02083333333334,94.40104166666667,91.38655462184873,98.94957983193277,84.39963126398885,92.27569876090931,72.96062716521455,82.96234447339029,0.6127860603154585
365.0,64.49442522106882,60.630526720492114,58.98997134670486,62.34957020057307,55.691056910569095,57.72357723577236,61.24111374407585,67.72808056872037,52.58403361344535,56.63865546218487,58.60012016717279,61.014082037548555,76.18411000763942,87.41132816763069,76.72774027643841,89.09675345548055,79.68272620446535,92.3196239717979,84.17377944691023,94.78661659269375,81.60255622465283,93.36979230674697,79.67418243202125,91.39682289886998,69.13715129959702,76.20545246820927,0.6179188729062315,70.2127659574468,84.04255319148936,57.67543859649127,79.38596491228071,60.8695652173913,65.21739130434783,56.56565656565655,65.31986531986533,53.33333333333332,71.66666666666667,59.73135193406385,73.12648827892998,78.57142857142857,85.36009445100355,80.74866310160428,89.83957219251337,81.95488721804512,92.76315789473684,88.02083333333334,94.53125,91.38655462184873,98.94957983193277,84.136473369252,92.28873087403731,71.93391265165792,82.70760957648365,0.6133980694761085
366.0,70.39600153787006,74.20222991157247,66.77650429799428,68.78223495702005,48.69015356820234,56.82023486901535,62.048281990521346,65.40284360189574,54.09663865546216,54.78991596638656,60.40151601001003,63.99949186117802,76.74751718869365,87.46862381316163,77.55062680810025,88.37887067395263,81.31022326674501,92.61104582843714,83.53704335950837,95.18607033117105,83.25857195526606,93.04411945434435,80.48079651566266,91.33774602021336,70.44115626283634,77.6686189406957,0.6056671951194763,70.2127659574468,84.04255319148936,70.17543859649126,79.82456140350878,58.69565217391304,65.21739130434783,53.535353535353515,65.65656565656566,53.33333333333332,70.83333333333334,61.190508719307594,73.114880977849,78.57142857142857,85.36009445100355,80.74866310160428,89.83957219251337,81.95488721804512,92.76315789473684,88.02083333333334,94.40104166666667,91.38655462184873,98.94957983193277,84.136473369252,92.26268920737064,72.6634910442798,82.68878509260982,0.61318321862399
367.0,65.53248750480584,64.7443291041907,64.84957020057305,65.80229226361031,60.840108401083995,59.25925925925925,63.6552132701422,64.75118483412324,63.3613445378151,61.050420168067234,63.64774478288403,63.12149712585015,77.25362872421697,88.52177234530176,77.55169827493837,90.10607521697203,80.76968272620448,91.36310223266746,84.91635370433596,95.16899965858656,79.70382204743764,92.86592110114293,80.03903709542668,91.60517411093414,71.84339093915536,77.36333561839214,0.6112218967456081,71.27659574468083,84.04255319148936,59.42982456140356,80.26315789473684,60.8695652173913,67.3913043478261,56.56565656565655,65.993265993266,53.33333333333332,70.83333333333334,60.294995084493124,73.70472295213033,79.2207792207792,85.24203069657614,80.74866310160428,89.83957219251337,81.95488721804512,92.76315789473684,88.02083333333334,94.40104166666667,91.38655462184873,98.94957983193277,84.26634349912214,92.23907645648517,72.28066929180764,82.97189970430775,0.6117546347209679
368.0,74.56747404844292,78.20069204152249,57.92263610315186,57.59312320916905,55.96205962059621,51.55073772959952,52.76214454976304,60.97452606635071,56.092436974789884,61.93277310924369,59.461350259348784,62.050370431177086,76.098166539343,88.19709702062643,77.05775206257364,90.57537769206043,82.07403055229143,90.70740305522914,84.32400136565383,93.89894161829977,76.44402113801156,92.29445741673835,79.1995943315747,91.13465536059081,69.33047229546175,76.59251289588394,0.6145468709185279,71.27659574468083,85.1063829787234,71.05263157894741,79.82456140350878,58.69565217391304,66.66666666666666,53.535353535353515,66.32996632996633,53.33333333333332,70.83333333333334,61.578713273245626,73.75218214243971,79.2207792207792,85.12396694214875,80.74866310160428,90.01782531194296,81.95488721804512,92.85714285714286,88.02083333333334,94.53125,91.38655462184873,98.94957983193277,84.26634349912214,92.29595298863346,72.92252838618388,83.02406756553658,0.6115004584855869
369.0,52.691272587466365,50.86505190311418,56.20343839541546,56.002865329512886,55.736224028906946,51.97229750075279,52.76214454976304,55.82049763033176,52.58403361344535,55.04201680672269,53.99542263499943,53.94054583408687,75.97402597402598,87.74691694859762,77.71134683381547,89.62391513982644,83.16098707403056,91.55581668625148,83.2365995220212,95.08364629566405,84.81934373847857,95.8645692515669,80.98046062847435,91.97497286438129,67.48794163173689,72.95775934923408,0.6199759300349253,70.2127659574468,85.1063829787234,70.17543859649126,80.26315789473685,56.52173913043478,67.3913043478261,50.5050505050505,65.31986531986531,53.33333333333332,69.16666666666667,60.14966550455133,73.44947544156368,78.57142857142857,85.12396694214875,80.74866310160428,90.01782531194296,81.95488721804512,92.76315789473684,88.02083333333334,94.53125,91.38655462184873,98.94957983193277,84.136473369252,92.27715599615226,72.14306943690167,82.86331571885796,0.6126379786632492
370.0,66.93579392541331,64.3598615916955,54.84957020057306,52.77936962750716,53.8843721770551,53.08641975308641,56.124111374407605,55.479857819905206,56.86974789915963,53.61344537815126,57.73271911532174,55.86379083406911,75.04774637127578,86.51915311579177,80.3332261866495,88.74316939890711,83.8660399529965,92.54524089306699,83.68726527825197,95.46261522703995,77.17217647781739,92.23300970873785,80.02129085339823,91.10063766870874,68.87700498435998,73.48221425138892,0.6209124260857091,69.14893617021276,86.17021276595744,67.54385964912285,80.70175438596492,56.52173913043478,67.3913043478261,50.5050505050505,65.31986531986531,49.16666666666666,70.0,58.57725042429752,73.91662736392276,79.2207792207792,85.00590318772137,80.74866310160428,90.01782531194296,81.95488721804512,92.76315789473684,88.02083333333334,94.53125,91.38655462184873,98.94957983193277,84.26634349912214,92.2535432452668,71.42179696170983,83.08508530459477,0.6124043425463891
371.0,74.22145328719724,75.97078046905037,59.84957020057307,60.17191977077364,59.3947606142728,60.55404998494429,53.332345971563996,60.02665876777251,54.62184873949576,45.54621848739496,60.28399576262056,60.453925495987164,77.88388082505729,88.11524609843939,78.53209043180111,89.73963355834137,81.85663924794359,93.01997649823737,87.48036872652784,96.13861386138613,84.37692024087502,95.14563106796118,82.02597989444098,92.43182021687309,71.15498782853078,76.44287285643013,0.6028302646134512,71.27659574468083,86.17021276595744,71.05263157894741,81.14035087719299,58.69565217391304,70.28985507246377,52.020202020202,65.993265993266,53.33333333333332,70.83333333333334,61.275682970215314,74.8854036084427,78.57142857142857,85.00590318772137,80.74866310160428,90.01782531194296,83.27067669172934,92.76315789473684,88.02083333333334,94.40104166666667,94.95798319327731,98.94957983193277,85.11391697827456,92.22750157860011,73.19479997424494,83.55645259352141,0.6103524433692386
372.0,71.26105344098424,69.7039600153787,59.99283667621776,59.82808022922635,58.13008130081301,60.13249021379102,60.5302132701422,67.2245260663507,59.03361344537812,63.27731092436974,61.78955962670707,64.0332734898233,78.44728800611152,86.74015060569683,78.69602485803063,89.9989285331619,81.3689776733255,93.46180963572269,82.25503584841245,94.81051553431205,80.87440088484699,93.13014624554505,80.32834545414542,91.62831011088771,71.05895254042625,77.83079180035551,0.6034627574566996,71.27659574468083,86.17021276595744,60.307017543859686,81.14035087719299,58.69565217391304,73.91304347826086,59.09090909090907,65.65656565656566,53.33333333333332,70.83333333333334,60.54070157733919,75.54270122226205,78.57142857142857,85.00590318772137,80.74866310160428,90.01782531194296,83.27067669172934,92.76315789473684,88.02083333333334,94.40104166666667,94.95798319327731,98.94957983193277,85.11391697827456,92.22750157860011,72.82730927780688,83.88510140043108,0.6093668186922133
373.0,67.95463283352558,72.62591311034217,52.41404011461318,58.39541547277937,57.36224028906955,56.609454983438724,59.91558056872041,64.3957345971564,57.56302521008399,56.09243697478992,59.04190380320254,61.623791027701316,77.58785332314744,87.04299901778893,77.38562091503265,89.93464052287582,81.04582843713278,93.20094007050528,84.42130419938546,95.64697849095253,81.50731227725205,93.33906845274672,80.38958383039008,91.83292531097386,69.7157438167963,76.72835816933758,0.606850228573546,71.27659574468083,86.17021276595744,62.06140350877196,81.14035087719299,63.043478260869556,76.81159420289855,65.15151515151514,66.66666666666666,57.49999999999999,70.83333333333334,63.806598533167495,76.3244315692098,78.57142857142857,85.00590318772137,80.74866310160428,90.01782531194296,81.48496240601504,92.76315789473684,86.45833333333334,94.40104166666667,94.95798319327731,98.94957983193277,84.44427412113171,92.22750157860011,74.1254363271496,84.27596657390495,0.6078851831950352
374.0,65.87850826605153,69.66551326412919,58.352435530085955,60.787965616045845,68.02168021680215,69.01535682023487,59.67861374407585,62.88507109004738,59.684873949579796,63.44537815126051,62.32322234131906,65.15985698834356,77.69289533995416,86.94477791116446,79.84249437479907,89.69034608378873,82.23854289071681,92.406580493537,86.7377944691021,95.38750426766815,83.55352095366844,92.09167998033672,82.01304960564812,91.30417774729901,72.16813597348359,78.23201736782129,0.6051845865574794,80.85106382978722,86.17021276595744,65.57017543859654,81.14035087719299,63.40579710144927,81.15942028985508,66.66666666666664,67.003367003367,61.66666666666666,70.83333333333334,67.63207394063326,77.26133685394117,78.57142857142857,85.00590318772137,80.74866310160428,90.01782531194296,81.48496240601504,92.76315789473684,86.45833333333334,94.40104166666667,94.95798319327731,98.94957983193277,84.44427412113171,92.22750157860011,76.03817403088249,84.74441921627064,0.606229915248182
375.0,54.94040753556325,52.672049211841596,62.85816618911174,67.65042979942693,61.0207768744354,68.26257151460403,65.884182464455,65.15106635071089,57.647058823529385,60.75630252100841,60.470118377418956,62.898483879518366,75.95492742551565,87.97064280257558,78.53101896496301,89.47390978249223,79.63572267920095,92.41598119858989,83.58142710822808,95.09730283373166,81.60255622465283,93.68317561754947,79.86113048051212,91.72820244698777,70.16562442896554,77.31334316325307,0.6072676332514894,78.72340425531912,86.17021276595744,65.57017543859654,81.14035087719299,61.23188405797101,77.53623188405797,66.66666666666664,67.003367003367,57.49999999999999,70.83333333333334,65.93842608371065,76.53669917278175,78.57142857142857,84.7697756788666,80.74866310160428,89.92869875222816,83.27067669172934,92.76315789473684,88.02083333333334,94.27083333333334,94.95798319327731,98.94957983193277,85.11391697827456,92.13640909821954,75.5261715309926,84.33655413550065,0.6061696249341019
376.0,55.28642829680893,60.28450595924644,55.93123209169054,63.45272206303725,60.027100271002695,64.37819933754893,57.64218009478675,62.64810426540285,64.8739495798319,60.71428571428571,58.75217806682416,62.29556346790423,73.90183346065699,85.97620866528429,76.89488910318222,91.0296796314154,82.94359576968276,91.94124559341952,82.89177193581429,94.94708091498805,83.6487649010692,93.11171193314489,80.05617103408107,91.40118534765043,69.40417455045261,76.84837440777733,0.6063339130776233,79.78723404255318,86.17021276595744,65.57017543859654,81.14035087719299,61.23188405797101,77.53623188405797,66.66666666666664,66.66666666666667,57.49999999999999,71.66666666666667,66.15119204115747,76.63602577210835,78.57142857142857,84.7697756788666,80.74866310160428,89.92869875222816,83.27067669172934,92.85714285714286,88.02083333333334,94.27083333333334,94.95798319327731,98.94957983193277,85.11391697827456,92.15520609070074,75.63255450971602,84.39561593140455,0.6057673874997423
377.0,70.72279892349097,74.81737793156478,60.07163323782234,59.08309455587393,62.46612466124659,66.57633242999096,65.31398104265405,71.94905213270142,61.84873949579828,67.26890756302521,64.08465547220244,67.93895292263126,78.11306340718104,90.06602641056422,78.20529304618017,88.96389156755598,80.88131609870742,91.95064629847238,84.66882895186073,96.21372482075795,80.874400884847,92.12854860513703,80.54858047775528,91.8645675404975,72.31661797497887,79.90176023156438,0.5970212037231535,84.04255319148935,86.17021276595744,67.32456140350882,81.14035087719299,67.75362318840581,78.98550724637681,66.66666666666664,67.34006734006735,61.66666666666666,70.0,69.49081422334746,76.72722764591893,78.57142857142857,84.7697756788666,79.76827094474153,89.92869875222816,83.27067669172934,92.85714285714286,86.45833333333334,94.40104166666667,94.95798319327731,98.94957983193277,84.60533854690202,92.18124775736742,77.04807638512474,84.45423770164317,0.603969119354333
378.0,73.33717800845828,83.89081122645136,53.57449856733524,55.00000000000001,57.36224028906955,58.86781090033122,65.03258293838864,68.54265402843602,54.05462184873947,60.3781512605042,60.67222433039824,65.33588548314455,73.62490450725745,86.01440576230492,78.20315011250399,89.96678452801888,81.31022326674503,92.47943595769684,85.01365653806762,95.04267668146124,84.09118839867273,94.5250092171562,80.44862456464936,91.60566242932761,70.5604244475238,78.47077395623609,0.6010332666179151,82.97872340425529,87.2340425531915,65.57017543859654,81.57894736842105,63.40579710144927,77.53623188405797,61.11111111111109,66.32996632996633,57.49999999999999,71.66666666666667,66.11316141108243,76.8691709604607,78.57142857142857,84.65171192443918,79.76827094474153,89.92869875222816,83.27067669172934,92.85714285714286,88.02083333333334,94.53125000000001,91.38655462184873,98.94957983193277,84.20355283261631,92.18367667314858,75.15835712184938,84.52642381680465,0.6046800473757216
379.0,70.56901191849289,74.74048442906575,65.93123209169053,68.19484240687679,61.24661246612465,56.48900933453779,63.89218009478677,64.88447867298578,58.34033613445375,57.47899159663865,63.99587454110972,64.35756128802095,75.25783040488922,85.81796354905597,77.71241830065357,89.07532411871853,80.93419506462986,92.37602820211515,85.11095937179927,96.01570501877774,81.65478677645325,94.69706279955759,80.13403798368503,91.596416737645,72.06495626239737,77.97698901283297,0.5978696905451717,82.97872340425529,87.2340425531915,65.57017543859654,81.14035087719299,63.40579710144927,77.53623188405797,61.11111111111109,66.32996632996633,57.49999999999999,71.66666666666667,66.11316141108243,76.78145166221509,78.57142857142857,84.7697756788666,79.76827094474153,89.83957219251337,81.95488721804512,92.85714285714286,88.02083333333334,94.53125000000001,91.38655462184873,98.94957983193277,83.94039493787946,92.1894641120911,75.02677817448094,84.4854578871531,0.6042036813007566
380.0,79.41176470588238,79.46943483275662,61.790830945558724,68.65329512893983,62.4661246612466,68.47335140018066,59.91558056872041,63.862559241706165,57.68907563025208,63.65546218487395,64.25467530233205,68.82282055769144,77.58785332314743,87.52319109461966,78.69173899067822,89.49533911925427,82.99647473560518,92.14101057579317,82.54694434960739,94.94366678047116,84.13420179427308,92.48494531153989,81.19144263866227,91.31763057633563,72.72305897049716,80.07022556701354,0.5943617107666758,86.17021276595742,87.2340425531915,73.4649122807018,81.57894736842107,72.10144927536233,81.88405797101449,64.14141414141412,67.67676767676768,61.66666666666666,70.0,71.50893102602045,77.67476311387894,77.92207792207792,85.00590318772137,79.76827094474153,89.75044563279859,83.27067669172934,92.85714285714286,88.02083333333334,94.40104166666667,94.95798319327731,98.94957983193277,84.78796841703188,92.19282263525247,78.14844972152616,84.93379287456571,0.6022096598957217
381.0,60.495963091118796,65.47481737793157,67.79369627507162,66.23209169054441,57.09123757904244,63.29418849744053,63.610781990521346,69.90521327014218,62.01680672268905,64.41176470588236,62.20169713168865,65.8636151083882,75.78304048892284,87.11939321183019,77.87742419372118,90.22179363548697,79.90599294947123,90.95182138660398,86.7377944691021,95.60259474223284,80.09401499324076,91.83974437753471,80.07965341889162,91.14706947073773,71.14067527529014,78.50534228956298,0.604216270396089,85.10638297872339,88.29787234042553,71.71052631578951,81.57894736842107,67.75362318840581,82.6086956521739,68.18181818181816,67.34006734006735,61.66666666666666,69.16666666666667,70.88380346628071,77.79844987355091,78.57142857142857,84.6517119244392,79.76827094474153,89.75044563279859,83.27067669172934,92.85714285714286,88.02083333333334,94.53125000000001,94.95798319327731,98.94957983193277,84.91783854690202,92.14802604926267,77.90082100659137,84.9732379614068,0.6020340659548521
382.0,62.7450980392157,65.89773164167627,65.58022922636103,68.48137535816619,66.3504968383017,70.28003613369467,63.23311611374409,68.646327014218,62.01680672268903,60.840336134453786,63.985149388062304,66.82916125644178,75.42971734148205,85.24500709374658,78.04243008678878,90.36537019179256,82.12690951821389,91.83783783783784,82.98907476954594,95.56162512803003,81.75003072385401,94.8998402359592,80.06763248797694,91.58193609747323,72.02639093801962,79.2055486769575,0.598098026010006,85.10638297872339,88.29787234042553,69.95614035087723,81.57894736842107,67.75362318840581,79.71014492753623,66.66666666666664,67.34006734006735,61.66666666666666,71.66666666666669,70.22989597026795,77.71873972862338,78.57142857142857,84.76977567886658,79.76827094474153,89.75044563279859,83.27067669172934,92.85714285714286,88.02083333333334,94.53125000000001,94.95798319327731,98.73949579831933,84.91783854690202,92.12962199342549,77.57386725858498,84.92418086102444,0.6018234281917592
383.0,74.37524029219531,76.73971549404075,62.57163323782233,68.40974212034384,56.9557362240289,59.80126467931346,68.39454976303323,74.39277251184834,57.605042016806685,60.0,63.98044030677729,67.86869896110927,74.81856378915202,87.26945323583979,74.76481302903673,90.03964427300974,81.31022326674501,91.49471210340776,83.04199385455789,94.55786958006145,83.16332800786532,92.3251812707386,79.4197843894714,91.13737209261146,71.70011234812435,79.50303552686037,0.5982226644863373,87.23404255319147,88.29787234042553,74.34210526315795,81.57894736842107,72.10144927536233,82.6086956521739,58.58585858585856,68.68686868686868,61.66666666666666,70.83333333333334,70.78602446884739,78.40114347624451,76.6233766233766,84.5336481700118,79.76827094474153,89.75044563279859,83.27067669172934,92.85714285714286,88.02083333333334,94.53125000000001,94.95798319327731,98.73949579831933,84.52822815729162,92.08239649165452,77.65712631306951,85.24176998394952,0.5997037499722446
384.0,54.056132256824306,57.28565936178393,66.15329512893983,69.756446991404,64.31797651309846,72.41794640168622,61.43364928909955,69.65343601895734,57.64705882352937,58.40336134453782,60.72162240229831,65.50337002367385,76.72841864018334,88.8710029466332,77.71456123432978,90.35679845708775,82.94359576968273,93.04347826086956,84.42130419938549,96.29566404916355,81.50731227725207,93.28376551554626,80.66303842416669,92.37014184586008,70.6923304132325,78.93675593476696,0.5955900506308007,87.23404255319147,88.29787234042553,74.34210526315795,81.57894736842107,72.10144927536233,79.71014492753623,58.58585858585856,67.34006734006735,61.66666666666666,71.66666666666669,70.78602446884739,77.71873972862338,76.6233766233766,84.5336481700118,79.76827094474153,89.75044563279859,81.95488721804512,92.85714285714285,88.02083333333334,94.40104166666667,91.38655462184873,98.73949579831933,83.55078454826906,92.05635482498785,77.16840450855823,84.8875472768056,0.5997723653385238
385.0,68.1276432141484,76.85505574778931,63.08022922636102,70.63037249283667,64.90514905149051,70.46070460704607,62.899881516587705,65.16587677725119,57.64705882352937,59.91596638655462,63.3319923664234,68.60559520229558,77.25362872421695,88.27076285059479,76.89167470266793,90.32679738562092,81.74500587544067,93.22209165687426,84.12086036189828,95.00170706725845,82.92060956126338,93.58485928474869,80.58635584509743,92.08124364901941,71.95917410576041,80.34341942565749,0.5873599634811114,89.36170212765956,88.29787234042553,76.97368421052636,82.01754385964912,74.27536231884059,82.6086956521739,58.58585858585856,69.02356902356902,61.66666666666666,71.66666666666669,72.17265478191034,78.72286950849686,75.32467532467531,84.4155844155844,79.76827094474153,89.75044563279859,83.27067669172934,92.85714285714285,88.02083333333334,94.40104166666667,94.95798319327731,98.73949579831933,84.26848789755135,92.03274207410236,78.22057133973084,85.37780579129961,0.5976490320902743
386.0,75.58631295655518,75.12495194156094,57.50716332378223,65.80229226361031,58.943089430894304,64.37819933754893,62.4259478672986,67.239336492891,64.22268907563023,66.34453781512603,63.73704053083211,67.77786357014745,72.01107715813596,85.31048783149623,77.70920390013927,90.12964748741025,80.49353701527616,93.09988249118685,84.36838511437352,94.61249573233185,80.38896399164311,91.79058621113431,78.99423343591361,90.98861995071191,71.36563698337287,79.38324176042968,0.5999685823654355,89.36170212765956,88.29787234042553,76.09649122807024,82.01754385964912,72.10144927536233,81.88405797101449,58.58585858585856,68.01346801346801,61.66666666666666,71.66666666666669,71.56243357672346,78.37592177024477,75.32467532467531,84.4155844155844,79.76827094474153,89.75044563279859,81.95488721804512,92.95112781954886,88.02083333333334,94.40104166666667,91.38655462184873,98.73949579831933,83.29104428852881,92.05153906658356,77.42673893262614,85.21373041841417,0.598225838218581
387.0,57.535563244905816,62.70665128796617,67.36389684813751,69.02578796561605,65.2664859981933,65.91388136103583,65.884182464455,69.90521327014218,61.15546218487392,66.97478991596638,63.441118148113105,66.90526476014533,74.60847975553857,85.20680999672597,76.72666880960031,89.73106182363655,82.88484136310224,92.64629847238544,84.96073745305567,94.57152611812904,83.6487649010692,93.99041415755192,80.5658984564732,91.22922211368578,72.00350830229316,79.06724343691556,0.5988502277688778,89.36170212765956,88.29787234042553,75.21929824561408,82.45614035087719,72.10144927536233,82.6086956521739,58.58585858585856,67.67676767676767,61.66666666666666,70.83333333333334,71.38699498023223,78.37456187071552,75.97402597402598,84.5336481700118,79.76827094474153,89.57219251336899,83.27067669172934,93.04511278195488,88.02083333333334,94.40104166666667,94.95798319327731,98.73949579831933,84.3983580274215,92.05829818606432,77.89267650382686,85.21643002838992,0.5970558556149074
388.0,69.16570549788544,70.8958093041138,65.29369627507162,63.61031518624641,58.130081300812996,59.53026196928636,67.96504739336496,68.2760663507109,63.487394957983156,70.88235294117648,64.80838508502363,66.63896115030678,76.18411000763942,87.76874386118084,78.53101896496301,89.16747026679526,83.86016451233843,93.17743830787309,83.04199385455789,95.72891771935814,81.35983777805089,94.41440334275532,80.59542502350992,92.05139469959254,72.70190505426677,79.34517792494967,0.593679777967222,89.36170212765956,88.29787234042553,75.21929824561408,82.89473684210526,72.10144927536233,82.6086956521739,58.58585858585856,67.67676767676768,61.66666666666666,70.83333333333334,71.38699498023223,78.46228116896114,76.6233766233766,84.4155844155844,79.76827094474153,89.57219251336899,83.27067669172934,92.95112781954886,88.02083333333334,94.40104166666667,94.95798319327731,98.73949579831933,84.52822815729162,92.01588844269766,77.95761156876193,85.2390848058294,0.5962212727178616
389.0,71.41484044598232,72.4721261053441,66.15329512893982,69.61318051575931,59.981933152664844,66.03432700993676,54.18394549763036,60.441350710900466,67.12184873949579,67.6890756302521,63.77117259294263,67.25001199443855,74.3792971734148,88.1507148313871,79.34854816243435,90.70395371263258,79.30669800235019,92.00235017626322,83.28951860703314,93.66678047115057,78.10003686862481,92.8597763303429,78.88481976277146,91.47671510435528,71.32799617785705,79.36336354939692,0.5985053123005913,89.36170212765956,88.29787234042553,76.09649122807024,82.89473684210526,74.27536231884059,82.6086956521739,58.58585858585856,69.02356902356902,61.66666666666666,71.66666666666667,71.99721618541912,78.89830810498808,75.97402597402598,84.4155844155844,79.76827094474153,89.57219251336899,83.27067669172934,93.04511278195488,86.45833333333334,94.40104166666667,94.95798319327731,98.73949579831933,84.0858580274215,92.03468543517886,78.04153710642031,85.46649677008347,0.5948699222784772
390.0,72.97193387158785,78.39292579777009,65.6590257879656,71.73352435530086,69.82836495031616,74.61607949412827,61.52991706161139,65.44727488151658,64.9159663865546,63.78151260504201,66.98104161160713,70.79426342675156,76.098166539343,87.15759030885081,77.05775206257364,91.12396871316832,81.80376028202116,92.8789659224442,85.99522021167637,95.21338340730625,85.79021752488633,93.57871451394864,81.3490233241001,91.99052457314363,74.16503246785362,81.39239399994759,0.5785016054728368,89.36170212765956,88.29787234042553,76.97368421052636,82.89473684210526,76.44927536231884,84.05797101449275,58.58585858585856,70.70707070707071,70.83333333333331,75.0,74.44077072393932,80.19153018081884,75.32467532467531,84.5336481700118,77.80748663101605,89.57219251336899,80.16917293233084,92.95112781954886,86.45833333333334,94.53125000000001,94.95798319327731,98.73949579831933,82.94353028292656,92.06554286024979,78.69215050343294,86.12853652053431,0.5927660575864796
391.0,60.13071895424837,72.35678585159555,60.659025787965604,66.189111747851,62.0144534778681,66.8774465522433,63.5663507109005,67.81694312796208,55.52521008403358,60.33613445378151,60.37915180300323,66.71528434668669,76.098166539343,86.68831168831169,80.3342976534876,88.41958641380049,80.82843713278498,91.85193889541716,86.0481392966883,94.74223284397405,85.4000245790832,93.5602802015485,81.74181304027742,91.05247000861038,71.06048242164033,78.88387717764854,0.5948212254364863,89.36170212765956,88.29787234042553,76.97368421052636,82.89473684210526,76.44927536231884,84.05797101449275,58.58585858585856,69.36026936026936,66.66666666666666,72.5,73.607437390606,79.42216991145858,75.32467532467531,84.4155844155844,79.76827094474153,89.39393939393939,81.48496240601504,92.95112781954886,86.45833333333334,94.40104166666667,94.95798319327731,98.73949579831933,83.59884504040852,91.98023781881173,78.60314121550726,85.70120386513516,0.5924165025627705
392.0,72.97193387158785,75.12495194156094,68.1590257879656,78.13753581661891,66.57633242999096,72.05660945498343,62.4259478672986,64.23281990521328,64.99999999999999,69.41176470588235,67.0266479913686,71.79273636485178,75.06684491978609,86.61737422241623,78.2074359798564,90.48966034501233,80.93419506462986,92.52878965922444,83.82895186070334,95.03926254694434,82.53041661546024,93.57256974314858,80.11356888808719,91.64953130334919,73.5701084397279,81.72113383410048,0.5875714292183175,89.36170212765956,88.29787234042553,76.97368421052636,83.33333333333334,76.44927536231884,84.05797101449275,58.58585858585856,69.02356902356902,66.66666666666666,71.66666666666667,73.607437390606,79.27588247569746,75.32467532467531,84.29752066115702,79.76827094474153,89.39393939393939,80.16917293233084,93.04511278195488,86.45833333333334,94.40104166666667,94.95798319327731,98.73949579831933,83.33568714567166,91.97542206040745,78.47156226813883,85.62565226805245,0.591371294059589
393.0,72.99115724721261,85.15955401768551,58.001432664756436,65.20057306590257,58.13008130081301,60.97560975609757,63.5145142180095,64.26244075829383,63.44537815126047,60.168067226890756,63.216512716410406,67.15324896497404,75.59205500381971,87.1412201244134,80.00535733419049,90.3953712632594,82.72620446533493,93.0364277320799,83.43974052577674,94.16524411061796,84.1864323460735,93.6647413051493,81.18995793503908,91.68060090710398,72.20323532572473,79.41692493603901,0.5900666062557398,89.36170212765956,88.29787234042553,76.97368421052636,83.33333333333334,76.44927536231884,84.05797101449275,58.58585858585856,69.36026936026936,66.66666666666666,74.16666666666667,73.607437390606,79.84322254303753,75.32467532467531,84.29752066115702,78.78787878787878,89.39393939393939,80.16917293233084,93.04511278195488,86.45833333333334,94.40104166666667,94.95798319327731,98.73949579831933,83.13960871429911,91.97542206040745,78.37352305245255,85.90932230172248,0.5903120209984953
394.0,59.61168781237986,68.62745098039215,58.87535816618911,62.89398280802292,58.76242095754291,63.173742848539604,63.751481042654056,69.37203791469194,64.18067226890753,69.62184873949579,61.036324049534684,66.73781265822848,75.90718105423987,88.0061115355233,75.58448516018427,90.38894246223079,83.2726204465335,92.72855464159812,86.64049163537047,94.00819392284056,83.79623940027037,91.07164802752857,81.04020353931969,91.24069011794427,71.0382637944272,78.98925138808637,0.5989240538015145,89.36170212765956,88.29787234042553,76.97368421052636,83.33333333333334,76.44927536231884,82.6086956521739,58.58585858585856,68.68686868686868,61.66666666666666,70.83333333333334,72.607437390606,78.75202066922695,75.32467532467531,84.29752066115702,78.78787878787878,89.39393939393939,81.95488721804512,93.04511278195488,86.45833333333334,94.40104166666667,94.95798319327731,98.73949579831933,83.49675157144198,91.97542206040745,78.05209448102399,85.3637213648172,0.589796226847352
395.0,64.6482122260669,68.39677047289504,56.93409742120343,66.59025787965615,64.90514905149051,68.35290575127974,61.43364928909955,61.92239336492891,67.0798319327731,67.77310924369748,63.000187984126704,66.60708734249147,75.30557677616501,86.8301866201026,76.89274616950603,90.3096539162113,81.21034077555818,91.86368977673327,84.91635370433598,96.25810856947764,82.53041661546024,93.15472532874523,80.17108680820509,91.68327284225401,71.5856373961659,79.14518009237274,0.5937362318765044,64.36170212765956,88.29787234042553,76.97368421052636,83.33333333333334,76.44927536231884,84.78260869565217,58.58585858585856,70.03367003367002,66.66666666666666,75.0,68.607437390606,80.28949688061621,74.67532467532467,84.06139315230226,78.78787878787878,89.3048128342246,80.16917293233084,92.95112781954886,86.45833333333334,94.40104166666667,94.95798319327731,98.73949579831933,83.00973858442899,91.89157425421236,75.80858798751748,86.09053556741429,0.5884662017835606
396.0,70.89580930411381,77.4317570165321,66.29656160458453,66.44699140401147,54.01987353206865,58.05480277024992,61.24111374407585,65.59537914691943,63.40336134453777,64.41176470588235,63.17134390587612,66.38813900871905,74.7803666921314,86.87656880934192,77.05775206257364,88.79888567448837,80.66980023501765,93.16333725029378,83.08637760327758,94.87196995561625,86.57060341649257,93.72618901314982,80.43298000189857,91.48739014057803,71.80216195388735,78.93776457464854,0.5972605847898749,89.36170212765956,88.29787234042553,76.09649122807024,83.33333333333334,76.44927536231884,84.05797101449275,58.58585858585856,68.35016835016835,61.66666666666666,71.66666666666667,72.43199879411478,79.14120234101733,75.32467532467531,84.06139315230226,78.78787878787878,89.39393939393939,81.95488721804512,92.85714285714285,86.45833333333334,94.40104166666667,94.95798319327731,98.73949579831933,83.49675157144198,91.8906025736741,77.96437518277838,85.51590245734572,0.5890810018486125
397.0,77.48942714340639,79.93079584775087,68.01575931232092,69.69914040114614,62.0144534778681,69.07557964468532,65.78791469194316,68.42417061611374,59.810924369747866,58.94957983193277,66.62369579905729,69.21585326832577,75.23873185637892,87.93790243370076,79.35069109611055,90.60966463087968,81.69800235017628,91.68742655699177,86.49026971662686,94.89245476271765,84.42915079267544,92.23300970873787,81.44136916239361,91.47209161860556,74.03253248072545,80.34397244346567,0.5844845710256492,64.36170212765956,88.29787234042553,76.97368421052636,83.33333333333334,76.44927536231884,84.78260869565217,58.58585858585856,69.02356902356902,66.66666666666666,75.0,68.607437390606,80.08747667859602,74.67532467532467,84.06139315230226,78.78787878787878,89.21568627450979,80.16917293233084,92.85714285714285,86.45833333333334,94.40104166666667,94.95798319327731,98.73949579831933,83.00973858442899,91.85495194978819,75.80858798751748,85.97121431419211,0.5871019911097999
398.0,61.16878123798539,69.47327950788159,65.51575931232091,68.33810888252148,75.15808491418247,75.66997892201144,58.11611374407585,62.60367298578199,61.281512605041975,64.53781512605042,64.24805036272133,68.12457108484938,74.71352177234529,86.60373240205172,77.55169827493836,89.66034501232187,80.72267920094009,91.77673325499413,87.86958006145444,94.96073745305566,82.92060956126336,93.97197984515178,80.75561777418831,91.39470559351504,72.50183406845483,79.7596383391822,0.5949541707605661,64.36170212765956,88.29787234042553,76.97368421052636,83.33333333333334,76.44927536231884,85.5072463768116,58.58585858585856,68.68686868686868,66.66666666666666,76.66666666666666,68.607437390606,80.49839748082115,74.67532467532467,84.06139315230226,78.78787878787878,89.03743315508021,80.16917293233084,92.95112781954886,86.45833333333334,94.40104166666667,94.95798319327731,98.73949579831933,83.00973858442899,91.83809831838346,75.80858798751748,86.1682478996023,0.5863701821473538
399.0,67.07035755478663,72.0876585928489,58.01575931232092,59.45558739255014,70.23486901535682,77.74766636555255,67.20971563981045,68.79443127962085,58.38235294117643,58.31932773109244,64.18261089269024,67.28093427233298,75.86898395721924,86.74833569791552,77.71134683381547,90.70823957998499,81.91539365452411,92.71680376028203,85.00512120177535,94.38033458518265,83.3108025070665,94.64175986235713,80.76232963088015,91.83909469714447,72.47247026178519,79.56001448473873,0.5892288381078595,64.36170212765956,88.29787234042553,76.97368421052636,83.33333333333334,76.44927536231884,85.5072463768116,58.58585858585856,68.01346801346801,66.66666666666666,76.66666666666666,68.607437390606,80.36371734614102,74.67532467532467,83.94332939787485,78.78787878787878,89.03743315508021,81.95488721804512,92.85714285714285,86.45833333333334,94.40104166666667,94.95798319327731,98.73949579831933,83.36688144157185,91.79568857501678,75.98715941608893,86.0797029605789,0.5856325417073804
400.0,74.89427143406382,80.96885813148789,62.012893982808016,70.58739255014326,63.685636856368546,65.46221017765733,61.100414691943136,60.796800947867304,59.76890756302517,69.07563025210084,64.29242490564174,69.37817841185134,75.6779984721161,90.19153115791771,78.69495339119251,88.38744240865746,81.5334900117509,91.82843713278497,82.5469443496074,94.72516217138956,84.91458768587931,93.8122158043505,80.67359478210925,91.78895773502003,72.4830098438755,80.58356807343569,0.5863226803203461,64.36170212765956,88.29787234042553,77.85087719298251,83.33333333333334,70.28985507246377,85.5072463768116,60.101010101010075,69.6969696969697,66.66666666666666,75.83333333333333,67.85402223215651,80.53375101617469,74.02597402597402,83.94332939787485,76.8270944741533,88.94830659536542,80.16917293233084,92.85714285714285,86.45833333333334,94.40104166666667,93.48739495798318,98.73949579831933,82.19359394475494,91.77786326307383,75.02380808845572,86.15580713962426,0.5840223209163389
401.0,67.24336793540945,75.89388696655132,70.80229226361031,76.44699140401147,64.90514905149051,74.2848539596507,63.37381516587681,66.20260663507109,60.58823529411761,71.47058823529412,65.38257194210095,72.85978544011576,75.84988540870893,85.73065589872313,74.76909889638912,90.549662487946,82.56756756756756,92.47238542890716,84.90781836804372,94.64322294298395,86.23264102248986,95.40371144156322,80.86540225263984,91.7599276400247,73.12398709737039,82.30985654007023,0.5783973515395802,65.4255319148936,88.29787234042553,79.6052631578948,83.33333333333334,72.46376811594205,85.5072463768116,60.101010101010075,70.03367003367003,65.83333333333331,75.83333333333333,68.68578132461477,80.60109108351476,74.02597402597402,83.94332939787485,76.8270944741533,88.94830659536542,80.16917293233084,92.85714285714285,86.45833333333334,94.40104166666667,94.95798319327731,98.73949579831933,82.48771159181376,91.77786326307383,75.58674645821426,86.18947717329429,0.5826927286221293
402.0,72.62591311034218,80.27681660899654,61.72636103151863,64.14040114613181,64.453477868112,77.56699789220114,65.03258293838866,65.77310426540284,58.508403361344506,67.26890756302521,64.4693476619412,71.00524549515151,75.99312452253628,88.13980137509549,77.38562091503265,89.87892424729453,81.42185663924796,92.737955346651,84.42130419938549,94.40764766131787,83.55352095366844,95.09032813076072,80.55508544597416,92.05093135222393,72.51221655395767,81.52808842368772,0.5802882020208843,65.4255319148936,88.29787234042553,78.72807017543865,83.33333333333334,72.46376811594205,85.5072463768116,60.101010101010075,69.69696969696969,66.66666666666666,75.83333333333333,68.6770093947902,80.53375101617469,74.02597402597402,83.94332939787485,76.8270944741533,88.94830659536542,81.95488721804512,92.85714285714285,86.45833333333334,94.40104166666667,94.95798319327731,98.73949579831933,82.84485444895662,91.77786326307383,75.76093192187341,86.15580713962426,0.582326226607751
403.0,74.35601691657057,73.54863514033065,66.43982808022922,68.58166189111748,63.41463414634144,69.9488105992171,58.590047393364955,63.68483412322274,61.974789915966355,68.69747899159664,64.95506329049451,68.89228414909692,75.55385790679907,86.05533122339845,77.38883531554697,89.88321011464694,83.37837837837839,93.3560517038778,84.27108228064188,95.57869580061453,82.53041661546025,95.23165785916186,80.62451409936531,92.02098934033992,72.78978869492991,80.45663674471842,0.5867093319814328,64.36170212765956,88.29787234042553,78.72807017543865,82.89473684210526,70.28985507246377,85.5072463768116,60.101010101010075,69.02356902356902,66.66666666666666,75.83333333333333,68.02946082864773,80.31135158324895,74.02597402597402,83.94332939787485,76.8270944741533,89.03743315508021,81.95488721804512,92.85714285714285,86.45833333333334,94.27083333333334,94.95798319327731,98.73949579831933,82.84485444895662,91.76964690835011,75.43715763880218,86.04049924579954,0.5817730254893669
404.0,77.31641676278355,77.47020376778163,61.661891117478504,67.72206303724928,70.64137308039746,69.19602529358627,66.73578199052136,66.73578199052133,60.50420168067223,70.96638655462183,67.3719329263706,70.41809212875208,74.48433919022153,86.96114809560189,76.56916318439943,90.38679952855459,81.85663924794359,93.4876615746181,84.46568794810517,94.35984977808126,83.06808406046456,93.41895047314735,80.08878272622685,91.72288189000064,73.73035782629873,81.07048700937636,0.5854122302492536,65.4255319148936,88.29787234042553,78.72807017543865,82.89473684210526,72.46376811594205,85.5072463768116,60.101010101010075,69.36026936026936,66.66666666666666,75.83333333333333,68.6770093947902,80.378691650589,74.02597402597402,83.94332939787485,76.8270944741533,88.94830659536542,81.95488721804512,92.85714285714285,86.45833333333334,94.27083333333334,94.95798319327731,98.73949579831933,82.84485444895662,91.75182159640717,75.76093192187341,86.06525662349809,0.5807777209015391
405.0,74.52902729719341,80.08458285274894,67.44269340974212,74.0974212034384,69.64769647696477,71.9361638060825,62.75918246445499,70.80864928909952,63.487394957983156,69.74789915966387,67.57319892126768,73.33494326220665,74.67532467532466,87.38950125504748,77.87849566055928,90.29036751312547,82.7262044653349,92.94242068155111,86.58757255035849,95.86889723455104,84.67186923927737,94.24234976035393,81.30789331817093,92.14670728892581,74.4405461197193,82.74082527556624,0.5707509251987061,65.4255319148936,88.29787234042553,79.6052631578948,82.89473684210526,74.6376811594203,85.5072463768116,60.101010101010075,70.03367003367003,65.83333333333331,76.66666666666666,69.12056393331042,80.68003845193581,73.37662337662337,83.94332939787485,76.8270944741533,88.94830659536542,80.16917293233084,92.85714285714285,86.45833333333334,94.27083333333334,94.95798319327731,98.73949579831933,82.35784146194364,91.75182159640717,75.73920269762704,86.21593002417148,0.5784982762075137
406.0,68.62745098039217,77.8546712802768,67.9512893982808,72.69340974212034,68.15718157181571,71.69527250828064,59.67861374407586,67.10604265402844,61.281512605041975,63.4453781512605,65.1392096599213,70.55895486719335,75.04774637127578,87.92426061333624,79.35176256294866,90.20250723240115,83.70740305522915,92.50763807285547,84.96073745305567,95.40116080573576,82.67789111466143,94.64175986235713,81.14910811143413,92.13546531733714,73.14415888567771,81.34721009226524,0.5754736953607105,65.4255319148936,88.29787234042553,79.6052631578948,82.89473684210526,74.6376811594203,86.23188405797102,60.101010101010075,70.03367003367003,65.83333333333331,77.49999999999999,69.12056393331042,80.99163265483438,72.72727272727273,83.82526564344747,76.8270944741533,88.94830659536542,80.16917293233084,92.85714285714285,86.45833333333334,94.27083333333334,93.48739495798318,98.73949579831933,81.93385368501467,91.72820884552168,75.52720880916254,86.35992075017802,0.577258203749785
407.0,52.65282583621684,60.16916570549788,64.4484240687679,70.22922636103152,62.601626016260155,66.15477265883769,67.54295023696686,74.06694312796209,61.974789915966355,66.42857142857143,61.84412321483562,67.40973585638012,74.06417112299464,88.8519043981229,77.71777563484407,89.14175506268082,82.50881316098709,93.70387779083431,87.02970297029707,95.90645271423695,83.01585350866414,95.52660685756422,80.8672632795574,92.62611936468784,71.35569324719651,80.01792761053397,0.5820154212905149,65.4255319148936,88.29787234042553,78.72807017543865,82.45614035087719,72.46376811594205,86.95652173913044,60.101010101010075,70.37037037037037,61.66666666666666,76.66666666666666,67.6770093947902,80.94951429349403,74.67532467532467,83.82526564344747,76.8270944741533,88.94830659536542,80.16917293233084,92.85714285714285,86.45833333333334,94.27083333333334,93.48739495798318,98.73949579831933,82.32346407462508,91.72820884552168,75.00023673470764,86.33886156950786,0.5764522362475983
408.0,78.35447904652058,82.81430219146482,71.3753581661891,78.83954154727793,70.82204155374886,73.02017464619091,64.22541469194314,74.9851895734597,61.28151260504199,65.7983193277311,69.21176121268874,75.09150545722488,73.3288770053476,87.21215759030886,78.52994749812493,89.60677167041679,83.05522914218568,91.24089306698002,82.2465005121202,93.57801297371117,83.55352095366844,94.35910040555487,80.14281502228937,91.19938714139434,74.67728811748906,83.14544629930961,0.5741445776618445,65.4255319148936,88.29787234042553,80.48245614035092,82.45614035087719,74.6376811594203,86.95652173913044,60.101010101010075,70.70707070707071,65.83333333333331,78.33333333333333,69.29600252980164,81.35018769416743,72.07792207792207,83.70720188902008,75.84670231729056,89.03743315508021,78.85338345864663,92.85714285714285,86.45833333333334,94.27083333333334,93.48739495798318,98.73949579831933,81.34474722903515,91.72242140657916,75.3203748794184,86.5363045503733,0.5747878276406095
409.0,75.0480584390619,79.96924259900038,67.23495702005731,72.32091690544412,65.4471544715447,73.17073170731707,61.0041469194313,62.87026066350712,64.91596638655459,70.63025210084032,66.73005664732997,71.7922807952218,74.83766233766234,87.5723016479319,77.71348976749168,90.45537340619308,80.4994124559342,92.66980023501763,85.11095937179927,95.38750426766815,87.68895170210152,94.39596903035518,81.1700951269978,92.09618971743319,73.95007588716388,81.94423525632749,0.5695212205280318,65.4255319148936,88.29787234042553,80.48245614035092,82.45614035087719,74.6376811594203,86.95652173913044,60.101010101010075,70.70707070707071,65.83333333333331,78.33333333333333,69.29600252980164,81.35018769416743,70.77922077922078,83.70720188902008,75.84670231729056,89.03743315508021,78.85338345864663,92.85714285714285,86.45833333333334,94.27083333333334,93.48739495798318,98.73949579831933,81.08500696929488,91.72242140657916,75.19050474954827,86.5363045503733,0.5739783010434328
410.0,78.33525567089582,82.85274894271434,71.16762177650429,71.73352435530086,73.89340560072266,76.66365552544414,61.100414691943136,64.55864928909952,64.22268907563023,75.16806722689076,69.74387736313922,74.19532906788992,75.02864782276546,88.55178435010367,77.87742419372118,89.2060430729669,81.5334900117509,93.3913043478261,86.7377944691021,95.77671560259475,81.0741059358486,93.36364753594691,80.45029248663765,92.05789898188769,75.09708492488843,83.1266140248888,0.5681851346882004,67.55319148936168,88.29787234042553,80.48245614035092,82.45614035087719,74.6376811594203,86.95652173913044,60.101010101010075,71.04377104377105,69.99999999999999,78.33333333333333,70.5548677780286,81.4175277615075,70.12987012987011,83.82526564344747,75.84670231729056,89.03743315508021,78.85338345864663,92.85714285714285,86.45833333333334,94.27083333333334,93.48739495798318,98.73949579831933,80.95513683942477,91.74603415746465,75.75500230872669,86.58178095948608,0.572782678112471
411.0,82.50672818146869,91.61860822760477,73.8753581661891,75.8022922636103,70.37037037037037,75.27853056308341,59.49348341232229,64.51421800947868,63.44537815126047,61.1764705882353,69.93826365632218,73.67802393040249,75.5729564553094,87.52046273054677,76.07628843887278,89.6003428693882,83.37837837837839,92.78730904817861,87.77227722772278,96.36394673950153,87.54147720290034,95.90758264716726,82.06827554063673,92.43592880695647,76.00326959847945,83.05697636867947,0.5654000839603602,66.48936170212764,88.29787234042553,80.48245614035092,82.45614035087719,74.6376811594203,86.95652173913044,60.101010101010075,70.70707070707071,61.66666666666666,77.49999999999999,68.67543515391512,81.18352102750077,70.77922077922078,83.82526564344747,75.84670231729056,89.03743315508021,78.85338345864663,92.85714285714285,86.45833333333334,94.27083333333334,94.95798319327731,98.73949579831933,81.37912461635372,91.74603415746465,75.02727988513442,86.4647775924827,0.571840579950562
412.0,86.159169550173,88.35063437139561,64.01862464183381,71.79083094555874,64.58897922312555,73.44173441734418,65.4102488151659,69.93483412322274,59.03361344537811,63.739495798319325,67.84212713513527,73.45150593116811,74.50343773873186,88.96376732511186,78.3692274724097,89.66891674702669,82.02115158636899,93.47356051703879,85.80061454421305,95.10071696824855,83.3108025070665,93.53570111834829,80.80104676975802,92.14853253515483,74.32158695244664,82.80001923316146,0.5646650912782345,67.55319148936168,88.29787234042553,67.9824561403509,82.45614035087719,74.6376811594203,86.95652173913044,60.101010101010075,71.71717171717171,69.99999999999999,76.66666666666666,68.0548677780286,81.21887456285431,70.12987012987011,83.82526564344747,75.84670231729056,89.12655971479501,78.85338345864663,92.85714285714285,86.45833333333334,94.27083333333334,93.48739495798318,98.73949579831933,80.95513683942477,91.7638594694076,74.50500230872669,86.49136701613097,0.5695511866416829
413.0,81.81468665897734,86.77431757016532,65.30802292263608,72.27793696275072,76.73893405600721,77.53688647997592,62.28524881516591,70.98637440758294,66.38655462184873,67.85714285714286,70.50668941492707,75.08653165552354,74.81856378915202,88.54359925788498,76.89381763634414,90.60966463087968,81.37485311398358,91.98824911868391,86.6319562990782,95.25093888699215,83.21555855966572,92.70615706034165,80.58694987964473,91.81972179095646,75.5468196472859,83.45312672324,0.5603884663900225,67.55319148936168,88.29787234042553,67.9824561403509,82.45614035087719,76.81159420289856,86.23188405797102,60.101010101010075,71.71717171717171,69.99999999999999,77.5,68.48965038672425,81.24061369328908,70.12987012987011,83.82526564344747,75.84670231729056,89.12655971479501,80.16917293233084,92.85714285714285,86.45833333333334,94.27083333333334,93.48739495798318,98.73949579831933,81.2182947341616,91.7638594694076,74.85397256044293,86.50223658134834,0.5682097610247682
414.0,83.5447904652057,88.38908112264512,68.810888252149,75.64469914040114,74.07407407407406,77.59710930442638,69.009182464455,74.20023696682463,67.12184873949579,77.05882352941175,72.51215679907591,78.57799001274181,73.81588999236057,89.34573829531813,77.38562091503265,91.91685417336333,83.00235017626323,92.29142185663923,86.43735063161492,95.66404916353704,85.84244807668676,94.01499324075212,81.29673195839163,92.64661134592197,76.90444437873377,85.6123006793319,0.5535351726800344,67.55319148936168,88.29787234042553,80.48245614035092,82.45614035087719,74.6376811594203,86.95652173913044,60.101010101010075,71.38047138047138,65.83333333333331,76.66666666666666,69.72153444469527,81.15153449551424,70.12987012987011,83.82526564344747,75.84670231729056,89.03743315508021,78.85338345864663,92.85714285714285,86.45833333333334,94.27083333333334,93.48739495798318,98.73949579831933,80.95513683942477,91.74603415746465,75.33833564206002,86.44878432648945,0.5667656965953516
415.0,87.0242214532872,85.62091503267973,62.60028653295128,68.2378223495702,65.6278229448961,73.3815115928937,69.009182464455,70.69016587677724,61.974789915966355,70.42016806722688,69.24726066231118,73.67011658382955,75.1527883880825,89.62130306668121,78.20422157934209,90.22179363548697,81.26321974148061,92.05170387779084,84.02355752816663,94.32229429839536,81.9497357748556,94.44512719675558,80.11870460238548,92.132444415022,74.68298263234833,82.90128049942578,0.5708856524502507,67.55319148936168,88.29787234042553,80.48245614035092,82.89473684210526,74.6376811594203,86.95652173913044,60.101010101010075,70.37037037037037,65.83333333333331,77.5,69.72153444469527,81.20390025840632,70.12987012987011,83.82526564344747,75.84670231729056,89.03743315508021,80.16917293233084,92.85714285714285,86.45833333333334,94.27083333333334,93.48739495798318,98.73949579831933,81.2182947341616,91.74603415746465,75.46991458942844,86.47496720793549,0.5650148410617234
416.0,76.77816224529028,81.35332564398308,66.45415472779369,75.20057306590257,68.74435411020775,78.41011743450767,60.8634478672986,64.06990521327015,64.34873949579828,67.14285714285715,67.43777168927772,73.23535570010412,77.27272727272727,88.71002946633199,78.0456444873031,90.76609878924248,82.94947121034079,93.17508813160987,86.34004779788324,95.42847388187093,86.32788496989062,92.66928843554135,82.187155147629,92.14979574091933,74.81246341845336,82.69257572051173,0.5640491792237864,68.61702127659572,88.29787234042553,80.48245614035092,83.33333333333334,74.6376811594203,86.95652173913044,60.101010101010075,71.04377104377103,69.99999999999999,79.16666666666666,70.7676337354754,81.75963302466539,70.12987012987011,83.70720188902007,76.82709447415331,89.03743315508021,80.16917293233084,92.85714285714285,86.45833333333334,94.27083333333334,93.48739495798318,98.73949579831933,81.41437316553416,91.72242140657916,76.09100345050479,86.74102721562227,0.5638325119007486
417.0,71.91464821222607,79.66166858900424,58.09455587392549,69.02578796561605,69.9638663053297,74.73652514302921,65.17328199052135,71.47511848341233,64.13865546218484,67.56302521008404,65.85700156883749,72.49242507822918,75.21963330786858,87.02662883335152,77.88063859423548,90.77467052394728,82.24441833137487,92.77790834312573,86.24274496415161,94.93342437692046,85.11429273688093,93.92282167875138,81.3403455869023,91.88709075121929,73.5986735778699,82.18975791472423,0.5684243635283585,68.61702127659572,88.29787234042553,80.48245614035092,83.33333333333334,74.6376811594203,86.95652173913044,60.101010101010075,71.38047138047136,65.83333333333331,78.33333333333333,69.93430040214206,81.6603064253388,70.12987012987011,83.58913813459269,76.82709447415331,89.03743315508021,80.16917293233084,92.76315789473685,84.89583333333334,94.27083333333334,93.48739495798318,98.73949579831933,81.10187316553416,91.68001166321248,75.5180867838381,86.67015904427564,0.5626442774957742
418.0,76.77816224529028,85.39023452518262,69.09742120343839,75.91690544412607,67.88617886178861,76.84432399879555,66.9727488151659,72.30450236966826,67.85714285714285,74.41176470588235,69.7183307965652,76.97354620873098,75.23873185637892,88.08523409363745,78.3670845387335,91.76684881602914,82.94947121034079,92.95417156286722,88.01980198019804,95.59918060771595,84.96681823767975,94.30379746835443,81.9083815646662,92.54184650972084,75.8133561806157,84.75769635922592,0.5482273902165404,68.61702127659572,88.29787234042553,67.9824561403509,83.33333333333334,76.81159420289856,86.95652173913044,60.101010101010075,71.38047138047136,69.99999999999999,78.33333333333333,68.70241634417104,81.6603064253388,70.12987012987011,83.58913813459269,76.82709447415331,88.94830659536542,80.16917293233084,92.76315789473685,82.81250000000001,94.27083333333334,93.48739495798318,98.73949579831933,80.6852064988675,91.66218635126954,74.69381142151927,86.66124638830416,0.5614983267005017
419.0,71.39561707035756,74.81737793156478,69.09742120343839,76.34670487106017,69.55736224028905,72.53839205058716,64.08471563981045,67.18009478672985,70.02100840336134,75.29411764705883,68.83122491145136,73.23533745740016,74.50343773873185,86.68012659609299,77.38883531554697,89.17175613414766,83.38425381903645,92.76850763807286,83.87333560942302,94.99487879822466,87.01302691409612,94.60489123755684,81.23257787936689,91.644032080819,75.03190139540912,82.43968476910959,0.5678770482567279,68.61702127659572,88.29787234042553,80.48245614035092,83.33333333333334,74.6376811594203,86.23188405797102,60.101010101010075,70.70707070707071,69.99999999999999,78.33333333333333,70.7676337354754,81.38069875442679,70.12987012987011,83.58913813459269,76.82709447415331,88.94830659536542,80.16917293233084,92.76315789473685,84.89583333333334,94.27083333333334,93.48739495798318,98.73949579831933,81.10187316553416,91.66218635126954,75.93475345050479,86.52144255284816,0.5602364071768623
420.0,65.66705113417918,78.77739331026528,66.7406876790831,76.86246418338108,62.1951219512195,66.39566395663957,64.22541469194314,70.43838862559242,57.68907563025208,62.64705882352941,63.303470217335395,71.02419377988154,74.16921313980137,88.292589763178,77.38669238187076,89.88321011464694,82.46180963572269,93.45005875440657,86.53465346534655,95.78695800614544,79.95575765023966,91.01634509032812,80.1016252545962,91.685832345741,71.7025477359658,81.35501306281128,0.5711929879132852,68.61702127659572,88.29787234042553,80.48245614035092,83.33333333333334,74.6376811594203,86.95652173913044,60.101010101010075,70.70707070707071,65.83333333333331,78.33333333333333,69.93430040214206,81.52562629065866,70.12987012987011,83.47107438016529,76.82709447415331,88.94830659536542,80.16917293233084,92.76315789473685,84.89583333333334,94.27083333333334,93.48739495798318,98.73949579831933,81.10187316553416,91.63857360038405,75.5180867838381,86.58209994552135,0.5590844149581875
421.0,72.26066897347174,83.77547097270279,69.878223495702,75.51575931232092,75.4742547425474,83.10749774164408,65.98045023696685,67.9946682464455,67.85714285714283,75.88235294117646,70.29014806116616,77.25514984285795,74.18831168831169,88.3007748553967,77.71670416800598,90.40180006428801,82.13278495887194,92.24441833137486,87.37453055650396,95.91669511778764,82.58264716726067,94.30379746835442,80.79899570779085,92.23349716744033,75.5445718844785,84.74432350514914,0.551345445159895,68.61702127659572,88.29787234042553,80.48245614035092,82.89473684210526,74.6376811594203,86.95652173913044,60.101010101010075,71.04377104377105,69.99999999999999,78.33333333333333,70.7676337354754,81.50524705975312,70.12987012987011,83.3530106257379,76.82709447415331,88.94830659536542,80.16917293233084,92.76315789473685,86.97916666666669,94.40104166666666,93.48739495798318,98.73949579831933,81.51853983220083,91.64100251616523,76.14308678383811,86.57312478795917,0.5574687009479808
422.0,77.98923490965014,85.65936178392926,63.66762177650429,71.01719197707736,73.44173441734415,80.06624510689551,68.29828199052135,74.40758293838863,62.66806722689072,70.29411764705881,69.21298806418213,76.28889989066991,72.64132925897631,88.0115682636691,77.88278152791169,89.25318761384337,81.59224441833139,90.54994124559342,87.02970297029707,95.66404916353704,85.11429273688091,94.26078407275409,80.85207018247948,91.5479060718794,75.0325291233308,83.91840298127465,0.5543103058806331,68.61702127659572,88.29787234042553,80.48245614035092,82.89473684210526,74.6376811594203,86.95652173913044,60.101010101010075,70.37037037037037,69.99999999999999,78.33333333333333,70.7676337354754,81.37056692507299,70.77922077922078,83.3530106257379,76.82709447415331,88.94830659536542,80.16917293233084,92.76315789473685,84.89583333333334,94.40104166666666,93.48739495798318,98.73949579831933,81.2317432954043,91.64100251616523,75.99968851543986,86.50578472061912,0.5561225837965522
423.0,71.5686274509804,79.2387543252595,81.67621776504296,88.23782234957021,68.15718157181571,70.46070460704607,70.0977488151659,72.7340047393365,65.60924369747897,72.47899159663865,71.42180386009679,76.63005552357018,74.65622612681435,88.33351522427154,78.86424515161254,90.36751312546876,81.70387779083433,92.50293772032903,88.10856947763745,95.50017070672585,84.7240997910778,93.25918643234607,81.6114036675953,91.99266464182824,76.51660376384604,84.31136008269921,0.5523550572385987,68.61702127659572,88.29787234042553,80.48245614035092,82.89473684210526,74.6376811594203,86.95652173913044,61.616161616161605,70.03367003367003,69.99999999999999,77.5,71.07066403850571,81.13656019106625,70.12987012987011,83.3530106257379,76.82709447415331,88.94830659536542,80.16917293233084,92.76315789473685,82.81250000000001,94.40104166666666,93.48739495798318,98.73949579831933,80.6852064988675,91.64100251616523,75.8779352686866,86.38878135361574,0.5550391860765107
424.0,66.7051134179162,77.93156478277585,64.24068767908308,72.44985673352436,66.260162601626,72.387834989461,60.72274881516589,66.63210900473933,63.44537815126047,72.98319327731093,64.27481813301033,72.4769117575623,75.84988540870893,88.31441667576121,78.86103075109823,90.84110146790957,82.62632197414807,92.77555816686251,83.03345851826565,94.56128371457837,83.21555855966572,94.38367948875508,80.71725104237733,92.17520790277335,72.49603458769383,82.32605983016782,0.5603091284983902,68.61702127659572,88.29787234042553,80.48245614035092,83.77192982456141,74.6376811594203,86.95652173913044,60.101010101010075,70.70707070707071,69.99999999999999,77.5,70.7676337354754,81.44667892223762,70.77922077922078,83.23494687131051,76.82709447415331,88.94830659536542,80.16917293233084,92.76315789473685,82.81250000000001,94.40104166666666,93.48739495798318,98.73949579831933,80.81507662873761,91.61738976527974,75.79135518210651,86.53203434375868,0.5538787696908095
425.0,82.67973856209152,88.1199538638985,70.1647564469914,72.04871060171921,71.4092140921409,74.88708220415538,58.2123815165877,61.92239336492891,61.974789915966355,73.86554621848738,68.88817610675558,74.16873725063788,76.22230710466005,88.77823856815453,76.57130611807563,90.38894246223079,83.49588719153938,93.09988249118683,86.72925913280986,94.76954592010925,86.52759002089223,94.29150792675432,81.90926991359542,92.26562347368714,75.3987230101755,83.21718036216251,0.5559983196564976,69.68085106382976,88.29787234042553,80.48245614035092,83.77192982456141,74.6376811594203,86.23188405797102,60.101010101010075,70.37037037037037,69.99999999999999,78.33333333333333,70.98039969292222,81.40107798533232,70.77922077922078,83.3530106257379,77.80748663101605,88.94830659536542,80.16917293233084,92.76315789473685,84.89583333333334,94.40104166666666,93.48739495798318,98.73949579831933,81.42782172677684,91.64100251616523,76.20411070984953,86.52104025074877,0.5525271759827781
426.0,84.9288735101884,86.9281045751634,80.24355300859598,79.29799426934096,76.1065943992773,81.8729298404095,63.136848341232245,72.45260663507109,66.26050420168065,75.71428571428571,74.13527469219491,79.25318420685413,73.77769289533995,88.8573611262687,78.86424515161254,90.43822993678346,81.82138660399531,92.03055229142186,86.67634004779788,95.76988733356094,84.3861373970751,92.93965835074353,81.10516041916415,92.0071378077557,77.62021755567953,85.6301610073049,0.5438292147602186,69.68085106382976,88.29787234042553,80.48245614035092,83.33333333333334,76.81159420289856,87.68115942028986,61.616161616161605,70.37037037037037,74.16666666666667,77.5,72.5515459379815,81.43654709288383,70.77922077922078,83.11688311688312,76.82709447415331,89.03743315508021,80.16917293233084,92.76315789473685,82.81250000000001,94.40104166666666,93.48739495798318,98.73949579831933,80.81507662873761,91.61160232633725,76.68331128335956,86.52407470961055,0.5508002512702667
427.0,79.37331795463285,86.85121107266436,72.88681948424069,76.64756446991404,65.85365853658537,73.23095453176755,72.23045023696686,73.84478672985782,67.77310924369748,67.52100840336135,71.62347109122466,75.61910504151302,75.76394194041252,88.72639965076941,77.55705560912888,89.33461909353906,83.81903642773207,93.81198589894242,85.15534312051896,96.27176510754524,83.26778911146616,93.79378149195037,81.11263324185173,92.38771024854928,76.36805216653819,84.00340764503116,0.5483790008455169,69.68085106382976,88.29787234042553,80.48245614035092,83.77192982456141,76.81159420289856,86.95652173913044,63.13131313131311,70.7070707070707,74.16666666666667,78.33333333333333,72.85457624101181,81.61334558890427,70.77922077922078,83.23494687131051,76.82709447415331,89.03743315508021,80.16917293233084,92.76315789473685,82.81250000000001,94.40104166666666,93.48739495798318,98.73949579831933,80.81507662873761,91.63521507722271,76.83482643487471,86.6242803330635,0.5505430288654305
428.0,67.74317570165321,82.5836216839677,62.8080229226361,69.09742120343839,63.59530261969286,73.2008431195423,62.61848341232229,65.1510663507109,71.44957983193278,74.2016806722689,65.64291289764745,72.84692660598564,73.20473644003056,87.25581141547528,79.68606021643629,90.80895746276653,82.89659224441833,93.12573443008225,86.72925913280984,94.82758620689656,86.9607963622957,95.20093400516161,81.89548887919814,92.24380470407645,73.7692008884228,82.54536565503105,0.5526141944557129,69.68085106382976,88.29787234042553,80.48245614035092,83.77192982456141,76.81159420289856,86.95652173913044,60.101010101010075,70.7070707070707,69.99999999999999,77.5,71.41518230161788,81.44667892223761,70.77922077922078,83.11688311688312,76.82709447415331,89.03743315508021,80.16917293233084,92.76315789473685,82.81250000000001,94.40104166666666,93.48739495798318,98.73949579831933,80.81507662873761,91.61160232633725,76.11512946517774,86.52914062428744,0.5495973890885104
429.0,78.50826605151865,89.4655901576317,75.10028653295126,79.48424068767909,66.03432700993676,71.27371273712737,56.79058056872041,66.55805687203791,67.77310924369748,70.88235294117646,68.84131388136493,75.5327906791305,74.3601986249045,89.65131507148314,80.00857173470479,90.84967320261438,80.45828437132786,92.66039952996475,88.16148856264938,94.44861727552065,83.0250706648642,93.49883249354798,81.20272279169015,92.22176751462618,75.02201833652754,83.87727909687834,0.5496089456267393,69.68085106382976,88.29787234042553,79.6052631578948,83.77192982456141,74.6376811594203,86.23188405797102,58.58585858585856,70.37037037037037,61.66666666666666,77.49999999999999,68.83526412673402,81.23441131866566,70.77922077922078,83.11688311688312,77.80748663101605,89.03743315508021,80.16917293233084,92.76315789473685,86.45833333333334,94.27083333333334,93.48739495798318,98.73949579831933,81.74032172677684,91.58556065967056,75.28779292675543,86.40998598916812,0.54886839527652
430.0,77.47020376778163,84.159938485198,72.88681948424066,79.82808022922636,74.25474254742545,75.30864197530865,68.29828199052135,75.90343601895735,65.69327731092436,71.38655462184875,71.7206650201787,77.31733026610782,75.02864782276546,86.30634071810542,79.19211400407154,89.97321332904747,83.8190364277321,93.49706227967097,88.10856947763743,96.53806759986342,84.7240997910778,94.5618778419565,82.17449350465688,92.17531235372876,76.94757926241779,84.74632130991829,0.5422987211745013,69.68085106382976,88.29787234042553,79.6052631578948,83.77192982456141,76.81159420289856,86.23188405797102,58.58585858585856,70.37037037037037,69.99999999999999,77.5,70.93671340209633,81.23441131866566,70.77922077922078,83.11688311688312,77.80748663101605,89.12655971479502,80.16917293233084,92.76315789473685,86.45833333333334,94.27083333333334,93.48739495798318,98.73949579831933,81.74032172677684,91.60338597161353,76.33851756443659,86.41889864513959,0.5474700708867767
431.0,67.05113417916188,79.2387543252595,80.10028653295129,85.84527220630372,74.88708220415535,82.62571514604035,64.321682464455,71.51954976303317,63.3613445378151,77.85714285714285,69.94430598370772,79.41728685955592,75.95492742551565,88.78642366037323,79.51783992285436,90.60537876352728,84.25969447708579,93.01057579318449,84.11232502560603,94.21645612837145,86.86555241489494,94.91827454835935,82.14206785319135,92.30742177876316,76.04318691844954,85.86235431915954,0.5377327109742159,69.68085106382976,88.29787234042553,80.48245614035092,83.77192982456141,76.81159420289856,86.23188405797102,61.616161616161605,70.7070707070707,74.16666666666667,79.16666666666666,72.5515459379815,81.63508471933906,70.77922077922078,83.23494687131051,76.82709447415331,89.03743315508021,80.16917293233084,92.76315789473685,82.81250000000001,94.27083333333334,93.48739495798318,98.73949579831933,80.81507662873761,91.60917341055605,76.68331128335956,86.62212906494756,0.5458782815692407
432.0,79.37331795463285,87.15878508266051,73.03008595988537,79.79942693409741,79.62962962962962,84.34206564287865,67.9206161137441,76.33293838862559,68.55042016806722,71.9327731092437,73.70081396519183,79.91319783150118,73.9209320091673,88.24893593801157,77.06310939676413,90.09750348226723,83.17273795534666,91.9177438307873,85.9866848753841,94.94708091498805,85.89467862848717,95.70480521076566,81.20762857302988,92.18321387536395,77.45422126911086,86.04820585343256,0.5328765759015117,69.68085106382976,88.29787234042553,80.48245614035092,83.77192982456141,78.98550724637681,86.23188405797102,63.13131313131311,70.7070707070707,74.16666666666667,78.33333333333333,73.28935884970745,81.46841805267239,70.77922077922078,83.11688311688312,76.82709447415331,89.03743315508021,80.16917293233084,92.76315789473685,84.89583333333334,94.140625,92.01680672268907,98.73949579831933,80.93762564834546,91.55951899300389,77.11349224902645,86.51396852283814,0.5441591092570313
433.0,73.47174163783161,83.31410995770857,65.81661891117479,75.37249283667622,67.47967479674794,74.07407407407408,70.43098341232229,73.40047393364928,72.8781512605042,82.10084033613445,70.01543400371617,77.65239822764852,76.70932009167302,89.35119502346393,76.24450873245472,89.80177863495125,83.44300822561695,91.668625146886,86.67634004779788,95.29190850119494,84.96681823767975,94.43283765515547,81.60799906704446,92.10926899233031,75.81171653538031,84.88083360998942,0.5395680985464228,69.68085106382976,88.29787234042553,80.48245614035092,83.77192982456141,78.98550724637681,86.23188405797102,63.13131313131311,70.7070707070707,74.16666666666667,79.16666666666666,73.28935884970745,81.63508471933906,70.77922077922078,83.11688311688312,76.82709447415331,89.12655971479502,80.16917293233084,92.76315789473685,82.81250000000001,94.27083333333334,93.48739495798318,98.73949579831933,80.81507662873761,91.60338597161353,77.05221773922253,86.6192353454763,0.5430510439373207
434.0,81.62245290272972,89.38869665513265,73.81088825214898,82.49283667621776,74.25474254742545,79.55435109906655,70.05331753554506,73.385663507109,67.12184873949579,72.73109243697479,73.372649995469,79.51052807490014,73.18563789152024,86.75379242606134,76.0827172399014,90.29679631415408,83.3901292596945,93.33019976498235,86.09252304540802,95.86548310003414,84.09118839867273,94.23006021875385,80.56843916703937,92.09526636479714,76.97054458125419,85.80289721984863,0.5305267240451021,69.68085106382976,88.29787234042553,67.9824561403509,83.77192982456141,81.15942028985508,86.23188405797102,57.57575757575756,70.7070707070707,74.16666666666667,79.16666666666666,70.113030347292,81.63508471933906,70.77922077922078,83.11688311688312,76.82709447415331,89.12655971479502,80.16917293233084,92.76315789473685,82.81250000000001,94.27083333333334,93.48739495798318,98.73949579831933,80.81507662873761,91.60338597161353,75.4640534880148,86.6192353454763,0.5422662624920922
435.0,75.54786620530565,87.27412533640909,71.67621776504298,78.61031518624641,74.48057813911471,81.66214995483287,64.6549170616114,74.18542654028435,63.571428571428555,67.98319327731093,69.98620154850066,77.94304205901673,72.76546982429335,87.20670086216305,77.39097824922317,89.09246758812814,81.53936545240896,92.80611045828438,85.00512120177538,94.70126322977124,84.33390684527467,93.86751874155094,80.20696831459512,91.53481217597955,75.09658493154788,84.73892711749815,0.5487272203497625,69.68085106382976,88.29787234042553,80.48245614035092,83.77192982456141,78.98550724637681,86.23188405797102,63.13131313131311,70.7070707070707,74.16666666666667,79.16666666666666,73.28935884970745,81.63508471933906,71.42857142857143,83.11688311688312,76.82709447415331,89.12655971479502,80.16917293233084,92.76315789473685,84.89583333333334,94.27083333333334,93.48739495798318,98.73949579831933,81.36161342527441,91.60338597161353,77.32548613749094,86.6192353454763,0.539997985932447
436.0,86.13994617454826,89.58093041138025,63.173352435530084,72.53581661891117,69.51219512195121,78.62089732008431,67.446682464455,74.97037914691941,67.0798319327731,80.63025210084034,70.67040162585154,79.2676551196271,76.30825057295645,89.26115900905818,77.88385299474979,91.13468338154934,80.78730904817863,91.30199764982375,86.331512461591,94.69443496073745,83.9007005038712,92.25758879193806,81.04232511626942,91.72997275862136,75.85636337106048,85.49881393912423,0.5397794045417809,69.68085106382976,88.29787234042553,80.48245614035092,83.77192982456141,78.98550724637681,86.23188405797102,63.13131313131311,70.37037037037037,74.16666666666667,79.16666666666666,73.28935884970745,81.56774465199899,71.42857142857143,82.99881936245573,76.82709447415331,89.03743315508021,80.16917293233084,92.76315789473685,82.81250000000001,94.27083333333334,93.48739495798318,98.73949579831933,80.94494675860776,91.5619479087851,77.1171528041576,86.56484628039205,0.5401058426480447
437.0,79.37331795463285,93.88696655132642,73.45988538681947,78.63896848137536,74.8419150858175,80.24691358024691,71.61581753554505,74.58530805687204,69.28571428571428,70.67226890756302,73.71533004970583,79.60608511547676,74.57028265851794,88.23529411764706,77.88492446158789,89.6732026143791,83.60164512338427,92.2256169212691,85.00512120177535,95.56162512803004,86.38011552169105,93.24689689074597,81.48841779339129,91.78852713441425,77.60187392154856,85.6973061249455,0.5320248127040124,69.68085106382976,88.29787234042553,80.48245614035092,83.77192982456141,78.98550724637681,86.23188405797102,57.57575757575756,70.03367003367002,74.16666666666667,79.16666666666666,72.17824773859635,81.50040458465892,71.42857142857143,82.88075560802834,76.82709447415331,89.03743315508021,80.16917293233084,92.76315789473685,82.81250000000001,94.27083333333334,93.48739495798318,98.73949579831933,80.94494675860776,91.53833515789964,76.56159724860206,86.51936987127928,0.5388092176871881
438.0,74.85582468281432,88.88888888888889,75.81661891117477,79.67048710601719,74.66124661246612,80.8792532369768,64.1809834123223,68.72037914691944,64.9159663865546,70.54621848739495,70.88612800106642,77.74104537323947,75.7448433919022,90.11513696387645,78.70352512589733,89.8403514411229,84.25969447708579,93.4994124559342,86.63195629907821,95.70501877773985,84.7240997910778,91.91962639793535,82.01282381700825,92.21590920732174,76.44947590903735,84.97847729028061,0.5323053713374359,70.7446808510638,88.29787234042553,67.9824561403509,83.77192982456141,81.15942028985508,86.23188405797102,57.57575757575756,70.03367003367002,74.16666666666667,78.33333333333333,70.32579630473882,81.33373791799225,70.77922077922078,82.88075560802834,76.82709447415331,89.03743315508021,80.16917293233084,92.76315789473685,84.89583333333334,94.27083333333334,93.48739495798318,98.73949579831933,81.2317432954043,91.53833515789964,75.77876980007156,86.43603653794594,0.5382777117494969
439.0,87.52402921953097,91.96462898885045,71.10315186246416,72.53581661891117,79.3586269196025,82.62571514604035,61.292950236966846,72.08234597156398,60.58823529411761,68.73949579831934,71.97339870653641,77.58960050473706,74.55118411000764,89.25843064498527,76.08164577306329,89.5939140683596,80.62279670975325,91.4406580493537,87.56913622396723,95.44213041993854,87.64593830650117,94.35910040555487,81.2941402246585,92.0188467176384,76.63376946559745,84.80422361118772,0.5388854767954476,70.7446808510638,88.29787234042553,67.9824561403509,83.77192982456141,81.15942028985508,85.5072463768116,57.57575757575756,70.03367003367002,74.16666666666667,79.16666666666666,70.32579630473882,81.35547704842705,70.77922077922078,82.88075560802834,76.82709447415331,89.03743315508021,80.16917293233084,92.76315789473685,84.89583333333334,94.27083333333334,93.48739495798318,98.73949579831933,81.2317432954043,91.53833515789964,75.77876980007156,86.44690610316334,0.5376809716691295
440.0,74.85582468281432,80.62283737024221,69.67048710601719,77.49283667621776,76.28726287262872,82.2041553748871,69.10545023696686,70.70497630331754,65.65126050420166,74.03361344537815,71.11405708052575,77.01168383400855,75.46791443850267,89.87776928953399,77.88063859423548,90.41251473266902,83.70740305522915,92.57109283196239,85.69477637418915,95.04609081597815,82.1494408258572,92.95194789234363,80.98003465760273,92.17188311249744,76.04704586906425,84.591783473253,0.5404019027158828,69.68085106382976,88.29787234042553,80.48245614035092,83.77192982456141,78.98550724637681,85.5072463768116,56.060606060606034,69.69696969696969,74.16666666666667,79.16666666666666,71.87521743556604,81.28813698108698,71.42857142857143,82.76269185360094,77.80748663101605,89.03743315508021,80.16917293233084,92.76315789473685,84.89583333333334,94.27083333333334,92.01680672268907,98.73949579831933,81.26357420958814,91.51472240701415,76.56939582257709,86.40142969405056,0.5363505040502253
441.0,85.27489427143408,92.50288350634371,67.02722063037248,75.44412607449857,75.29358626919603,82.92682926829269,64.321682464455,71.62322274881517,65.73529411764703,70.71428571428571,71.53053555062091,78.64226946244717,75.51566080977845,87.73600349230601,79.52319725704487,91.05753776920605,83.66039952996475,93.20564042303172,86.37589621031071,94.84124274496415,87.16050141329728,93.51726680594813,82.44713104407921,92.07153824709121,76.98883329735006,85.3569038547692,0.5257065163544606,70.7446808510638,88.29787234042553,80.48245614035092,84.21052631578947,78.98550724637681,85.5072463768116,61.616161616161605,69.69696969696969,74.16666666666667,79.16666666666666,73.19909450412396,81.37585627933258,71.42857142857143,82.76269185360094,76.82709447415331,89.03743315508021,80.16917293233084,92.76315789473685,82.81250000000001,94.27083333333334,93.48739495798318,98.73949579831933,80.94494675860776,91.51472240701415,77.07202063136586,86.44528934317336,0.5344367118312637
442.0,81.44944252210689,91.27258746635908,67.10601719197706,75.88825214899714,76.06142728093947,81.72237277928335,67.20971563981045,77.19194312796208,67.81512605042015,80.96638655462185,71.9283457370508,81.40830841544471,75.44881588999235,88.98559423769508,77.88278152791169,89.85963784420872,81.3807285546416,92.77555816686251,84.70467736428817,94.79003072721063,87.40321985989924,95.74781860636598,81.36404463934662,92.43172791646859,76.6461951881987,86.92001816595665,0.5203582882980239,70.7446808510638,88.29787234042553,80.48245614035092,84.21052631578947,78.98550724637681,85.5072463768116,60.101010101010075,69.69696969696969,74.16666666666667,79.16666666666666,72.89606420109365,81.37585627933258,71.42857142857143,82.76269185360094,76.82709447415331,88.94830659536542,80.16917293233084,92.85714285714285,82.81250000000001,94.27083333333334,93.48739495798318,98.73949579831933,80.94494675860776,91.51569408755238,76.9205054798507,86.44577518344248,0.5325592054603571
443.0,86.83198769703961,93.11803152633603,73.60315186246417,83.63896848137536,75.24841915085815,82.77627220716653,61.90758293838865,73.26718009478674,67.81512605042015,81.68067226890756,73.08125353983414,82.89622491571444,75.09549274255156,89.53672378042126,80.66645237329901,90.77038465659489,85.22914218566395,92.66745005875441,88.0112666439058,94.83100034141346,81.6117733808529,92.79218385154235,82.12282546525464,92.11954853774527,77.60203950254439,87.50788672672985,0.5162076023378326,70.7446808510638,88.29787234042553,81.35964912280706,84.21052631578947,78.98550724637681,85.5072463768116,56.060606060606034,69.69696969696969,74.16666666666667,79.16666666666666,72.26342198950407,81.37585627933258,70.77922077922078,82.76269185360094,77.80748663101605,89.03743315508021,80.16917293233084,92.76315789473685,84.89583333333334,94.27083333333334,95.58823529411765,98.73949579831933,81.84798979400372,91.51472240701415,77.05570589175389,86.44528934317336,0.531735315873104
444.0,79.71933871587854,88.5044213763937,73.53868194842406,81.08882521489971,67.66034327009936,76.24209575429087,67.40225118483416,69.68305687203792,70.79831932773108,76.84873949579833,71.82378688939343,78.4734277426841,72.81321619556913,87.21488595438176,79.19318547090965,90.12536162005786,82.737955346651,92.44653349001176,87.22430863776034,95.80061454421303,84.29089344967433,92.33132604153866,81.2519118201129,91.58374433004062,76.53784935475316,85.02858603636236,0.5330912431454629,70.7446808510638,89.36170212765958,80.48245614035092,84.21052631578947,78.98550724637681,85.5072463768116,56.060606060606034,69.69696969696969,74.16666666666667,79.16666666666666,72.08798339301285,81.5886222367794,70.77922077922078,82.76269185360094,77.80748663101605,89.03743315508021,80.16917293233084,92.76315789473685,84.89583333333334,94.27083333333334,92.01680672268907,98.73949579831933,81.13370407971802,91.51472240701415,76.61084373636544,86.55167232189677,0.5303760116477281
445.0,80.23836985774703,91.19569396386007,68.17335243553009,75.9025787965616,75.51942186088526,80.72869617585066,68.49081753554506,73.38566350710902,72.18487394957982,80.67226890756302,72.92136712785745,80.37698027018887,73.9209320091673,88.19164029248063,77.39097824922317,89.87463837994214,83.49588719153938,92.58754406580493,86.18129054284742,94.45885967907137,85.65196018188523,94.16861251075335,81.3282096349325,91.85625898561048,77.12478838139498,86.11661962789967,0.5275200502337166,70.7446808510638,89.36170212765958,81.35964912280706,84.21052631578947,78.98550724637681,85.5072463768116,56.060606060606034,69.69696969696969,74.16666666666667,79.16666666666666,72.26342198950407,81.5886222367794,70.77922077922078,82.76269185360094,77.80748663101605,88.94830659536542,80.16917293233084,92.76315789473685,84.89583333333334,94.27083333333334,95.58823529411765,98.73949579831933,81.84798979400372,91.49689709507118,77.05570589175389,86.54275966592529,0.529049676976936
446.0,80.23836985774705,91.81084198385237,73.03008595988537,82.49283667621778,75.70009033423666,82.95694068051792,60.485781990521346,69.54976303317535,70.06302521008404,73.19327731092436,71.9034706704949,80.00073193693756,75.63980137509549,89.66768525592055,77.55384120861457,89.74177649201756,85.82843713278497,93.66862514688601,85.34994878798227,95.40116080573576,87.01302691409612,94.75851050755809,82.27701108371468,92.6475516416236,77.09024087710479,86.32414178928057,0.5141300243418314,70.7446808510638,89.36170212765958,80.48245614035092,84.21052631578947,78.98550724637681,85.5072463768116,56.060606060606034,69.69696969696969,74.16666666666667,79.16666666666666,72.08798339301285,81.5886222367794,70.77922077922078,82.76269185360094,76.82709447415331,88.94830659536542,80.16917293233084,92.85714285714285,84.89583333333334,94.40104166666666,92.01680672268907,98.73949579831933,80.93762564834546,91.54173575421905,76.51280452067915,86.56517899549922,0.5281065740973969
447.0,82.31449442522107,91.54171472510572,73.31661891117477,80.60171919770774,69.91869918699184,78.16922613670582,62.1445497630332,68.95734597156398,61.281512605041975,68.4453781512605,69.79517497829258,77.54307683646876,75.18143621084796,90.00600240096038,79.85106610950389,89.80820743597985,85.12338425381904,93.37955346650999,87.46329805394335,95.68453397063846,85.65196018188522,93.49268772274795,82.65422896199989,92.47419699936734,76.22470197014624,85.00863691791804,0.5274658906795574,70.7446808510638,89.36170212765958,80.48245614035092,84.21052631578947,78.98550724637681,86.23188405797102,56.060606060606034,69.69696969696969,74.16666666666667,79.16666666666666,72.08798339301285,81.73354977301128,70.77922077922078,82.99881936245575,76.82709447415331,88.94830659536542,80.16917293233084,92.85714285714285,84.89583333333334,94.40104166666666,92.01680672268907,98.73949579831933,80.93762564834546,91.58896125599001,76.51280452067915,86.66125551450065,0.5268448668427705
448.0,81.10342176086122,90.3114186851211,70.38681948424069,80.70200573065902,75.29358626919603,78.38000602228244,64.27725118483414,70.37914691943128,62.100840336134425,71.59663865546219,70.63238380705329,78.27384320259121,76.585179526356,89.94870675542944,75.42483660130716,90.02035786992393,83.87779083431258,92.76615746180963,85.29702970297032,95.19972686923865,86.67506452009341,92.48494531153987,81.57198023700789,92.08397885358832,76.10218202203059,85.17891102808977,0.5326473237845654,70.7446808510638,89.36170212765958,80.48245614035092,83.7719298245614,78.98550724637681,86.23188405797102,56.060606060606034,69.69696969696969,74.16666666666667,79.16666666666666,72.08798339301285,81.64583047476567,70.77922077922078,82.99881936245575,77.80748663101605,89.03743315508021,80.16917293233084,92.85714285714285,82.81250000000001,94.40104166666666,93.48739495798318,98.73949579831933,81.01115506011017,91.60678656793296,76.54956922656152,86.62630852134932,0.5263348503146624
449.0,81.96847366397539,91.96462898885045,70.95988538681948,81.5759312320917,73.80307136404696,81.84281842818429,63.610781990521346,70.43838862559242,59.201680672268864,67.26890756302521,69.90877861552642,78.61813496754881,73.56760886172651,89.44395940194258,78.86638808528873,91.47755276974178,82.3560517038778,93.0716803760282,88.94844656879482,95.82792762034825,85.2617672360821,93.34521322354678,81.80005249115399,92.63326667832152,75.8544155533402,85.62570082293516,0.5204353936017752,70.7446808510638,89.36170212765958,81.35964912280706,84.21052631578947,81.15942028985508,86.23188405797102,60.606060606060595,69.36026936026936,69.16666666666666,78.33333333333333,72.60729550729063,81.49954303900454,70.77922077922078,83.11688311688312,77.80748663101605,89.12655971479502,81.48496240601504,92.85714285714285,84.89583333333334,94.53125,95.58823529411765,98.73949579831933,82.11114768874059,91.67426629742806,77.35922159801561,86.5869046682163,0.5280926770649648
450.0,77.27797001153405,89.3118031526336,74.89255014326646,82.621776504298,77.10027100271,84.01084010840108,64.89188388625593,72.28969194312796,70.06302521008404,69.49579831932773,72.84514005077008,79.54598200555768,76.4992360580596,86.78653279493615,79.84892317582768,89.27890281795779,83.23149236192715,93.63337250293772,86.42881529532265,95.53431205189484,85.65196018188523,92.63241981074106,82.33208541460445,91.5731079956935,77.58861273268727,85.55954500062559,0.5278884148264038,70.7446808510638,89.36170212765958,79.6052631578948,83.7719298245614,78.98550724637681,86.23188405797102,56.060606060606034,69.69696969696969,74.16666666666667,79.16666666666666,71.91254479652163,81.64583047476567,70.77922077922078,83.11688311688312,77.80748663101605,88.94830659536542,80.16917293233084,92.85714285714285,82.81250000000001,94.53125,93.48739495798318,98.73949579831933,81.01115506011017,91.63861567354213,76.4618499283159,86.6422230741539,0.5247476097321275
451.0,76.06689734717416,89.3118031526336,71.81948424068767,78.53868194842406,80.98464317976511,88.19632640770851,64.41795023696686,71.97867298578198,61.281512605041975,69.15966386554622,70.91409752192716,79.43702967201888,75.21963330786859,88.7209429226236,79.68498874959819,90.01607200257153,83.49588719153938,92.35957696827263,84.95220211676342,94.77296005462615,81.90672237925526,93.71389947154971,81.05188674900498,91.91669028392872,75.98299213546608,85.6768599779738,0.5280993029245868,70.7446808510638,89.36170212765958,79.6052631578948,83.33333333333333,78.98550724637681,86.23188405797102,56.060606060606034,69.69696969696969,74.16666666666667,80.0,71.91254479652163,81.72477784318673,70.77922077922078,83.23494687131051,77.80748663101605,88.94830659536542,80.16917293233084,92.85714285714285,82.81250000000001,94.53125,93.48739495798318,98.73949579831933,81.01115506011017,91.66222842442762,76.4618499283159,86.69350313380718,0.5238248300581315
452.0,86.13994617454826,93.69473279507882,67.24928366762177,78.82521489971347,73.57723577235772,82.98705209274316,65.7434834123223,70.30509478672985,67.81512605042015,70.92436974789916,72.10501501545403,79.34729286443289,75.84988540870893,89.17657972279821,78.0499303546555,90.19179256402015,85.50528789659226,93.90364277320799,85.9866848753841,94.34960737453056,88.66904264470934,95.01044611036006,82.81216623601003,92.5264137089834,77.45859062573203,85.93685328670814,0.518923150455954,70.7446808510638,89.36170212765958,79.6052631578948,83.33333333333333,78.98550724637681,86.23188405797102,61.616161616161605,69.69696969696969,74.16666666666667,79.16666666666666,73.02365590763273,81.55811117652006,71.42857142857143,83.47107438016529,77.80748663101605,88.94830659536542,80.16917293233084,92.85714285714285,82.81250000000001,94.66145833333334,93.48739495798318,98.73949579831933,81.14102518998031,91.73549559286525,77.08234054880651,86.64680338469265,0.522295493853739
453.0,80.75740099961554,90.61899269511726,70.81661891117477,78.45272206303724,73.03523035230351,81.27070159590485,64.22541469194314,69.29798578199052,72.8781512605042,83.90756302521008,72.34256324310823,80.70959303225199,73.56760886172651,88.83280584961257,78.70566805957354,90.25608057430622,82.25616921269096,92.94242068155111,86.8709457152612,95.44213041993854,83.1725451640654,93.16701487034534,80.91458740266353,92.12809047915074,76.62857532288588,86.41884175570137,0.5181760925047209,70.7446808510638,89.36170212765958,80.48245614035092,83.33333333333333,78.98550724637681,86.23188405797102,56.060606060606034,69.69696969696969,74.16666666666667,79.16666666666666,72.08798339301285,81.55811117652006,70.77922077922078,83.3530106257379,77.80748663101605,88.94830659536542,80.16917293233084,92.85714285714285,82.81250000000001,94.53125,93.48739495798318,98.73949579831933,81.01115506011017,91.68584117531309,76.54956922656152,86.62197617591657,0.5223931787746046
454.0,80.23836985774705,90.61899269511726,71.81948424068767,71.54727793696274,80.57813911472448,88.40710629328514,71.7120853080569,76.94016587677726,67.85714285714285,76.05042016806722,74.44104427567179,80.71279259404193,74.19786096256684,87.50409254610936,78.37458480660021,89.9239258544948,83.87779083431258,92.74500587544065,90.23045407989078,95.61966541481733,85.65196018188523,94.38982425955513,82.46653017305113,92.03650279008346,78.45378722436146,86.3746476920627,0.5200447150378154,70.7446808510638,89.36170212765958,78.72807017543865,82.89473684210526,78.98550724637681,86.95652173913044,60.101010101010075,68.01346801346801,74.16666666666667,80.83333333333333,72.54518700811121,81.61195241113931,71.42857142857143,83.3530106257379,77.80748663101605,88.94830659536542,80.16917293233084,92.85714285714285,82.81250000000001,94.53125,93.48739495798318,98.73949579831933,81.14102518998031,91.68584117531309,76.84310609904577,86.6488967932262,0.5208327235251079
455.0,86.48596693579391,92.23375624759709,77.24928366762177,85.64469914040114,72.58355916892502,86.44986449864498,63.944016587677744,73.16350710900474,68.50840336134453,78.27731092436974,73.75424594427261,83.15382758400354,75.70664629488158,89.70861071701408,77.55598414229077,89.34747669559627,83.66039952996475,92.91186839012924,87.1270058040287,95.29532263571184,83.84846995207079,93.30219982794642,81.57970114464732,92.11309565327957,77.66697354445996,87.63346161864155,0.504729441825902,70.7446808510638,89.36170212765958,80.48245614035092,82.89473684210526,78.98550724637681,86.95652173913044,57.57575757575756,69.36026936026936,74.16666666666667,79.16666666666666,72.39101369604316,81.54797934716626,70.77922077922078,83.11688311688312,77.80748663101605,89.03743315508021,81.48496240601504,92.95112781954886,84.89583333333334,94.66145833333333,95.58823529411765,98.73949579831933,82.11114768874059,91.70127964463298,77.25108069239187,86.62462949589963,0.5206964001930553
456.0,88.04306036139947,96.46289888504421,71.81948424068767,79.98567335243553,75.29358626919601,81.69226136705812,67.87618483412325,77.26599526066352,70.88235294117646,75.92436974789916,74.78293372931657,82.26623972262011,74.46524064171123,89.26388737313107,78.21386478088502,90.38037072752599,84.20681551116336,92.37602820211517,87.11847046773644,95.02560600887675,85.16652328868133,94.10102003195281,81.83418293803547,92.22938246872036,78.30855833367602,87.24781109567024,0.5020114905332571,70.7446808510638,89.36170212765958,80.48245614035092,82.89473684210526,78.98550724637681,86.95652173913044,57.57575757575756,69.36026936026936,74.16666666666667,79.16666666666666,72.39101369604316,81.54797934716626,70.77922077922078,83.11688311688312,77.80748663101605,89.03743315508021,80.16917293233084,92.95112781954886,84.89583333333334,94.66145833333333,93.48739495798318,98.73949579831933,81.42782172677684,91.70127964463298,76.90941771141,86.62462949589963,0.5204985440432303
457.0,93.0795847750865,95.38638985005767,71.03868194842407,78.88252148997135,71.3188798554652,82.83649503161699,69.43868483412324,74.71860189573461,71.53361344537815,77.47899159663866,75.28188897169544,81.86059997280385,75.49656226126812,88.80279384481065,78.0499303546555,89.82963677274188,81.86839012925971,92.13866039952997,88.0112666439058,96.46295664049164,86.13739707508911,94.91827454835935,81.91270929283564,92.4304644411867,78.59729913226553,87.14553220699528,0.5049640705112128,70.7446808510638,90.42553191489363,80.48245614035092,82.89473684210526,78.98550724637681,86.95652173913044,57.57575757575756,69.36026936026936,74.16666666666667,79.16666666666666,72.39101369604316,81.76074530461305,70.77922077922078,83.11688311688312,77.80748663101605,89.03743315508021,80.16917293233084,92.95112781954886,84.89583333333334,94.66145833333333,93.48739495798318,98.73949579831933,81.42782172677684,91.70127964463298,76.90941771141,86.73101247462301,0.5192674699005748
458.0,80.5843906189927,92.81045751633987,72.24928366762178,76.59025787965615,74.43541102077687,84.67329117735622,67.30598341232229,73.0154028436019,66.34453781512603,71.30252100840335,72.18392130696795,79.6783860850715,75.93582887700533,90.33886281785442,77.55812707596698,90.48537447765992,84.42420681551117,93.24089306698002,86.8709457152612,95.63332195288494,86.18962762688952,93.75691286715005,82.19574722212685,92.69107303650587,77.1898342645474,86.18472956078868,0.5094345105012956,70.7446808510638,90.42553191489363,80.48245614035092,82.89473684210526,78.98550724637681,86.95652173913044,57.57575757575756,69.36026936026936,74.16666666666667,79.16666666666666,72.39101369604316,81.76074530461305,70.77922077922078,83.11688311688312,77.80748663101605,88.77005347593582,80.16917293233084,92.95112781954886,84.89583333333334,94.79166666666667,93.48739495798318,98.73949579831933,81.42782172677684,91.67384537547075,76.90941771141,86.7172953400419,0.5182196284076672
459.0,80.93041138023838,91.42637447135718,73.45988538681947,79.54154727793696,74.43541102077685,82.2944896115628,66.59508293838866,74.1558056872038,72.9201680672269,77.52100840336135,73.66819175869004,80.98784509028442,76.27005347593582,90.39888682745824,79.19318547090965,91.5032679738562,84.0951821386604,92.35487661574618,89.24035506998979,96.30932058723114,85.16652328868133,92.76760476834214,82.7930598888354,92.66679135452678,78.23062582376272,86.82731822240561,0.5088365894219178,70.7446808510638,90.42553191489363,80.48245614035092,82.89473684210526,78.98550724637681,86.95652173913044,57.57575757575756,69.36026936026936,74.16666666666667,79.16666666666666,72.39101369604316,81.76074530461305,70.77922077922078,83.23494687131051,77.80748663101605,88.77005347593582,80.16917293233084,92.95112781954886,84.89583333333334,94.79166666666667,92.01680672268907,98.73949579831933,81.13370407971802,91.69745812635624,76.7623588878806,86.72910171548465,0.5168083259061839
460.0,81.62245290272972,90.81122645136486,73.82521489971346,82.06303724928365,80.17163504968381,87.8952122854562,69.3424170616114,81.04265402843602,68.5924369747899,75.96638655462185,74.71083137770566,83.55570331383251,75.7257448433919,88.7291280148423,79.68391728276008,90.93967641701491,83.50176263219743,93.04347826086956,87.11847046773646,95.06998975759645,85.16652328868133,93.90438736635124,82.23928370295343,92.33733196333489,78.47505754032954,87.9465176385837,0.5009563060471501,70.7446808510638,90.42553191489363,80.48245614035092,82.4561403508772,78.98550724637681,86.95652173913044,57.57575757575756,69.02356902356901,74.16666666666667,79.16666666666666,72.39101369604316,81.60568593902738,70.77922077922078,82.88075560802835,78.78787878787878,88.68092691622104,81.48496240601504,92.95112781954886,84.89583333333334,94.79166666666667,92.01680672268907,98.73949579831933,81.59294040582739,91.60879456175685,76.99197705093528,86.60724025039212,0.5159716843819451
461.0,76.06689734717416,89.85005767012687,75.17908309455586,80.45845272206303,78.31978319783195,85.06473953628425,74.12618483412324,77.56220379146919,72.8781512605042,78.0672268907563,75.31401994683787,82.20053612213992,77.86478227654698,89.65404343555605,78.37351333976211,89.89606771670418,83.39600470035255,92.65099882491187,84.20962785933767,94.85831341754866,84.04817500307239,93.94125599115154,81.57842063581434,92.20013587717446,78.44622029132611,87.2003359996572,0.5069785689802752,70.7446808510638,90.42553191489363,80.48245614035092,82.4561403508772,78.98550724637681,86.95652173913044,57.57575757575756,69.02356902356901,74.16666666666667,79.16666666666666,72.39101369604316,81.60568593902738,70.77922077922078,82.88075560802835,78.78787878787878,88.94830659536542,81.48496240601504,92.95112781954886,84.89583333333334,94.79166666666667,95.58823529411765,98.73949579831933,82.30722612011311,91.66227049758572,77.34911990807814,86.63397821830655,0.5156090908432128
462.0,87.52402921953095,94.8865820838139,70.32234957020057,81.56160458452722,69.28635953026196,79.79524239686842,68.15758293838866,76.95497630331754,69.28571428571428,78.94957983193277,72.91520710881929,82.42959704009198,76.12681436210848,89.21477681981884,79.69034608378867,91.35754848387442,84.63572267920095,93.1891891891892,87.26869238648005,95.71184704677364,85.50448568268403,93.87366351235099,82.64521223885244,92.66940501040142,77.78020967383586,87.5495010252467,0.4986209233583836,70.7446808510638,91.48936170212765,79.60526315789478,82.4561403508772,78.98550724637681,86.95652173913044,57.57575757575756,67.67676767676767,74.16666666666667,80.0,72.21557509955193,81.7157582937806,70.77922077922078,82.88075560802835,78.78787878787878,88.77005347593582,81.48496240601504,92.95112781954886,84.89583333333334,94.79166666666667,95.58823529411765,98.73949579831933,82.30722612011311,91.62661987369981,77.26140060983252,86.6711890837402,0.5142809824448236
463.0,81.62245290272972,93.57939254133025,71.67621776504298,78.66762177650429,78.31978319783197,80.57813911472448,67.40225118483414,73.90402843601898,62.14285714285711,72.85714285714285,72.23271243865918,79.91726494514417,76.67112299465239,89.68678380443087,79.03139397835635,89.67748848173149,82.84958871915394,91.882491186839,86.96824854899285,95.83817002389894,84.14341895047316,94.75236573675801,81.93275463832575,92.36745984673166,77.08273353849246,86.14236239593791,0.5123420606484086,70.7446808510638,91.48936170212765,78.72807017543865,82.4561403508772,78.98550724637681,86.95652173913044,60.101010101010075,67.003367003367,74.16666666666667,80.83333333333333,72.54518700811121,81.74774482576711,71.42857142857143,82.88075560802835,78.78787878787878,89.03743315508021,80.16917293233084,92.95112781954886,82.81250000000001,94.79166666666667,93.48739495798318,98.73949579831933,81.33710362135284,91.6800958095287,76.94114531473203,86.7139203176479,0.5133721021201872
464.0,86.48596693579394,91.69550173010381,72.32808022922634,81.06017191977077,75.06775067750677,81.02981029810299,73.65225118483416,84.78969194312796,71.3655462184874,78.8655462184874,75.7799190491697,83.48814442191859,76.48013750954927,89.69224053257668,78.2127933140469,90.50251794706953,83.88366627497064,93.26909518213866,84.99658586548313,94.49982929327415,88.66904264470936,96.16566302076932,82.44844512175186,92.82586919516567,79.11418208546078,88.15700680854212,0.49502377358516597,70.7446808510638,91.48936170212765,80.48245614035092,82.4561403508772,78.98550724637681,86.95652173913044,57.57575757575756,68.68686868686868,74.16666666666667,80.0,72.39101369604316,81.9177784958008,70.77922077922078,82.52656434474616,78.78787878787878,89.12655971479501,80.16917293233084,92.95112781954886,84.89583333333334,94.79166666666667,92.01680672268907,98.73949579831933,81.32978251109056,91.62708286881521,76.86039810356687,86.772430682308,0.5127766625499622
465.0,87.69703960015379,93.61783929257979,75.75214899713465,84.97134670487107,75.65492321589882,84.85395965070761,65.6027843601896,72.61552132701422,71.49159663865545,76.51260504201682,75.23969856240646,82.51425440343789,74.67532467532466,88.38808250572956,77.88492446158789,90.92253294760526,82.03877790834314,92.30082256169212,86.92386480027315,94.72857630590646,82.78235221826226,93.45581909794764,80.86104881275823,91.9591666837762,78.05037368758235,87.23671054360705,0.5003959597466308,70.7446808510638,91.48936170212765,80.48245614035092,82.4561403508772,78.98550724637681,86.95652173913044,57.57575757575756,68.68686868686868,74.16666666666667,80.83333333333333,72.39101369604316,82.08444516246746,70.77922077922078,82.52656434474616,78.78787878787878,89.12655971479501,81.48496240601504,92.95112781954886,84.89583333333334,94.79166666666667,95.58823529411765,98.73949579831933,82.30722612011311,91.62708286881521,77.34911990807814,86.85576401564134,0.5116234709080285
466.0,92.73356401384085,94.50211457131871,73.10888252148997,84.22636103151862,72.76422764227641,83.0171635049684,67.54295023696686,75.07405213270142,71.49159663865545,78.52941176470588,75.52824421064591,83.06982060104261,76.35599694423225,89.32936811088071,78.21386478088502,90.17679202828673,82.79670975323151,92.91891891891892,89.63810174120862,96.32639125981564,87.55069435910042,93.83065011675063,82.91107351573156,92.51642408693053,79.21965886318873,87.79312234398657,0.4894493375024592,70.7446808510638,91.48936170212765,79.60526315789478,82.4561403508772,78.98550724637681,86.95652173913044,57.57575757575756,67.34006734006735,74.16666666666667,80.83333333333333,72.21557509955193,81.81508489310718,70.77922077922078,82.52656434474616,78.78787878787878,89.12655971479501,80.16917293233084,92.95112781954886,84.89583333333334,94.79166666666667,93.48739495798318,98.73949579831933,81.62390015814938,91.62708286881521,76.91973762885065,86.7210838809612,0.5117593297483785
467.0,92.73356401384085,93.77162629757785,79.17621776504299,86.23209169054442,77.91327913279132,84.04095152062632,69.2017180094787,76.09597156398105,58.34033613445374,69.2436974789916,75.47302301112151,81.87686771034426,74.21695951107715,88.26530612244898,80.83145826636662,91.59969998928533,84.91186839012926,93.4054054054054,88.49778081256405,96.33321952884944,84.14341895047318,93.49268772274793,82.52029718612205,92.61926375374742,78.99666009862179,87.24806573204583,0.49866911572914024,70.7446808510638,91.48936170212765,80.48245614035092,82.4561403508772,78.98550724637681,86.95652173913044,59.09090909090907,69.69696969696969,69.16666666666666,79.16666666666666,71.69404399907346,81.95313203115434,70.77922077922078,82.88075560802834,78.78787878787878,89.2156862745098,80.16917293233084,92.95112781954886,84.89583333333334,94.79166666666667,92.01680672268907,98.73949579831933,81.32978251109056,91.7157464334146,76.511913255082,86.83443923228447,0.511307781356936
468.0,83.35255670895809,93.50249903883122,77.10601719197705,79.91404011461317,76.28726287262872,83.04727491719362,67.54295023696685,72.3341232227488,63.487394957983156,66.17647058823529,73.55523639370276,78.99488157632443,75.39152024446142,88.53268580159337,77.88599592842598,92.03042965820208,83.39600470035253,92.79670975323148,87.321611471492,95.92010925230454,87.64593830650117,93.79378149195034,82.32821413024662,92.61474319145637,77.94172526197468,85.80481238389041,0.5140042437162972,70.7446808510638,92.5531914893617,80.48245614035092,82.4561403508772,78.98550724637681,86.95652173913044,57.57575757575756,69.36026936026936,69.16666666666666,80.0,71.39101369604316,82.26522458792773,70.77922077922078,82.99881936245572,78.78787878787878,89.2156862745098,80.16917293233084,92.95112781954886,84.89583333333334,94.66145833333334,93.48739495798318,98.73949579831933,81.62390015814938,91.71331751763341,76.50745692709627,86.98927105278057,0.5101421952460167
469.0,82.8335255670896,93.92541330257593,73.39541547277936,78.72492836676219,75.83559168925021,86.38964167419452,70.05331753554505,76.19964454976305,71.44957983193278,81.97478991596638,74.7134860193194,83.44288356185241,77.63559969442322,88.33624358834442,77.39312118289938,90.6225222329369,82.47356051703879,92.25851938895417,87.1713895527484,94.98122226015704,89.30195403711443,94.66633894555731,82.79512499684483,92.17296928318996,78.75430550808213,87.80792642252118,0.49221751865846813,70.7446808510638,92.5531914893617,79.60526315789478,82.4561403508772,78.98550724637681,86.95652173913044,57.57575757575756,68.35016835016833,74.16666666666667,80.0,72.21557509955193,82.06320438590754,70.77922077922078,82.64462809917356,78.78787878787878,89.2156862745098,80.16917293233084,92.95112781954886,84.89583333333334,94.79166666666667,93.48739495798318,98.73949579831933,81.62390015814938,91.66852093164364,76.91973762885065,86.8658626587756,0.5105005450262701
470.0,94.46366782006922,97.38562091503267,74.74928366762177,81.81948424068767,76.6485998193315,89.19000301114121,69.6756516587678,74.9851895734597,69.49579831932773,79.62184873949579,77.00660025702359,84.60042929596341,74.55118411000764,89.64312997926443,78.37672774027641,89.51462552234008,83.331374853114,94.00235017626322,86.57903721406625,94.99487879822466,87.55069435910042,94.50657490475606,82.07780365531293,92.5323118761697,79.54220195616827,88.56637058606655,0.4824565120024755,70.7446808510638,92.5531914893617,80.48245614035092,82.4561403508772,78.98550724637681,86.95652173913044,59.09090909090907,69.69696969696969,69.16666666666666,79.16666666666666,71.69404399907346,82.16589798860113,70.77922077922078,82.76269185360094,78.78787878787878,89.12655971479501,81.48496240601504,92.95112781954886,84.89583333333334,94.79166666666667,95.58823529411765,98.73949579831933,82.30722612011311,91.67430837058616,77.0006350595933,86.92010317959364,0.5097631419370514
471.0,93.0795847750865,95.54017685505575,75.46561604584525,84.34097421203438,77.86811201445347,88.1662149954833,66.5506516587678,73.56338862559242,70.18907563025209,75.79831932773111,76.63060802488103,83.48181480317939,77.75974025974025,90.43435556040598,79.68391728276008,90.85610200364299,82.09165687426557,93.14218566392479,89.48787982246502,95.52065551382724,85.84244807668674,95.28081602556225,82.97312846318353,93.04682295347266,79.80186824403228,88.26431887832602,0.48578617001489255,70.7446808510638,92.5531914893617,79.60526315789478,82.4561403508772,78.98550724637681,86.95652173913044,57.57575757575756,68.01346801346801,74.16666666666667,80.0,72.21557509955193,81.99586431856747,70.77922077922078,82.76269185360094,78.78787878787878,89.2156862745098,81.48496240601504,92.95112781954886,84.89583333333334,94.79166666666667,92.01680672268907,98.73949579831933,81.59294040582739,91.69213368252913,76.90425775268966,86.84399900054831,0.5096685374608122
472.0,87.52402921953095,96.0399846212995,72.96561604584527,83.29512893982809,78.31978319783197,90.99668774465522,64.18098341232229,74.7186018957346,67.94117647058823,75.21008403361344,74.18631766922374,84.05209744702617,77.5305576776165,89.78227654698243,80.34072645451621,91.50541090753241,81.87426556991775,92.47708578143362,87.11847046773646,95.33970638443154,88.0361312523043,95.69251566916554,82.98003028441823,92.95939905790911,78.58317397682099,88.50574825246764,0.47687038616964833,70.7446808510638,92.5531914893617,79.60526315789478,81.14035087719299,78.98550724637681,86.95652173913044,57.57575757575756,67.003367003367,74.16666666666667,80.0,72.21557509955193,81.53068622181043,70.77922077922078,82.52656434474616,79.76827094474153,89.2156862745098,81.48496240601504,92.95112781954886,84.89583333333334,94.79166666666667,92.01680672268907,98.73949579831933,81.78901883719995,91.64490818075816,77.00229696837593,86.5877972012843,0.5103489443089152
473.0,81.79546328335256,91.81084198385237,73.74641833810888,84.06876790830945,72.99006323396566,77.83800060222823,66.6913507109005,70.69016587677726,70.71428571428572,79.78991596638654,73.18751625612266,80.83953846751078,76.52788388082504,89.96780530393976,80.01178613521908,91.29326047358835,84.48296122209167,93.24559341950646,88.35609423011267,96.27859337657904,87.30797591249846,95.02888042276024,83.33734027614938,93.16282659927477,78.26242826613603,87.00118253339278,0.4953255194850406,70.7446808510638,92.5531914893617,79.60526315789478,81.14035087719299,78.98550724637681,86.95652173913044,57.57575757575756,67.003367003367,74.16666666666667,80.0,72.21557509955193,81.53068622181043,71.42857142857143,82.76269185360094,79.76827094474153,89.2156862745098,81.48496240601504,92.95112781954886,82.81250000000001,94.79166666666667,92.01680672268907,98.73949579831933,81.50222230040342,91.69213368252913,76.85889869997767,86.61140995216978,0.5096549326481592
474.0,94.11764705882354,95.38638985005767,78.82521489971347,85.32951289398281,75.88075880758807,87.95543510990665,67.54295023696686,70.21623222748815,76.59663865546219,82.14285714285714,78.59264193171083,84.20608544485849,76.86210847975553,89.95143511950235,79.84892317582768,91.3361191471124,84.20681551116334,93.37015276145712,87.560600887675,94.85831341754864,84.68108639547746,94.13174388595307,82.6319068899798,92.72955286631472,80.61227441084532,88.4678191555866,0.4750982067485484,70.7446808510638,92.5531914893617,79.60526315789478,81.57894736842105,78.98550724637681,86.95652173913044,59.09090909090907,67.67676767676767,69.16666666666666,80.0,71.51860540258221,81.75308565473617,70.77922077922078,82.88075560802834,78.78787878787878,89.2156862745098,81.48496240601504,92.95112781954886,84.89583333333334,94.79166666666667,95.58823529411765,98.73949579831933,82.30722612011311,91.7157464334146,76.91291576134766,86.73441604407537,0.5094395918001162
475.0,87.35101883890812,93.73317954632834,80.83094555873924,83.00859598853869,78.31978319783197,88.73833182776272,69.91261848341233,77.34004739336493,72.26890756302521,81.84873949579831,77.73665472838339,84.93377885035859,77.6355996944232,89.6158463385354,78.0488588878174,90.3996571306118,82.737955346651,93.60282021151588,85.93376579037215,95.05974735404574,89.54467248371637,95.13948629716111,82.78017044059602,92.76351146637398,80.2584125844897,88.84864515836628,0.4768500165369606,70.7446808510638,92.5531914893617,79.60526315789478,82.01754385964912,78.98550724637681,86.95652173913044,59.09090909090907,68.35016835016833,69.16666666666666,80.0,71.51860540258221,81.97548508766192,70.77922077922078,82.76269185360094,78.78787878787878,89.2156862745098,81.48496240601504,92.95112781954886,84.89583333333334,94.66145833333334,92.01680672268907,98.73949579831933,81.59294040582739,91.66609201586246,76.5557729042048,86.82078855176219,0.5081990413339947
476.0,88.73510188389082,91.84928873510188,71.96275071633237,80.47277936962752,75.88075880758805,84.19150858175249,72.56368483412326,76.09597156398104,77.33193277310924,85.3781512605042,77.29484580300876,83.59753990219342,73.67265087853323,88.70184437411328,80.50466088074572,91.44969463195113,82.85546415981202,93.19153936545241,87.46329805394335,95.44213041993854,86.5275900208922,92.80447339314244,82.2047327987853,92.31793643691955,79.74978930089702,87.95773816955648,0.4893189783326589,70.7446808510638,92.5531914893617,79.60526315789478,80.26315789473684,78.98550724637681,86.95652173913044,57.57575757575756,66.66666666666666,74.16666666666667,80.83333333333333,72.21557509955193,81.4545742246458,71.42857142857143,82.76269185360094,79.76827094474153,89.2156862745098,81.48496240601504,92.95112781954886,82.81250000000001,94.66145833333334,93.48739495798318,98.73949579831933,81.79633994746223,91.66609201586246,77.00595752350708,86.56033312025413,0.5082226423786924
477.0,81.10342176086121,92.81045751633987,75.46561604584525,84.2836676217765,79.53929539295392,86.44986449864498,67.498518957346,73.45971563981041,70.75630252100841,78.02521008403362,74.87263093560296,83.00578307212108,74.70397249809014,89.10018552875695,78.0499303546555,90.98039215686275,83.55464159811986,92.07990599294948,87.22430863776034,95.30556503926255,84.53361189627627,93.61558313874893,81.61329299698043,92.21632637131613,78.24296196629169,87.6110547217186,0.4907094086242165,70.7446808510638,92.5531914893617,79.60526315789478,80.70175438596492,78.98550724637681,86.95652173913044,59.09090909090907,66.66666666666666,69.16666666666666,80.83333333333333,71.51860540258221,81.54229352289141,71.42857142857143,82.99881936245572,79.76827094474153,89.2156862745098,81.48496240601504,92.95112781954886,84.89583333333334,94.66145833333334,92.01680672268907,98.73949579831933,81.91888896707009,91.71331751763341,76.71874718482616,86.62780552026241,0.5083655244834738
478.0,93.9446366782007,96.84736639753942,73.10888252148997,85.51575931232091,84.28184281842817,89.64167419451972,69.43868483412325,74.79265402843602,66.4705882352941,77.3109243697479,77.44892701750724,84.8216756605128,77.65469824293353,89.3239113827349,79.68713168327439,91.23968713168328,83.9365452408931,92.31257344300823,87.26869238648005,96.00887674974395,83.5627381098685,92.91507926754332,82.42196113268992,92.36002559494274,79.93544407509859,88.59085062772778,0.47308534287810783,70.7446808510638,92.5531914893617,79.60526315789478,80.26315789473684,78.98550724637681,86.95652173913044,59.09090909090907,65.99326599326598,69.16666666666666,81.66666666666667,71.51860540258221,81.48656075663233,71.42857142857143,82.88075560802834,79.76827094474153,89.2156862745098,81.48496240601504,92.95112781954886,84.89583333333334,94.66145833333334,92.01680672268907,98.73949579831933,81.91888896707009,91.68970476674795,76.71874718482616,86.58813276169013,0.5098929468585206
479.0,87.87004998077664,94.80968858131487,76.46848137535817,84.82808022922637,81.39114724480577,87.92532369768142,66.35811611374409,74.54087677725117,66.4705882352941,76.5546218487395,75.71167658999575,83.73171822684267,75.66844919786095,90.09058168722034,80.67180970748952,91.56112718311368,81.28084606345477,91.66862514688601,86.57903721406625,95.05633321952885,84.38613739707509,93.89824259555118,81.71725591598931,92.45498196646001,78.71446625299254,88.09335009665133,0.47962191620148303,70.7446808510638,92.5531914893617,79.60526315789478,80.70175438596492,78.98550724637681,86.95652173913044,59.09090909090907,66.32996632996633,69.16666666666666,80.0,71.51860540258221,81.30828678888467,71.42857142857143,82.76269185360094,79.76827094474153,89.2156862745098,81.48496240601504,92.85714285714286,84.89583333333334,94.66145833333334,92.01680672268907,98.73949579831933,81.91888896707009,91.64729502338128,76.71874718482616,86.47779090613298,0.5098735615248849
480.0,93.59861591695503,97.46251441753172,75.68767908309454,80.11461318051576,81.97831978319782,88.94911171333935,69.2017180094787,76.37736966824644,67.16386554621847,72.60504201680672,77.52603966778892,83.101730199288,77.21543162719632,87.55865982756738,76.41487195971283,91.13039751419694,83.55464159811987,92.89776733254995,87.26869238648005,94.70809149880506,89.05923559051246,94.62332554995699,82.7025746324043,92.18364834461526,80.11430715009661,87.64268927195164,0.4880803785712017,70.7446808510638,92.5531914893617,79.60526315789478,80.26315789473684,78.98550724637681,86.95652173913044,59.09090909090907,66.66666666666666,69.16666666666666,80.83333333333333,71.51860540258221,81.4545742246458,71.42857142857143,82.88075560802834,79.76827094474153,89.2156862745098,81.48496240601504,92.95112781954886,84.89583333333334,94.66145833333334,95.58823529411765,98.73949579831933,82.63317468135581,91.68970476674795,77.07589004196902,86.57213949569687,0.5086406300614478
481.0,88.562091503268,96.61668589004228,76.96275071633238,82.83667621776505,81.16531165311652,86.29930743751882,68.2538507109005,77.0882701421801,67.89915966386553,75.58823529411765,76.5686328494966,83.68583499632477,75.792589763178,89.50944013969224,80.5035894139076,90.9353905496625,83.07285546415982,92.80376028202116,88.59508364629568,95.61966541481733,86.38011552169105,93.45581909794765,82.86884676184643,92.46481509682818,79.7187398056715,88.07532504657647,0.48435023344009714,70.7446808510638,92.5531914893617,79.60526315789478,80.26315789473684,78.98550724637681,86.95652173913044,59.09090909090907,67.67676767676767,69.16666666666666,80.83333333333333,71.51860540258221,81.65659442666599,72.07792207792208,83.3530106257379,79.76827094474153,89.2156862745098,81.48496240601504,92.95112781954886,84.89583333333334,94.66145833333334,95.58823529411765,98.94957983193277,82.76304481122592,91.82617257701251,77.14082510690406,86.74138350183925,0.5071218726745734
482.0,77.27797001153405,90.73433294886581,73.96848137535815,80.70200573065902,82.20415537488707,90.9063535079795,66.17298578199055,74.89632701421802,71.53361344537815,79.95798319327731,74.2314411978296,83.43940047899993,75.58250572956456,89.45487285823421,80.50466088074573,90.53894781956498,82.30904817861341,92.75440658049354,89.82417207237968,95.90645271423695,87.69816885830159,94.22391544795379,83.18371114392099,92.57571908409669,78.70757617087529,88.00755978154831,0.47906745122629407,70.7446808510638,92.5531914893617,79.60526315789478,80.26315789473684,78.98550724637681,86.95652173913044,57.57575757575756,64.98316498316498,70.0,78.33333333333333,71.38224176621858,80.61787388794545,72.07792207792208,83.2349468713105,79.76827094474153,89.03743315508021,81.48496240601504,92.95112781954887,82.81250000000001,94.66145833333334,92.01680672268907,98.73949579831933,81.63209243027354,91.72489239551847,76.50716709824607,86.17138314173195,0.5079015125429629
483.0,88.90811226451366,95.54017685505575,70.95988538681947,79.36962750716332,81.16531165311652,86.96175850647396,72.9413507109005,80.05035545023696,74.34873949579833,83.36134453781511,77.6646799022297,85.05665257134902,75.3724216959511,89.42213248935937,80.0182149362477,90.28393871209686,84.97062279670976,92.50058754406581,88.99283031751453,95.12461590986685,89.20671008971365,94.15632296915327,83.71215996722735,92.29751952490844,80.68841993472853,88.67708604812873,0.48320629669921233,70.7446808510638,92.5531914893617,79.60526315789478,80.70175438596492,78.98550724637681,86.95652173913044,59.09090909090907,66.32996632996633,69.16666666666666,80.83333333333333,71.51860540258221,81.47495345555134,67.53246753246754,83.3530106257379,79.76827094474153,89.03743315508021,81.48496240601504,92.95112781954887,84.89583333333334,94.66145833333334,92.01680672268907,98.94957983193277,81.13966818784931,91.79052195312661,76.32913679521576,86.63273770433898,0.5056362993142159
484.0,92.38754325259515,95.07881584006151,73.60315186246417,80.53008595988538,79.76513098464316,86.1788617886179,73.65225118483416,74.31872037914692,73.65546218487394,79.78991596638656,78.61270789388212,83.17927998681965,76.2318563789152,88.96922405325766,81.65220186435226,90.98682095789134,83.88366627497064,93.70857814336075,88.0556503926255,94.81734380334585,86.13739707508911,93.54184588914833,83.19215439719054,92.40476256940079,80.90243114553633,87.79202127811021,0.48525524259151515,70.7446808510638,92.5531914893617,79.60526315789478,80.70175438596492,78.98550724637681,86.95652173913044,59.09090909090907,66.66666666666666,69.16666666666666,80.83333333333333,71.51860540258221,81.54229352289141,67.53246753246754,83.3530106257379,79.76827094474153,89.03743315508021,81.48496240601504,92.95112781954887,84.89583333333334,94.66145833333334,92.01680672268907,98.94957983193277,81.13966818784931,91.79052195312661,76.32913679521576,86.66640773800901,0.5055674806429468
485.0,94.46366782006922,94.50211457131871,71.18194842406875,77.49283667621776,80.75880758807585,84.25173140620295,67.87618483412324,78.43601895734598,74.39075630252101,80.84033613445378,77.73427299377161,83.10460754910784,77.51145912910619,90.65808141438393,80.66645237329904,91.0275366977392,86.1633372502938,94.55464159811986,86.23420962785934,95.96107886650735,89.20671008971365,94.74622096595799,83.95643369405441,93.38951190854166,80.84535334391302,88.24705972882475,0.47934549740869004,70.7446808510638,92.5531914893617,79.60526315789478,80.26315789473684,78.98550724637681,86.95652173913044,57.57575757575756,66.66666666666666,69.16666666666666,80.83333333333333,71.21557509955191,81.4545742246458,68.83116883116884,82.99881936245572,79.76827094474153,89.03743315508021,81.48496240601504,92.85714285714286,84.89583333333334,94.66145833333334,92.01680672268907,98.94957983193277,81.39940844758956,91.70088670798899,76.30749177357075,86.57773046631739,0.5040262923236022
486.0,88.7351018838908,95.88619761630142,71.18194842406875,78.33810888252148,81.16531165311652,90.09334537789822,68.96475118483416,75.04443127962087,77.28991596638656,83.52941176470588,77.46740582245936,84.57829898420957,75.89763177998472,90.14787733275129,80.0150005357334,91.28897460623594,85.78143360752058,93.07168037602821,87.95834755889386,95.63673608740184,87.55069435910042,94.7769448199582,83.4406215682466,92.9844426444751,80.45401369535298,88.78137081434232,0.47021219807726067,70.7446808510638,92.5531914893617,79.60526315789478,80.26315789473684,78.98550724637681,86.95652173913044,59.09090909090907,67.34006734006735,69.16666666666666,80.83333333333333,71.51860540258221,81.58925435932593,67.53246753246754,82.99881936245572,79.76827094474153,89.03743315508021,81.48496240601504,92.85714285714286,84.89583333333334,94.66145833333334,95.58823529411765,98.94957983193277,81.85395390213503,91.70088670798899,76.68627965235862,86.64507053365746,0.5035528214655355
487.0,81.44944252210689,92.00307574009996,74.89255014326646,84.11174785100286,82.02348690153568,85.93797049081601,73.17831753554505,80.90936018957345,75.86134453781513,83.19327731092436,77.48102832805384,85.23108631648333,76.86210847975553,90.68536505511295,79.19532840458587,92.09043180113575,81.60399529964748,92.78965922444182,87.9498122226016,96.31614885626493,88.42632419810742,95.09647290156077,82.80751372093957,93.39561556770325,80.1442710244967,89.31335094209328,0.4648119069882082,70.7446808510638,92.5531914893617,79.60526315789478,80.26315789473684,78.98550724637681,86.95652173913044,59.09090909090907,68.35016835016833,69.16666666666666,80.83333333333333,71.51860540258221,81.79127456134611,68.18181818181817,83.3530106257379,79.76827094474153,89.03743315508021,81.48496240601504,92.85714285714286,84.89583333333334,94.66145833333334,92.01680672268907,98.94957983193277,81.26953831771942,91.7717249606454,76.39407186015082,86.78149976099576,0.5033154285929793
488.0,93.59861591695504,94.34832756632065,72.96561604584527,84.67048710601719,79.53929539295392,89.28033724781692,72.3267180094787,77.72511848341232,72.26890756302521,78.69747899159664,78.13983058565164,84.94434987903274,76.94805194805194,89.95962021172106,79.52534019072107,91.02753669773921,82.69095182138662,92.9259694477086,88.550699897576,96.42540116080573,84.82856089467863,93.86137397075089,82.50872095048285,92.8399802977451,80.32427576806725,88.89216508838892,0.46790113048308757,70.7446808510638,92.5531914893617,79.60526315789478,80.26315789473684,78.98550724637681,86.95652173913044,59.09090909090907,68.35016835016833,69.16666666666666,80.83333333333333,71.51860540258221,81.79127456134611,67.53246753246754,82.88075560802835,79.76827094474153,89.03743315508021,81.48496240601504,92.85714285714286,84.89583333333334,94.66145833333334,92.01680672268907,98.94957983193277,81.13966818784931,91.67727395710351,76.32913679521576,86.7342742592248,0.5038254775031529
489.0,87.52402921953097,93.38715878508268,77.82234957020056,84.04011461318052,80.98464317976511,88.6178861788618,72.75622037914695,77.57701421800948,77.24789915966387,82.6890756302521,79.2670283016615,85.26224988507731,77.91252864782274,89.83684382844046,80.34394085503051,91.57612771884712,85.5581668625147,93.77908343125735,85.73916012290887,95.62307954933424,84.29089344967433,94.11945434435296,82.76893798759023,92.98691777444643,81.01798314462587,89.12458382976186,0.46259450160115384,70.7446808510638,92.5531914893617,79.60526315789478,80.26315789473684,78.98550724637681,86.95652173913044,59.09090909090907,69.36026936026936,69.16666666666666,80.83333333333333,71.51860540258221,81.99329476336632,72.07792207792208,82.88075560802835,79.76827094474153,89.03743315508021,81.48496240601504,92.85714285714286,84.89583333333334,94.66145833333334,88.4453781512605,98.94957983193277,81.3344733826545,91.67727395710351,76.42653939261835,86.83528436023491,0.5042795415060153
490.0,88.562091503268,94.27143406382162,76.89828080229225,84.59885386819485,79.94579945799457,86.29930743751882,71.33441943127966,75.38507109004739,73.73949579831933,76.9747899159664,78.09601739863076,83.50589127510982,77.6355996944232,88.52177234530176,80.0128576020572,90.7875281260045,84.20094007050531,93.4289071680376,89.39057698873337,96.21372482075795,86.6750645200934,94.63561509155709,83.58300777516249,92.71750951033178,80.83951258689663,88.11170039272079,0.4734881015742331,70.7446808510638,92.5531914893617,79.60526315789478,80.26315789473684,78.98550724637681,86.95652173913044,59.09090909090907,66.32996632996633,69.16666666666666,80.0,71.51860540258221,81.22056749063907,68.18181818181817,83.11688311688312,79.76827094474153,89.03743315508021,81.48496240601504,92.95112781954887,82.81250000000001,94.66145833333334,92.01680672268907,98.94957983193277,80.85287165105277,91.74329645135565,76.18573852681749,86.48193197099735,0.5042899669836668
491.0,93.25259515570934,96.42445213379469,75.75214899713465,81.64756446991403,78.50045167118337,87.80487804878048,69.3424170616114,76.14040284360189,71.49159663865545,76.84873949579831,77.66784190485885,83.77320739837789,78.35179526355996,89.8586707410237,80.1778634951248,90.3032251151827,84.15393654524091,93.69917743830788,89.53226357118473,95.66404916353704,87.30797591249846,95.2992503379624,83.90476695752179,92.96487455920274,80.78630443119032,88.36904097879031,0.47147051510364996,70.7446808510638,92.5531914893617,79.60526315789478,79.82456140350878,78.98550724637681,86.95652173913044,59.09090909090907,67.003367003367,69.16666666666666,80.0,71.51860540258221,81.26752832707359,69.48051948051948,83.3530106257379,79.76827094474153,89.03743315508021,81.48496240601504,92.95112781954887,82.81250000000001,94.79166666666666,92.01680672268907,98.94957983193277,81.11261191079302,91.81656361979326,76.31560865668762,86.54204597343343,0.5026588047855326
492.0,88.73510188389082,95.6555171088043,71.96275071633237,80.44412607449857,80.57813911472446,85.51641071966274,71.0974526066351,75.59241706161137,79.49579831932773,87.47899159663865,78.3738485281821,84.93749251224314,76.73796791443851,88.94466877660155,80.66752384013712,91.07682417229188,84.53584018801412,92.08930669800235,89.14305223625814,95.52748378286104,87.94088730490354,94.69091802875754,83.80505429675028,92.46584029170288,81.08945141246619,88.701666401973,0.47076264782605404,70.7446808510638,92.5531914893617,79.60526315789478,79.82456140350878,78.98550724637681,86.95652173913044,59.09090909090907,66.32996632996633,69.16666666666666,80.0,71.51860540258221,81.13284819239345,68.18181818181817,83.3530106257379,79.76827094474153,89.12655971479501,81.48496240601504,92.95112781954887,82.81250000000001,94.79166666666666,92.01680672268907,98.94957983193277,80.85287165105277,91.83438893173623,76.18573852681749,86.48361856206483,0.503063052493632
493.0,87.35101883890813,96.00153787004999,76.67621776504299,86.9484240687679,80.57813911472445,85.87774766636555,72.75622037914695,75.20734597156398,75.12605042016808,84.83193277310924,78.49752930359811,85.77339766997133,78.35179526355996,89.77681981883663,80.1810778956391,90.9525340190721,84.20681551116334,93.87074030552292,85.39433253670195,94.98805052919084,86.91778296669536,95.66793658596534,83.01036083475195,93.05121625171756,80.75394506917503,89.41230696084445,0.4606029099096649,70.7446808510638,92.5531914893617,79.60526315789478,79.82456140350878,78.98550724637681,86.95652173913044,57.57575757575756,65.99326599326598,69.16666666666666,80.83333333333333,71.21557509955191,81.23217479172004,68.83116883116884,83.4710743801653,79.76827094474153,89.3048128342246,81.48496240601504,92.95112781954887,82.81250000000001,94.66145833333333,93.48739495798318,98.94957983193277,81.2768594279817,91.86761063984098,76.24621726376681,86.54989271578052,0.5035529245789145
494.0,92.560553633218,95.4632833525567,69.31948424068767,81.03151862464185,76.24209575429086,88.13610358325805,66.78761848341233,75.99229857819905,70.06302521008404,76.21848739495799,74.99455546433859,83.36833830672273,74.70397249809014,89.38939212048456,81.16039858566374,92.17614914818387,85.45240893066982,93.29259694477085,86.331512461591,94.28815295322634,85.79943468108641,94.5987464667568,82.68954543142021,92.74900752668448,78.8420504478794,88.05867291670361,0.47352268286447,70.7446808510638,92.5531914893617,79.60526315789478,79.82456140350878,78.98550724637681,86.95652173913044,59.09090909090907,69.02356902356902,69.16666666666666,80.0,71.51860540258221,81.67156873111398,68.83116883116884,83.4710743801653,79.76827094474153,89.12655971479501,81.48496240601504,92.85714285714286,84.89583333333334,94.66145833333333,88.4453781512605,98.94957983193277,80.68512273330386,91.81316302347386,76.10186406794304,86.74236587729392,0.5013066166138754
495.0,82.8335255670896,94.80968858131487,77.82234957020056,84.12607449856733,83.01716350496837,88.5275519421861,66.8320497630332,73.82997630331754,70.18907563025209,80.54621848739497,76.13883280710876,84.36790196255616,77.49236058059587,90.1860744297719,80.01607200257149,90.74252651880424,85.61692126909519,93.20094007050528,87.46329805394335,95.49334243769204,88.33108025070666,93.56028020154848,83.78394643138252,92.63663273166439,79.96138961924564,88.50226734711028,0.4697988425493596,70.7446808510638,92.5531914893617,79.60526315789478,79.82456140350878,78.98550724637681,86.95652173913044,59.09090909090907,67.34006734006735,69.16666666666666,80.0,71.51860540258221,81.33486839441366,70.12987012987011,83.58913813459269,79.76827094474153,89.2156862745098,81.48496240601504,92.95112781954887,82.81250000000001,94.66145833333333,92.01680672268907,98.94957983193277,81.24248204066315,91.8733980787835,76.38054372162267,86.60413323659859,0.5022860277010391
496.0,95.32871972318343,95.8477508650519,81.61174785100285,84.36962750716333,81.21047877145436,91.6892502258356,67.68364928909955,71.28258293838863,72.22689075630252,79.91596638655463,79.61229727820854,84.6210355845988,76.19365928189458,88.02521008403362,78.54601950069642,90.97182042215795,85.24676850763808,94.19506462984724,86.23420962785934,95.55821099351314,84.82856089467863,93.73847855474992,82.2098435625534,92.49775693686038,80.91107042038098,88.55939626072959,0.46865255196019434,70.7446808510638,92.5531914893617,79.60526315789478,79.82456140350878,78.98550724637681,86.95652173913044,59.09090909090907,68.01346801346801,69.16666666666666,80.0,71.51860540258221,81.46954852909379,68.83116883116884,83.4710743801653,79.76827094474153,89.3048128342246,81.48496240601504,93.1390977443609,82.81250000000001,94.66145833333333,92.01680672268907,98.94957983193277,80.9827417809229,91.90520462480337,76.25067359175256,86.68737657694858,0.5023789850714311
497.0,89.25413302575933,93.77162629757785,78.82521489971346,83.46704871060172,80.35230352303522,87.95543510990666,69.3424170616114,77.38447867298578,69.36974789915966,72.47899159663865,77.42876328185582,83.01151607754213,78.56187929717339,89.4494161300884,79.19854280510015,90.58823529411765,84.52996474735608,94.01880141010575,86.5261181290543,95.01536360532606,87.94088730490353,93.06869853754456,83.35147845671749,92.42810299543649,80.39012086928665,87.71980953648931,0.4814843177516284,70.7446808510638,92.5531914893617,79.60526315789478,79.82456140350878,78.98550724637681,86.95652173913044,59.09090909090907,68.68686868686868,69.16666666666666,80.0,71.51860540258221,81.60422866377391,68.83116883116884,83.70720188902008,79.76827094474153,89.48306595365419,81.48496240601504,93.1390977443609,82.81250000000001,94.66145833333333,93.48739495798318,98.94957983193277,81.2768594279817,91.98808075046024,76.39773241528195,86.79615470711707,0.5006773759464764
498.0,93.25259515570934,97.38562091503267,74.82808022922634,84.12607449856733,79.94579945799457,86.41975308641976,71.2381516587678,80.76125592417063,77.33193277310924,84.53781512605043,79.31931185496147,86.64610391004817,79.31627196333078,88.50540216086435,78.53959069966781,91.65113039751421,84.91774383078733,92.6180963572268,87.0211676340048,95.74598839194263,85.31399778788253,93.48654295194788,83.02175438313463,92.40143205189918,81.17053311904806,89.52376798097367,0.4601219292401756,70.7446808510638,92.5531914893617,79.60526315789478,79.82456140350878,78.98550724637681,86.95652173913044,59.09090909090907,67.003367003367,69.16666666666666,79.16666666666666,71.51860540258221,81.10086166040692,73.37662337662337,83.82526564344745,79.76827094474153,89.66131907308377,80.16917293233084,93.1390977443609,82.81250000000001,94.66145833333333,93.48739495798318,98.94957983193277,81.9227924423358,92.04734412523165,76.72069892245901,86.57410289281928,0.5015625081520819
499.0,83.35255670895812,95.46328335255672,76.61174785100286,82.33524355300858,78.0939476061427,85.78741342968985,76.02191943127966,82.13862559241706,70.84033613445378,80.50420168067227,76.98410154636743,85.24575352166889,77.38731856378915,90.23791334715705,81.48933890496087,90.54323368691739,84.42420681551117,92.82961222091657,89.47934448617278,96.00204848071013,89.30195403711443,94.03342755315226,84.4164325615097,92.72924705777066,80.70026705393856,88.98750028971978,0.46781193041692753,70.7446808510638,92.5531914893617,79.60526315789478,79.82456140350878,78.98550724637681,86.95652173913044,59.09090909090907,67.67676767676767,69.16666666666666,80.0,71.51860540258221,81.40220846175372,70.12987012987011,83.82526564344745,79.76827094474153,89.66131907308377,81.48496240601504,93.1390977443609,82.81250000000001,94.66145833333333,92.01680672268907,98.94957983193277,81.24248204066315,92.04734412523165,76.38054372162267,86.72477629349268,0.49943709887774596
500.0,92.90657439446366,97.38562091503267,75.03581661891117,84.45558739255014,81.39114724480577,85.96808190304127,67.26155213270144,71.14928909952606,75.90336134453783,81.42857142857144,78.49969034708398,84.07743014774431,78.35179526355996,90.27065371603187,80.34072645451621,90.80252866173792,83.98942420681551,92.41833137485311,88.0556503926255,96.17958347558894,87.79341280570236,94.81995821555856,83.7062018246439,92.89821108875408,81.10294608586395,88.4878206182492,0.46802852228629027,70.7446808510638,92.5531914893617,79.60526315789478,79.82456140350878,78.98550724637681,86.95652173913044,59.09090909090907,69.69696969696969,69.16666666666666,80.0,71.51860540258221,81.80624886579412,70.12987012987011,83.82526564344745,79.76827094474153,89.75044563279857,81.48496240601504,93.1390977443609,82.81250000000001,94.66145833333333,92.01680672268907,98.94957983193277,81.24248204066315,92.0651694371746,76.38054372162267,86.93570915148436,0.4982714331681211
501.0,94.11764705882354,95.96309111880046,75.17908309455586,84.84240687679083,82.83649503161696,87.98554652213187,67.6392180094787,77.48815165876778,70.88235294117646,79.78991596638656,78.1309592271303,85.2138224285755,76.42284186401834,88.52177234530177,80.50680381442191,91.16039858566378,85.24089306698002,94.26321974148063,85.93376579037215,95.03243427791055,88.52156814550817,95.42829052476343,83.3251745362601,92.88122309502404,80.72806688169521,89.04752276179977,0.4640593019520866,70.7446808510638,92.5531914893617,79.60526315789478,79.3859649122807,78.98550724637681,86.95652173913044,59.09090909090907,67.003367003367,69.16666666666666,79.16666666666666,71.51860540258221,81.01314236216129,69.48051948051948,83.82526564344745,79.76827094474153,89.66131907308379,81.48496240601504,93.04511278195488,82.81250000000001,94.66145833333333,93.48739495798318,98.94957983193277,81.40672955785185,92.02854713275045,76.46266748021702,86.52084474745587,0.49994445309011465
502.0,94.11764705882354,98.26989619377163,75.46561604584525,83.89684813753581,82.42999096657633,86.75097862089733,70.2902843601896,77.60663507109004,74.43277310924368,82.01680672268907,79.34726230813568,85.70823294919677,78.37089381207028,90.39615846338536,81.16361298617805,90.19393549769634,86.15746180963573,93.06933019976498,87.46329805394335,96.04643222942984,86.8655524148949,95.28081602556225,84.00416381534447,92.99733448316776,81.67571306174008,89.35278371618227,0.4494666896332666,70.7446808510638,92.5531914893617,79.60526315789478,78.94736842105263,78.98550724637681,86.23188405797102,59.09090909090907,67.003367003367,69.16666666666666,79.16666666666666,71.51860540258221,80.7804955276838,70.12987012987011,83.94332939787486,79.76827094474153,89.66131907308379,81.48496240601504,93.04511278195488,82.81250000000001,94.66145833333333,93.48739495798318,98.94957983193277,81.53659968772197,92.05215988363594,76.52760254515209,86.41632770565987,0.500547739872808
503.0,93.0795847750865,98.03921568627452,76.32521489971347,85.48710601719198,78.0939476061427,83.43872327612165,70.7642180094787,74.77784360189574,69.36974789915968,77.18487394957984,77.52654263791621,83.78555250621272,77.38731856378914,89.50944013969224,82.3090110361084,91.98328511732564,86.91539365452411,93.46650998824913,89.48787982246502,96.87606691703652,85.16652328868133,93.38208184834706,84.2532252731136,93.04347680213012,80.8898839555149,88.41451465417143,0.47096622885767436,70.7446808510638,92.5531914893617,79.60526315789478,79.3859649122807,78.98550724637681,86.23188405797102,59.09090909090907,69.02356902356902,69.16666666666666,79.16666666666666,71.51860540258221,81.2722552299698,70.12987012987011,84.17945690672963,79.76827094474153,89.66131907308379,81.48496240601504,93.1390977443609,82.81250000000001,94.66145833333333,93.48739495798318,98.94957983193277,81.53659968772197,92.11818237788809,76.52760254515209,86.69521880392895,0.4983327402862301
504.0,94.80968858131487,95.27104959630911,77.32808022922633,87.34957020057305,75.83559168925021,87.32309545317676,72.56368483412324,77.42890995260663,70.79831932773108,82.35294117647058,78.26707293232914,85.94511327582725,77.72154316271963,89.79046163920114,80.34179792135431,92.23615129111754,83.94242068155113,93.26674500587544,88.25879139638104,95.71867531580745,85.2617672360821,93.8245053459506,83.10526407961764,92.96730771959042,80.6861685059734,89.45621049770884,0.46063796516037336,70.7446808510638,92.5531914893617,79.60526315789478,78.94736842105263,78.98550724637681,86.23188405797102,59.09090909090907,68.01346801346801,69.16666666666666,79.16666666666666,71.51860540258221,80.982515729704,70.12987012987011,84.17945690672963,79.76827094474153,89.75044563279859,81.48496240601504,93.04511278195488,82.81250000000001,94.66145833333333,93.48739495798318,98.94957983193277,81.53659968772197,92.11721069734983,76.52760254515209,86.54986321352692,0.4991125757963253
505.0,93.77162629757785,96.88581314878894,76.18194842406876,79.59885386819484,76.4679313459801,87.26287262872629,74.22245260663509,76.67357819905213,75.86134453781513,85.0,79.30106064241538,85.08422356895244,75.5252100840336,88.05795045290844,81.15932711882564,91.92542590806814,87.56756756756758,92.84841363102232,88.30317514510074,95.19289860020484,87.79341280570236,92.48494531153987,84.06973854424598,92.10192678074873,81.68539959333069,88.59307517485058,0.468256915456359,70.7446808510638,92.5531914893617,79.60526315789478,78.50877192982458,78.98550724637681,86.23188405797102,59.09090909090907,68.35016835016835,69.16666666666666,79.16666666666666,71.51860540258221,80.96213649879846,70.12987012987011,84.06139315230224,79.76827094474153,89.75044563279859,81.48496240601504,93.04511278195488,82.81250000000001,94.66145833333333,92.01680672268907,98.94957983193277,81.24248204066315,92.09359794646437,76.38054372162267,86.52786722263141,0.4989856779572176
506.0,81.44944252210689,93.77162629757785,73.96848137535815,83.65329512893983,76.87443541102077,86.20897320084312,72.0453199052133,81.62026066350711,75.86134453781513,80.7983193277311,76.03980475030285,85.2104949237198,78.64782276546983,90.37705991487505,79.85428051001819,89.64534447658845,84.31844888366629,93.5111633372503,87.11847046773644,96.10788665073405,84.87157429027899,93.51112203514809,82.96211938343394,92.63051528291919,79.5009620668684,88.9205051033195,0.464788000558888,70.7446808510638,92.5531914893617,79.60526315789478,78.50877192982458,78.98550724637681,86.23188405797102,59.09090909090907,68.68686868686868,69.16666666666666,79.16666666666666,71.51860540258221,81.02947656613851,70.12987012987011,84.17945690672963,79.76827094474153,89.75044563279859,81.48496240601504,93.04511278195488,82.81250000000001,94.66145833333333,92.01680672268907,98.94957983193277,81.24248204066315,92.11721069734983,76.38054372162267,86.57334363174417,0.49811333271048874
507.0,94.29065743944638,97.11649365628604,81.32521489971344,85.08595988538681,74.20957542908762,87.41342968985245,69.29798578199055,77.3844786729858,76.59663865546219,77.31092436974791,79.14401444114004,84.86225725485181,78.9820473644003,89.69496889664957,79.20068573877634,90.96324868745313,85.45240893066982,93.51351351351352,90.02731307613523,95.71184704677364,87.06525746589652,92.78603908074228,84.14554251517565,92.53392344502643,81.64477847815785,88.69809034993912,0.45904249850520107,70.7446808510638,92.5531914893617,79.60526315789478,78.50877192982456,78.98550724637681,86.23188405797102,59.09090909090907,68.01346801346801,69.16666666666666,79.16666666666666,71.51860540258221,80.89479643145839,70.12987012987011,84.29752066115704,79.76827094474153,89.83957219251337,81.48496240601504,93.04511278195488,82.81250000000001,94.66145833333333,92.01680672268907,98.94957983193277,81.24248204066315,92.1586487601783,76.38054372162267,86.52672259581834,0.4983059912898949
508.0,93.59861591695503,97.84698193002691,76.81948424068769,82.89398280802293,79.13279132791328,89.15989159891599,69.8163507109005,75.13329383886256,78.76050420168067,83.73949579831933,79.62554927962742,85.75472919482954,79.94652406417111,90.21335807050093,80.0182149362477,91.17754205507339,85.9400705052879,94.13631022326675,90.57528166609767,96.73267326732673,87.69816885830159,93.56028020154848,84.8356520060212,93.16403276354326,82.23060064282431,89.45938097918639,0.4482789388069828,70.7446808510638,92.5531914893617,79.60526315789478,78.50877192982458,78.98550724637681,86.23188405797102,59.09090909090907,69.36026936026936,69.16666666666666,79.16666666666666,71.51860540258221,81.16415670081865,70.12987012987011,84.4155844155844,79.76827094474153,89.83957219251337,81.48496240601504,93.04511278195488,82.81250000000001,94.79166666666666,92.01680672268907,98.94957983193277,81.24248204066315,92.20830317773041,76.38054372162267,86.68622993927454,0.4978651089783047
509.0,89.0811226451365,96.4244521337947,78.68194842406876,82.27793696275072,77.46160794941281,87.98554652213188,69.53495260663509,76.7031990521327,70.1050420168067,76.38655462184873,76.97293472841197,83.95553785853174,77.05309396485866,90.21881479864673,81.16468445301615,90.41465766634522,85.34665099882491,92.70505287896592,91.11471491976786,96.68146124957323,87.40321985989924,94.99815656875998,84.41647283927337,93.0036286324582,80.69470378384267,88.47958324549498,0.45995983418217395,70.7446808510638,92.5531914893617,79.60526315789478,78.50877192982458,78.98550724637681,86.23188405797102,59.09090909090907,70.03367003367002,69.16666666666666,78.33333333333333,71.51860540258221,81.13217016883212,70.12987012987011,84.4155844155844,79.76827094474153,89.83957219251337,81.48496240601504,93.04511278195488,82.81250000000001,94.79166666666666,92.01680672268907,98.94957983193277,81.24248204066315,92.20830317773041,76.38054372162267,86.67023667328127,0.497208583407285
510.0,94.46366782006922,98.1930026912726,78.96848137535815,86.46131805157593,79.94579945799457,89.73200843119542,69.06101895734601,76.21445497630333,72.3109243697479,80.25210084033614,78.94997839610316,86.17057699813668,78.0366692131398,89.36210847975555,81.48612450444655,91.12825458052073,85.18801410105759,93.37720329024677,88.25025606008877,95.26459542505975,84.48138134447586,94.27307361435417,83.48848904464171,92.68104707798739,81.21923372037244,89.42581203806203,0.4482995893803438,70.7446808510638,92.5531914893617,79.60526315789478,78.50877192982458,78.98550724637681,86.23188405797102,59.09090909090907,69.69696969696969,69.16666666666666,79.16666666666666,71.51860540258221,81.23149676815872,70.12987012987011,84.4155844155844,80.7486631016043,89.92869875222816,81.48496240601504,92.95112781954887,82.81250000000001,94.66145833333333,92.01680672268907,98.94957983193277,81.4385604720357,92.1812898305255,76.47858293730896,86.70639329934211,0.497951358960938
511.0,95.3287197231834,96.38600538254518,75.60888252148996,84.5272206303725,78.31978319783197,86.96175850647396,72.08975118483416,82.0201421800948,70.1890756302521,76.68067226890757,78.3072424515183,85.31515979367882,79.40221543162718,91.29106187929716,79.68927461695058,91.08539590699668,85.39952996474737,93.79318448883667,85.73916012290887,95.93717992488905,87.6981688583016,94.07644094875263,83.58566979890712,93.23665262975445,80.9464561252127,89.27590621171663,0.4546220858955622,70.7446808510638,92.5531914893617,79.60526315789478,78.94736842105263,78.98550724637681,86.23188405797102,59.09090909090907,70.03367003367002,69.16666666666666,79.16666666666666,71.51860540258221,81.38655613374439,70.12987012987011,84.29752066115704,79.76827094474153,90.01782531194296,81.48496240601504,92.85714285714286,82.81250000000001,94.66145833333333,93.48739495798318,98.94957983193277,81.53659968772197,92.1567053991018,76.52760254515209,86.7716307664231,0.4976895813958111
512.0,95.67474048442908,97.039600153787,74.39828080229226,86.7191977077364,79.3586269196025,87.71454381210478,70.86048578199055,77.3696682464455,73.00420168067227,81.89075630252101,78.65926713379733,86.14675324451893,78.77196333078685,90.09876677943905,81.49041037179897,91.47326690238935,85.29377203290248,94.36662749706228,89.04574940252648,95.30897917377943,86.18962762688952,93.29605505714638,84.15830455298087,92.9087390819633,81.4087858433891,89.52774616324112,0.452593248902246,70.7446808510638,93.61702127659575,79.60526315789478,78.50877192982458,78.98550724637681,86.23188405797102,59.09090909090907,70.03367003367002,69.16666666666666,79.16666666666666,71.51860540258221,81.51160279294561,70.12987012987011,84.29752066115704,79.76827094474153,89.92869875222816,81.48496240601504,92.95112781954887,82.81250000000001,94.66145833333333,93.48739495798318,98.94957983193277,81.53659968772197,92.15767707964002,76.52760254515209,86.83463993629282,0.4974580514358423
513.0,95.3287197231834,98.26989619377163,81.61174785100285,89.1404011461318,84.86901535682023,90.45468232460104,73.2745853080569,80.36137440758294,75.21008403361344,79.53781512605043,82.05883045453535,87.55283383962757,77.78838808250572,89.78227654698243,79.20282867245255,90.59466409514626,86.32784958871918,94.75440658049354,89.97439399112326,96.50051212017753,84.29089344967433,93.8122158043505,83.516870756895,93.08881502943005,82.78785060571518,90.32082443452882,0.43760500667300567,70.7446808510638,93.61702127659575,79.60526315789478,78.50877192982458,78.98550724637681,86.23188405797102,59.09090909090907,70.03367003367002,69.16666666666666,79.16666666666666,71.51860540258221,81.51160279294561,70.12987012987011,84.4155844155844,79.76827094474153,89.83957219251337,80.16917293233084,93.04511278195488,82.81250000000001,94.66145833333333,89.91596638655463,98.94957983193277,80.55915607869943,92.18226151106376,76.03888074064082,86.84693215200468,0.4993603746564912
514.0,94.63667820069206,96.27066512879662,74.25501432664757,83.78223495702007,79.7199638663053,87.05209274314966,71.80835308056874,78.46563981042654,78.71848739495799,89.41176470588235,79.82769937383434,86.99647946905505,77.28227654698242,90.57895885626978,79.03139397835635,90.37608486017359,86.37485311398358,93.33725029377203,88.15295322635713,95.12461590986685,85.84244807668675,94.80152390315841,83.33678498847324,92.84368676464814,81.58224218115379,89.9200831168516,0.44891200600576925,70.7446808510638,93.61702127659575,79.60526315789478,77.63157894736842,78.98550724637681,86.23188405797102,59.09090909090907,66.66666666666666,69.16666666666666,80.0,71.51860540258221,80.82943018972037,70.12987012987011,84.4155844155844,79.76827094474153,89.83957219251337,80.16917293233084,92.95112781954887,84.37500000000001,94.66145833333333,93.48739495798318,98.94957983193277,81.58594179298514,92.16346451858256,76.55227359778368,86.49644735415146,0.5002604965263586
515.0,87.87004998077663,96.00153787004999,78.18767908309455,85.45845272206304,75.42908762420956,87.47365251430291,73.6078199052133,78.52488151658767,76.59663865546219,85.46218487394958,78.33825504975125,86.58414189939064,78.475935828877,90.3170359052712,80.50680381442193,90.6996678452802,83.01410105757932,92.30317273795535,87.32161147149199,95.93717992488905,85.26176723608211,93.92282167875138,82.91604388169047,92.63597561842944,80.62714946572086,89.61005875891004,0.45255930880573414,70.7446808510638,93.61702127659575,79.60526315789478,78.0701754385965,78.98550724637681,86.23188405797102,59.09090909090907,70.03367003367002,69.16666666666666,80.0,71.51860540258221,81.59055016136666,70.12987012987011,84.4155844155844,80.7486631016043,89.92869875222816,81.48496240601504,92.95112781954887,82.81250000000001,94.66145833333333,89.91596638655463,98.94957983193277,81.01839240480881,92.1812898305255,76.2684989036955,86.88591999594608,0.49819499431086606
516.0,94.46366782006922,96.77047289504036,71.89828080229226,79.21203438395416,76.64859981933152,85.57663354411322,76.35515402843606,80.83530805687205,78.80252100840336,84.03361344537815,79.63364469570648,85.28561246507158,78.56187929717339,90.75084579286259,80.99860709311044,90.20036429872495,84.42420681551117,93.23854289071681,87.560600887675,95.20655513827244,86.28487157429026,94.12559911515301,83.56603313355205,92.70438144714596,81.59983891462926,88.99499695610876,0.46033898921468874,70.7446808510638,93.61702127659575,79.60526315789478,77.19298245614036,78.98550724637681,86.23188405797102,59.09090909090907,66.66666666666666,69.16666666666666,80.0,71.51860540258221,80.74171089147475,70.12987012987011,84.4155844155844,80.7486631016043,89.83957219251337,81.48496240601504,92.95112781954887,82.81250000000001,94.66145833333333,93.48739495798318,98.94957983193277,81.73267811909452,92.16346451858256,76.62564176083836,86.45258770502866,0.49986387413838623
517.0,88.90811226451366,95.61707035755478,76.32521489971347,86.26074498567336,78.7262872628726,85.24540800963565,70.86048578199055,77.59182464454977,76.59663865546219,79.49579831932773,78.2833477729105,84.84216926334825,80.13750954927424,90.16697588126159,79.36462016500586,90.04393014036216,86.70387779083433,93.42890716803761,89.63810174120863,96.14885626493684,86.43234607349146,95.23165785916186,84.4552910639629,93.00406546275201,81.3693194184367,88.92311736305012,0.4592979463439359,69.68085106382976,93.61702127659575,79.60526315789478,77.19298245614036,78.98550724637681,86.23188405797102,59.09090909090907,67.003367003367,69.16666666666666,79.16666666666666,71.30583944513542,80.64238429214815,70.77922077922078,84.53364817001182,80.7486631016043,89.83957219251337,81.48496240601504,92.95112781954887,82.81250000000001,94.66145833333333,92.01680672268907,98.94957983193277,81.56843060190583,92.18707726946802,76.43713502352063,86.41473078080809,0.49801204288278605
518.0,93.42560553633218,97.6163014225298,76.75501432664757,86.63323782234957,83.60433604336042,86.69075579644684,70.86048578199055,79.42831753554502,72.96218487394958,79.15966386554622,79.52152531245606,85.90565528848349,80.70091673032849,91.25013641820365,81.32540447873136,90.8625308046716,81.33372502937722,91.68507638072856,87.1713895527484,96.39808808467055,87.0130269140961,94.20548113555365,83.50889254105631,92.8802625647656,81.51520892675619,89.39295892662454,0.44636623287769545,70.7446808510638,93.61702127659575,79.60526315789478,77.19298245614036,78.98550724637681,86.23188405797102,59.09090909090907,67.003367003367,69.16666666666666,79.16666666666666,71.51860540258221,80.64238429214815,70.12987012987011,84.53364817001182,80.7486631016043,89.75044563279857,81.48496240601504,92.95112781954887,82.81250000000001,94.53125,93.48739495798318,98.94957983193277,81.73267811909452,92.1432102908584,76.62564176083836,86.39279729150329,0.49791610869492164
519.0,88.38908112264515,96.38600538254518,72.96561604584527,81.73352435530086,86.72086720867208,92.47214694369164,71.80835308056874,78.02132701421802,76.55462184873949,79.53781512605042,79.28770786129414,85.63016376436123,78.66692131398013,90.66626650660264,80.83574413371903,91.69613200471446,84.69447708578144,92.62279670975323,89.43496073745308,96.07033117104812,86.04215312768834,94.99815656875998,83.9348512797244,93.21073659217568,81.61127957050927,89.42045017826845,0.4503468069126005,69.68085106382976,93.61702127659575,79.60526315789478,77.19298245614036,78.98550724637681,86.23188405797102,59.09090909090907,66.66666666666666,69.16666666666666,80.0,71.30583944513542,80.74171089147475,70.77922077922078,84.29752066115702,80.7486631016043,89.75044563279857,81.48496240601504,92.85714285714286,82.81250000000001,94.66145833333333,93.48739495798318,98.94957983193277,81.86254824896466,92.10322946327292,76.58419384705005,86.42247017737384,0.49798433564357897
520.0,93.77162629757785,98.07766243752404,79.11174785100286,85.15759312320917,78.7262872628726,86.35953026196928,69.57938388625595,79.13210900473933,72.96218487394958,82.89915966386555,78.83024603433178,86.32521089826147,80.57677616501144,90.13969224053257,80.51108968177432,91.50326797385621,83.61927144535841,92.9283196239718,89.98292932741552,95.97132127005804,88.9117610913113,94.85682684035885,84.72036554217419,93.07988558975549,81.77530578825298,89.70254824400848,0.4481178886245229,70.7446808510638,93.61702127659575,79.60526315789478,77.19298245614036,78.98550724637681,86.23188405797102,59.09090909090907,67.34006734006735,69.16666666666666,79.16666666666666,71.51860540258221,80.70972435948822,70.77922077922078,84.06139315230224,80.7486631016043,89.75044563279857,80.16917293233084,92.95112781954887,82.81250000000001,94.53125,93.48739495798318,98.94957983193277,81.59939035422784,92.04875928731649,76.55899787840502,86.37924182340235,0.4969742543522549
521.0,93.59861591695503,97.30872741253364,83.82521489971346,87.97994269340974,78.50045167118337,88.16621499548329,70.00888625592421,77.16232227488152,75.86134453781513,79.41176470588235,80.35890265631824,86.0057944164381,80.03246753246752,91.15464367565208,81.32433301189327,92.5168756027001,83.7720329024677,92.21621621621622,89.14305223625813,96.01911915329462,86.622833968293,93.79378149195034,84.17894393027592,93.14012722796267,82.26892329329708,89.57296082220039,0.4408107668223565,70.7446808510638,93.61702127659575,79.60526315789478,77.63157894736842,78.98550724637681,86.23188405797102,59.09090909090907,68.35016835016835,69.16666666666666,79.16666666666666,71.51860540258221,80.99946385975404,65.58441558441558,84.06139315230224,80.7486631016043,89.83957219251337,81.48496240601504,92.85714285714286,82.81250000000001,94.53125,92.01680672268907,98.94957983193277,80.5294695629448,92.04778760677826,76.0240374827635,86.52362573326616,0.4969997819055109
522.0,94.8096885813149,98.26989619377161,78.61747851002865,88.3810888252149,77.28093947606143,86.08852755194218,69.53495260663509,79.48755924170617,78.10924369747897,85.37815126050421,79.6704605743038,87.52104461462781,79.8414820473644,89.2966277420059,79.03353691203255,91.62112932604735,84.20681551116334,94.36427732079905,86.8709457152612,95.59918060771594,87.21273196509772,95.21322354676171,83.43310243018382,93.21888770866599,81.55178150224381,90.3699661616469,0.43621651396973454,70.7446808510638,93.61702127659575,79.60526315789478,78.07017543859651,78.98550724637681,86.23188405797102,59.09090909090907,68.35016835016835,69.16666666666666,79.16666666666666,71.51860540258221,81.08718315799965,70.12987012987011,83.94332939787486,80.7486631016043,89.92869875222816,80.16917293233084,92.85714285714286,82.81250000000001,94.53125,93.48739495798318,98.94957983193277,81.4695202243577,92.04200016783572,76.49406281346995,86.56459166291768,0.49655254776850494
523.0,88.90811226451366,95.6170703575548,76.03868194842404,85.55873925501433,84.05600722673893,91.5989159891599,74.08175355450238,76.65876777251185,75.12605042016808,79.70588235294119,79.64212108286942,85.82787514543642,80.05156608097784,89.98144712430427,81.32647594556944,90.82395799849995,83.88366627497064,92.58989424206815,90.57528166609767,95.75964493001024,87.6981688583016,94.45741673835568,84.70703176518343,92.72247220664767,82.17457642402643,89.27517367604204,0.4498637677643226,70.7446808510638,93.61702127659575,79.60526315789478,78.07017543859651,78.98550724637681,86.23188405797102,59.09090909090907,69.02356902356902,69.16666666666666,80.83333333333333,71.51860540258221,81.55519662601313,70.12987012987011,83.82526564344747,80.7486631016043,89.75044563279857,80.16917293233084,92.85714285714286,82.81250000000001,94.53125,89.91596638655463,98.94957983193277,80.75523451007197,91.98273679306433,76.13691995632709,86.76896670953873,0.4962508420014013
524.0,95.32871972318343,96.50134563629373,77.18481375358165,89.87106017191977,77.46160794941281,87.86510087323094,73.98548578199056,84.1824644549763,77.45798319327731,82.10084033613445,80.28372208028915,88.10416229451104,76.40374331550801,90.00327403688749,81.65434479802848,91.60398585663773,83.34900117508813,92.77085781433607,86.03960396039605,96.06350290201433,84.3861373970751,93.06869853754455,82.36656612921915,92.70206382948403,81.32514410475414,90.40311306199754,0.43650123541930824,70.7446808510638,93.61702127659575,79.60526315789478,77.63157894736842,78.98550724637681,86.23188405797102,59.09090909090907,67.003367003367,69.16666666666666,80.83333333333333,71.51860540258221,81.0634369237271,70.12987012987011,83.94332939787486,80.7486631016043,89.75044563279857,80.16917293233084,92.95112781954887,84.37500000000001,94.53125,94.95798319327731,98.94957983193277,82.07613787141652,92.02514653643102,76.79737163699937,86.54429173007907,0.498378953021088
525.0,92.38754325259517,98.69281045751633,76.32521489971347,84.42693409742121,82.61065943992773,90.54501656127671,67.26155213270144,75.39988151658767,74.43277310924368,82.14285714285714,78.6035485668363,86.2414999551318,79.94652406417111,90.40297937356762,79.68927461695058,91.05753776920605,84.36545240893068,92.48413631022326,88.50631614885629,95.49334243769204,88.76428659211011,94.63561509155709,84.25437076620376,92.81472219644921,81.42895966652003,89.5281110757905,0.44259870079609753,70.7446808510638,93.61702127659575,79.60526315789478,77.63157894736842,78.98550724637681,86.23188405797102,59.09090909090907,67.003367003367,69.16666666666666,80.83333333333333,71.51860540258221,81.0634369237271,70.12987012987011,83.82526564344745,80.7486631016043,89.66131907308377,80.16917293233084,92.85714285714286,84.37500000000001,94.53125,93.48739495798318,98.94957983193277,81.7820202243577,91.96491148112136,76.65031281346995,86.51417420242423,0.49736411405218794
526.0,93.9446366782007,96.77047289504037,84.25501432664755,89.5702005730659,85.90785907859077,89.79223125564589,74.17802132701424,81.50177725118483,74.34873949579833,82.89915966386555,82.52685418125031,88.1067683277605,78.5427807486631,89.65950016370184,79.03460837887064,91.01467909568198,84.97062279670976,93.33254994124559,87.36599522021169,95.37726186411744,87.64593830650117,95.21936831756175,83.51198909019129,92.92067187646172,83.0194216357208,90.51372010211111,0.4312849980585098,70.7446808510638,93.61702127659575,79.60526315789478,78.07017543859651,78.98550724637681,86.23188405797102,59.09090909090907,68.35016835016835,69.16666666666666,80.0,71.51860540258221,81.25384982466633,70.12987012987011,84.06139315230224,80.7486631016043,89.48306595365419,80.16917293233084,92.95112781954887,82.81250000000001,94.53125,89.91596638655463,98.94957983193277,80.75523451007197,91.99528335148761,76.13691995632709,86.62456658807697,0.4972410239974755
527.0,95.67474048442908,98.50057670126876,79.82808022922634,88.06590257879657,78.50045167118337,88.82866606443842,70.48281990521329,78.42120853080569,77.37394957983193,82.89915966386555,80.3720083739768,87.343102707835,79.08708938120702,91.00185528756958,81.9811421836494,91.94685524483018,85.88719153936546,93.36545240893066,85.19972686923866,95.57869580061454,85.79943468108641,93.9719798451518,83.59091693090939,93.17296771741935,81.9814626524431,90.25803521262718,0.4313606266061368,70.7446808510638,93.61702127659575,79.60526315789478,78.07017543859651,78.98550724637681,86.23188405797102,62.121212121212096,69.36026936026936,69.16666666666666,80.83333333333333,72.12466600864282,81.62253669335318,70.12987012987011,83.94332939787486,80.7486631016043,89.48306595365419,81.48496240601504,92.95112781954887,82.81250000000001,94.53125,89.91596638655463,98.94957983193277,81.01839240480881,91.97167060060212,76.57152920672581,86.79710364697766,0.4980498456794766
528.0,94.98269896193774,95.2326028450596,79.11174785100286,88.45272206303724,81.79765130984642,90.78590785907859,74.31872037914695,80.89454976303317,73.08823529411764,84.5798319327731,80.65981075921032,87.98912289259634,80.42398777692894,90.38797337116664,82.79867138112073,90.66966677381335,85.66980023501763,94.44183313748532,88.64800273130764,95.97814953909185,88.13137519970506,95.5880545655647,85.13436746481601,93.41313547742436,82.89708911201316,90.70112918501036,0.4285006460550696,70.7446808510638,93.61702127659575,79.60526315789478,77.63157894736842,78.98550724637681,86.23188405797102,59.09090909090907,68.35016835016835,69.16666666666666,80.83333333333333,71.51860540258221,81.33279719308737,70.12987012987011,84.06139315230224,80.7486631016043,89.3048128342246,81.48496240601504,92.95112781954887,82.81250000000001,94.53125,89.91596638655463,98.94957983193277,81.01839240480881,91.95963272760169,76.2684989036955,86.64621496034454,0.5004832024858982
529.0,94.80968858131487,96.65513264129181,83.76074498567333,92.621776504298,84.46251129177956,93.4959349593496,71.66765402843605,77.99170616113744,78.80252100840336,81.05042016806722,82.70062397912143,88.36299408682882,80.68181818181817,91.9131288879188,81.81827922425798,92.70973963355836,83.44300822561695,94.05405405405406,91.01741208603622,96.41515875725504,87.64593830650118,95.6740813567654,84.9212912048461,94.15323253791033,83.81095759198377,91.25811331236957,0.41379104557506896,70.7446808510638,93.61702127659575,79.60526315789478,77.63157894736842,78.98550724637681,86.23188405797102,59.09090909090907,68.35016835016835,69.16666666666666,80.83333333333333,71.51860540258221,81.33279719308737,65.58441558441558,84.06139315230224,80.7486631016043,89.3048128342246,81.48496240601504,92.76315789473684,82.81250000000001,94.53125,89.91596638655463,98.94957983193277,80.10930149571792,91.92203874263927,75.81395344915006,86.62741796786332,0.5012484293430297
530.0,93.9446366782007,97.77008842752788,77.75787965616044,81.93409742120343,85.90785907859077,92.98404095152063,69.2535545023697,76.74763033175356,81.65966386554622,85.88235294117645,81.70471875617356,87.06364201463639,81.56035141329258,90.4589108370621,81.00075002678663,92.22757955641273,86.75088131609873,94.4888366627497,86.92386480027315,94.66712188460224,87.55069435910042,94.80152390315841,84.7573083831103,93.32879456879704,83.23101356964193,90.19621829171672,0.4336731302535495,70.7446808510638,93.61702127659575,79.60526315789478,77.19298245614036,78.98550724637681,86.23188405797102,59.09090909090907,67.003367003367,69.16666666666666,80.83333333333333,71.51860540258221,80.9757176254815,66.23376623376623,84.17945690672963,80.7486631016043,89.3048128342246,80.16917293233084,92.66917293233084,82.81250000000001,94.53125,89.91596638655463,98.94957983193277,79.9760137308512,91.92685450104356,75.7473095667167,86.45128606326253,0.5012996462284018
531.0,92.90657439446366,98.69281045751633,76.89828080229225,82.10601719197707,74.79674796747965,83.46883468834689,75.40728672985784,82.2867298578199,75.16806722689076,81.26050420168067,79.03539142419683,85.56297927946818,80.28074866310159,90.37160318672923,80.83681560055713,91.46683810136076,85.9400705052879,94.97297297297297,88.60361898258792,96.30932058723113,86.91778296669534,93.58485928474867,84.51580734364597,93.34111882660855,81.7755993839214,89.45204905303837,0.44811713605816,70.7446808510638,93.61702127659575,79.60526315789478,77.19298245614036,78.98550724637681,86.23188405797102,59.09090909090907,68.01346801346801,69.16666666666666,80.83333333333333,71.51860540258221,81.17773782750169,66.23376623376623,84.17945690672963,80.7486631016043,89.3048128342246,80.16917293233084,92.85714285714286,82.81250000000001,94.53125,89.91596638655463,98.94957983193277,79.9760137308512,91.96444848600598,75.7473095667167,86.57109315675383,0.49861548889947227
532.0,94.8096885813149,98.30834294502114,79.82808022922634,84.72779369627507,78.27461607949412,86.02830472749173,76.02191943127966,81.01303317535546,81.70168067226892,89.83193277310923,82.1271969987168,87.98188146345053,80.68181818181817,91.86947506275239,82.80081431479694,91.78399228543877,84.15393654524091,93.3207990599295,89.33765790372142,95.65380675998635,88.42632419810742,94.39596903035516,85.08011022873697,93.40480843969245,83.60365361372689,90.69334495157149,0.4309881988653275,70.7446808510638,93.61702127659575,79.60526315789478,77.19298245614036,78.98550724637681,86.23188405797102,59.09090909090907,67.003367003367,69.16666666666666,80.83333333333333,71.51860540258221,80.9757176254815,66.23376623376623,84.17945690672963,81.72905525846701,89.57219251336899,80.16917293233084,92.85714285714286,82.81250000000001,94.53125,93.48739495798318,98.94957983193277,80.88637787650946,92.01792442183485,76.20249163954583,86.49682102365817,0.49949982918921326
533.0,94.98269896193774,98.2314494425221,79.68481375358164,85.53008595988538,82.61065943992773,88.40710629328517,70.00888625592421,79.69490521327015,77.33193277310923,80.29411764705883,80.92379823689612,86.43153291120433,79.82238349885408,91.24740805413074,84.5976642022929,92.2061502196507,85.5111633372503,93.22914218566393,89.34619324001369,96.77705701604643,86.67506452009341,92.7368809143419,85.19049375970089,93.23932767796673,83.0571459982985,89.83543029458554,0.43599076683450594,70.7446808510638,93.61702127659575,79.60526315789478,77.19298245614036,78.98550724637681,86.23188405797102,59.09090909090907,68.01346801346801,69.16666666666666,80.83333333333333,71.51860540258221,81.17773782750169,66.23376623376623,84.17945690672963,81.72905525846701,89.39393939393939,81.48496240601504,92.85714285714286,82.81250000000001,94.53125,89.91596638655463,98.94957983193277,80.43525005696058,91.98227379794892,75.9769277297714,86.5800058127253,0.49915734351797164
534.0,94.8096885813149,98.46212995001923,76.89828080229226,86.07449856733524,78.90695573622402,88.67810900331226,72.65995260663509,80.61315165876778,76.59663865546219,84.2016806722689,79.9743032763857,87.60591397034068,80.87280366692131,91.41383826257777,80.02250080360011,91.77542055073395,85.72855464159814,93.46415981198591,91.01741208603622,96.54831000341414,87.4984638073,95.36684281676294,85.02794700109116,93.71371428909494,82.50112513873843,90.6598141297178,0.4212113484093331,70.7446808510638,93.61702127659575,79.60526315789478,77.19298245614036,78.98550724637681,86.23188405797102,59.09090909090907,68.01346801346801,69.16666666666666,80.83333333333333,71.51860540258221,81.17773782750169,66.23376623376623,84.29752066115704,80.7486631016043,89.39393939393939,81.48496240601504,92.85714285714286,82.81250000000001,94.53125,88.4453781512605,98.94957983193277,79.94505397852922,92.00588654883441,75.73182969055571,86.59181218816805,0.499482598115748
535.0,94.63667820069206,96.38600538254516,76.89828080229225,85.70200573065902,87.12737127371274,91.44835892803373,73.9410545023697,77.71030805687205,75.90336134453781,83.61344537815127,81.70134922472091,86.97202469525224,80.22345301757066,90.80541307432064,80.1842922961534,92.18472088288867,85.18801410105759,93.9294947121034,87.61351997268693,95.51382724479345,88.4263241981074,95.25009217156199,84.32712071711519,93.53670961713362,83.01423497091805,90.25436715619293,0.42871196747188406,70.7446808510638,93.61702127659575,79.60526315789478,77.19298245614036,78.98550724637681,86.23188405797102,59.09090909090907,68.01346801346801,69.16666666666666,80.83333333333333,71.51860540258221,81.17773782750169,66.23376623376623,84.17945690672963,80.7486631016043,89.57219251336899,80.16917293233084,92.85714285714286,82.81250000000001,94.53125,89.91596638655463,98.94957983193277,79.9760137308512,92.01792442183485,75.7473095667167,86.59783112466826,0.49923361492042717
536.0,94.29065743944638,97.19338715878509,82.61461318051573,86.4756446991404,81.34598012646791,92.47214694369165,72.3785545023697,76.17002369668248,74.55882352941177,79.74789915966386,81.0377257556423,86.4118203315927,79.15393430099313,89.65131507148314,80.34608378870671,91.21611486124505,86.4864864864865,93.68977673325499,90.27483782861047,95.74598839194263,86.13739707508911,94.248494531154,84.47974789597718,92.91033791781595,82.75873682580973,89.66107912470432,0.43872338685253065,70.7446808510638,93.61702127659575,79.60526315789478,77.63157894736842,78.98550724637681,86.23188405797102,60.606060606060595,69.02356902356902,69.16666666666666,80.83333333333333,71.82163570561252,81.4674773277675,66.23376623376623,84.17945690672963,80.7486631016043,89.48306595365419,81.48496240601504,92.76315789473684,82.81250000000001,94.53125,89.91596638655463,98.94957983193277,80.23917162558803,91.98130211741068,76.03040366560028,86.72438972258908,0.49811234426737444
537.0,88.562091503268,94.8481353325644,80.11461318051575,82.44985673352436,81.79765130984642,88.31677205660945,76.21445497630334,78.8655213270142,71.65966386554622,82.85714285714285,79.66969496709594,85.46748566137106,79.90832696715049,90.12059369202227,81.00075002678665,91.78184935176256,83.56051703877793,92.27967097532314,89.18743598497782,96.64390576988733,88.0361312523043,94.53115398795624,84.33863225399944,93.07143475539031,82.00416361054769,89.26946020838068,0.4468976503192148,70.7446808510638,93.61702127659575,79.60526315789478,77.19298245614036,78.98550724637681,86.23188405797102,59.09090909090907,68.01346801346801,69.16666666666666,80.83333333333333,71.51860540258221,81.17773782750169,66.23376623376623,84.29752066115702,80.7486631016043,89.39393939393939,81.48496240601504,92.76315789473684,82.81250000000001,94.53125,89.91596638655463,98.94957983193277,80.23917162558803,91.9870895563532,75.87888851408512,86.58241369192744,0.4969765056840644
538.0,90.29219530949636,96.2322183775471,76.18194842406876,83.43839541547278,85.50135501355012,91.32791327913279,72.89691943127966,77.31042654028435,79.62184873949579,84.53781512605042,80.89885338357814,86.56935374769749,77.64514896867837,90.65808141438394,82.80081431479694,93.02903675131255,85.07050528789661,93.75558166862515,88.70092181631959,95.43530215090475,86.38011552169105,95.43443529556347,84.1195011818765,93.66248745615796,82.50917728272732,90.11592060192773,0.4322105238822498,69.68085106382976,93.61702127659575,79.60526315789478,76.75438596491229,78.98550724637681,86.23188405797102,59.09090909090907,67.34006734006735,69.16666666666666,80.83333333333333,71.30583944513542,80.95533839457595,66.88311688311688,84.29752066115702,81.72905525846701,89.48306595365419,80.16917293233084,92.76315789473684,82.81250000000001,94.53125,89.91596638655463,98.94957983193277,80.30196229209386,92.00491486829617,75.80390086861465,86.48012663143606,0.49548918022725597
539.0,94.11764705882354,96.8089196462899,79.97134670487105,85.24355300859598,88.97922312556457,92.65281541704306,65.69905213270144,74.14099526066352,72.35294117647058,81.68067226890757,80.22404203968624,86.10539112030003,81.43621084797554,92.40423442104114,81.49148183863709,92.49116039858566,84.15393654524091,93.7156286721504,89.83270740867194,96.29224991464663,87.99311785670395,95.09032813076072,84.98149089944589,93.99872030743691,82.60276646956606,90.05205571386847,0.4288168152208221,69.68085106382976,93.61702127659575,79.60526315789478,77.19298245614036,78.98550724637681,86.23188405797102,59.09090909090907,67.67676767676767,69.16666666666666,80.83333333333333,71.30583944513542,81.11039776016162,66.88311688311688,84.06139315230224,81.72905525846701,89.48306595365419,80.16917293233084,92.76315789473684,82.81250000000001,94.53125,89.91596638655463,98.94957983193277,80.30196229209386,91.95768936652522,75.80390086861465,86.53404356334342,0.49453949112758805
540.0,88.38908112264515,94.50211457131871,79.97134670487105,88.61031518624641,84.86901535682023,89.15989159891599,74.31872037914695,81.3388625592417,74.47478991596638,83.19327731092436,80.40459069588995,87.36089224532944,81.33116883116884,91.88311688311688,80.83788706739523,91.47112396871317,84.37132784958872,93.37955346650999,88.89552748378287,95.58552406964834,88.96399164311171,96.19638687476957,84.87998057500947,93.7031410525516,82.64228563544971,90.53201664894053,0.42874855111379007,69.68085106382976,93.61702127659575,79.60526315789478,77.19298245614036,78.98550724637681,86.23188405797102,59.09090909090907,68.01346801346801,69.16666666666666,80.83333333333333,71.30583944513542,81.17773782750169,66.88311688311688,84.06139315230224,81.72905525846701,89.48306595365419,80.16917293233084,92.76315789473684,84.37500000000001,94.53125,89.91596638655463,98.94957983193277,80.61446229209386,91.95768936652522,75.96015086861465,86.56771359701345,0.4948395365659204
541.0,94.29065743944638,98.4236831987697,80.32234957020057,84.19770773638969,84.86901535682021,90.99668774465522,72.42298578199055,78.83590047393365,77.45798319327731,80.46218487394958,81.87259826834699,86.58323280553957,81.52215431627195,90.85452362763287,83.94728383156537,91.82256509161041,86.8096357226792,93.98824911868391,87.80812564015025,94.85489928303176,86.622833968293,94.66633894555734,85.34200669579195,93.23731521330325,83.60730248206947,89.91027400942141,0.42666267378606565,69.68085106382976,93.61702127659575,79.60526315789478,77.19298245614036,78.98550724637681,86.23188405797102,59.09090909090907,68.01346801346801,69.16666666666666,80.83333333333333,71.30583944513542,81.17773782750169,66.88311688311688,84.06139315230224,81.72905525846701,89.57219251336899,81.48496240601504,92.76315789473684,82.81250000000001,94.53125,88.4453781512605,98.94957983193277,80.2710025397719,91.97551467846817,75.78842099245367,86.57662625298494,0.49454506717351765
542.0,94.46366782006922,97.84698193002693,79.54154727793694,83.88252148997134,78.906955736224,86.38964167419452,71.47511848341233,78.64336492890996,76.63865546218489,81.84873949579831,80.20518895596548,85.72224990378022,80.36669213139801,91.09734803012114,81.33076181292186,90.65680917175614,85.78143360752058,93.67332549941246,87.46329805394335,95.48310003414134,87.4984638073,93.33292368194667,84.48812988261675,92.84870128347555,82.34665941929111,89.2854755936279,0.4489700432802934,69.68085106382976,92.55319148936171,79.60526315789478,77.19298245614036,78.98550724637681,86.23188405797102,59.09090909090907,68.01346801346801,69.16666666666666,80.83333333333333,71.30583944513542,80.96497187005488,66.88311688311688,84.06139315230224,81.72905525846701,89.57219251336899,80.16917293233084,92.76315789473684,82.81250000000001,94.53125,89.91596638655463,98.94957983193277,80.30196229209386,91.97551467846817,75.80390086861465,86.47024327426152,0.4945404288945252
543.0,83.3525567089581,95.15570934256056,84.25501432664755,88.83954154727793,81.57181571815717,89.73200843119542,67.3578199052133,76.79206161137442,80.23109243697479,84.41176470588235,79.35365981919018,86.98621712765814,79.80328495034377,90.6144275892175,81.81935069109608,91.9725704489446,85.78143360752058,94.19036427732081,89.83270740867194,96.54489586889723,86.52759002089222,94.5372987587563,84.7528733357049,93.57191138862729,82.05326657744754,90.27906425814271,0.4289031456595528,69.68085106382976,92.55319148936171,79.60526315789478,77.19298245614036,78.98550724637681,86.23188405797102,59.09090909090907,68.01346801346801,69.16666666666666,80.83333333333333,71.30583944513542,80.96497187005488,66.88311688311688,84.06139315230224,81.72905525846701,89.57219251336898,80.16917293233084,92.76315789473684,82.81250000000001,94.53125,89.91596638655463,98.94957983193277,80.30196229209386,91.97551467846816,75.80390086861465,86.47024327426152,0.49456148795357374
544.0,88.38908112264515,95.50173010380622,74.25501432664757,85.58739255014328,81.79765130984642,90.1535682023487,68.5870853080569,77.31042654028435,77.37394957983193,83.19327731092436,78.0805563294056,86.3492789415014,80.49083269671505,90.98275673905925,82.63687988856742,91.48826743812279,85.78143360752058,94.50058754406581,89.19597132127006,96.27859337657904,88.18360575150548,94.79537913235836,85.25774465311572,93.60911684603704,81.66915049126067,89.97919789376922,0.4260395654816766,69.68085106382976,92.55319148936171,79.60526315789478,77.19298245614036,78.98550724637681,86.23188405797102,59.09090909090907,68.01346801346801,69.16666666666666,80.83333333333333,71.30583944513542,80.96497187005488,66.88311688311688,84.17945690672963,81.72905525846701,89.66131907308377,80.16917293233084,92.76315789473684,84.37500000000001,94.53125,89.91596638655463,98.94957983193277,80.61446229209386,92.0169527412966,75.96015086861465,86.49096230567574,0.4943982376294072
545.0,94.29065743944638,99.00038446751249,77.61461318051575,86.03151862464182,86.49503161698283,92.56248118036736,74.8889218009479,78.82109004739337,80.96638655462185,84.70588235294117,82.85112211850296,88.22427133457123,81.10198624904507,91.31834552002618,82.3090110361084,91.43255116254151,84.70035252643949,92.54994124559343,86.57903721406626,95.41481734380334,89.05923559051246,94.78001720535825,84.74992452323434,93.09913449546455,83.80052332086865,90.66170291501788,0.4220169664249825,70.7446808510638,93.61702127659575,79.60526315789478,78.0701754385965,78.98550724637681,86.23188405797102,60.606060606060595,68.68686868686868,69.16666666666666,80.83333333333333,71.82163570561252,81.48785655867306,66.88311688311688,84.53364817001182,81.72905525846701,89.66131907308377,80.16917293233084,92.76315789473684,82.81250000000001,94.53125,89.91596638655463,98.94957983193277,80.30196229209386,92.08779099395304,76.06179899885319,86.78782377631305,0.49301556885319736
546.0,88.38908112264515,96.34755863129566,74.68481375358165,86.23209169054442,80.75880758807588,88.97922312556459,69.91261848341233,78.15462085308057,76.63865546218489,86.30252100840336,78.07679528197998,87.20320306177771,77.54010695187165,90.11513696387647,83.45548055287686,91.98971391835423,84.31844888366629,92.22326674500589,88.45339706384432,95.86548310003415,85.65196018188523,93.41895047314736,83.88387872682887,92.72251024008362,80.98033700440442,89.96285665093066,0.43448233177475276,70.7446808510638,93.61702127659575,79.60526315789478,78.0701754385965,78.98550724637681,86.23188405797102,63.636363636363626,70.03367003367002,73.33333333333331,80.0,73.26102964500646,81.59055016136666,66.23376623376623,84.53364817001182,81.72905525846701,89.57219251336898,81.48496240601504,92.76315789473684,82.81250000000001,94.53125,88.4453781512605,98.94957983193277,80.14113240990176,92.06996568201006,76.70108102745411,86.83025792168837,0.4908456741800978
547.0,95.15570934256058,97.8085351787774,79.54154727793694,85.31518624641834,81.57181571815717,89.88256549232159,73.80035545023699,79.94668246445498,70.88235294117648,79.03361344537817,80.19035614601361,86.3973165654701,79.15393430099313,89.63767325111863,82.1440051430408,91.95756991321119,86.05170387779083,93.77203290246769,90.86719016729262,97.54182314783203,88.91176109131129,95.04731473516038,85.42571891608574,93.59128278995799,82.80803753104968,89.99429967771405,0.42518303232639126,70.7446808510638,93.61702127659575,79.60526315789478,78.0701754385965,78.98550724637681,86.23188405797102,62.121212121212096,68.68686868686868,69.16666666666666,80.83333333333333,72.12466600864282,81.48785655867306,66.88311688311688,84.53364817001182,81.72905525846701,89.66131907308377,80.16917293233084,92.76315789473684,84.37500000000001,94.53125,89.91596638655463,98.94957983193277,80.61446229209386,92.08779099395304,76.36956415036835,86.78782377631305,0.49270752828286124
548.0,94.80968858131487,98.15455594002307,84.97134670487107,89.82808022922636,77.05510388437216,88.88888888888889,68.82405213270144,76.94016587677726,78.15126050420169,82.98319327731093,80.76229036149225,87.3589768424453,82.92589763177997,91.37564116555713,82.30901103610842,91.12825458052075,87.3560517038778,94.86016451233843,87.560600887675,95.46261522703993,88.81651714391053,95.29925033796238,85.79361568067034,93.62518516468371,83.27795302108129,90.49208100356451,0.41875344358924715,70.7446808510638,92.55319148936171,79.60526315789478,77.63157894736842,78.98550724637681,86.23188405797102,59.09090909090907,68.35016835016835,69.16666666666666,80.83333333333333,71.51860540258221,81.12003123564057,66.88311688311688,84.53364817001182,81.72905525846701,89.92869875222816,80.16917293233084,92.76315789473684,84.37500000000001,94.53125,89.91596638655463,98.94957983193277,80.61446229209386,92.1412669297819,76.06653384733804,86.63064908271124,0.4938771717826802
549.0,82.66051518646675,94.88658208381392,75.75214899713465,87.63610315186247,88.34688346883466,93.0442637759711,67.498518957346,76.99940758293839,78.10924369747897,84.83193277310924,78.47346206145221,87.47965787353903,79.0488922841864,90.24064171122994,81.81935069109608,90.99110682524376,85.45240893066982,93.11163337250295,89.83270740867194,96.44930010242403,90.90573921592726,94.90598500675925,85.4118197061103,93.139733403632,81.94264088378125,90.30969563858551,0.42585213805739014,70.7446808510638,93.61702127659575,79.60526315789478,77.63157894736842,78.98550724637681,86.23188405797102,63.636363636363626,69.36026936026936,69.16666666666666,80.83333333333333,72.42769631167315,81.53481739510757,66.88311688311688,84.6517119244392,81.72905525846701,89.92869875222816,80.16917293233084,92.76315789473684,82.81250000000001,94.53125,89.91596638655463,98.94957983193277,80.30196229209386,92.1648796806674,76.3648293018835,86.84984853788748,0.4948658224291462
550.0,94.46366782006922,97.15494040753556,81.11747851002863,87.56446991404012,80.12646793134597,87.05209274314966,76.21445497630336,84.09360189573461,79.57983193277312,89.41176470588236,82.30038023410407,89.05537393326846,80.87280366692131,91.56116992251447,80.180006428801,91.19039965713063,83.77790834312574,93.21974148061103,86.67634004779791,95.41481734380334,85.65196018188523,94.56802261275654,83.43180373370623,93.1908302033632,82.86609198390515,91.12310206831583,0.4174564131249015,70.7446808510638,92.55319148936171,79.60526315789478,77.63157894736842,78.98550724637681,86.23188405797102,62.121212121212096,69.02356902356902,69.16666666666666,80.83333333333333,72.12466600864282,81.25471137032069,66.88311688311688,84.6517119244392,81.72905525846701,90.10695187165776,80.16917293233084,92.76315789473684,84.37500000000001,94.53125,89.91596638655463,98.94957983193277,80.61446229209386,92.20053030455331,76.36956415036835,86.727620837437,0.495147493912579
551.0,87.69703960015379,96.8089196462899,83.33094555873924,90.67335243553009,80.35230352303522,89.76211984342065,74.51125592417064,79.19135071090048,81.82773109243698,84.91596638655462,81.54385513970718,88.27034180453913,82.38158899923604,92.57066462948815,81.32647594556947,91.75827708132434,86.15746180963573,93.67097532314924,88.4004779788324,96.80095595766474,86.52759002089222,94.91827454835935,84.95871895083317,93.94382950799718,83.25128704527017,91.10708565626815,0.4183725117980084,69.68085106382976,92.55319148936171,79.60526315789478,77.19298245614036,78.98550724637681,86.23188405797102,59.09090909090907,68.01346801346801,69.16666666666666,80.83333333333333,71.30583944513542,80.96497187005488,66.88311688311688,84.6517119244392,81.72905525846701,90.10695187165774,80.16917293233084,92.76315789473684,84.37500000000001,94.53125,89.91596638655463,98.94957983193277,80.61446229209386,92.20053030455331,75.96015086861465,86.5827510873041,0.4970062809626074
552.0,93.59861591695503,97.57785467128028,79.68481375358164,89.06876790830947,83.83017163504967,90.60523938572719,69.15728672985784,78.45082938388626,80.23109243697479,84.03361344537815,81.30039609448379,87.94726095891626,79.38311688311688,90.50802139037434,84.92874745526623,92.27472409728918,86.75675675675679,93.99764982373678,90.67258449982931,95.75281666097644,88.66904264470936,96.05505714636845,86.08204964793572,93.71765382374903,83.69122287120976,90.83245739133264,0.40855057313384063,70.7446808510638,92.55319148936171,79.60526315789478,77.63157894736842,78.98550724637681,86.23188405797102,59.09090909090907,68.68686868686868,69.16666666666666,80.83333333333333,71.51860540258221,81.18737130298062,66.88311688311688,84.6517119244392,81.72905525846701,90.19607843137256,80.16917293233084,92.76315789473684,84.37500000000001,94.53125,89.91596638655463,98.94957983193277,80.61446229209386,92.21835561649627,76.06653384733804,86.70286345973844,0.49644313229837594
553.0,89.0811226451365,97.34717416378315,79.82808022922634,85.05730659025788,78.68112014453476,84.67329117735622,68.82405213270144,77.10308056872039,73.78151260504204,81.97478991596638,78.03917755132822,85.23112848321679,77.6642475171887,90.63352613772781,82.31008250294651,91.13468338154934,85.45240893066982,93.98589894242069,86.62342096278594,95.69819050870605,88.374093646307,94.34066609315472,84.0848507119796,93.15859301271172,81.06201413165391,89.19486074796426,0.44304477607012216,70.7446808510638,92.55319148936171,79.60526315789478,77.63157894736842,78.98550724637681,86.23188405797102,60.606060606060595,68.68686868686868,69.16666666666666,80.83333333333333,71.82163570561252,81.18737130298062,66.88311688311688,84.53364817001182,81.72905525846701,90.28520499108734,80.16917293233084,92.76315789473684,84.37500000000001,94.53125,89.91596638655463,98.94957983193277,80.61446229209386,92.21256817755375,76.21804899885319,86.69996974026719,0.495210564806859
554.0,93.9446366782007,97.30872741253364,79.82808022922634,88.78223495702005,85.27551942186086,94.15838602830473,75.97748815165879,81.07227488151658,75.16806722689076,81.30252100840336,82.03875834156749,88.52482885755566,81.52215431627197,91.73032849503437,82.30901103610842,92.27472409728918,84.97062279670976,94.12925969447708,89.44349607374534,95.30215090474564,89.30195403711443,96.08578100036868,85.50944765198999,93.90444883838299,83.77410299677874,91.21463884796933,0.4065476856338262,69.68085106382976,92.55319148936171,79.60526315789478,77.63157894736842,78.98550724637681,86.23188405797102,59.09090909090907,69.02356902356902,69.16666666666666,80.83333333333333,71.30583944513542,81.25471137032069,66.88311688311688,84.17945690672963,81.72905525846701,90.37433155080214,80.16917293233084,92.76315789473684,84.37500000000001,94.53125,93.48739495798318,98.94957983193277,81.32874800637958,92.15955523684026,76.31729372575751,86.70713330358048,0.4963161067017248
555.0,88.90811226451366,94.92502883506344,76.46848137535817,85.81661891117479,84.23667570009033,91.02679915688046,71.5713862559242,76.91054502369668,67.28991596638654,78.65546218487395,77.69491431245459,85.46689082233787,83.22192513368982,92.40696278511405,82.3090110361084,91.45183756562734,87.73207990599296,94.03290246768508,88.30317514510074,96.20348241720724,87.8886567531031,95.12719675556103,85.890969594799,93.84447639823894,81.7929419536268,89.6556836102884,0.4333914681293409,69.68085106382976,92.55319148936171,79.60526315789478,77.63157894736842,78.98550724637681,86.23188405797102,59.09090909090907,68.68686868686868,69.16666666666666,80.83333333333333,71.30583944513542,81.18737130298062,66.88311688311688,84.06139315230224,81.72905525846701,90.37433155080214,80.16917293233084,92.66917293233084,84.37500000000001,94.40104166666666,91.38655462184873,98.94957983193277,80.9085799391527,92.09110382680691,76.10720969214407,86.63923756489376,0.4961582254637865
556.0,94.63667820069206,95.92464436755095,83.04441260744984,89.24068767908308,83.24299909665761,90.81601927130382,71.5713862559242,74.86670616113744,79.49579831932773,87.60504201680672,82.39825489601029,87.69061989917641,82.06646294881588,90.30885081305249,83.12868316725594,92.11186113789778,85.02350176263221,93.62162162162161,91.07033117104817,97.21065209969272,86.04215312768835,92.63241981074106,85.46622643548812,93.17708109660113,83.9322406657492,90.43385049788877,0.4212908470738341,70.7446808510638,92.55319148936171,78.72807017543865,77.63157894736842,78.98550724637681,86.23188405797102,60.606060606060595,69.02356902356902,69.16666666666666,80.83333333333333,71.64619710912129,81.25471137032069,66.88311688311688,84.29752066115702,81.72905525846701,90.46345811051694,80.16917293233084,92.66917293233084,84.37500000000001,94.40104166666666,89.91596638655463,98.94957983193277,80.61446229209386,92.15615464052084,76.13032970060758,86.70543300542076,0.49676133933485866
557.0,94.63667820069206,97.46251441753172,82.32808022922636,90.02865329512893,83.01716350496837,89.09966877446553,76.68838862559245,80.03554502369668,80.35714285714288,88.27731092436974,83.40549068352442,88.98073848703852,81.10198624904508,92.41787624140566,83.62048644594448,91.91256830601094,84.91186839012927,94.17626321974149,87.36599522021169,95.27825196312735,85.40924173528327,93.44967432714759,84.48191560812276,93.4469268114866,83.94370314582359,91.21383264926257,0.41132801210518766,70.7446808510638,92.55319148936171,78.72807017543865,78.50877192982456,78.98550724637681,86.23188405797102,62.121212121212096,69.02356902356902,69.16666666666666,80.0,71.9492274121516,81.26348330014525,66.88311688311688,84.4155844155844,81.72905525846701,90.28520499108734,80.16917293233084,92.66917293233084,84.37500000000001,94.40104166666666,91.38655462184873,98.94957983193277,80.9085799391527,92.14411676752039,76.42890367565215,86.70380003383282,0.4971809347663502
558.0,93.42560553633218,98.0392156862745,77.75787965616044,86.83381088825215,83.60433604336042,89.61156278229448,77.82138625592421,82.10900473933648,74.47478991596638,83.73949579831933,81.41679948154874,88.0666179788954,79.36401833460657,90.67445159882135,80.51001821493622,91.32111861137898,85.66980023501763,94.90011750881317,89.63810174120863,96.63366336633665,87.79341280570236,94.76465527835812,84.59507026629429,93.65880127274166,83.00593487392152,90.86270962581852,0.42093638371841063,70.7446808510638,92.55319148936171,79.60526315789478,78.50877192982456,78.98550724637681,86.23188405797102,62.121212121212096,69.36026936026936,69.16666666666666,80.0,72.12466600864282,81.33082336748532,66.88311688311688,84.29752066115704,81.72905525846701,90.19607843137256,80.16917293233084,92.66917293233084,84.37500000000001,94.40104166666666,89.91596638655463,98.94957983193277,80.61446229209386,92.10267870469197,76.36956415036835,86.71675103608865,0.49624686384812644
559.0,94.8096885813149,97.2318339100346,76.75501432664757,84.34097421203438,80.35230352303522,88.73833182776272,81.23518957345975,84.95260663507109,72.96218487394958,83.0672268907563,81.2228761756814,87.66619469513182,79.1348357524828,89.61857470260831,80.18536376299151,91.43040822886532,84.69447708578144,93.55111633372502,87.5162171389553,96.59610788665073,86.28487157429029,94.00270369915202,83.56315306290028,93.03978217020028,82.39301461929085,90.35298843266605,0.42955081218502444,70.7446808510638,92.55319148936171,79.60526315789478,78.50877192982456,78.98550724637681,86.23188405797102,62.121212121212096,69.36026936026936,69.16666666666666,80.83333333333333,72.12466600864282,81.49749003415198,66.88311688311688,84.29752066115704,81.72905525846701,90.19607843137256,80.16917293233084,92.66917293233084,84.37500000000001,94.53125,89.91596638655463,98.94957983193277,80.61446229209386,92.12872037135864,76.36956415036835,86.81310520275531,0.4963802641372811
560.0,94.98269896193771,97.27028066128412,79.54154727793696,88.06590257879657,79.53929539295392,87.92532369768142,71.19372037914695,79.23578199052133,77.45798319327731,85.16806722689077,80.54304904105058,87.53307123103484,81.96142093200916,91.83673469387755,81.9811421836494,92.10757527054537,84.5358401880141,93.85898942420681,89.39057698873337,96.73608740184363,85.98992257588792,94.96743271475974,84.77178057365879,93.90136390104662,82.65741480735468,90.71721756604073,0.4126324212588017,70.7446808510638,92.55319148936171,79.60526315789478,78.50877192982456,78.98550724637681,86.23188405797102,62.121212121212096,69.02356902356902,69.16666666666666,80.83333333333333,72.12466600864282,81.43014996681191,66.88311688311688,84.17945690672963,81.72905525846701,90.19607843137256,80.16917293233084,92.66917293233084,84.37500000000001,94.53125,89.91596638655463,98.94957983193277,80.61446229209386,92.10510762047315,76.36956415036835,86.76762879364253,0.4966600962927216
561.0,88.38908112264515,95.84775086505189,78.96848137535815,82.87965616045845,83.19783197831977,93.13459801264679,74.55568720379149,82.71623222748816,75.94537815126051,87.85714285714286,80.21129196627501,88.48707602455764,80.66271963330787,91.29924697151588,81.98328511732558,92.7525983070824,84.69447708578144,93.66392479435956,88.74530556503927,95.75964493001024,88.13137519970505,95.11490721396092,84.84343252023184,93.71806444338581,82.52736224325344,91.10257023397173,0.41009076886320694,69.68085106382976,92.55319148936171,78.72807017543865,78.0701754385965,78.98550724637681,86.23188405797102,62.121212121212096,68.68686868686868,69.16666666666666,80.83333333333333,71.7364614547048,81.27509060122624,66.88311688311688,84.17945690672963,81.72905525846701,90.28520499108735,80.16917293233084,92.66917293233084,84.37500000000001,94.53125,89.91596638655463,98.94957983193277,80.61446229209386,92.12293293241612,76.17546187339933,86.69901176682117,0.49687071494298585
562.0,93.9446366782007,96.92425990003845,80.40114613180515,89.25501432664755,83.01716350496837,88.40710629328515,65.08441943127966,75.01481042654028,75.25210084033614,81.72268907563026,79.53989331731802,86.26477600442834,80.05156608097784,90.24882680344865,82.79974284795883,93.20475731276116,85.56404230317276,93.786133960047,88.45339706384433,95.32263571184704,85.40924173528327,93.07484330834458,84.45559800624741,93.12743941928969,81.99774566178272,89.69610771185901,0.4325644181584399,69.68085106382976,92.55319148936171,78.72807017543865,78.0701754385965,78.98550724637681,86.23188405797102,62.121212121212096,68.68686868686868,69.16666666666666,80.0,71.7364614547048,81.10842393455957,66.88311688311688,84.17945690672963,81.72905525846701,90.28520499108735,80.16917293233084,92.76315789473684,84.37500000000001,94.53125,89.91596638655463,98.94957983193277,80.61446229209386,92.14172992489732,76.17546187339933,86.62507692972844,0.497005666444866
563.0,93.0795847750865,96.38600538254516,76.46848137535817,85.0,85.50135501355012,91.20746763023186,73.80035545023699,79.53199052132702,70.96638655462185,85.0420168067227,79.96323263377073,87.43349606816535,81.10198624904508,91.09734803012113,80.1821493624772,90.40394299796421,85.78730904817861,94.16216216216216,87.81666097644248,94.75588938204164,87.55069435910042,94.5372987587563,84.48775999904875,92.9913282662091,82.22549631640973,90.21241216718722,0.4252469303093466,69.68085106382976,92.55319148936171,78.72807017543865,78.0701754385965,78.98550724637681,86.23188405797102,62.121212121212096,68.01346801346801,69.16666666666666,80.0,71.7364614547048,80.97374379987944,66.88311688311688,84.4155844155844,81.72905525846701,90.28520499108735,80.16917293233084,92.66917293233082,84.37500000000001,94.53125,91.38655462184873,98.94957983193277,80.9085799391527,92.17015843418707,76.32252069692875,86.57195111703325,0.49808063275139797
564.0,94.8096885813149,98.65436370626682,80.25787965616044,90.11461318051575,86.31436314363141,91.5989159891599,70.57908767772514,79.51718009478674,75.16806722689074,82.52100840336134,81.42581725714453,88.48121627481812,82.15240641711229,91.38382625777584,81.98542805100179,91.73470481088609,84.86486486486488,92.87661574618096,90.13315124615912,96.97166268350973,87.79341280570236,93.75076809634999,85.38585267696809,93.34351551894052,83.40583496705631,90.91236589687932,0.40776056501285535,69.68085106382976,92.55319148936171,78.72807017543865,78.50877192982456,78.98550724637681,86.23188405797102,62.121212121212096,69.02356902356902,69.16666666666666,80.0,71.7364614547048,81.26348330014525,66.88311688311688,84.29752066115702,81.72905525846701,90.19607843137256,80.16917293233084,92.66917293233082,84.37500000000001,94.40104166666666,91.38655462184873,98.94957983193277,80.9085799391527,92.10267870469195,76.32252069692875,86.6830810024186,0.4967074051615706
565.0,94.98269896193774,99.11572472126106,86.11747851002863,90.21489971346705,80.53297199638662,92.17103282143933,76.4514218009479,85.36729857819904,81.00840336134453,83.65546218487394,83.8185949261291,90.1048836038481,80.66271963330786,90.52984830295755,81.33076181292186,90.26465230901103,86.4864864864865,94.16921269095184,88.70092181631959,96.37760327756914,88.42632419810742,95.04116996436032,85.12144278942864,93.27649730896998,84.47001885777887,91.69069045640904,0.3947700812602789,70.7446808510638,92.55319148936171,79.60526315789478,78.94736842105263,78.98550724637681,86.23188405797102,63.636363636363626,70.37037037037037,73.33333333333331,79.16666666666667,73.26102964500646,81.45389620108448,66.88311688311688,84.17945690672963,81.72905525846701,90.10695187165776,80.16917293233084,92.57518796992481,82.81250000000001,94.40104166666666,88.4453781512605,98.94957983193277,80.00784464503505,92.0424436493823,76.63443714502075,86.74816992523338,0.496581083589496
566.0,89.94617454825068,95.80930411380238,77.75787965616044,83.06590257879655,86.08852755194218,91.41824751580849,70.9567535545024,80.24289099526067,78.80252100840336,84.91596638655463,80.71037126385181,87.09046231804454,82.06646294881588,91.38109789370293,83.61941497910637,92.66688096003429,86.70387779083433,94.737955346651,89.39057698873337,96.80437009218164,85.85166523288683,94.71549711195772,85.52639958807535,94.06116028090551,83.11838542596358,90.57581129947502,0.4249166160983824,69.68085106382976,92.55319148936171,79.60526315789478,78.94736842105263,78.98550724637681,86.23188405797102,62.121212121212096,69.69696969696969,69.16666666666666,80.0,71.91190005119601,81.48588273307101,66.88311688311688,84.06139315230224,81.72905525846701,90.19607843137256,80.16917293233084,92.66917293233082,84.37500000000001,94.40104166666666,89.91596638655463,98.94957983193277,80.61446229209386,92.05545320292102,76.26318117164493,86.77066796799602,0.4954918295990498
567.0,94.11764705882354,97.11649365628604,76.75501432664755,84.58452722063036,80.93947606142726,89.70189701897019,69.86818720379149,81.17594786729858,77.41596638655463,85.12605042016807,79.81925820744888,87.54098323667066,79.80328495034377,89.70861071701407,81.98435658416369,93.00546448087432,85.56404230317276,93.47121034077556,89.19597132127006,96.13861386138613,83.9007005038712,94.22391544795379,84.0896711325643,93.30956296960078,81.95446467000659,90.42527310313571,0.4174003283749597,69.68085106382976,92.55319148936171,78.72807017543865,78.94736842105263,78.98550724637681,86.23188405797102,62.121212121212096,69.36026936026936,69.16666666666666,80.0,71.7364614547048,81.41854266573094,67.53246753246754,84.06139315230224,81.72905525846701,90.10695187165776,80.16917293233084,92.66917293233082,84.37500000000001,94.40104166666666,91.38655462184873,98.94957983193277,81.03845006902283,92.03762789097804,76.3874557618638,86.72808527835448,0.4956220183719569
568.0,94.46366782006922,98.57747020376777,82.90114613180516,87.1489971346705,81.79765130984642,89.46100572116832,76.11818720379149,81.53139810426539,81.78571428571428,86.00840336134455,83.4132733502453,88.54545490504331,83.0118411000764,92.12594128560514,80.34715525554483,91.16897032036859,85.40540540540542,92.89071680376028,90.27483782861047,95.93717992488904,87.40321985989922,94.89369546515914,85.28849188990728,93.40330075995644,84.35088262007629,90.97437783249987,0.4101879015609657,69.68085106382976,92.55319148936171,78.72807017543865,78.94736842105263,78.98550724637681,86.23188405797102,62.121212121212096,69.36026936026936,69.16666666666666,80.0,71.7364614547048,81.41854266573094,68.18181818181817,84.06139315230224,81.72905525846701,90.19607843137256,80.16917293233084,92.66917293233082,84.37500000000001,94.53125,91.38655462184873,98.94957983193277,81.16832019889296,92.08149486958769,76.45239082679888,86.75001876765931,0.49606684191792133
569.0,94.29065743944638,99.15417147251057,79.82808022922634,87.19197707736389,83.42366757000902,88.64799759108702,76.21445497630336,79.79857819905214,75.25210084033614,86.00840336134455,81.80179221106424,88.16022554027163,82.5916730328495,90.56531703590527,83.29154612664735,91.7432765455909,84.85898942420683,93.31374853113984,91.8572891771936,97.28917719358142,88.46933759370773,94.9367088607595,86.213767070921,93.56964563339538,84.00777964099262,90.8649355868335,0.4080710348380264,69.68085106382976,92.55319148936171,78.72807017543865,78.50877192982456,78.98550724637681,86.23188405797102,62.121212121212096,69.36026936026936,69.16666666666666,80.0,71.7364614547048,81.33082336748532,68.83116883116884,84.06139315230224,81.72905525846701,90.10695187165776,80.16917293233084,92.57518796992481,84.37500000000001,94.53125,91.38655462184873,98.94957983193277,81.29819032876308,92.04487256516352,76.51732589173395,86.68784796632443,0.4967858421343177
570.0,95.67474048442908,98.30834294502114,78.04441260744984,86.69054441260745,80.75880758807585,88.31677205660945,69.72748815165879,76.62914691943128,75.9453781512605,82.35294117647058,80.03016539657482,86.45954950202797,81.69404125286478,90.91454763723671,81.9832851173256,92.22543662273652,85.56404230317276,94.05405405405405,89.29327415500174,96.63024923181972,89.78739093031831,96.19024210396951,85.66440675173665,94.0029059299633,82.84728607415573,90.23122771599563,0.411457188738101,69.68085106382976,92.55319148936171,78.72807017543865,78.94736842105263,78.98550724637681,86.23188405797102,62.121212121212096,69.69696969696969,69.16666666666666,80.0,71.7364614547048,81.48588273307101,68.18181818181817,83.94332939787486,81.72905525846701,90.01782531194297,80.16917293233084,92.57518796992481,84.37500000000001,94.53125,91.38655462184873,98.94957983193277,81.16832019889296,92.00343450233508,76.45239082679888,86.74465861770304,0.496672935935359
571.0,95.32871972318343,97.1933871587851,79.68481375358164,86.1461318051576,80.53297199638662,89.09966877446553,71.43068720379149,78.73222748815165,81.05042016806723,81.80672268907563,81.60552256900208,86.5956275831271,81.18792971734146,91.68394630579503,81.65541626486657,91.71113254044786,86.5922444183314,94.88836662749706,90.86719016729262,97.10139979515193,88.76428659211011,94.18090205235346,85.81341343198844,93.91314946424907,83.70946800049526,90.25438852368808,0.4199734497499031,68.61702127659572,92.55319148936171,78.72807017543865,78.50877192982456,78.98550724637681,86.23188405797102,62.121212121212096,69.02356902356902,69.16666666666666,80.0,71.52369549725798,81.26348330014525,69.48051948051948,83.94332939787486,81.72905525846701,89.92869875222816,80.16917293233084,92.66917293233082,84.37500000000001,94.53125,94.95798319327731,98.94957983193277,82.14234617291893,92.00440618287332,76.83302083508846,86.63394474150928,0.4970059982173277
572.0,94.98269896193771,98.8081507112649,79.54154727793694,84.21203438395416,78.09394760614272,90.06323396567298,73.46712085308059,80.67239336492891,78.15126050420169,86.68067226890756,80.84731504065994,88.0872969389457,82.59167303284951,92.25963112517735,81.65541626486657,91.83756562734384,85.29377203290247,93.71797884841364,89.33765790372142,97.26527825196312,87.94088730490353,94.02728278235223,85.3638813078487,93.82154732705004,83.10559817425431,90.95442213299788,0.40680307013064576,68.61702127659572,92.55319148936171,78.72807017543865,78.0701754385965,78.98550724637681,86.23188405797102,62.121212121212096,69.02356902356902,69.16666666666666,80.0,71.52369549725798,81.17576400189964,70.12987012987011,84.17945690672963,81.72905525846701,90.10695187165776,80.16917293233084,92.76315789473684,82.81250000000001,94.40104166666666,89.91596638655463,98.94957983193277,80.95131294144453,92.08003763434472,76.23750421935125,86.62790081812219,0.49765173338383123
573.0,93.42560553633218,96.50134563629373,74.11174785100286,83.51002865329514,85.09485094850947,88.91900030111411,72.75622037914695,82.8495260663507,70.88235294117648,81.05042016806723,79.25415553123358,86.56606416502419,81.60809778456837,89.61857470260831,80.34608378870671,91.37683488696024,86.37485311398358,94.14571092831963,91.11471491976786,96.77022874701264,87.30797591249846,94.51886444635616,85.35034510390501,93.2860427422514,82.3022503175693,89.92605345363779,0.42217094151454093,69.68085106382976,92.55319148936171,78.72807017543865,78.94736842105263,78.98550724637681,86.23188405797102,62.121212121212096,69.36026936026936,69.16666666666666,79.16666666666666,71.7364614547048,81.25187599906425,68.18181818181817,83.94332939787486,81.72905525846701,90.19607843137256,80.16917293233084,92.66917293233082,84.37500000000001,94.40104166666666,91.38655462184873,98.94957983193277,81.16832019889296,92.03184045203552,76.45239082679888,86.6418582255499,0.49687525633425295
574.0,93.9446366782007,97.19338715878509,81.11747851002863,89.09742120343842,85.04968383017162,89.28033724781692,72.14158767772516,79.99111374407583,75.3361344537815,84.66386554621849,81.51790422998151,88.04522498006695,81.41711229946523,90.84361017134125,82.31115396978461,91.6554162648666,87.67920094007053,95.33960047003525,88.30317514510074,96.53806759986342,87.40321985989922,94.50657490475605,85.42277244286406,93.77665388217252,83.47033833642278,90.91093943111974,0.40858806074484655,69.68085106382976,92.55319148936171,78.72807017543865,78.50877192982456,78.98550724637681,86.23188405797102,62.121212121212096,70.03367003367002,69.16666666666666,79.16666666666666,71.7364614547048,81.29883683549879,68.83116883116884,84.06139315230224,81.72905525846701,90.19607843137256,80.16917293233084,92.66917293233082,84.37500000000001,94.53125,91.38655462184873,98.94957983193277,81.29819032876308,92.08149486958769,76.51732589173395,86.69016585254323,0.4965113756890482
575.0,94.98269896193771,97.53940792003075,82.75787965616045,91.54727793696276,88.93405600722673,91.5989159891599,73.4671208530806,81.63507109004739,83.90756302521008,90.25210084033614,84.80986370072311,90.51455475530739,78.57142857142857,90.25701189566736,81.49041037179896,92.31543983713703,85.94594594594595,93.94359576968272,89.29327415500173,97.44964151587571,86.28487157429028,94.8383925279587,84.31718612369309,93.7608163092643,84.5635249122081,92.13768553228584,0.3893868309803307,69.68085106382976,92.55319148936171,78.72807017543865,78.50877192982456,78.98550724637681,86.23188405797102,62.121212121212096,70.03367003367002,69.16666666666666,79.16666666666666,71.7364614547048,81.29883683549879,68.18181818181817,83.94332939787486,81.72905525846701,90.10695187165776,80.16917293233084,92.76315789473684,85.93750000000001,94.53125,91.38655462184873,98.94957983193277,81.48082019889296,92.05885379924044,76.60864082679888,86.67884531736962,0.4976840650328053
576.0,94.63667820069203,99.00038446751249,79.82808022922634,85.55873925501433,77.86811201445349,89.79223125564589,71.7639218009479,80.33175355450237,76.72268907563024,85.75630252100841,80.16389626419,88.0878822107367,79.67914438502673,90.56531703590527,81.82149362477229,92.65616629165328,86.32197414806112,93.98354876615747,91.31785592352341,96.73608740184363,88.27884969890624,96.15337347916922,85.48386355605797,94.01889859494577,82.82387991012399,91.05339040284123,0.40546000048363595,69.68085106382976,92.55319148936171,78.72807017543865,78.50877192982456,78.98550724637681,86.23188405797102,62.121212121212096,70.37037037037037,69.16666666666666,79.16666666666667,71.7364614547048,81.36617690283887,68.18181818181817,83.94332939787486,81.72905525846701,90.28520499108734,80.16917293233084,92.76315789473684,85.93750000000001,94.40104166666666,91.38655462184873,98.94957983193277,81.48082019889296,92.0684627564597,76.60864082679888,86.71731982964928,0.4975514506488885
577.0,94.11764705882354,98.26989619377161,75.11461318051573,86.6189111747851,84.64317976513097,91.44835892803373,72.14158767772516,78.48045023696683,76.72268907563024,86.84873949579831,80.54794335156512,88.33327120587111,82.04736440030555,91.99225144603295,84.11228972463299,92.18043501553626,85.28789659224444,94.35487661574618,92.10481392966886,97.15602594742232,87.6981688583016,94.1378886567531,86.25010670103069,93.96429553629817,83.3990250262979,91.14878337108465,0.39662682870577526,69.68085106382976,92.55319148936171,78.72807017543865,78.50877192982456,78.98550724637681,86.23188405797102,62.121212121212096,70.7070707070707,69.16666666666666,79.16666666666667,71.7364614547048,81.43351697017894,68.18181818181817,83.82526564344745,81.72905525846701,90.19607843137256,80.16917293233084,92.76315789473684,85.93750000000001,94.53125,91.38655462184873,98.94957983193277,81.48082019889296,92.05306636029793,76.60864082679888,86.74329166523844,0.49759666868056496
578.0,93.59861591695503,98.6159169550173,79.82808022922634,88.810888252149,77.46160794941281,87.92532369768142,79.81338862559242,85.82642180094786,77.33193277310924,84.78991596638656,81.60672509885917,89.19369333443643,80.45263559969442,90.85998035577867,83.13082610093215,91.08111003964427,85.82843713278496,93.75558166862514,87.22430863776034,95.31580744281325,87.88865675310312,96.32542706157061,84.904972844855,93.4675813136864,83.25584897185709,91.33063732406141,0.4016170535404952,69.68085106382976,94.68085106382979,79.60526315789478,78.50877192982456,78.98550724637681,86.23188405797102,63.636363636363626,71.38047138047138,73.33333333333331,78.33333333333333,73.04826368755965,81.827062353086,68.18181818181817,83.70720188902007,81.72905525846701,90.10695187165776,80.16917293233084,92.76315789473684,82.81250000000001,94.53125,89.91596638655463,98.94957983193277,80.56170255183413,92.01162829746947,76.80498311969689,86.91934532527773,0.4977343082127852
579.0,95.50173010380624,97.6163014225298,81.40401146131805,90.35816618911176,79.31345980126466,89.34056007226738,68.16498815165879,80.42061611374407,78.92857142857143,87.52100840336135,80.66255218932383,89.05133044020288,81.7131398013751,91.29379024337008,82.80402871531123,91.44326583092254,86.64512338425382,93.95064629847238,89.88562649368387,96.66439057698874,90.17758387612142,95.54504116996438,86.24510045414908,93.77942682394362,83.45382632173646,91.41537863207324,0.39747267322966484,69.68085106382976,93.61702127659574,79.60526315789478,78.50877192982456,78.98550724637681,86.23188405797102,63.636363636363626,70.7070707070707,73.33333333333331,78.33333333333333,73.04826368755965,81.47961626095906,68.83116883116884,83.94332939787486,81.72905525846701,90.28520499108734,80.16917293233084,92.76315789473684,82.81250000000001,94.53125,91.38655462184873,98.94957983193277,80.98569032876308,92.09450442312637,77.01697700816138,86.78706034204271,0.49940027813781995
580.0,94.63667820069206,96.96270665128796,77.18481375358165,88.56733524355303,85.04968383017162,93.46582354712436,74.84449052132705,80.06516587677726,74.51680672268907,82.05882352941177,81.24649460569228,88.22397096963087,81.8181818181818,91.82582123758594,81.32861887924565,92.43115825565198,85.72855464159814,93.45240893066979,90.8228064185729,97.02287470126323,88.0361312523043,94.89369546515915,85.54685860198056,93.92519171806602,83.39667660383643,91.07458134384845,0.40445067120195144,69.68085106382976,93.61702127659574,78.72807017543865,78.94736842105263,78.98550724637681,86.23188405797102,62.121212121212096,69.36026936026936,69.16666666666666,78.33333333333333,71.7364614547048,81.2979752898444,70.77922077922078,83.82526564344745,81.72905525846701,90.19607843137256,80.16917293233084,92.66917293233082,85.93750000000001,94.53125,91.38655462184873,98.94957983193277,82.00030071837348,92.03426936781673,76.86838108653913,86.66612232883057,0.5016284383497828
581.0,89.42714340638219,95.4632833525567,81.11747851002863,87.3352435530086,82.61065943992773,92.02047576031316,71.19372037914695,80.59834123222748,73.8235294117647,80.84033613445378,79.63450622945004,87.25153600651194,82.46753246753245,91.55298483029574,82.80295724847313,93.11261116468445,86.8096357226792,93.41715628672151,90.61966541481738,96.23079549334244,86.38011552169105,95.62492319036501,85.81598127503864,93.98769419308182,82.72524375224434,90.61961509979687,0.41416501315694537,69.68085106382976,93.61702127659574,78.72807017543865,78.50877192982456,78.98550724637681,86.23188405797102,62.121212121212096,68.35016835016835,69.16666666666666,78.33333333333333,71.7364614547048,81.0082357895786,70.12987012987011,83.94332939787486,81.72905525846701,90.28520499108734,80.16917293233084,92.66917293233082,85.93750000000001,94.53125,94.95798319327731,98.94957983193277,82.58471630278906,92.07570743064517,77.16058887874692,86.54197161011189,0.5023134942197971
582.0,88.73510188389082,96.38600538254518,84.68481375358165,88.69627507163324,81.97831978319782,87.44354110207769,73.37085308056874,78.18424170616115,78.15126050420169,86.38655462184875,81.38406980108815,87.4193235768532,79.57410236822001,90.1697042453345,82.63687988856742,91.93614057644916,87.95534665099883,94.50058754406581,89.43496073745307,96.63024923181973,88.61681209290894,95.12105198476097,85.64362034762965,93.67154671648603,83.5138450743589,90.54543514666962,0.41450642111102276,93.61702127659572,93.61702127659574,78.72807017543865,78.50877192982456,78.98550724637681,86.23188405797102,62.121212121212096,68.35016835016835,69.16666666666666,78.33333333333333,76.52369549725798,81.0082357895786,70.12987012987011,83.82526564344747,81.72905525846701,90.01782531194296,80.16917293233084,92.57518796992481,85.93750000000001,94.53125,94.95798319327731,98.94957983193277,82.58471630278906,91.97982175144959,79.55420590002352,86.49402877051409,0.5027480327760797
583.0,96.02076124567476,98.69281045751633,79.25501432664755,88.62464183381088,84.46251129177956,90.72568503462813,76.59212085308059,83.41232227488152,77.41596638655463,85.96638655462185,82.74927482074743,89.48436923109175,81.39801375095492,91.4956891847648,83.78656380585018,92.32186863816565,86.4864864864865,93.87779083431256,89.04574940252648,95.46944349607375,87.30797591249846,93.0871328499447,85.60495787166332,93.25038500065229,84.17711634620537,91.36737711587202,0.3988905983113729,69.68085106382976,93.61702127659574,78.72807017543865,78.50877192982456,78.98550724637681,86.23188405797102,62.121212121212096,70.37037037037037,73.33333333333331,78.33333333333333,72.56979478803814,81.41227619361901,70.12987012987011,83.70720188902008,81.72905525846701,90.01782531194296,80.16917293233084,92.57518796992481,84.37500000000001,94.40104166666666,91.38655462184873,98.94957983193277,81.55793058850335,91.93016733389746,77.06386268827075,86.67122176375824,0.50063276074654
584.0,95.84775086505192,99.07727797001154,83.47421203438394,89.18338108882521,85.04968383017162,93.49593495934958,75.36285545023699,80.67239336492891,77.41596638655462,85.12605042016807,83.4300937132798,89.51100756065667,81.18792971734148,90.57623049219687,83.45333761920067,92.19757848494588,85.78143360752058,94.49118683901293,90.82280641857292,96.65756230795493,89.78739093031831,94.70320757035763,86.2065796585908,93.72515313889365,84.8183366859353,91.61808034977516,0.3870191741715038,69.68085106382976,93.61702127659574,78.72807017543865,78.50877192982456,78.98550724637681,86.23188405797102,62.121212121212096,70.7070707070707,73.33333333333331,78.33333333333333,72.56979478803814,81.47961626095906,69.48051948051948,83.94332939787486,81.72905525846701,90.19607843137256,80.16917293233084,92.76315789473684,84.37500000000001,94.40104166666666,91.38655462184873,98.94957983193277,81.42806045863321,92.05063744451672,76.99892762333567,86.7651268527379,0.5002404042764095
585.0,94.98269896193774,97.69319492502883,79.82808022922634,89.35530085959886,88.57271906052392,89.22011442336645,78.25088862559245,83.41232227488152,84.68487394957982,83.82352941176471,85.26385216537206,88.70089237892806,81.62719633307867,92.23507584852123,81.65541626486657,92.33472624022286,83.77790834312574,93.09518213866039,88.25879139638104,96.73950153636054,86.77030846749417,94.42669288435542,84.41792416098924,93.76623572962409,84.84088816318065,91.23356405427607,0.40118767769657465,69.68085106382976,93.61702127659574,78.72807017543865,78.50877192982456,78.98550724637681,86.23188405797102,62.121212121212096,70.37037037037037,73.33333333333331,78.33333333333333,72.56979478803814,81.41227619361901,69.48051948051948,83.94332939787486,81.72905525846701,90.28520499108734,80.16917293233084,92.66917293233082,85.93750000000001,94.40104166666666,91.38655462184873,98.94957983193277,81.74056045863321,92.04966576397848,77.15517762333567,86.73097097879875,0.502193854601391
586.0,95.50173010380624,97.34717416378315,85.68767908309455,91.84813753581662,80.12646793134597,90.09334537789822,71.66765402843606,79.05805687203792,75.3361344537815,83.31932773109244,81.66393312009286,88.33320833612568,80.32849503437737,90.12877878424096,83.29476052716166,92.0497160612879,87.35017626321977,93.85193889541716,87.8610447251622,96.56196654148172,86.52759002089222,94.81995821555856,85.07241331416263,93.48247169959727,83.36817321712775,90.90784001786147,0.40463922164832256,69.68085106382976,93.61702127659574,79.60526315789478,78.50877192982456,78.98550724637681,86.23188405797102,63.636363636363626,70.7070707070707,73.33333333333331,77.5,73.04826368755965,81.3129495942924,69.48051948051948,83.82526564344745,81.72905525846701,90.10695187165776,80.16917293233084,92.76315789473684,82.81250000000001,94.40104166666666,91.38655462184873,98.94957983193277,81.11556045863321,92.00919938168829,77.08191207309643,86.66107448799035,0.5004649311255305
587.0,94.98269896193774,98.6159169550173,84.19054441260744,90.93123209169053,80.53297199638662,91.32791327913279,72.47482227488153,80.34656398104265,80.39915966386555,86.42857142857143,82.51603946193578,89.53003954709095,80.74866310160427,89.80956018771145,83.28940319297115,92.1975784849459,86.91539365452411,95.14923619271445,88.94844656879482,97.37111642198703,86.13739707508911,95.12719675556103,85.20786071859668,93.93093760858397,83.86195009026622,91.73048857783746,0.39437898379974484,69.68085106382976,93.61702127659574,78.72807017543865,78.50877192982456,78.98550724637681,86.23188405797102,62.121212121212096,70.7070707070707,73.33333333333331,78.33333333333333,72.56979478803814,81.47961626095906,70.12987012987011,83.70720188902008,81.72905525846701,89.92869875222816,80.16917293233084,92.38721804511277,85.93750000000001,94.40104166666666,91.38655462184873,98.94957983193277,81.87043058850335,91.87474803699209,77.22011268827075,86.67718214897558,0.4995398459735543
588.0,95.50173010380624,98.19300269127258,81.26074498567333,89.45558739255016,81.34598012646792,90.42457091237578,70.4828199052133,79.635663507109,81.1344537815126,85.29411764705883,81.94514578053467,88.60058843007326,82.65851795263558,92.24053257666702,81.81935069109608,91.75827708132434,85.62279670975326,94.20446533490012,87.26869238648005,95.69819050870603,87.74118225390193,95.80926631436647,85.02210799877338,93.94214636319279,83.48362688965403,91.27136739663302,0.40296089424130666,69.68085106382976,93.61702127659574,78.72807017543865,78.94736842105263,78.98550724637681,86.23188405797102,62.121212121212096,70.37037037037037,69.16666666666666,78.33333333333333,71.7364614547048,81.49999549186461,70.12987012987011,83.94332939787486,81.72905525846701,90.01782531194296,80.16917293233084,92.48120300751879,85.93750000000001,94.40104166666666,94.95798319327731,98.94957983193277,82.58471630278906,91.95859584318721,77.16058887874692,86.72929566752592,0.4987215105244864
589.0,95.15570934256056,97.84698193002691,88.33094555873924,90.41547277936964,83.19783197831977,93.94760614272809,72.75622037914694,79.7245260663507,79.53781512605042,87.05882352941177,83.79570447696338,89.79868208957743,81.39801375095492,91.0373240205173,82.1493624772313,91.77970641808636,86.8096357226792,93.61692126909519,88.79822465005122,96.43905769887333,85.2617672360821,94.23006021875383,84.88340076739976,93.42061392506521,84.33955262218157,91.60964800732131,0.3924494307994729,69.68085106382976,93.61702127659574,78.72807017543865,79.3859649122807,78.98550724637681,86.23188405797102,62.121212121212096,70.37037037037037,73.33333333333331,79.16666666666667,72.56979478803814,81.7543814567769,70.12987012987011,83.82526564344747,81.72905525846701,89.92869875222816,80.16917293233084,92.48120300751879,85.93750000000001,94.40104166666666,91.38655462184873,98.94957983193277,81.87043058850335,91.91715778035875,77.22011268827075,86.83576961856782,0.4996188707685098
590.0,94.29065743944638,97.50096116878123,86.69054441260744,91.01719197707736,84.46251129177956,91.74947305028606,78.3471563981043,84.19727488151658,78.84453781512605,85.58823529411765,84.52708147141274,90.01062727435578,83.34606569900687,93.08632543926662,81.65327333119036,91.11968284581593,85.99882491186841,93.67097532314924,90.77842266985321,96.88289518607033,89.49244193191595,97.38232763917905,86.25380570876696,94.42844128669621,85.39044359008986,92.219534280526,0.3808856679507199,69.68085106382976,93.61702127659574,78.72807017543865,78.94736842105263,78.98550724637681,86.23188405797102,62.121212121212096,70.03367003367002,73.33333333333331,79.16666666666667,72.56979478803814,81.59932209119123,70.12987012987011,83.82526564344747,81.72905525846701,89.92869875222816,80.16917293233084,92.57518796992481,85.93750000000001,94.40104166666666,91.38655462184873,98.94957983193277,81.87043058850335,91.93595477283995,77.22011268827075,86.76763843201559,0.5033941016206722
591.0,89.42714340638219,97.15494040753556,78.76074498567334,85.91690544412607,86.49503161698283,89.40078289671786,75.02962085308059,82.34597156398105,80.31512605042018,89.24369747899159,82.00553338250782,88.81245955827043,80.72956455309395,90.25974025974025,82.47723132969031,91.42397942783671,85.5111633372503,93.86603995299647,90.477978832366,96.89996585865484,87.74118225390193,95.30539510876245,85.3874240612605,93.55102412159815,83.69647872188416,91.18174183993429,0.39987866140002243,69.68085106382976,93.61702127659574,78.72807017543865,79.3859649122807,78.98550724637681,86.23188405797102,62.121212121212096,69.36026936026936,73.33333333333331,79.16666666666667,72.56979478803814,81.55236125475669,70.12987012987011,83.94332939787486,81.72905525846701,89.92869875222816,80.16917293233084,92.57518796992481,85.93750000000001,94.40104166666666,91.38655462184873,98.94957983193277,81.87043058850335,91.95956752372544,77.22011268827075,86.75596438924106,0.5046835991713343
592.0,94.63667820069206,97.19338715878507,83.90401146131804,89.31232091690543,85.04968383017162,92.44203553146644,77.53998815165879,84.96741706161137,81.74369747899159,86.76470588235293,84.57481182456641,90.13597331022424,79.99427043544691,91.27196333078686,82.47830279652841,93.10189649630344,85.56404230317274,94.30552291421857,91.45954250597477,96.59952202116763,88.13137519970505,95.47130392036377,85.52550664816559,94.15004173656806,85.050159236366,92.14300752339615,0.3849175426067639,69.68085106382976,93.61702127659574,78.72807017543865,79.82456140350877,78.98550724637681,86.23188405797102,62.121212121212096,70.03367003367003,69.16666666666666,79.16666666666667,71.7364614547048,81.77476068768244,70.12987012987011,83.82526564344745,81.72905525846701,89.92869875222816,80.16917293233084,92.48120300751879,85.93750000000001,94.40104166666666,94.95798319327731,98.94957983193277,82.58471630278906,91.91715778035875,77.16058887874692,86.8459592340206,0.5049392657425928
593.0,94.98269896193771,99.2310649750096,77.75787965616044,88.25214899713467,79.94579945799457,88.82866606443842,81.84982227488155,83.88625592417061,77.5,88.40336134453783,82.40724007019485,89.72029946105822,84.10045836516424,92.53246753246754,82.96689167470264,92.58330654666239,85.6169212690952,94.02115158636899,88.30317514510074,96.36053260498464,87.10827086149688,94.06415140715252,85.61914346311194,93.91232193552722,84.01319176665339,91.81631069829271,0.38938527198424544,69.68085106382976,93.61702127659574,78.72807017543865,79.82456140350877,78.98550724637681,86.95652173913044,62.121212121212096,70.03367003367003,69.16666666666666,79.16666666666667,71.7364614547048,81.91968822391433,70.77922077922078,83.82526564344747,81.72905525846701,89.83957219251337,80.16917293233084,92.48120300751879,85.93750000000001,94.66145833333333,94.95798319327731,98.94957983193277,82.71458643265919,91.95141580174914,77.22552394368199,86.93555201283174,0.5068407622459453
594.0,94.29065743944638,96.2322183775471,77.04154727793696,88.49570200573066,78.27461607949411,85.63685636856368,72.99318720379149,81.96090047393365,81.05042016806723,89.11764705882352,80.73008563374724,88.28866485691972,79.87012987012986,90.84088180726837,82.80188578163504,92.78259937854924,86.05757931844889,93.90599294947121,92.20211676340048,97.77057016046433,88.13137519970506,96.32542706157061,85.81261738666387,94.32509427146475,83.27135151020556,91.30687956419223,0.4021601652943724,94.68085106382976,93.61702127659574,78.72807017543865,80.70175438596492,78.98550724637681,86.23188405797102,62.121212121212096,68.68686868686868,69.16666666666666,79.16666666666667,76.7364614547048,81.6808390148134,70.77922077922078,83.82526564344747,81.72905525846701,89.83957219251337,80.16917293233084,92.38721804511277,85.93750000000001,94.53125,94.95798319327731,98.94957983193277,82.71458643265919,91.90657714260128,79.72552394368199,86.79370807870734,0.5063339646257098
595.0,94.98269896193771,98.73125720876585,78.76074498567334,89.98567335243553,78.68112014453476,89.03944595001505,82.79768957345975,85.63388625592417,75.21008403361344,78.10924369747899,82.08646753984381,88.29990129292392,81.04469060351413,90.97184328276767,84.59980713596912,93.37190613950499,86.32784958871918,94.07990599294946,90.17753499487881,96.92386480027312,87.10827086149689,95.17635492196142,85.85163063691562,94.10477502749134,83.9690490883797,91.20233816020763,0.39817704339933824,69.68085106382976,93.61702127659574,78.72807017543865,79.82456140350877,78.98550724637681,87.68115942028986,62.121212121212096,70.7070707070707,73.33333333333331,79.16666666666667,72.56979478803814,82.19929589482635,70.77922077922078,83.70720188902008,81.72905525846701,89.92869875222816,80.16917293233084,92.48120300751879,85.93750000000001,94.79166666666666,91.38655462184873,98.94957983193277,82.00030071837348,91.97167002947329,77.28504775320582,87.08548296214983,0.5032563809973579
596.0,94.98269896193771,97.57785467128028,79.68481375358164,86.189111747851,80.12646793134597,89.82234266787111,79.19875592417065,85.48578199052133,76.72268907563024,86.9327731092437,82.14308512933324,89.20157283735348,82.59167303284951,91.68394630579505,83.94942676524158,92.39901425050894,87.67920094007052,94.06110458284371,92.29941959713214,96.66439057698874,88.9117610913113,95.04731473516037,87.08629628532101,93.97115409025938,84.61469070732713,91.58636346380644,0.3885917696576939,69.68085106382976,93.61702127659574,78.72807017543865,79.82456140350877,78.98550724637681,86.95652173913044,62.121212121212096,70.7070707070707,73.33333333333331,79.16666666666667,72.56979478803814,82.05436835859447,70.77922077922078,83.94332939787486,81.72905525846701,89.92869875222816,80.16917293233084,92.66917293233082,84.37500000000001,94.66145833333333,91.38655462184873,98.94957983193277,81.68780071837348,92.03044784953997,77.12879775320582,87.04240810406722,0.502404322363343
597.0,95.84775086505192,97.69319492502883,76.89828080229225,88.10888252148997,83.60433604336042,91.53869316470941,71.38625592417064,82.10900473933648,77.41596638655462,83.4873949579832,81.03051800428597,88.58743406170957,82.36249045072574,90.92546109352831,83.61941497910637,91.64898746383798,87.83783783783785,94.59224441833138,90.42505974735407,96.95800614544213,87.88865675310312,95.14563106796116,86.42669195362544,93.85406603782019,83.7286049789557,91.22075004976489,0.39241135849563114,69.68085106382976,93.61702127659574,78.72807017543865,78.94736842105263,78.98550724637681,86.23188405797102,62.121212121212096,70.37037037037037,73.33333333333331,78.33333333333333,72.56979478803814,81.49999549186461,70.77922077922078,83.94332939787486,81.72905525846701,89.79500891265597,80.16917293233084,92.66917293233082,82.81250000000001,94.921875,89.91596638655463,98.94957983193277,81.08118307131465,92.05579321495888,76.8254889296764,86.77789435341174,0.5028800829557
598.0,94.29065743944638,98.1930026912726,78.04441260744984,87.73638968481374,79.94579945799457,89.22011442336645,79.67268957345975,83.59004739336493,80.27310924369748,87.43697478991595,82.44533366440962,89.23530579654674,84.06226126814362,93.01265960929827,83.29261759348545,92.39472838315655,86.26909518213867,94.47943595769682,87.9054284738819,96.10447251621714,88.13137519970506,95.28081602556226,85.93215554347094,94.2544224983862,84.18874460394028,91.74486414746647,0.39049018381342704,94.68085106382976,93.61702127659574,78.72807017543865,78.94736842105263,78.98550724637681,86.23188405797102,62.121212121212096,69.6969696969697,73.33333333333331,78.33333333333333,77.56979478803814,81.36531535718447,70.77922077922078,83.82526564344747,81.72905525846701,89.66131907308377,80.16917293233084,92.57518796992481,82.81250000000001,94.921875,89.91596638655463,98.94957983193277,81.08118307131465,91.98664550367775,79.3254889296764,86.67598043043111,0.5044569465070207
599.0,95.50173010380624,96.88581314878894,84.39828080229226,89.08309455587393,82.61065943992773,91.14724480578138,74.8889218009479,81.35367298578198,76.72268907563024,85.08403361344538,82.82445624452087,88.71077182193433,82.6776165011459,92.06318891192842,83.13082610093215,92.35186970963248,85.89306698002352,93.71797884841364,88.0556503926255,96.12837145783544,90.125353324321,96.97062799557577,85.97650265980961,94.24640738467716,84.40047945216524,91.47858960330575,0.3920317681639214,94.68085106382976,93.61702127659574,78.72807017543865,78.94736842105263,78.98550724637681,86.23188405797102,62.121212121212096,70.03367003367002,73.33333333333331,79.16666666666667,77.56979478803814,81.59932209119123,70.77922077922078,83.82526564344747,81.72905525846701,89.75044563279857,80.16917293233084,92.57518796992481,84.37500000000001,94.79166666666666,91.38655462184873,98.94957983193277,81.68780071837348,91.97842914895405,79.62879775320582,86.78887562007264,0.503906504621603
600.0,95.50173010380624,97.00115340253748,82.61461318051575,92.23495702005731,82.61065943992773,88.73833182776272,72.8524881516588,78.68779620853081,81.74369747899159,87.3109243697479,83.06463767098002,88.79463256572724,83.07868601986247,91.45476372367129,81.9822136504875,92.9304618022072,87.94359576968273,95.06698002350176,91.30932058723114,97.24479344486173,89.30195403711443,95.32997419196263,86.72315401287565,94.40539463724092,84.89389584192784,91.60001360148408,0.38610508243740127,94.68085106382976,93.61702127659574,78.72807017543865,79.3859649122807,78.98550724637681,86.23188405797102,62.121212121212096,70.03367003367002,73.33333333333331,79.16666666666667,77.56979478803814,81.68704138943683,70.77922077922078,83.94332939787486,81.72905525846701,89.83957219251337,80.16917293233084,92.57518796992481,85.93750000000001,94.66145833333333,91.38655462184873,98.94957983193277,82.00030071837348,91.99382554511583,79.78504775320582,86.84043346727633,0.5045694828734281
601.0,94.80968858131487,97.57785467128028,85.40114613180515,90.78796561604585,81.16531165311652,88.5275519421861,80.71682464454979,86.34478672985782,77.45798319327731,86.63865546218487,83.91019084081272,89.97536288431098,82.95454545454544,92.59249154207137,83.78442087217398,92.3647273116897,88.43713278495888,94.49823736780259,87.5162171389553,96.36394673950154,89.69214698291754,95.76625291876614,86.47689264671024,94.31713117596628,85.19354174376147,92.14624703013862,0.3816325910127837,94.68085106382976,93.61702127659574,78.72807017543865,79.3859649122807,78.98550724637681,86.23188405797102,62.121212121212096,69.6969696969697,73.33333333333331,79.16666666666667,77.56979478803814,81.61970132209676,70.77922077922078,83.94332939787486,81.72905525846701,89.75044563279857,80.16917293233084,92.66917293233082,85.93750000000001,94.79166666666666,91.38655462184873,98.94957983193277,82.00030071837348,92.02083889232074,79.78504775320582,86.82027010720876,0.5058579669100935
602.0,94.46366782006922,97.77008842752787,85.25787965616045,90.55873925501432,83.42366757000902,92.65281541704306,76.21445497630336,81.3388625592417,77.37394957983193,85.84033613445379,83.34672392047477,89.63216835865614,81.04469060351413,92.3360253192186,82.47401692917602,91.56327011678988,87.4618096357227,94.72855464159812,87.22430863776034,96.05667463298055,90.03010937692025,93.97812461595181,85.64698703661868,93.73252986530778,84.49685547854673,91.68234911198196,0.3862868392708941,69.68085106382976,93.61702127659574,78.72807017543865,79.82456140350877,78.98550724637681,86.23188405797102,62.121212121212096,70.03367003367002,73.33333333333331,79.16666666666667,72.56979478803814,81.77476068768244,70.77922077922078,83.94332939787486,81.72905525846701,89.75044563279857,80.16917293233084,92.57518796992481,85.93750000000001,94.79166666666666,91.38655462184873,98.94957983193277,82.00030071837348,92.00204189983954,77.28504775320582,86.88840129376099,0.5063055242660575
603.0,94.98269896193771,97.73164167627836,83.18767908309455,89.87106017191977,82.38482384823847,89.67178560674496,77.87322274881518,84.25651658767772,77.37394957983193,84.49579831932772,83.16047484438357,89.2053604723897,81.50305576776165,91.4711339081087,83.13082610093215,91.55041251473267,86.26909518213867,94.91186839012926,88.85114373506319,95.50017070672584,89.05923559051246,95.74781860636598,85.76267127528163,93.83628082521248,84.4615730598326,91.52082064880109,0.3930324319808717,69.68085106382976,93.61702127659574,78.72807017543865,79.82456140350877,78.98550724637681,86.23188405797102,62.121212121212096,70.7070707070707,73.33333333333331,78.33333333333333,72.56979478803814,81.7427741556959,66.23376623376622,84.06139315230224,81.72905525846701,89.75044563279857,80.16917293233084,92.57518796992481,84.37500000000001,94.53125,91.38655462184873,98.94957983193277,80.77870980928256,91.97357131739167,76.67425229866035,86.85817273654379,0.507126737261816
604.0,94.29065743944638,98.6159169550173,82.61461318051575,90.22922636103151,81.16531165311652,89.88256549232159,75.36285545023699,86.0781990521327,83.17226890756302,88.57142857142857,83.32114132617572,90.67546728638634,79.74598930481281,90.51620648259303,82.80295724847313,92.6861673631201,86.85663924794362,94.94477085781433,89.39057698873337,96.36053260498464,88.0361312523043,96.04891237556839,85.36645880845344,94.1113179368161,84.34380006731459,92.39339261160123,0.37592433304526585,69.68085106382976,93.61702127659574,78.72807017543865,79.82456140350877,78.98550724637681,86.95652173913044,62.121212121212096,71.04377104377105,73.33333333333331,78.33333333333333,72.56979478803814,81.95504175926786,70.12987012987011,84.17945690672963,81.72905525846701,89.83957219251337,80.16917293233084,92.48120300751879,85.93750000000001,94.53125,91.38655462184873,98.94957983193277,81.87043058850335,91.99621238773891,77.22011268827075,86.97562707350338,0.5081351525812383
605.0,93.59861591695503,98.2314494425221,83.47421203438394,89.68481375358166,80.12646793134597,90.30412526347486,80.95379146919434,83.33827014218008,83.90756302521008,92.89915966386555,84.41213007541788,90.89156365312485,79.43086325439266,90.44799738077049,82.63902282224363,91.87185256616308,86.59224441833139,93.8002350176263,89.33765790372142,96.38443154660294,88.76428659211011,95.49588300356396,85.35281499815986,93.60007990294535,84.88247253678887,92.2458217780351,0.38458972562098626,69.68085106382976,93.61702127659574,78.72807017543865,79.82456140350877,78.98550724637681,87.68115942028986,62.121212121212096,70.7070707070707,73.33333333333331,79.16666666666667,72.56979478803814,82.19929589482635,70.12987012987011,84.06139315230224,81.72905525846701,89.66131907308377,80.16917293233084,92.48120300751879,85.93750000000001,94.53125,91.38655462184873,98.94957983193277,81.87043058850335,91.93694901296752,77.22011268827075,87.06812245389693,0.5077298783082771
606.0,95.3287197231834,97.84698193002691,84.33381088825213,89.42693409742121,80.75880758807587,91.53869316470943,74.65195497630334,79.96149289099527,78.84453781512605,84.91596638655462,82.78356619818815,88.73801369394148,83.66119174942705,92.60886172650878,83.94621236472729,92.73331190399657,86.80963572267922,93.82373678025851,92.89177193581429,96.98190508706043,88.66904264470936,94.93056408995946,87.19557088347145,94.21567591755675,84.9895685408298,91.47684480574912,0.38427341402701104,69.68085106382976,93.61702127659574,78.72807017543865,79.82456140350877,78.98550724637681,87.68115942028986,62.121212121212096,71.38047138047136,77.49999999999999,78.33333333333333,73.40312812137147,82.1673093628398,70.77922077922078,84.06139315230224,81.72905525846701,89.66131907308377,80.16917293233084,92.38721804511277,85.93750000000001,94.53125,91.38655462184873,98.94957983193277,82.00030071837348,91.9181520204863,77.70171441987247,87.04273069166305,0.5061679359941563
607.0,95.50173010380625,97.92387543252595,79.68481375358164,86.4756446991404,83.19783197831975,92.17103282143931,83.74555687203794,87.72215639810426,81.09243697478992,90.71428571428571,84.6444739365071,91.00139901309913,83.83307868601985,91.32925897631779,82.64116575591983,92.10328940319297,86.92126909518217,95.24324324324324,90.86719016729262,97.16285421645613,89.15447953791325,96.3991643111712,86.68343664846553,94.44756203007627,85.66395529248632,92.72448052158771,0.3684961401207583,69.68085106382976,93.61702127659574,78.72807017543865,79.3859649122807,78.98550724637681,87.68115942028986,62.121212121212096,71.38047138047136,77.49999999999999,78.33333333333333,73.40312812137147,82.0795900645942,70.77922077922078,84.06139315230224,81.72905525846701,89.92869875222816,80.16917293233084,92.38721804511277,85.93750000000001,94.53125,91.38655462184873,98.94957983193277,82.00030071837348,91.97162795631519,77.70171441987247,87.0256090104547,0.5047516235595102
608.0,95.84775086505192,98.34678969627066,78.90401146131804,86.16045845272207,83.60433604336042,89.79223125564589,80.00592417061615,87.87026066350711,73.13025210084034,81.00840336134453,82.29845492823736,88.63562868589807,84.27234530175706,91.58572519917058,83.29368906032356,93.3804778742098,87.30317273795536,94.51703877790834,88.79822465005122,96.79754182314784,83.3630330588669,92.7123018311417,85.40609296179082,93.79861710111564,83.85227394501409,91.21712289350685,0.4001966580834106,94.68085106382976,93.61702127659574,78.72807017543865,79.82456140350877,78.98550724637681,87.68115942028986,62.121212121212096,70.7070707070707,73.33333333333331,79.16666666666667,77.56979478803814,82.19929589482635,70.12987012987011,84.06139315230224,81.72905525846701,89.92869875222816,80.16917293233084,92.48120300751879,85.93750000000001,94.53125,91.38655462184873,98.94957983193277,81.87043058850335,91.99042494879639,79.72011268827075,87.09486042181138,0.5026831930064659
609.0,94.11764705882354,97.00115340253748,85.40114613180515,90.1002865329513,82.7913279132791,91.83980728696176,72.61552132701425,81.82760663507108,77.41596638655462,85.71428571428572,82.46832176349533,89.29662791436148,83.74713521772344,92.84077267270546,83.45333761920065,92.40972891888995,87.40893066980024,93.45710928319623,90.08023216114717,96.10447251621714,85.59972963008481,94.8998402359592,86.05787305959126,93.9423847253936,84.2630974115433,91.61950631987753,0.3886424503708452,69.68085106382976,93.61702127659574,78.72807017543865,79.82456140350877,78.98550724637681,87.68115942028986,62.121212121212096,71.38047138047136,77.49999999999999,79.16666666666667,73.40312812137147,82.33397602950649,70.77922077922078,84.06139315230224,81.72905525846701,89.92869875222816,80.16917293233084,92.48120300751879,85.93750000000001,94.53125,91.38655462184873,98.94957983193277,82.00030071837348,91.99042494879639,77.70171441987247,87.16220048915145,0.5047876146378378
610.0,95.67474048442908,98.34678969627068,88.90401146131805,91.69054441260744,87.30803974706411,91.83980728696176,78.58412322274884,84.52310426540285,81.09243697478992,91.1764705882353,86.31267037807001,91.51534324989561,81.58899923605804,91.22830950562042,82.63795135540552,91.25897353476911,87.73207990599296,93.80493537015278,89.53226357118473,95.66063502902014,87.64593830650118,94.33452132235468,85.8274464750285,93.25747495238343,86.07005842654925,92.38640910113952,0.3753857921517537,69.68085106382976,93.61702127659574,78.72807017543865,79.82456140350877,78.98550724637681,87.68115942028986,62.121212121212096,70.7070707070707,77.49999999999999,79.16666666666667,73.40312812137147,82.19929589482635,70.12987012987011,84.06139315230224,81.72905525846701,89.83957219251337,80.16917293233084,92.57518796992481,85.93750000000001,94.53125,91.38655462184873,98.94957983193277,81.87043058850335,91.99139662933464,77.6367793549374,87.0953462620805,0.5062781919229302
611.0,96.53979238754327,98.50057670126876,78.76074498567334,85.1432664756447,83.60433604336042,91.74947305028606,80.8575236966825,85.05627962085308,81.82773109243698,91.21848739495799,84.31802564113931,90.33361664860212,83.76623376623374,92.08228746043872,82.63902282224363,92.06471659702132,87.2972972972973,94.94242068155113,90.82280641857292,97.14578354387162,88.13137519970505,95.11490721396092,86.53134710081054,94.27002309936874,85.42468637097492,92.30181987398544,0.3804620431923871,94.68085106382976,93.61702127659574,78.72807017543865,79.82456140350877,78.98550724637681,87.68115942028986,62.121212121212096,70.7070707070707,77.49999999999999,79.16666666666667,78.40312812137147,82.19929589482635,70.77922077922078,84.06139315230224,81.72905525846701,90.01782531194296,80.16917293233084,92.57518796992481,85.93750000000001,94.53125,91.38655462184873,99.15966386554622,82.00030071837348,92.06906405994326,80.20171441987247,87.1341799773848,0.5040139801412006
612.0,94.29065743944638,98.0392156862745,85.11461318051576,91.59025787965616,80.98464317976511,90.09334537789822,76.07375592417064,83.96030805687205,78.9705882352941,88.61344537815125,83.0868515918384,90.45931447577044,83.32696715049656,92.1968787515006,86.23807993142609,92.6090217507768,88.16686251468862,94.3807285546416,92.29941959713214,96.44588596790715,86.91778296669534,94.50657490475606,87.38982243208775,94.02781798591644,85.23833701196307,92.24356623084344,0.3710296586254995,69.68085106382976,93.61702127659574,78.72807017543865,79.82456140350877,78.98550724637681,87.68115942028986,62.121212121212096,70.7070707070707,77.49999999999999,79.16666666666667,73.40312812137147,82.19929589482635,70.77922077922078,84.06139315230224,81.72905525846701,90.01782531194296,80.16917293233084,92.48120300751879,84.37500000000001,94.53125,91.38655462184873,99.15966386554622,81.68780071837348,92.05026706746204,77.54546441987247,87.1247814811442,0.506045085993555
613.0,94.98269896193774,97.92387543252595,76.83381088825212,87.55014326647564,80.12646793134597,88.76844323998795,72.94875592417064,82.03495260663507,81.78571428571428,88.19327731092437,81.33548959828416,88.89413837130981,82.88770053475935,91.5993670195351,81.00289296046286,91.78827815279116,88.16686251468862,95.49236192714454,89.87709115739162,96.03960396039605,87.55069435910042,94.85682684035885,85.89704830528056,93.95528758004514,83.61626895178236,91.42471297567747,0.39074831839516394,94.68085106382976,93.61702127659574,78.72807017543865,79.82456140350877,78.98550724637681,86.95652173913044,62.121212121212096,70.7070707070707,77.49999999999999,79.16666666666667,78.40312812137147,82.05436835859447,66.88311688311688,84.06139315230224,81.72905525846701,89.83957219251337,80.16917293233084,92.38721804511277,85.93750000000001,94.53125,91.38655462184873,99.15966386554622,81.2210799391527,91.99581945109493,79.81210403026208,87.02509390484471,0.504560326063195
614.0,95.15570934256058,97.77008842752788,80.97421203438394,89.46991404011462,85.04968383017162,93.64649202047576,73.65965639810429,82.30154028436019,78.92857142857143,89.87394957983193,82.75356660675837,90.61239687046206,83.62299465240642,92.4779002510095,82.64330868959601,92.16972034715528,87.78495887191539,93.74853113983548,91.66268350973031,96.94093547285763,89.78739093031831,96.7739953299742,87.10026733079329,94.42221650816643,84.92691696877583,92.51730668931424,0.3684983075592765,69.68085106382976,93.61702127659574,78.72807017543865,79.82456140350877,78.98550724637681,88.40579710144928,62.121212121212096,71.04377104377105,77.49999999999999,79.16666666666667,73.40312812137147,82.4115634983983,66.88311688311688,84.17945690672963,81.72905525846701,89.57219251336899,80.16917293233084,92.38721804511277,85.93750000000001,94.66145833333333,91.38655462184873,98.94957983193277,81.2210799391527,91.94998112609548,77.31210403026208,87.18077231224689,0.5051471334556762
615.0,94.98269896193771,97.65474817377931,76.32521489971347,86.69054441260744,79.94579945799455,88.31677205660947,77.3992890995261,83.13092417061611,78.92857142857143,87.6470588235294,81.51631476954864,88.68800952742833,84.9025974025974,91.83127796573174,81.33183327975996,91.93185470909675,89.03055229142187,95.77908343125733,92.00751109593722,97.09457152611812,87.3509893080988,95.37298758756299,86.92469667556306,94.4019550439534,84.22050572255586,91.54498228569086,0.38494362122794207,94.68085106382976,93.61702127659574,78.72807017543865,79.82456140350877,78.98550724637681,88.40579710144928,62.121212121212096,71.04377104377105,73.33333333333331,79.16666666666667,77.56979478803814,82.4115634983983,66.88311688311688,84.06139315230224,81.72905525846701,89.57219251336899,80.16917293233084,92.48120300751879,85.93750000000001,94.66145833333333,91.38655462184873,98.94957983193277,81.2210799391527,91.94516536769122,79.39543736359542,87.17836443304475,0.5041262721955609
616.0,95.50173010380625,98.84659746251442,83.33094555873924,87.40687679083095,89.79223125564586,91.77958446251128,77.16232227488155,83.6048578199052,76.02941176470588,84.5798319327731,84.36332819155575,89.243549693707,82.78265851795264,91.52570118956673,82.47830279652841,91.71327547412409,85.51116333725031,93.90129259694477,88.93991123250258,96.70536019119153,88.18360575150547,96.17180779156936,85.57912832714788,94.0034874486793,84.97122825935182,91.62351857119315,0.3806686030114296,93.61702127659572,93.61702127659574,78.72807017543865,79.82456140350877,78.98550724637681,86.95652173913044,62.121212121212096,68.68686868686868,73.33333333333331,78.33333333333333,77.3570288305913,81.48366128788737,67.53246753246754,83.94332939787486,81.72905525846701,89.66131907308377,83.7406015037594,92.38721804511277,85.93750000000001,94.66145833333333,94.95798319327731,98.94957983193277,82.77952149759425,91.9205809362675,80.06827516409277,86.70212111207744,0.5076325854247313
617.0,95.15570934256056,97.11649365628604,80.40114613180515,89.95702005730658,83.01716350496837,90.66546221017767,72.23785545023699,84.16765402843602,82.43697478991598,89.49579831932772,82.64976984389742,90.2804856543068,85.04583651642474,92.78347702717451,83.94942676524158,92.91974713382622,87.51468860164513,94.35957696827263,90.72550358484126,97.36087401843633,88.27884969890624,95.18249969276144,87.1028610334118,94.52123496809422,84.87631543865461,92.40086031120052,0.3752390010356103,69.68085106382976,93.61702127659574,78.72807017543865,79.82456140350877,78.98550724637681,88.40579710144928,62.121212121212096,71.38047138047136,77.49999999999999,79.16666666666667,73.40312812137147,82.47890356573836,66.88311688311688,83.94332939787486,81.72905525846701,89.57219251336899,80.16917293233084,92.38721804511277,85.93750000000001,94.66145833333333,91.38655462184873,98.94957983193277,81.2210799391527,91.90275562432456,77.31210403026208,87.19082959503146,0.505705428466767
618.0,95.84775086505192,97.07804690503652,83.76074498567333,91.9054441260745,85.27551942186086,91.71936163806082,80.38359004739341,84.3898104265403,81.78571428571428,90.7983193277311,85.41066392113876,91.17819648468864,82.86860198624905,91.13008839899598,82.1493624772313,92.89403192971177,88.10223266745007,95.30904817861338,90.477978832366,96.69853192215773,85.20953668428169,95.32997419196263,85.76154252951562,94.27233492428829,85.5861032253272,92.72526570448846,0.3696310810002323,69.68085106382976,93.61702127659574,78.72807017543865,79.3859649122807,78.98550724637681,88.40579710144928,62.121212121212096,71.04377104377105,77.49999999999999,79.16666666666667,73.40312812137147,82.32384420015268,66.88311688311688,84.06139315230224,81.72905525846701,89.75044563279857,80.16917293233084,92.38721804511277,85.93750000000001,94.53125,91.38655462184873,98.94957983193277,81.2210799391527,91.93597733242927,77.31210403026208,87.12991076629098,0.5071499440273107
619.0,95.67474048442908,97.69319492502883,85.83094555873923,91.21776504297993,83.83017163504967,93.04426377597107,81.33145734597159,85.95971563981043,86.07142857142858,87.89915966386555,86.54774871912362,91.16281980953116,83.07868601986247,92.36330895994762,84.43908711025391,92.48687453123325,85.56404230317276,94.07990599294948,89.48787982246502,95.99522021167634,88.13137519970505,95.99360943836795,86.14021409109185,94.18378382683493,86.34398140510774,92.67330181818303,0.36500575642047833,69.68085106382976,93.61702127659574,78.72807017543865,79.3859649122807,78.98550724637681,88.40579710144928,65.15151515151514,72.05387205387204,72.49999999999999,79.16666666666667,73.00918872743208,82.52586440217289,66.23376623376622,84.06139315230224,81.72905525846701,89.75044563279857,80.16917293233084,92.38721804511277,85.93750000000001,94.66145833333333,91.38655462184873,99.15966386554622,81.09120980928256,92.00403580581863,77.05019926835732,87.26495010399576,0.5089941285895512
620.0,94.98269896193774,99.34640522875816,78.18767908309455,87.34957020057308,75.60975609756096,87.41342968985245,78.82109004739341,84.30094786729858,81.82773109243698,89.49579831932773,81.88579105648473,89.581230261162,84.04316271963329,93.42464258430645,85.09482481517195,92.22757955641273,89.19506462984727,95.26674500587544,89.29327415500173,96.24445203141003,89.24972348531401,97.0873786407767,87.37520996099364,94.85015956375626,84.63050050873919,92.21569491245913,0.3739912429887469,94.68085106382976,93.61702127659574,78.72807017543865,80.70175438596492,78.98550724637681,88.40579710144928,62.121212121212096,70.7070707070707,73.33333333333331,79.16666666666667,77.56979478803814,82.51966202754946,67.53246753246754,83.70720188902008,81.72905525846701,89.66131907308377,81.95488721804512,92.38721804511277,85.93750000000001,94.40104166666666,91.38655462184873,99.15966386554622,81.70809292616568,91.8632889078859,79.6389438571019,87.19147546771768,0.5092332240298802
621.0,88.562091503268,97.53940792003075,83.18767908309455,88.96848137535817,88.12104787714543,92.62270400481782,73.42268957345975,82.99763033175356,77.45798319327731,84.36974789915966,82.150298246049,89.299594306224,83.20282658517952,92.12048455745936,83.45869495339116,92.8340297867781,88.44300822561694,93.83078730904819,90.67258449982933,97.08091498805052,87.64593830650117,94.5618778419565,86.68461051410364,94.08561889665853,84.41745438007632,91.69260660144127,0.3820128085387169,93.61702127659572,93.61702127659574,78.72807017543865,80.70175438596492,78.98550724637681,88.40579710144928,62.121212121212096,70.37037037037037,73.33333333333331,79.16666666666667,77.3570288305913,82.4523219602094,67.53246753246754,84.06139315230224,81.72905525846701,89.75044563279857,81.95488721804512,92.38721804511277,85.93750000000001,94.40104166666666,94.95798319327731,98.94957983193277,82.4223786404514,91.9099356657626,79.88970373552135,87.181128812986,0.5090828235660988
