Epoch,Train_BAcc_CN_1,Train_ROCAUC_CN_1,Train_BAcc_CN_2,Train_ROCAUC_CN_2,Train_BAcc_CN_3,Train_ROCAUC_CN_3,Train_BAcc_CN_4,Train_ROCAUC_CN_4,Train_BAcc_CN_5,Train_ROCAUC_CN_5,Train_Avg_BAcc_CN,Train_Avg_ROCAUC_CN,Train_BAcc_MCI_1,Train_ROCAUC_MCI_1,Train_BAcc_MCI_2,Train_ROCAUC_MCI_2,Train_BAcc_MCI_3,Train_ROCAUC_MCI_3,Train_BAcc_MCI_4,Train_ROCAUC_MCI_4,Train_BAcc_MCI_5,Train_ROCAUC_MCI_5,Train_Avg_BAcc_MCI,Train_Avg_ROCAUC_MCI,Train_Avg_BAcc,Train_Avg_ROCAUC,Train_Loss,Val_BAcc_CN_1,Val_ROCAUC_CN_1,Val_BAcc_CN_2,Val_ROCAUC_CN_2,Val_BAcc_CN_3,Val_ROCAUC_CN_3,Val_BAcc_CN_4,Val_ROCAUC_CN_4,Val_BAcc_CN_5,Val_ROCAUC_CN_5,Val_Avg_BAcc_CN,Val_Avg_ROCAUC_CN,Val_BAcc_MCI_1,Val_ROCAUC_MCI_1,Val_BAcc_MCI_2,Val_ROCAUC_MCI_2,Val_BAcc_MCI_3,Val_ROCAUC_MCI_3,Val_BAcc_MCI_4,Val_ROCAUC_MCI_4,Val_BAcc_MCI_5,Val_ROCAUC_MCI_5,Val_Avg_BAcc_MCI,Val_Avg_ROCAUC_MCI,Val_Avg_BAcc,Val_Avg_ROCAUC,Val_Loss
1.0,33.333333333333336,59.55401768550558,35.00000000000001,54.74212034383954,42.59259259259258,50.94850948509484,40.625000000000014,57.42002369668246,38.57142857142855,53.36134453781513,38.0244708994709,55.20520314978751,50.97402597402596,51.22230710466005,49.31961855780561,55.711989713918356,50.22914218566393,49.73678025851939,51.57220894503245,47.94810515534312,49.00147474499201,50.95243947400762,50.219294081503996,51.1143243412897,44.12188249048745,53.159763745538605,1.088802778847873,50.0,25.53191489361702,50.00000000000002,32.01754385964912,49.99999999999999,23.913043478260867,49.999999999999986,67.34006734006735,49.99999999999999,36.66666666666667,50.0,37.09384724765221,50.0,79.27981109799292,50.0,67.5579322638146,50.000000000000014,67.62218045112782,50.0,64.51822916666667,50.0,66.38655462184873,50.0,69.07294152029016,50.0,53.08339438397118,1.0889850661480114
2.0,50.0,47.520184544406,45.0,48.71060171919771,44.444444444444436,54.56187895212285,46.875000000000014,46.51954976303317,47.14285714285712,49.285714285714285,46.692460317460316,49.319585852894804,47.78456837280365,50.44881588999236,49.00246437372762,48.99174970534662,49.5358401880141,48.98942420681551,50.02560600887676,54.75588938204166,48.87243455819099,46.31928229077055,49.04418270032262,49.90103229499334,47.86832150889147,49.61030907394407,1.0888882194908036,50.0,25.531914893617024,50.00000000000002,33.1140350877193,49.99999999999999,23.91304347826087,49.999999999999986,68.35016835016833,49.99999999999999,36.66666666666667,50.0,37.51516569528644,50.0,83.3530106257379,50.0,67.9144385026738,50.000000000000014,67.24624060150376,50.0,69.46614583333334,50.0,71.11344537815125,50.0,71.81865618828002,50.0,54.66691094178323,1.0882637568235543
3.0,50.0,51.864667435601696,40.00000000000001,36.30372492836676,49.999999999999986,59.771153267088216,45.312500000000014,49.83708530805687,48.571428571428534,56.84873949579832,46.77678571428571,50.92507408698238,49.0928189457601,47.61268143621085,48.6842387228115,48.94460516447017,50.851938895417156,46.4042303172738,50.2560600887675,57.30966200068281,48.96767850559175,55.567162344844526,49.5705470316696,51.16766825269643,48.17366637297765,51.046371169839404,1.088342871417666,50.0,31.914893617021278,50.00000000000002,35.08771929824562,49.99999999999999,23.18840579710145,49.999999999999986,69.6969696969697,49.99999999999999,36.66666666666667,50.0,39.31093101520095,50.0,86.77685950413223,50.0,68.31550802139039,50.000000000000014,68.04511278195488,50.0,72.39583333333334,50.0,75.4201680672269,50.0,74.19069634160755,50.0,56.75081367840425,1.087610831989257
4.0,50.0,57.67012687427913,47.50000000000001,47.85100286532952,49.999999999999986,52.75519421860885,50.00000000000002,50.207345971563974,48.571428571428534,49.53781512605042,49.21428571428571,51.60429701116639,50.563407181054224,49.298810433264215,48.850316082717214,47.19597128468874,49.50646298472386,44.99177438307873,50.99009900990099,53.29122567429157,50.242718446601955,41.2867150055303,50.030600740999645,47.212899356170716,49.62244322764268,49.40859818366855,1.0875782790310204,50.0,34.04255319148937,50.00000000000002,36.84210526315789,49.99999999999999,23.18840579710145,49.999999999999986,67.67676767676767,49.99999999999999,28.333333333333332,50.0,38.01663305236994,50.0,84.7697756788666,50.0,68.27094474153299,50.000000000000014,70.20676691729322,50.0,73.56770833333334,50.0,78.67647058823529,50.0,75.09833325185228,50.0,56.55748315211111,1.0868919115031908
5.0,50.0,53.59477124183007,50.0,56.84813753581661,48.148148148148145,43.02920806985848,50.00000000000002,39.2920616113744,49.999999999999964,53.739495798319325,49.62962962962963,49.30073485143978,50.439266615737196,51.96715049656226,49.671059680702854,49.73106182363656,49.888366627497064,48.824911868390124,49.902697166268354,45.67429156708775,50.242718446601955,49.09671869239278,50.02882170736149,49.0588268896139,49.82922566849556,49.17978087052684,1.0870350207482498,50.0,31.914893617021278,50.00000000000002,32.01754385964912,49.99999999999999,21.014492753623188,49.999999999999986,58.24915824915824,49.99999999999999,26.666666666666668,50.0,33.972551029223695,50.0,85.8323494687131,50.0,71.07843137254902,50.000000000000014,71.8984962406015,50.0,78.12500000000001,50.0,80.46218487394957,50.0,77.47929239116264,50.0,55.72592171019317,1.0862864598443303
6.0,50.0,45.444059976931946,50.0,36.99140401146131,49.999999999999986,54.351099066546226,50.00000000000002,52.04383886255924,49.999999999999964,42.18487394957983,50.0,46.203055173415706,49.99999999999998,45.69736985703372,49.99999999999998,46.78452801885781,50.0,46.991774383078734,49.65517241379311,46.48002731307613,50.000000000000014,57.57035762566056,49.93103448275862,48.704811439541395,49.96551724137931,47.45393330647855,1.0868835905150778,50.0,31.914893617021278,50.00000000000002,15.789473684210526,49.99999999999999,26.811594202898547,49.999999999999986,46.63299663299663,49.99999999999999,46.666666666666664,50.0,33.56312496075873,50.0,88.19362455726092,50.0,75.80213903743316,50.000000000000014,74.3421052631579,50.0,82.03125,50.0,85.50420168067228,50.0,81.17466410770486,50.0,57.36889453423179,1.0856761487556223
7.0,50.0,45.290272971933874,50.0,53.25214899713466,49.999999999999986,51.21951219512195,50.00000000000002,66.89869668246445,49.999999999999964,49.91596638655462,50.0,53.31531944664191,49.99999999999998,50.18007202881153,49.99999999999998,48.78817100610736,49.78260869565217,50.39012925969448,50.0,45.431888016387845,50.000000000000014,55.4872803244439,49.95652173913042,50.05550812708902,49.97826086956521,51.68541378686547,1.0856520076610476,50.0,28.723404255319153,50.00000000000002,14.912280701754385,49.99999999999999,31.88405797101449,49.999999999999986,77.77777777777777,49.99999999999999,53.33333333333334,50.0,41.32617080783983,50.0,88.66587957497049,50.0,76.06951871657755,50.000000000000014,75.18796992481202,50.0,83.78906250000001,50.0,85.50420168067228,50.0,81.84332647940647,50.0,61.58474864362315,1.0851644193749466
8.0,50.0,56.439830834294504,50.0,50.114613180515754,49.999999999999986,45.37789822342667,50.00000000000002,40.63981042654028,49.999999999999964,47.436974789915965,50.0,48.00182549093863,49.99999999999998,52.09811197206156,49.99999999999998,51.203257259187836,50.0,49.39012925969448,50.0,52.20894503243427,50.000000000000014,51.75740444881407,49.999999999999986,51.33156959443845,49.99999999999999,49.66669754268854,1.0858639525484939,50.0,38.297872340425535,50.00000000000002,38.15789473684211,49.99999999999999,37.68115942028986,49.999999999999986,76.43097643097643,49.99999999999999,53.333333333333336,50.0,48.78024725237346,50.0,89.02007083825265,50.0,78.47593582887701,50.000000000000014,77.44360902255639,50.0,83.984375,50.0,87.18487394957984,50.0,83.22177292785318,50.0,66.00101009011331,1.0846706358101375
9.0,50.0,48.3275663206459,50.0,56.69054441260746,49.999999999999986,54.53176753989762,50.00000000000002,47.14158767772512,49.999999999999964,55.08403361344537,50.0,52.3550999128643,49.99999999999998,53.095329040707185,49.99999999999998,52.32829743919426,50.0,46.83431257344301,50.0,51.89825879139638,50.000000000000014,50.792675433206334,49.999999999999986,50.989774655589436,49.99999999999999,51.672437284226866,1.084912064814378,50.0,43.61702127659575,50.00000000000002,51.75438596491229,49.99999999999999,44.20289855072464,49.999999999999986,77.27272727272727,49.99999999999999,51.66666666666666,50.0,53.70273994632532,50.0,90.67296340023613,50.0,77.22816399286987,50.000000000000014,77.77255639097744,50.0,85.02604166666667,50.0,88.02521008403362,50.0,83.74498710695676,50.0,68.72386352664104,1.0841781134576194
10.0,50.0,42.48366013071895,50.0,59.727793696275064,49.999999999999986,49.322493224932245,50.00000000000002,59.375,49.999999999999964,42.310924369747895,50.0,50.64397428433483,49.99999999999998,44.46687766015497,49.99999999999998,45.39376406300225,50.0,47.844888366627494,50.0,51.054967565722094,50.000000000000014,53.170701732825364,49.999999999999986,48.38623987766643,49.99999999999999,49.515107081000636,1.0842178768243673,50.0,47.87234042553192,50.00000000000002,65.78947368421053,49.99999999999999,36.594202898550726,49.999999999999986,77.44107744107744,49.99999999999999,52.49999999999999,50.0,56.03941888987413,50.0,89.90554899645808,50.0,78.25311942959001,50.000000000000014,78.38345864661655,50.0,85.48177083333333,50.0,88.8655462184874,50.0,84.17788882489707,50.0,70.1086538573856,1.0836572261641548
11.0,50.0,58.016147635524796,50.0,58.911174785100286,49.999999999999986,41.493526046371564,50.00000000000002,51.747630331753555,49.999999999999964,49.03361344537815,50.0,51.840418448825666,49.99999999999998,45.14896867838044,49.99999999999998,47.028822457944926,50.0,51.50646298472385,50.0,45.14851485148515,50.000000000000014,47.69571094998157,49.999999999999986,47.30569598450318,49.99999999999999,49.573057216664424,1.0838488064091807,50.0,52.127659574468076,50.00000000000002,68.85964912280701,49.99999999999999,38.40579710144928,49.999999999999986,81.48148148148148,49.99999999999999,60.0,50.0,60.17491745604117,50.0,90.31877213695395,50.0,78.60962566844918,50.000000000000014,79.9812030075188,50.0,85.35156250000001,50.0,87.39495798319328,50.0,84.33122425922303,50.0,72.25307085763211,1.083195596855478
12.0,50.0,52.0953479430988,50.0,60.57306590257879,49.999999999999986,52.574525745257446,50.00000000000002,44.09063981042654,49.999999999999964,50.50420168067227,50.0,51.96755621640678,49.99999999999998,46.85692458801703,49.99999999999998,52.49437479909997,50.0,46.86486486486487,50.0,53.24342779105496,50.000000000000014,44.30379746835443,49.999999999999986,48.75267790227825,49.99999999999999,50.360117059342514,1.082965016748497,50.0,54.25531914893617,50.00000000000002,64.25438596491229,49.99999999999999,42.028985507246375,49.999999999999986,81.14478114478115,49.99999999999999,61.66666666666667,50.0,60.670027686508526,50.0,90.79102715466351,50.0,79.59001782531195,50.000000000000014,81.203007518797,50.0,85.67708333333333,50.0,88.65546218487394,50.0,85.18331960339594,50.0,72.92667364495223,1.0826990139064288
13.0,50.0,47.21261053440984,50.0,54.383954154727796,49.999999999999986,49.14182475158085,50.00000000000002,50.933056872037916,49.999999999999964,48.445378151260506,50.0,50.023364892803386,49.99999999999998,47.44352286369094,49.99999999999998,52.873674059787845,50.0,53.62632197414806,50.0,49.79515192898601,50.000000000000014,45.68022612756544,49.999999999999986,49.883779390835656,49.99999999999999,49.95357214181952,1.0824746935599918,50.0,64.8936170212766,50.00000000000002,57.45614035087719,49.99999999999999,47.10144927536232,49.999999999999986,80.47138047138048,49.99999999999999,71.25,50.0,64.23451742377931,50.0,91.086186540732,50.0,80.74866310160428,50.000000000000014,81.8609022556391,50.0,84.70052083333333,50.0,89.70588235294117,50.0,85.62043101684998,50.0,74.92747422031465,1.082169228092532
14.0,50.0,55.74778931180315,50.0,53.96848137535817,49.999999999999986,48.59981933152665,50.00000000000002,37.01125592417062,49.999999999999964,34.03361344537815,50.0,45.872191877647346,49.99999999999998,56.709047255265745,49.99999999999998,44.123004393014035,50.0,53.52526439482962,50.0,52.59474223284397,50.000000000000014,53.69300725082954,49.999999999999986,52.12901310535658,49.99999999999999,49.000602491501965,1.0823631602599615,50.0,61.702127659574465,50.00000000000002,57.45614035087719,49.99999999999999,50.0,49.999999999999986,80.8080808080808,49.99999999999999,71.25,50.0,64.24326976370648,50.0,91.0271546635183,50.0,82.53119429590018,50.000000000000014,82.89473684210526,50.0,86.19791666666666,50.0,89.49579831932772,50.0,86.42936015750362,50.0,75.33631496060505,1.0816531846627864
15.0,50.0,55.132641291810835,50.0,47.04871060171919,49.999999999999986,50.04516711833785,50.00000000000002,45.77902843601896,49.999999999999964,56.51260504201681,50.0,50.90363049798073,49.99999999999998,49.00687547746371,49.99999999999998,54.77338476374156,50.0,50.115158636897775,50.0,52.64936838511438,50.000000000000014,45.889148334767114,49.999999999999986,50.48678711959691,49.99999999999999,50.69520880878882,1.0817731271494704,50.0,66.48936170212765,50.00000000000002,51.75438596491229,49.99999999999999,60.14492753623188,49.999999999999986,82.15488215488216,49.99999999999999,66.66666666666666,50.0,65.44204480496413,50.0,90.43683589138135,50.0,83.42245989304813,50.000000000000014,83.7406015037594,50.0,86.71875,50.0,90.12605042016807,50.0,86.8889395416714,50.0,76.16549217331777,1.0811242230114697
16.0,50.0,48.673587081891576,50.0,52.96561604584527,49.999999999999986,56.669677807889194,50.00000000000002,45.95675355450236,49.999999999999964,53.40336134453783,50.0,51.53379916693325,49.99999999999998,58.414274800829425,49.99999999999998,52.739740705025184,50.0,48.627497062279666,50.0,49.04745646978491,50.000000000000014,56.51345704805212,49.999999999999986,53.06848521719426,49.99999999999999,52.30114219206375,1.080728456301987,50.0,55.319148936170215,50.00000000000002,55.26315789473685,49.99999999999999,60.86956521739131,49.999999999999986,83.16498316498317,49.99999999999999,60.00000000000001,50.0,62.92337104265631,50.0,91.38134592680048,50.0,83.19964349376114,50.000000000000014,84.02255639097744,50.0,87.23958333333334,50.0,90.12605042016807,50.0,87.19383591300809,50.0,75.05860347783221,1.080631714414239
17.0,50.0,53.82545174932718,50.0,45.787965616045845,49.999999999999986,55.31466425775369,50.00000000000002,46.13447867298578,49.999999999999964,53.23529411764706,50.0,50.85957088275192,49.99999999999998,50.43380988759141,49.99999999999998,49.94535519125682,50.0,53.54406580493537,50.0,48.989416182997616,50.000000000000014,50.47929212240384,49.999999999999986,50.678387837837015,49.99999999999999,50.768979360294466,1.0806753668681277,50.0,52.12765957446809,50.00000000000002,70.17543859649122,49.99999999999999,57.971014492753625,49.999999999999986,83.16498316498317,49.99999999999999,58.333333333333336,50.0,64.35448583240589,50.0,89.96458087367178,50.0,83.9572192513369,50.000000000000014,84.30451127819548,50.0,87.76041666666666,50.0,89.49579831932772,50.0,87.0965052778397,50.0,75.72549555512279,1.0800904665828095
18.0,50.0,24.029219530949636,50.0,53.78223495702006,49.999999999999986,56.127672387834984,50.00000000000002,51.39218009478673,49.999999999999964,43.739495798319325,50.0,45.814160553782145,49.99999999999998,49.22241623922295,49.99999999999998,47.12204007285975,50.0,50.258519388954184,50.0,53.80334585182657,50.000000000000014,56.258449059850065,49.999999999999986,51.33295412254271,49.99999999999999,48.57355733816243,1.0807397257196303,50.0,58.51063829787234,50.00000000000002,77.63157894736842,49.99999999999999,55.072463768115945,49.999999999999986,73.06397306397305,49.99999999999999,36.666666666666664,50.0,60.18906414879929,50.0,90.9090909090909,50.0,84.31372549019608,50.000000000000014,84.68045112781954,50.0,87.76041666666666,50.0,89.28571428571428,50.0,87.38987969589749,50.0,73.78947192234838,1.079547079947207
19.0,50.0,66.89734717416378,50.0,57.27793696275072,49.999999999999986,53.29719963866305,50.00000000000002,56.26481042654028,49.999999999999964,51.17647058823529,50.0,56.98275295807063,49.99999999999998,49.727163592709815,49.99999999999998,48.220293581913644,50.0,49.095182138660405,50.0,46.59952202116763,50.000000000000014,49.36708860759494,49.999999999999986,48.601849988409285,49.99999999999999,52.79230147323996,1.0787342932314383,50.0,68.08510638297872,50.00000000000002,72.36842105263158,49.99999999999999,38.405797101449274,49.999999999999986,56.565656565656575,49.99999999999999,35.0,50.0,54.08499622054323,50.0,91.38134592680048,50.0,83.9126559714795,50.000000000000014,84.11654135338345,50.0,87.5,50.0,89.70588235294117,50.0,87.32328512092093,50.0,70.70414067073207,1.078964453841668
20.0,50.0,51.59554017685506,50.0,39.48424068767908,49.999999999999986,37.69948810599216,50.00000000000002,49.27428909952607,49.999999999999964,58.4873949579832,50.0,47.308190605607116,49.99999999999998,54.496343992142315,49.99999999999998,48.02100075002678,50.0,52.794359576968276,50.0,53.526800955957675,50.000000000000014,50.60218753840482,49.999999999999986,51.888138562699964,49.99999999999999,49.59816458415354,1.0791644709330817,50.0,77.65957446808511,50.00000000000002,56.57894736842106,49.99999999999999,35.507246376811594,49.999999999999986,55.21885521885521,49.99999999999999,34.166666666666664,50.0,51.826258019767934,50.0,92.14876033057851,50.0,83.9572192513369,50.000000000000014,84.68045112781954,50.0,87.23958333333334,50.0,90.12605042016806,50.0,87.63041289264726,50.0,69.72833545620759,1.0783967712662026
21.0,50.0,72.16455209534794,50.0,45.2865329512894,49.999999999999986,40.078289671785605,50.00000000000002,45.80864928909953,49.999999999999964,54.78991596638655,50.0,51.6255879947818,49.99999999999998,48.79406307977737,49.99999999999998,52.09686060216436,50.0,52.38307873090482,50.0,46.10447251621714,50.000000000000014,50.41169964360329,49.999999999999986,49.9580349145334,49.99999999999999,50.791811454657605,1.0785011602991952,50.0,81.91489361702129,50.00000000000002,40.35087719298246,49.99999999999999,40.57971014492754,49.999999999999986,53.87205387205387,49.99999999999999,35.83333333333333,50.0,50.5101736320637,50.0,92.79811097992918,50.0,84.13547237076648,50.000000000000014,84.86842105263158,50.0,87.63020833333334,50.0,90.75630252100841,50.0,88.03770305153378,50.0,69.27393834179874,1.0778092354077662
22.0,50.0,60.130718954248366,50.0,56.375358166189116,49.999999999999986,51.76151761517615,50.00000000000002,54.91706161137441,49.999999999999964,52.268907563025216,50.0,55.090712782002655,49.99999999999998,55.24664411219034,49.99999999999998,54.8805314475517,50.0,52.10105757931846,50.0,50.61113007852509,50.000000000000014,51.093769202408744,49.999999999999986,52.78662648399886,49.99999999999999,53.93866963300076,1.077161065090689,50.0,74.46808510638297,50.00000000000002,33.991228070175445,49.99999999999999,36.23188405797101,49.999999999999986,53.03030303030303,49.99999999999999,35.0,50.0,46.54430005296649,50.0,92.26682408500591,50.0,84.40285204991088,50.000000000000014,84.58646616541353,50.0,88.15104166666666,50.0,90.96638655462186,50.0,88.07471410432376,50.0,67.30950707864513,1.077187362057485
23.0,50.0,57.785467128027676,50.0,58.03724928366761,49.999999999999986,62.18006624510689,50.00000000000002,59.93779620853081,49.999999999999964,45.63025210084034,50.0,56.71416619323467,49.99999999999998,51.79526355996944,49.99999999999998,47.96742740812172,50.0,50.49588719153937,50.0,55.612837145783544,50.000000000000014,52.83273933882266,49.999999999999986,51.740830928847345,49.99999999999999,54.227498561041,1.0762636845719205,50.0,56.38297872340425,50.00000000000002,25.877192982456144,49.99999999999999,37.68115942028985,49.999999999999986,50.16835016835017,49.99999999999999,35.833333333333336,50.0,41.18860292556675,50.0,92.08972845336481,50.0,84.93761140819964,50.000000000000014,84.9624060150376,50.0,88.41145833333334,50.0,91.80672268907563,50.0,88.4415853798022,50.0,64.81509415268448,1.0764903517710194
24.0,50.0,34.678969627066515,50.0,64.94269340974212,49.999999999999986,50.25594700391448,50.00000000000002,56.51658767772511,49.999999999999964,44.621848739495796,50.0,50.203209291588806,49.99999999999998,55.65044199497981,49.99999999999998,50.15107682417229,50.0,50.406580493537014,50.0,48.37145783543871,50.000000000000014,51.677522428413425,49.999999999999986,51.25141591530826,49.99999999999999,50.72731260344853,1.0763568461982282,50.0,55.319148936170215,50.00000000000002,21.05263157894737,49.99999999999999,36.95652173913043,49.999999999999986,50.16835016835016,49.99999999999999,38.33333333333333,50.0,40.3659971511863,50.0,91.73553719008265,50.0,85.20499108734403,50.000000000000014,85.33834586466165,50.0,88.671875,50.0,91.38655462184873,50.0,88.4674607527874,50.0,64.41672895198685,1.0758154927310333
25.0,50.0,64.01384083044984,50.0,50.09312320916906,49.999999999999986,48.66004215597711,50.00000000000002,47.52665876777251,49.999999999999964,46.84873949579832,50.0,51.428480891833374,49.99999999999998,51.03132161955693,49.99999999999998,54.08978892103289,50.0,50.78965922444183,50.0,54.56128371457836,50.000000000000014,50.01843431240015,49.999999999999986,52.09809755840204,49.99999999999999,51.7632892251177,1.0755284357947175,50.0,57.446808510638306,50.00000000000002,19.29824561403509,49.99999999999999,40.57971014492753,49.999999999999986,50.841750841750844,49.99999999999999,36.666666666666664,50.0,40.96663635560368,50.0,91.85360094451003,50.0,85.20499108734403,50.000000000000014,85.6203007518797,50.0,88.41145833333334,50.0,91.38655462184873,50.0,88.49538114778318,50.0,64.73100875169342,1.0751105949251698
26.0,50.0,53.748558246828146,50.0,46.81948424068768,49.999999999999986,52.75519421860886,50.00000000000002,46.667654028436026,49.999999999999964,49.07563025210084,50.0,49.81330419733231,49.99999999999998,55.066572083378816,49.99999999999998,44.853744776599164,50.0,49.628672150411276,50.0,55.848412427449645,50.000000000000014,47.42534103477941,49.999999999999986,50.56454849452367,49.99999999999999,50.18892634592799,1.075153135337272,50.0,52.12765957446809,50.00000000000002,19.956140350877195,49.99999999999999,38.405797101449274,49.999999999999986,46.801346801346796,49.99999999999999,37.5,50.0,38.95818876562827,50.0,91.38134592680048,50.0,85.47237076648841,50.000000000000014,85.80827067669173,50.0,88.28125,50.0,91.38655462184873,50.0,88.46595839836587,50.0,63.712073581997075,1.0744274330765955
27.0,50.0,45.40561322568243,50.0,62.34957020057307,49.999999999999986,49.382716049382715,50.00000000000002,52.42890995260663,49.999999999999964,52.35294117647058,50.0,52.383950120943084,49.99999999999998,54.700971297609954,49.99999999999998,51.13682631522555,50.0,52.86486486486487,50.0,56.787299419597126,50.000000000000014,57.73012166646184,49.999999999999986,54.64401671275186,49.99999999999999,53.51398341684747,1.0740964978879168,50.0,53.191489361702125,50.00000000000002,19.736842105263158,49.99999999999999,43.47826086956522,49.999999999999986,45.791245791245785,49.99999999999999,35.0,50.0,39.439567625555256,50.0,91.73553719008265,50.0,85.47237076648841,50.000000000000014,85.52631578947367,50.0,88.15104166666666,50.0,92.22689075630251,50.0,88.62243123380279,50.0,64.03099942967901,1.073623553644554
28.0,50.0,48.827374086889655,50.0,51.50429799426934,49.999999999999986,46.01023788015657,50.00000000000002,50.933056872037916,49.999999999999964,51.42857142857142,50.0,49.740707652384984,49.99999999999998,52.05172978282222,49.99999999999998,51.20968606021643,50.0,52.84136310223268,50.0,56.10788665073404,50.000000000000014,51.85572078161484,49.999999999999986,52.81327727552404,49.99999999999999,51.276992463954514,1.0741403468450899,50.0,55.319148936170215,50.00000000000002,21.05263157894737,49.99999999999999,44.927536231884055,49.999999999999986,41.07744107744107,49.99999999999999,33.33333333333333,50.0,39.14201823155521,50.0,91.49940968122786,50.0,85.47237076648841,50.000000000000014,85.71428571428572,50.0,88.54166666666666,50.0,92.22689075630251,50.0,88.69092471699423,50.0,63.91647147427472,1.0728128784339315
29.0,50.0,60.0153787004998,50.0,35.57306590257879,49.999999999999986,55.67600120445649,50.00000000000002,54.20616113744076,49.999999999999964,65.16806722689074,50.0,54.127734834373314,49.99999999999998,47.58812615955473,49.99999999999998,54.278367084538736,50.0,54.98472385428907,50.0,55.31922157733015,50.000000000000014,54.116996436032935,49.999999999999986,53.25748702234913,49.99999999999999,53.69261092836122,1.0720778009008691,50.0,48.93617021276596,50.00000000000002,23.68421052631579,49.99999999999999,47.826086956521735,49.999999999999986,43.09764309764309,49.99999999999999,42.50000000000001,50.0,41.20882215864931,50.0,91.38134592680048,50.0,85.38324420677363,50.000000000000014,85.99624060150376,50.0,88.671875,50.0,92.01680672268907,50.0,88.6899024915534,50.0,64.94936232510136,1.0716701666608155
30.0,50.0,57.59323337178009,50.0,58.667621776504284,49.999999999999986,59.13881361035833,50.00000000000002,52.132701421800945,49.999999999999964,69.9579831932773,50.0,59.49807067474419,49.99999999999998,54.63276219578741,49.99999999999998,52.15257687774564,50.0,48.34195064629848,50.0,54.70126322977124,50.000000000000014,52.66068575642129,49.999999999999986,52.49784774120481,49.99999999999999,55.9979592079745,1.0699740862988807,50.0,47.87234042553191,50.00000000000002,24.56140350877193,49.99999999999999,52.89855072463768,49.999999999999986,50.16835016835017,49.99999999999999,72.50000000000001,50.0,49.60012896545834,50.0,91.02715466351829,50.0,85.73975044563281,50.000000000000014,85.6203007518797,50.0,88.671875,50.0,92.01680672268907,50.0,88.61517751674397,50.0,69.10765324110116,1.0701573224469767
31.0,50.0,37.101114955786244,50.0,55.61604584527221,49.999999999999986,49.08160192713038,50.00000000000002,59.47867298578199,49.999999999999964,50.924369747899156,50.0,50.440361092374,49.99999999999998,52.534650223725855,49.99999999999998,56.556305582342226,50.0,56.277320799059936,50.0,59.757596449300095,50.000000000000014,48.82020400639057,49.999999999999986,54.78921541216373,49.99999999999999,52.614788252268866,1.0698451370876232,50.0,51.06382978723405,50.00000000000002,25.0,49.99999999999999,53.623188405797094,49.999999999999986,92.92929292929293,49.99999999999999,55.00000000000001,50.0,55.523262224464816,50.0,91.97166469893743,50.0,86.36363636363637,50.000000000000014,86.09022556390977,50.0,89.0625,50.0,92.85714285714285,50.0,89.26903389672529,50.0,72.39614806059505,1.0684020685225464
32.0,50.0,43.67550941945406,50.0,54.684813753581665,49.999999999999986,52.96597410418548,50.00000000000002,51.94016587677726,49.999999999999964,50.08403361344538,50.0,50.670099353488766,49.99999999999998,60.71155735021281,49.99999999999998,55.5148398157077,50.0,55.28084606345476,50.0,55.524069648344145,50.000000000000014,57.96976772766376,49.999999999999986,57.00021612107663,49.99999999999999,53.8351577372827,1.0671597229870933,50.0,53.191489361702125,50.00000000000002,25.0,49.99999999999999,63.043478260869556,49.999999999999986,50.5050505050505,49.99999999999999,43.333333333333336,50.0,47.0146702921911,50.0,91.85360094451002,50.0,86.72014260249554,50.000000000000014,85.80827067669172,50.0,89.453125,50.0,91.80672268907563,50.0,89.12837238255459,50.0,68.07152133737284,1.0657328981019247
33.0,50.0,46.59746251441753,50.0,44.58452722063038,49.999999999999986,36.464920204757604,50.00000000000002,41.43957345971564,49.999999999999964,47.60504201680672,50.0,43.338305083265574,49.99999999999998,54.99563461748335,49.99999999999998,61.17539912139719,50.0,56.592244418331376,50.0,55.387504267668156,50.000000000000014,56.72237925525378,49.999999999999986,56.97463233602677,49.99999999999999,50.15646870964618,1.0654077016773311,50.0,53.191489361702125,50.00000000000002,26.75438596491228,49.99999999999999,55.072463768115945,49.999999999999986,44.44444444444444,49.99999999999999,40.833333333333336,50.0,44.05922337450163,50.0,91.26328217237308,50.0,86.45276292335116,50.000000000000014,86.1842105263158,50.0,89.84375,50.0,91.80672268907563,50.0,89.11014566222313,50.0,66.58468451836238,1.0616259826409205
34.0,50.0,42.67589388696655,50.0,47.893982808022926,49.999999999999986,46.34146341463414,50.00000000000002,52.31042654028436,49.999999999999964,48.067226890756295,50.0,47.457798708132856,49.99999999999998,60.790679908326965,49.99999999999998,62.76224150862531,50.0,62.12220916568742,50.0,55.288494366678044,50.000000000000014,57.31227725205849,49.999999999999986,59.65518044027524,49.99999999999999,53.55648957420405,1.059329878754171,50.0,53.191489361702125,50.00000000000002,27.192982456140356,49.99999999999999,53.62318840579711,49.999999999999986,44.107744107744104,49.99999999999999,40.833333333333336,50.0,43.78974753294341,50.0,91.73553719008265,50.0,86.45276292335116,50.000000000000014,85.99624060150376,50.0,89.97395833333334,50.0,92.01680672268907,50.0,89.23506115419198,50.0,66.5124043435677,1.0558735914099673
35.0,50.0,38.83121876201461,50.0,35.9025787965616,49.999999999999986,52.33363444745558,50.00000000000002,42.44668246445498,49.999999999999964,43.48739495798319,50.0,42.600301885693995,49.99999999999998,63.28440467095929,49.99999999999998,63.52084003000108,50.0,60.83901292596945,49.65517241379311,60.331171048139296,50.000000000000014,57.330711564458646,49.93103448275862,61.061228047905544,49.96551724137931,51.83076496679977,1.0564468424057025,50.0,51.06382978723404,50.00000000000002,25.877192982456144,49.99999999999999,52.17391304347826,49.999999999999986,39.73063973063973,49.99999999999999,40.833333333333336,50.0,41.9357817754283,50.0,91.97166469893743,50.0,86.63101604278076,50.000000000000014,85.99624060150376,50.0,90.625,50.0,92.64705882352942,50.0,89.57419603335026,50.0,65.75498890438928,1.0491751121925137
36.0,50.0,29.988465974625143,50.0,47.0487106017192,49.999999999999986,41.734417344173444,50.23696682464457,47.55627962085308,49.999999999999964,52.689075630252105,50.04739336492891,43.80338983432459,49.99999999999998,61.333624358834435,49.99999999999998,69.92178292081859,50.0,64.86486486486487,50.0,57.797883236599525,50.000000000000014,66.47413051493179,49.999999999999986,64.07845717920983,50.02369668246445,53.94092350676721,1.0479284852788409,50.0,52.12765957446809,50.00000000000002,26.315789473684216,49.99999999999999,52.89855072463768,49.999999999999986,38.38383838383838,49.99999999999999,39.16666666666667,50.0,41.77850096465901,50.0,91.73553719008265,50.0,86.54188948306596,50.000000000000014,86.1842105263158,50.0,91.015625,50.0,93.0672268907563,50.0,89.70889781804415,50.0,65.74369939135158,1.0410735777525193
37.0,50.0,27.64321414840446,50.1432664756447,49.79942693409742,49.999999999999986,50.978620897320084,50.23696682464457,51.851303317535546,50.73529411764702,47.6890756302521,50.223105483587254,45.59232818552192,49.99999999999998,67.26508785332315,49.99999999999998,66.32594021215044,50.0,62.99412455934195,50.0,62.707408671901675,50.000000000000014,60.716480275285726,49.999999999999986,64.00180831440059,50.111552741793616,54.79706824996126,1.0413459675603094,50.0,54.255319148936174,50.00000000000002,27.631578947368418,49.99999999999999,53.62318840579711,49.999999999999986,37.37373737373737,49.99999999999999,39.166666666666664,50.0,42.410098108501145,50.0,91.85360094451002,50.0,86.63101604278076,50.000000000000014,86.46616541353383,50.0,90.88541666666666,50.0,93.69747899159664,50.0,89.9067356118176,50.0,66.15841686015938,1.0337204145131
38.0,50.0,56.093810073048836,50.0,53.710601719197705,49.999999999999986,46.943691659138814,50.23696682464457,42.40225118483413,49.999999999999964,54.24369747899159,50.04739336492891,50.678810423042215,49.99999999999998,72.45989304812835,49.99999999999998,68.03600128576021,50.0,61.215041128084614,50.0,62.78593376579038,50.000000000000014,62.18508049649747,49.999999999999986,65.33638994485219,50.02369668246445,58.007600183947204,1.0336907191799534,50.0,55.31914893617022,50.00000000000002,28.50877192982456,49.99999999999999,53.62318840579711,49.999999999999986,37.37373737373737,49.99999999999999,38.33333333333333,50.0,42.63163599577251,50.0,91.73553719008265,50.0,86.89839572192514,50.000000000000014,86.18421052631578,50.0,91.53645833333334,50.0,93.69747899159664,50.0,90.01041615265072,50.0,66.32102607421162,1.0262478319341324
39.0,50.0,44.7520184544406,50.286532951289395,41.446991404011456,50.406504065040636,57.90424570912376,50.00000000000002,42.9946682464455,50.73529411764702,43.48739495798319,50.28566622679541,46.1170637544009,49.99999999999998,72.8391356542617,49.99999999999998,67.35883424408014,50.0,64.4512338425382,50.0,63.91601229088426,50.000000000000014,60.76563844168612,49.999999999999986,65.8661708946901,50.1428331133977,55.9916173245455,1.0346689026127145,50.0,55.31914893617022,50.00000000000002,28.947368421052634,49.99999999999999,54.347826086956516,49.999999999999986,37.37373737373737,49.99999999999999,40.833333333333336,50.0,43.36428283025002,50.0,91.85360094451002,50.0,86.80926916221033,50.000000000000014,86.09022556390977,50.0,91.92708333333334,50.0,93.90756302521008,50.0,90.1175484058347,50.0,66.74091561804235,1.0207157050152122
40.0,50.0,44.905805459438675,50.1432664756447,36.06017191977078,50.813008130081286,38.84372177055104,50.00000000000002,36.21149289099526,49.999999999999964,54.32773109243697,50.191254921145195,42.069784626638544,49.99999999999998,74.34519262250355,49.99999999999998,75.47412407585985,50.0,68.0117508813161,49.65517241379311,67.59986343461932,50.000000000000014,59.684158780877475,49.93103448275862,69.02301795903526,50.0611447019519,55.546401292836904,1.0327808391982798,50.0,55.31914893617022,50.00000000000002,28.947368421052634,49.99999999999999,54.347826086956516,49.999999999999986,37.37373737373737,49.99999999999999,41.666666666666664,50.0,43.530949496916676,50.0,91.85360094451003,50.0,86.63101604278074,50.000000000000014,85.99624060150376,50.0,91.796875,50.0,94.11764705882352,50.0,90.07907592952361,50.0,66.80501271322015,1.015026299756419
41.0,50.34602076124568,39.29257977700885,50.1432664756447,36.69054441260745,50.406504065040636,42.36675700090334,50.71090047393366,40.95082938388626,49.999999999999964,47.89915966386554,50.32133835517293,41.43997404765428,49.99999999999998,75.45563680017462,49.99999999999998,78.34136933461909,50.0,73.7978848413631,50.0,69.5766473199044,50.000000000000014,61.18962762688953,49.999999999999986,71.67223318459016,50.160669177586456,56.556103616122215,1.023430696760435,50.0,54.255319148936174,50.00000000000002,28.947368421052634,49.99999999999999,54.347826086956516,49.999999999999986,36.36363636363637,49.99999999999999,42.50000000000001,50.0,43.28283000411634,50.0,91.61747343565526,50.0,86.45276292335116,50.000000000000014,85.99624060150376,50.0,91.40625,50.0,94.11764705882352,50.0,89.91807480386674,50.0,66.60045240399154,1.008562885926193
42.0,50.0,48.75048058439062,50.1432664756447,49.55587392550143,49.999999999999986,46.49202047576031,50.71090047393366,45.74940758293839,50.04201680672266,43.52941176470588,50.179236751260206,46.815438866659335,49.99999999999998,80.42398777692895,49.99999999999998,78.44637308475302,50.0,72.0822561692127,50.0,67.80812564015022,48.73417721518988,68.05948138134448,49.746835443037966,73.36404481047788,49.963036097149086,60.08974183856861,1.0168415302876332,50.0,54.255319148936174,50.00000000000002,29.385964912280706,49.99999999999999,55.072463768115945,49.999999999999986,35.69023569023569,49.99999999999999,42.5,50.0,43.3807967039137,50.0,91.49940968122786,50.0,86.36363636363636,50.000000000000014,85.90225563909775,50.0,91.66666666666666,50.0,94.11764705882352,50.0,89.90992308189043,50.0,66.64535989290206,1.0017628096757019
43.0,50.17301038062284,37.60092272202999,50.1432664756447,44.92836676217765,50.406504065040636,42.637759710930446,48.911433649289116,54.872630331753555,47.1428571428571,36.470588235294116,49.35541434269088,43.30205355243716,49.99999999999998,75.26192295099857,49.83606557377047,79.03139397835636,49.56521739130435,75.52526439482963,49.65517241379311,68.7094571526118,49.36708860759494,73.3378394985867,49.68470879729257,74.37317559507662,49.520061569991725,58.83761457375689,1.0143959042484911,50.0,54.255319148936174,50.00000000000002,30.263157894736842,49.99999999999999,55.072463768115945,49.999999999999986,35.01683501683502,49.99999999999999,43.33333333333333,50.0,43.588221832391454,50.0,91.61747343565526,50.0,86.36363636363636,50.000000000000014,86.27819548872179,50.0,91.92708333333333,50.0,94.53781512605042,50.0,90.14484074947943,50.0,66.86653129093544,0.9944779816834722
44.0,50.17301038062284,52.479815455594,50.286532951289395,49.08309455587393,50.406504065040636,36.916591388136105,49.38536729857822,40.93601895734597,50.04201680672266,42.3109243697479,50.058686300450745,44.34528894533958,49.99999999999998,75.02728364072901,49.99999999999998,80.56359155684132,49.78260869565217,81.0223266745006,48.9655172413793,80.0990099009901,50.000000000000014,74.87403219859901,49.74962518740629,78.31724879433202,49.90415574392851,61.331268869835796,1.0021030973085165,50.0,53.19148936170214,50.00000000000002,30.263157894736842,49.99999999999999,53.62318840579711,49.999999999999986,35.01683501683502,49.99999999999999,43.33333333333333,50.0,43.0856008024809,50.0,91.61747343565526,50.0,86.45276292335116,50.000000000000014,86.09022556390977,50.0,92.1875,50.0,94.74789915966386,50.0,90.219172216516,50.0,66.65238650949846,0.9857905099861393
45.0,50.34602076124568,36.562860438292965,47.78653295128941,32.0487106017192,51.62601626016258,38.6329418849744,51.65876777251187,44.40165876777251,48.57142857142854,53.61344537815126,49.99775326332762,41.05192341418207,49.89495798319327,78.24948161082614,49.50819672131146,82.73438337083468,49.13043478260871,79.45005875440658,49.65517241379311,77.72277227722772,50.000000000000014,76.39793535701118,49.63775238018131,78.91092627406127,49.81775282175447,59.98142484412167,1.0008853687258183,50.0,53.19148936170214,50.00000000000002,30.263157894736842,49.99999999999999,54.347826086956516,49.999999999999986,34.34343434343434,49.99999999999999,43.33333333333333,50.0,43.095848204032634,50.0,91.38134592680048,50.0,86.00713012477719,50.000000000000014,85.90225563909775,50.0,92.1875,50.0,94.9579831932773,50.0,90.08724297679055,50.0,66.59154559041158,0.9766863341420952
46.0,50.34602076124568,42.445213379469436,50.573065902578804,40.80229226361031,50.81300813008129,44.08310749774165,50.57020142180097,50.08886255924171,49.999999999999964,38.949579831932766,50.460459243141344,43.27381110639918,49.89495798319327,74.89359380115684,49.83606557377047,82.74295510553948,48.913043478260875,82.84841363102232,48.62068965517241,81.22908842608399,48.10126582278481,78.97259432223179,49.07320450263637,80.13732905720687,49.76683187288886,61.705570081803025,0.9889900353522612,50.0,52.12765957446809,50.00000000000002,30.263157894736842,49.99999999999999,54.347826086956516,49.999999999999986,32.996632996633,49.99999999999999,42.49999999999999,50.0,42.44705531055889,50.0,90.43683589138134,50.0,85.73975044563281,50.000000000000014,85.90225563909775,50.0,92.05729166666666,50.0,94.9579831932773,50.0,89.81882336721117,50.0,66.13293933888502,0.9668188038935231
47.0,44.96347558631297,26.87427912341407,51.28939828080229,44.79942693409742,52.03252032520324,41.88497440529961,50.807168246445514,42.639218009478675,50.8193277310924,39.831932773109244,49.98237803397128,39.2059662490798,49.89495798319326,75.91673032849503,49.34426229508195,84.11871852566163,48.69565217391304,83.1304347826087,48.275862068965516,83.67360874018436,46.20253164556963,79.2245299250338,48.48265323334468,81.21280446039671,49.23251563365798,60.20938535473826,0.9853969096642053,50.0,52.12765957446809,50.00000000000002,30.701754385964914,49.99999999999999,52.89855072463768,49.999999999999986,31.64983164983165,49.99999999999999,42.49999999999999,50.0,41.97555926698046,50.0,91.26328217237308,50.0,85.56149732620321,50.000000000000014,85.90225563909775,50.0,91.92708333333333,50.0,94.9579831932773,50.0,89.92242033285693,50.0,65.94898979991869,0.9567663481244505
48.0,51.21107266435987,52.71049596309112,51.432664756447,33.06590257879656,51.21951219512194,41.342968985245406,51.755035545023716,45.80864928909953,50.7773109243697,47.14285714285714,51.279119217064455,44.01417479181795,49.89495798319327,74.860853432282,49.34426229508195,82.87795992714027,48.69565217391304,82.86721504112808,47.24137931034483,85.45920109252305,47.468354430379755,80.98193437384785,48.52892123858256,81.40943277338424,49.90402022782351,62.711803782601095,0.9722957990457017,50.0,52.12765957446809,50.00000000000002,29.824561403508774,49.99999999999999,52.17391304347826,49.999999999999986,30.976430976430976,49.99999999999999,42.49999999999999,50.0,41.52051299957722,50.0,89.37426210153482,50.0,85.47237076648841,50.000000000000014,85.80827067669172,50.0,91.796875,50.0,94.9579831932773,50.0,89.48195234759845,50.0,65.50123267358784,0.9467837756031787
49.0,50.69204152249135,18.53133410226836,50.365329512894,46.33237822349571,50.58717253839203,52.81541704305932,52.70290284360192,42.639218009478675,49.34873949579828,42.563025210084035,50.73923718263551,40.57627451767722,49.78991596638654,76.17592491542071,49.34426229508195,83.59155684131578,48.478260869565226,87.24324324324324,48.275862068965516,85.60259474223284,47.468354430379755,79.59321617303674,48.6713311260758,82.44130718304987,49.70528415435565,61.508790850363546,0.9614388407906413,50.0,52.12765957446809,50.00000000000002,29.824561403508774,49.99999999999999,52.17391304347826,49.999999999999986,30.976430976430976,49.99999999999999,42.49999999999999,50.0,41.52051299957722,50.0,86.54073199527745,50.0,85.11586452762924,50.000000000000014,85.80827067669172,50.0,91.66666666666666,50.0,95.16806722689076,50.0,88.85992021863116,50.0,65.1902166091042,0.9363488250341317
50.0,52.42214532871973,48.09688581314879,52.65759312320918,42.693409742120345,53.02619692863594,43.300210779885575,52.89543838862561,40.59537914691943,48.697478991596604,38.445378151260506,51.93977055215741,42.62625272666693,49.47478991596637,73.84317363308959,49.18032786885243,82.9058180649309,48.04347826086956,84.19741480611046,46.20689655172414,87.85933765790372,46.20253164556963,87.46466756789972,47.82160484859642,83.25408234598687,49.88068770037692,62.940167536326896,0.9503781507585628,50.0,52.12765957446809,50.00000000000002,29.824561403508774,49.99999999999999,52.17391304347826,49.999999999999986,30.63973063973064,49.99999999999999,42.49999999999999,50.0,41.45317293223715,50.0,85.8323494687131,50.0,83.9572192513369,50.000000000000014,85.90225563909775,50.0,91.66666666666666,50.0,95.16806722689076,50.0,88.50531165054102,50.0,64.97924229138908,0.9269646026849041
51.0,53.460207612456756,47.789311803152636,54.441260744985684,40.20057306590258,56.09756097560973,42.66787112315568,56.9683056872038,43.39454976303318,52.373949579831894,49.49579831932773,54.668256920017576,44.709620814914366,49.68487394957981,75.55931463494488,48.524590163934405,84.21515054109075,47.173913043478265,85.77673325499413,46.206896551724135,88.58654831000342,42.40506329113925,86.98230306009586,46.79906739997117,84.22400996022581,50.733662159994374,64.4668153875701,0.9410204017929396,50.0,52.12765957446809,50.00000000000002,29.824561403508774,49.99999999999999,52.17391304347826,49.999999999999986,30.976430976430976,49.99999999999999,42.49999999999999,50.0,41.52051299957722,50.0,85.47815820543093,50.0,83.60071301247771,50.000000000000014,85.71428571428572,50.0,91.53645833333333,50.0,95.16806722689076,50.0,88.29953649848369,50.0,64.91002474903046,0.9183054545142103
52.0,53.287197231833915,40.86889657823914,50.093123209169065,43.09455587392551,54.24570912375789,45.43812104787715,52.095675355450254,40.654620853080566,45.147058823529385,41.890756302521005,50.973752748748105,42.38939013112867,49.05462184873948,75.63025210084034,48.196721311475386,80.44573020465018,46.08695652173914,85.92009400705052,46.89655172413793,87.32331853875043,41.13924050632912,86.34631928229076,46.27481838248421,83.13314282671645,48.62428556561616,62.761266478922565,0.9408620547330819,50.0,51.06382978723405,50.00000000000002,29.824561403508774,49.99999999999999,52.17391304347826,49.999999999999986,30.63973063973064,49.99999999999999,42.49999999999999,50.0,41.24040697479034,50.0,87.36717827626919,50.0,83.68983957219251,50.000000000000014,85.6203007518797,50.0,91.53645833333333,50.0,95.3781512605042,50.0,88.71838563883577,50.0,64.97939630681306,0.9107216073494337
53.0,54.6712802768166,32.02614379084967,48.37392550143267,37.32091690544412,53.794037940379404,41.97530864197531,55.36137440758295,42.7132701421801,51.596638655462144,44.621848739495796,52.759451356334765,39.731497643989,49.78991596638654,69.97708174178763,48.032786885245876,82.31008250294653,47.608695652173914,84.9870740305523,43.44827586206897,88.28610447251621,46.20253164556963,87.55683912990044,47.01644120228899,82.62343637554062,49.887946279311876,61.17746700976481,0.9317603286143125,50.0,51.06382978723405,50.00000000000002,29.824561403508774,49.99999999999999,52.17391304347826,49.999999999999986,33.670033670033675,49.99999999999999,50.0,50.0,43.34646758085095,50.0,88.07556080283354,50.0,83.33333333333334,50.000000000000014,84.68045112781954,50.0,91.53645833333333,50.0,95.3781512605042,50.0,88.60079097156478,50.0,65.97362927620786,0.9040700428889095
54.0,49.11572472126105,33.17954632833525,59.59885386819486,45.5730659025788,51.53568202348689,41.613971695272504,47.074940758293856,38.35900473933649,57.47899159663863,47.89915966386554,52.960838593575055,41.32494966587772,48.52941176470586,71.90330677725636,47.04918032786883,80.25286617379193,45.0,84.3454759106933,43.10344827586207,89.3410720382383,44.93670886075951,86.91163819589529,45.72374984583926,82.55087181917504,49.342294219707156,61.937910742526384,0.9256085469311511,50.0,51.06382978723405,50.00000000000002,30.263157894736846,49.99999999999999,54.347826086956516,49.999999999999986,58.24915824915825,49.99999999999999,58.33333333333333,50.0,50.4514610702838,50.0,89.37426210153482,50.0,82.174688057041,50.000000000000014,83.0827067669173,50.0,91.53645833333333,50.0,95.16806722689076,50.0,88.26723649714344,50.0,69.35934878371361,0.8993977224350916
55.0,46.84736639753942,37.677816224529025,51.46131805157593,42.70773638968481,52.755194218608835,45.95001505570612,54.9837085308057,43.02428909952607,55.35714285714282,48.90756302521008,52.28094601113454,43.653483958931226,48.52941176470586,75.75848521226672,45.73770491803277,80.43715846994536,45.21739130434783,86.62044653349001,42.758620689655174,89.7371116421987,42.40506329113924,88.70591126950966,44.92963839357618,84.2518226254821,48.60529220235536,63.95265329220666,0.9194174334942119,50.0,51.06382978723405,50.00000000000002,30.263157894736846,52.17391304347825,65.21739130434783,54.54545454545454,63.2996632996633,62.499999999999986,50.0,53.84387351778656,51.9688084571964,50.0,89.84651711924438,50.0,81.28342245989305,50.000000000000014,81.86090225563909,50.0,91.53645833333333,50.0,95.16806722689076,50.0,87.93907347900011,51.92193675889328,69.95394096809827,0.8944006544001278
56.0,53.96001537870051,26.18223760092272,58.46704871060173,42.46418338108883,52.935862691960246,44.23366455886781,48.970675355450254,39.33649289099526,46.008403361344506,39.411764705882355,52.06840109961145,38.325668627551394,48.84453781512603,72.00152788388083,46.3934426229508,81.36719168541735,44.56521739130435,86.20916568742656,43.10344827586207,87.16968248548993,44.93670886075951,86.21113432468968,45.568670993200556,82.59174041338088,48.818536046406,60.458704520466135,0.9173196180314442,50.0,51.06382978723405,51.75438596491231,35.08771929824562,54.347826086956516,72.46376811594203,71.21212121212119,64.64646464646464,62.499999999999986,55.00000000000001,57.962866652798006,55.65235636957728,50.0,89.37426210153482,50.0,80.83778966131906,50.000000000000014,81.76691729323308,50.0,91.53645833333333,50.0,95.16806722689076,50.0,87.7366989232622,53.981433326399,71.69452764641974,0.8886315122823324
57.0,55.34409842368321,51.24951941560938,57.60744985673354,39.49856733524356,50.72267389340559,47.365251430292076,54.60604265402845,43.883293838862556,58.46638655462182,54.117647058823536,55.34933027649451,47.22285581576622,48.10924369747897,72.33165993670195,46.06557377049178,81.35004821600772,44.56521739130435,82.95652173913042,45.17241379310345,87.32673267326734,39.873417721519,86.95465159149565,44.75717327477951,82.18392283132063,50.05325177563701,64.70338932354343,0.9011993067397805,51.06382978723404,51.06382978723405,57.01754385964916,63.59649122807017,60.8695652173913,71.73913043478262,62.121212121212125,64.3097643097643,45.83333333333333,56.666666666666664,55.38109686376399,61.475176485303564,50.0,88.78394332939787,50.0,79.05525846702317,50.000000000000014,80.35714285714286,47.91666666666667,91.53645833333333,39.28571428571428,95.16806722689076,47.44047619047619,86.9801740427576,51.410786527120095,74.22767526403058,0.8852668252522535
58.0,48.923490965013464,38.10073048827374,58.75358166189113,50.45845272206304,56.594399277326104,54.95332731105089,58.1605450236967,48.32642180094787,50.42016806722685,43.48739495798319,54.570436999030846,47.06526545606375,47.899159663865525,75.81578085779766,46.55737704918031,81.66720240008571,44.78260869565218,85.62397179788483,43.10344827586207,89.7166268350973,37.341772151898745,88.0607103355045,43.936873167291765,84.17685844527401,49.253655083161306,65.62106195066887,0.8954141561204767,53.191489361702125,56.382978723404264,71.92982456140355,72.36842105263158,56.88405797101449,57.97101449275364,57.07070707070707,65.99326599326598,54.16666666666665,57.50000000000001,58.64854912629878,62.04313605241109,50.0,88.66587957497049,50.0,78.43137254901961,46.05263157894737,78.19548872180451,39.583333333333336,91.53645833333333,35.714285714285715,95.16806722689076,44.27005012531329,86.39945328120373,51.45929962580604,74.22129466680741,0.8806598716243487
59.0,55.863129565551716,44.71357170319108,54.820916905444136,44.06876790830946,60.11743450767838,53.05630834086119,61.7594786729858,63.255331753554515,55.567226890756274,45.79831932773109,57.62563730848326,50.178459806729464,46.953781512605026,74.06962785114047,45.24590163934425,81.35004821600772,43.2608695652174,82.86956521739131,41.03448275862069,87.52133834073062,43.03797468354431,87.37249600589898,43.90660203186634,82.63661512623382,50.7661196701748,66.40753746648164,0.8902261082326823,61.70212765957446,84.04255319148936,78.07017543859655,66.22807017543859,42.75362318840579,39.85507246376812,66.16161616161617,69.02356902356902,61.66666666666666,58.333333333333336,62.07084182297192,63.49651963751968,50.0,88.31168831168831,43.13725490196078,78.6096256684492,43.42105263157895,76.97368421052632,33.333333333333336,91.53645833333333,25.0,95.16806722689076,38.978328173374614,86.11990475017758,50.52458499817327,74.80821219384863,0.8790250229729768
60.0,54.8250672818147,40.830449826989614,49.6919770773639,35.343839541547275,56.36856368563685,46.642577536886485,57.212677725118496,49.30390995260663,53.44537815126047,42.73109243697479,54.308732784238885,42.97037385900096,46.428571428571416,73.99596202117212,45.57377049180326,80.317154184078,43.913043478260875,84.49118683901293,40.0,90.102424035507,41.13924050632912,88.22661914710581,43.41092518099293,83.42666924537517,48.85982898261591,63.19852155218806,0.9002814494068366,67.02127659574467,92.5531914893617,55.70175438596494,59.210526315789465,49.27536231884058,39.85507246376812,60.60606060606061,69.02356902356902,61.66666666666666,57.50000000000001,58.854224114655494,63.62847185849766,48.701298701298704,88.42975206611571,42.15686274509804,79.05525846702317,42.10526315789474,76.64473684210526,31.25,91.40625,25.0,94.9579831932773,37.8426849208583,86.0987961137043,48.34845451775689,74.86363398610098,0.8743004900794888
61.0,58.97731641676279,60.630526720492114,52.478510028653304,41.04584527220631,52.032520325203244,49.081601927130386,52.3844786729858,47.067535545023695,50.420168067226854,37.184873949579824,53.258598702166395,47.00207668288647,46.63865546218487,72.94827021717778,45.57377049180326,77.27633129754634,44.56521739130435,83.08813160987073,36.896551724137936,87.93444861727552,39.24050632911393,86.22956863708984,42.58294027970887,81.49535007579205,47.92076949093763,64.24871337933925,0.8880581097545291,67.02127659574467,95.74468085106382,55.70175438596494,58.33333333333333,49.27536231884058,41.30434782608695,66.16161616161617,66.32996632996633,61.66666666666666,56.666666666666664,59.9653352257666,63.67579900142342,49.35064935064935,88.78394332939787,42.15686274509804,78.87700534759358,43.42105263157895,75.93984962406014,33.333333333333336,91.53645833333333,28.57142857142857,94.9579831932773,39.366665326417646,86.01904796553245,49.66600027609212,74.84742348347794,0.8689299066789837
62.0,52.55670895809305,55.017301038062286,55.12177650429799,39.81375358166189,51.85185185185184,47.96747967479674,64.22541469194314,56.90165876777251,55.441176470588196,46.1764705882353,55.839385695354835,49.17533273010575,47.268907563025195,73.28385899814471,43.770491803278674,77.94064073716919,44.34782608695652,83.2502937720329,44.48275862068966,85.68111983612154,39.48322477571587,88.44783089590757,43.87064176993319,81.72074884787519,49.85501373264401,65.44804078899047,0.8843752324606352,68.08510638297871,97.87234042553192,57.45614035087723,58.33333333333333,49.27536231884058,39.85507246376812,66.16161616161617,65.993265993266,61.66666666666666,57.49999999999999,60.528978376195866,63.910802443179875,48.701298701298704,89.02007083825266,42.15686274509804,78.96613190730838,43.42105263157895,76.31578947368422,33.333333333333336,91.66666666666666,32.14285714285714,95.16806722689076,39.951080910833234,86.22734522256054,50.240029643514546,75.0690738328702,0.8647463475123638
63.0,49.961553248750484,37.908496732026144,51.9054441260745,43.92550143266476,53.11653116531164,41.8849744052996,55.8427132701422,44.59419431279621,57.68907563025208,41.470588235294116,53.70306348810618,41.95675102361617,46.32352941176469,68.88846447669977,44.590163934426215,75.93271188256725,43.913043478260875,81.62632197414807,40.689655172413794,89.1498805052919,41.139240506329116,88.77964851911024,43.331126500638945,80.87540547156344,48.51709499437256,61.41607824758981,0.890023742258878,73.40425531914893,92.5531914893617,51.973684210526336,52.63157894736843,43.11594202898551,37.68115942028986,60.60606060606061,69.69696969696969,61.66666666666666,60.0,58.1533217662776,62.51257991079793,47.402597402597415,88.66587957497049,41.17647058823529,79.59001782531195,40.789473684210535,78.66541353383458,29.166666666666668,91.53645833333333,25.0,95.16806722689076,36.70704166834197,86.72516729886821,47.430181717309786,74.61887360483307,0.8634727815774415
64.0,51.49942329873127,44.63667820069204,65.20057306590257,52.922636103151866,54.878048780487795,49.713941583860276,49.68898104265404,46.519549763033176,55.60924369747897,50.294117647058826,55.37525397705093,48.81738465955924,47.373949579831915,68.48466659391029,44.4262295081967,79.49855351976856,43.2608695652174,82.39482961222092,41.379310344827594,87.73301468077842,41.77215189873419,90.68452746712546,43.64250217936156,81.75911837476073,49.508878078206244,65.28825151715998,0.8738187892289512,51.595744680851055,82.97872340425532,51.973684210526336,50.877192982456144,45.289855072463766,37.68115942028986,60.60606060606061,69.02356902356902,61.66666666666666,60.00000000000001,54.22640224731369,60.11212896611407,46.103896103896105,87.36717827626919,39.21568627450981,79.23351158645276,40.789473684210535,78.85338345864662,29.166666666666668,91.66666666666666,25.0,95.16806722689076,36.05514454585662,86.45776144298519,45.14077339658516,73.28494520454963,0.8590403509764857
65.0,58.26605151864669,48.48135332564398,61.2679083094556,44.570200573065904,52.84552845528454,43.99277326106594,66.9727488151659,58.38270142180095,53.3193277310924,46.72268907563025,58.53431296592903,48.42994353144141,46.11344537815125,68.75750300120048,45.40983606557375,78.1035036965606,43.2608695652174,82.86251468860164,41.03448275862068,89.32058723113691,38.850313383310805,88.47240997910777,42.93378943017478,81.50330371932148,50.7340511980519,64.96662362538144,0.8754948907108695,29.78723404255319,74.46808510638297,53.728070175438624,51.31578947368421,45.289855072463766,38.405797101449274,60.60606060606061,70.03367003367002,61.66666666666666,60.83333333333334,50.21557731263657,59.01133500970398,45.45454545454547,86.89492325855961,39.21568627450981,79.85739750445633,39.473684210526315,82.23684210526316,29.166666666666668,91.53645833333333,25.0,95.16806722689076,35.66211652124965,87.13873768570063,42.938846916943106,73.07503634770231,0.8551951051733229
66.0,60.70742022299117,53.8638985005767,57.70057306590258,42.97994269340974,54.516711833784996,45.709123757904244,65.92861374407586,60.61907582938388,53.3613445378151,46.97478991596638,58.44293268091394,50.029366139448186,45.69327731092436,71.70140783586162,42.294010500374995,77.11775420550735,43.04347826086957,82.13396004700351,41.529532263571184,90.1980198019802,38.60759493670887,84.7240997910778,42.23357865448979,81.1750483362861,50.338255667701866,65.60220723786713,0.8754127173445505,35.1063829787234,70.2127659574468,54.60526315789477,50.0,45.289855072463766,39.130434782608695,60.60606060606061,70.37037037037037,61.66666666666666,60.83333333333334,51.45484569636185,58.10938088875184,44.80519480519481,86.30460448642268,37.254901960784316,80.4812834224599,38.15789473684211,83.45864661654136,29.166666666666668,91.53645833333333,25.0,95.16806722689076,34.87693163389758,87.3898120171296,43.165888665129714,72.74959645294072,0.8519183325434694
67.0,61.05344098423684,44.13687043444829,58.19484240687679,48.28080229226361,58.22041553748869,49.14182475158084,62.0927132701422,54.75414691943128,64.26470588235293,60.67226890756303,60.76522361621949,51.397182661057414,46.953781512605026,74.39703153988869,44.59016393442621,78.01350048216008,42.497062279670985,84.44888366627497,41.379310344827594,90.17412086036191,42.40506329113925,85.39387980828316,43.56507627253381,82.48548327139376,52.16514994437665,66.94133296622559,0.8573757443989654,39.36170212765956,64.89361702127661,54.60526315789477,50.43859649122807,45.289855072463766,39.85507246376812,60.60606060606061,70.70707070707071,61.66666666666666,60.83333333333334,52.30590952614907,57.34553800333538,42.85714285714286,84.5336481700118,37.254901960784316,81.55080213903744,38.15789473684211,83.7406015037594,29.166666666666668,91.53645833333333,25.0,95.16806722689076,34.48732124428719,87.30591547460655,43.39661538521813,72.32572673897096,0.8452085076453287
68.0,58.26605151864668,47.98154555940023,58.84670487106018,46.03151862464184,58.4010840108401,51.21951219512195,52.95468009478675,47.11196682464455,59.85294117647055,53.73949579831931,57.66429233436086,49.21680780042558,45.37815126050418,70.64825930372149,44.4251580413586,76.1341476481303,43.31374853113984,82.89071680376028,38.77091157391602,86.59610788665073,40.35885461472288,88.12215804350498,42.4493648043283,80.87827793715356,50.056828569344574,65.04754286878956,0.8691888973480726,41.489361702127646,62.76595744680852,55.48245614035091,50.877192982456144,45.289855072463766,41.30434782608695,60.60606060606061,71.04377104377105,61.66666666666666,62.5,52.90688003753392,57.69825385982453,42.20779220779221,84.88783943329398,37.254901960784316,81.63992869875223,38.15789473684211,82.42481203007519,29.166666666666668,91.53645833333333,25.0,95.16806722689076,34.35745111441706,87.1314211444691,43.63216557597549,72.41483750214681,0.8420217177253998
69.0,59.82314494425221,51.44175317185697,59.41977077363898,56.017191977077374,52.2583559168925,46.34146341463414,56.412914691943136,51.421800947867304,54.789915966386516,49.83193277310924,56.54082045862267,51.010828456909,47.18296409472879,72.62632325657536,44.09728918889959,78.30493946212364,43.96004700352527,82.50528789659225,45.2253328781154,86.75998634346193,39.96866166891975,88.86567531031092,44.08685896683776,81.81244245381282,50.313839712730214,66.41163545536091,0.8590422823328216,41.489361702127646,61.702127659574465,57.236842105263186,53.508771929824576,49.63768115942029,44.20289855072464,60.60606060606061,72.05387205387206,61.66666666666666,63.33333333333333,54.12732244790768,58.96020070546581,41.558441558441565,84.7697756788666,37.254901960784316,80.74866310160428,38.15789473684211,80.45112781954887,29.166666666666668,91.53645833333333,25.0,95.16806722689076,34.22758098454693,86.53481843204877,44.17745171622731,72.7475095687573,0.8371385931516327
70.0,66.24375240292196,60.70742022299116,67.06303724928368,55.21489971346705,51.85185185185185,37.157482685937964,60.011848341232245,53.15462085308057,54.74789915966384,47.98319327731092,59.98367780099071,50.84352335055754,44.85294117647057,73.24293353705119,43.76834886960246,78.15493410478945,45.152761457109285,81.97414806110459,43.704335950836466,87.21748036872653,44.88447830895908,85.16652328868133,44.47257315259557,81.15120387207062,52.22812547679314,65.99736361131409,0.8627899828621429,41.489361702127646,62.76595744680852,57.236842105263186,54.824561403508774,45.289855072463766,46.37681159420289,60.60606060606061,72.72727272727273,61.66666666666666,62.5,53.25775723051638,59.83892063435859,41.558441558441565,83.58913813459267,37.254901960784316,80.21390374331551,38.15789473684211,77.91353383458646,31.25,90.75520833333333,32.14285714285714,95.3781512605042,36.07281907978502,85.56998706126643,44.665288155150705,72.70445384781252,0.8297995852047932
71.0,59.82314494425221,59.438677431757014,58.41690544412609,41.51862464183381,63.50496838301716,54.89310448660043,54.51718009478673,49.94075829383887,58.42436974789912,57.35294117647059,58.937313722816256,52.62882120610014,46.57181054239877,69.85976208665285,44.911603985856615,79.00996464159435,43.407755581668624,82.16921269095182,44.29668828951861,85.81768521679753,45.707877596165666,84.66265208307729,44.97914719912166,80.30385534381477,51.95823046096896,66.46633827495745,0.8438953905905161,42.553191489361694,65.95744680851064,57.236842105263186,56.14035087719299,45.289855072463766,52.17391304347826,60.60606060606061,75.42087542087542,61.66666666666666,65.0,53.47052318796318,62.93851723001146,41.558441558441565,83.2349468713105,37.254901960784316,79.14438502673798,39.473684210526315,77.81954887218046,33.333333333333336,91.53645833333333,35.714285714285715,95.3781512605042,37.46692935547425,85.42269807281329,45.468726271718715,74.18060765141237,0.820760109791709
72.0,55.30565167243368,51.67243367935409,59.706303724928375,55.07163323782235,53.92953929539295,42.878651008732305,54.235781990521346,50.05924170616114,54.138655462184836,54.53781512605042,55.46318642909224,50.84395495162406,46.18983957219249,72.80093855724108,42.621879352834014,75.20197149898212,46.3924794359577,82.79200940070506,46.62171389552749,87.23796517582792,46.67875138257344,85.19724714268158,45.700932727817026,80.64602635508756,50.58205957845463,65.74499065335581,0.8534025132706526,44.68085106382978,64.8936170212766,58.11403508771933,61.8421052631579,49.63768115942029,55.072463768115945,60.60606060606061,77.44107744107744,61.66666666666666,68.33333333333333,54.94105891673932,65.51651936539224,41.558441558441565,82.76269185360094,37.254901960784316,79.23351158645276,38.15789473684211,78.1015037593985,33.333333333333336,90.75520833333333,32.14285714285714,95.3781512605042,36.48948574645169,85.24621335865794,45.71527233159551,75.38136636202509,0.8195202836240273
73.0,49.23106497500962,39.60015378700499,57.49283667621777,55.458452722063036,63.91147244805779,57.21168322794339,61.337381516587705,58.2345971563981,52.58403361344535,47.10084033613445,56.91135784586364,51.52114544590879,46.22803666921313,73.15835425079122,46.376299153541176,76.71273974070503,48.06110458284372,77.82138660399531,49.14134516899966,84.02867872994196,46.62652083077302,82.89295809266315,47.28666128107414,78.92282348361934,52.09900956346889,65.22198446476406,0.8448685707577889,45.74468085106382,63.82978723404255,59.868421052631604,64.03508771929825,49.63768115942029,57.2463768115942,60.60606060606061,78.45117845117844,61.66666666666666,71.66666666666667,55.504702067168594,67.04581937655601,41.558441558441565,82.52656434474616,37.254901960784316,79.85739750445633,38.15789473684211,78.28947368421053,33.333333333333336,90.88541666666666,32.14285714285714,95.58823529411764,36.48948574645169,85.42941749883946,45.99709390681014,76.23761843769773,0.8124277715730748
74.0,60.688196847366406,49.17339484813533,53.06590257879657,53.280802292263616,48.91598915989159,41.31285757302018,61.907582938388636,59.508293838862556,52.626050420168035,53.57142857142857,55.44074438892225,51.36935542474205,46.982429335370504,67.81621739604932,48.01028608164576,74.66409514625522,47.30317273795534,80.7732079905993,46.24103789689314,80.79207920792079,49.886321740199094,82.63487771906108,47.68464955841277,77.33609549197715,51.562696973667514,64.3527254583596,0.8374377385007927,45.74468085106382,63.82978723404255,58.11403508771933,64.47368421052632,49.63768115942029,57.2463768115942,60.60606060606061,78.45117845117845,61.66666666666666,73.33333333333334,55.15382487418615,67.46687200813497,41.558441558441565,82.17237308146399,37.254901960784316,81.37254901960785,39.473684210526315,76.97368421052632,33.333333333333336,88.28125,39.28571428571428,95.58823529411764,38.181215069759965,84.87761832114316,46.66751997197306,76.17224516463907,0.8022797928879872
75.0,55.82468281430219,48.75048058439062,69.35530085959887,60.54441260744986,62.872628726287246,59.65070761818729,65.83975118483416,66.79502369668246,56.86974789915963,47.857142857142854,62.15242229683641,56.71955347277061,48.70129870129869,70.28265851795264,51.763634415514815,77.8034929818922,49.406580493537014,77.28789659224442,52.75691362239674,86.39125981563674,50.3625414772029,86.29101634509033,50.59819374199003,79.61126485056326,56.375308019413225,68.16540916166693,0.8211326034872832,46.80851063829786,63.82978723404255,59.868421052631604,66.66666666666667,49.63768115942029,58.69565217391305,60.60606060606061,78.78787878787878,61.66666666666666,75.0,55.717468024615414,68.59599697250022,41.558441558441565,82.40850059031877,37.254901960784316,81.72905525846703,39.473684210526315,74.24812030075188,33.333333333333336,86.97916666666666,39.28571428571428,95.3781512605042,38.181215069759965,84.1485988153417,46.949341547187686,76.37229789392096,0.7969573382747819
76.0,66.76278354479047,62.20684352172241,54.92836676217766,49.79942693409742,60.02710027100271,53.05630834086118,65.03258293838866,63.8181279620853,56.9957983193277,56.84873949579832,60.74932636713744,57.14588925091292,50.02864782276546,72.2689075630252,51.26754526947389,75.6734169077467,52.3678025851939,75.63807285546417,50.66063502902015,85.78695800614544,52.39953299741919,84.71181024947771,51.34483274077452,78.81583311637185,56.04707955395598,67.98086118364239,0.8301354421430244,46.80851063829786,67.02127659574468,59.868421052631604,67.10526315789474,49.63768115942029,62.318840579710155,60.60606060606061,79.12457912457913,61.66666666666666,75.0,55.717468024615414,70.11399189158574,41.558441558441565,82.76269185360094,37.254901960784316,82.174688057041,39.473684210526315,73.59022556390977,33.333333333333336,87.109375,39.28571428571428,95.58823529411764,38.181215069759965,84.24504315373386,46.949341547187686,77.17951752265981,0.7889040032906697
77.0,48.88504421376395,42.48366013071895,62.20630372492838,51.54727793696274,56.72990063233965,58.62691960252935,65.2695497630332,65.96563981042654,61.281512605041975,56.21848739495798,58.874462187821436,54.96839697511912,50.35332314744079,72.107934082724,52.89938926390225,76.4534447658845,54.90599294947122,78.53819036427731,50.85524069648344,82.51280300443837,57.601081479660806,81.25230428905002,53.3230055073917,78.17293530127485,56.09873384760657,66.57066613819698,0.8181556823752061,46.80851063829786,68.08510638297874,59.868421052631604,69.2982456140351,49.63768115942029,63.04347826086957,59.09090909090909,79.12457912457913,62.499999999999986,75.0,55.58110438825177,70.91028187649252,41.558441558441565,82.99881936245572,37.254901960784316,81.37254901960785,40.789473684210535,74.71804511278195,37.5,88.02083333333334,39.28571428571428,95.58823529411764,39.277706297830136,84.53969642445931,47.429405343040955,77.72498915047592,0.7752428665448724
78.0,63.110342176086135,63.24490580545944,67.85816618911176,60.50143266475645,66.3504968383017,68.35290575127974,63.277547393364955,64.49940758293839,52.58403361344535,53.8235294117647,62.63611724206197,62.084436243239736,55.86325439266615,72.7081741787624,54.69088181720774,76.80060002142935,55.340775558166875,80.26321974148061,55.991806077159445,85.38067599863433,54.089344967432716,81.76232026545411,55.19521256252659,79.38299804115215,58.91566490229428,70.73371714219594,0.8021611799499202,46.80851063829786,69.14893617021276,59.868421052631604,73.68421052631578,49.63768115942029,65.21739130434783,59.09090909090909,79.7979797979798,61.66666666666666,75.0,55.4144377215851,72.56970355977123,54.54545454545454,83.94332939787486,65.77540106951872,81.46167557932264,66.3533834586466,75.37593984962405,60.416666666666686,88.28125,53.99159663865546,95.79831932773108,60.21650047578839,84.97210283091053,57.81546909868675,78.77090319534088,0.7689940032001935
79.0,68.8389081122645,59.16955017301038,62.714899713467055,60.15759312320916,63.866305329719964,64.28786510087323,55.657582938388636,53.421208530805686,54.09663865546215,57.647058823529406,61.034866949860465,58.936655150285574,52.73109243697478,70.88289861399105,55.18054216222006,75.22340083574413,58.8425381903643,78.11750881316098,54.223284397405266,81.79924889040628,50.153619270001236,83.42140838146737,54.226215291393125,77.88889310695396,57.630541120626795,68.41277412861976,0.8050344833314002,46.80851063829786,69.14893617021278,48.24561403508774,74.56140350877193,53.985507246376805,67.3913043478261,62.121212121212125,80.13468013468014,61.66666666666666,75.83333333333333,54.565502141528235,73.41393149896486,71.42857142857142,84.53364817001182,63.45811051693405,82.0855614973262,66.9172932330827,75.6578947368421,62.500000000000014,87.63020833333334,68.69747899159663,95.58823529411764,66.60029083403697,85.09910960632621,60.582896487782605,79.25652055264553,0.7694179705424485
80.0,54.07535563244906,49.596309111880046,65.29369627507164,61.676217765042985,57.949412827461586,57.96446853357422,58.68631516587681,53.302725118483416,59.28571428571424,68.40336134453781,59.05809883731466,58.18861637470369,54.87012987012986,70.63734584742988,58.10886103075107,78.16993464052288,53.260869565217405,77.49941245593419,61.287128712871294,85.34653465346534,55.58866904264471,80.02949489984023,56.62313164432287,78.3365444994385,57.840615240818764,68.2625804370711,0.7985607390427505,46.80851063829786,69.14893617021278,48.24561403508774,74.56140350877193,56.15942028985508,68.11594202898551,62.121212121212125,81.14478114478115,61.66666666666666,77.5,55.000284750223884,74.09421257055028,67.53246753246752,85.24203069657615,63.77005347593584,82.62032085561498,65.6015037593985,75.09398496240603,61.458333333333336,86.58854166666667,71.63865546218487,95.79831932773108,66.000202712664,85.06863950179897,60.500243731443945,79.58142603617463,0.7624249474327423
81.0,57.90080738177624,48.55824682814302,51.07449856733525,53.72492836676217,56.68473351400179,55.97711532670883,63.47008293838865,61.433649289099534,56.91176470588233,54.621848739495796,57.20837742147685,54.863157710041875,56.999618029029776,73.42300556586272,61.38862102217934,78.30922532947605,55.481786133960064,75.83548766157462,55.8228064185729,79.4912939569819,57.00196632665602,76.68673958461349,57.338959586079625,76.74915041970175,57.27366850377824,65.8061540648718,0.7980930957432163,46.80851063829786,69.14893617021278,48.24561403508774,75.87719298245614,47.82608695652174,68.11594202898551,62.121212121212125,81.48148148148148,61.66666666666666,77.5,53.333618083557226,74.42471053262719,65.58441558441558,85.24203069657614,68.31550802139039,82.35294117647058,63.43984962406015,75.28195488721805,63.020833333333336,85.9375,76.05042016806722,95.79831932773108,67.28220534625333,84.92254921759917,60.30791171490528,79.67362987511318,0.7538810550602687
82.0,59.9769319492503,54.632833525567094,67.44269340974213,62.70773638968482,55.2393857271906,58.1150255947004,64.79561611374409,68.40936018957346,64.8739495798319,62.89915966386555,62.46571535595181,61.352823072678255,56.03514132925898,70.58277856597184,57.12311153969784,75.7419907853852,60.6756756756757,78.99412455934196,63.92113349265962,84.00477978832366,62.68895170210153,80.61939289664495,60.08880274787873,77.98861331913352,61.277259051915266,69.67071819590589,0.7777723715202265,47.8723404255319,69.14893617021278,48.24561403508774,75.87719298245614,47.82608695652174,68.84057971014494,56.56565656565656,81.48148148148148,56.66666666666666,78.33333333333333,51.435272929892925,74.73630473552574,62.98701298701298,85.9504132231405,65.37433155080214,82.62032085561498,65.22556390977444,75.93984962406014,62.500000000000014,85.28645833333334,72.47899159663865,95.79831932773108,65.71318000884564,85.11907227277601,58.57422646936928,79.92768850415086,0.7484311293940954
83.0,61.01499423298732,52.672049211841596,65.43696275071635,59.22636103151863,51.58084914182475,52.75519421860885,60.77458530805689,64.0254739336493,62.79411764705879,62.89915966386555,60.320301816128826,58.31564761189678,56.58899923605806,70.74102368220015,58.10243222972247,74.33194042644381,65.08813160987077,79.21739130434783,64.48617275520657,82.44110617958347,62.87943959690304,83.00970873786407,61.42903508555219,77.94823406608786,60.8746684508405,68.13194083899232,0.7754985370864091,47.8723404255319,69.14893617021278,48.24561403508774,75.43859649122807,47.82608695652174,68.84057971014494,56.56565656565656,81.48148148148148,56.66666666666666,77.5,51.435272929892925,74.48191877061345,63.636363636363626,86.42266824085006,65.37433155080214,82.2638146167558,66.1654135338346,76.50375939849624,70.83333333333334,84.50520833333334,76.890756302521,95.79831932773108,68.58003967137094,85.0987539834333,60.007656300631936,79.79033637702338,0.7376514164124126
84.0,61.70703575547867,61.5916955017301,52.571633237822354,49.097421203438394,56.68473351400179,52.93586269196025,64.41795023696686,60.93009478672986,55.65126050420165,61.63865546218488,58.20652264969427,57.2387459292087,59.606569900687546,74.26061333624358,61.20111432551161,78.2642237222758,66.06933019976499,79.70857814336077,62.80641857289177,79.77466712188462,64.51702101511614,79.84515177583876,62.84009080279441,78.37064681992071,60.52330672624434,67.8046963745647,0.7772128400855363,47.8723404255319,69.14893617021278,48.24561403508774,75.87719298245614,47.82608695652174,68.84057971014494,56.56565656565656,81.14478114478115,56.66666666666666,79.16666666666667,51.435272929892925,74.83563133485234,62.98701298701298,87.13105076741441,64.3939393939394,84.49197860962568,66.1654135338346,77.5375939849624,70.83333333333334,85.80729166666667,79.83193277310924,95.79831932773108,68.84232640424592,86.15324687128005,60.13879966706942,80.49443910306618,0.7307423362387844
85.0,60.66897347174165,56.47827758554402,60.372492836676216,62.14899713467048,56.865401987353195,57.51279735019572,59.8267180094787,66.76540284360189,63.571428571428555,65.16806722689076,60.26100297533567,61.61470842818058,58.99541634835752,73.22929171668667,59.401050037501314,75.89628201007179,60.058754406580505,78.56874265569918,68.57972004096963,83.88528508023217,67.82905247634264,84.36155831387488,62.972798661950335,79.18823195531294,61.616900818643,70.40147019174677,0.7574538948154674,47.8723404255319,69.14893617021278,48.24561403508774,75.43859649122807,47.82608695652174,68.84057971014494,56.56565656565656,81.48148148148148,56.66666666666666,79.16666666666667,51.435272929892925,74.81525210394679,62.98701298701298,88.07556080283354,64.3939393939394,85.91800356506238,66.1654135338346,79.4172932330827,68.75000000000001,87.109375,73.31932773109243,95.79831932773108,67.12313872917588,87.26371038574193,59.279205829534405,81.03948124484435,0.7304838830286758
86.0,51.46097654748175,48.981161091887735,66.86962750716333,66.41833810888251,65.5374887082204,58.054802770249914,63.18868483412325,64.7808056872038,55.65126050420165,56.09243697478992,60.541607620238075,58.86550892660277,59.788006111535516,73.01375095492743,60.87431693989069,75.91985428051002,62.22091656874268,78.32902467685076,60.153636053260506,78.87333560942301,62.71353078530171,80.95121051984762,61.15008129174621,77.41743520831177,60.84584445599214,68.14147206745727,0.7695602569610179,47.8723404255319,69.14893617021278,48.24561403508774,76.31578947368422,47.82608695652174,69.56521739130434,56.56565656565656,80.8080808080808,56.66666666666666,79.16666666666667,51.435272929892925,75.00093810198976,62.98701298701298,88.78394332939787,64.3939393939394,86.36363636363636,66.1654135338346,81.48496240601504,68.75000000000001,87.76041666666667,73.31932773109243,95.79831932773108,67.12313872917588,88.0382556186894,59.279205829534405,81.51959686033959,0.7245638811581745
87.0,58.573625528642836,59.13110342176087,59.51289398280804,56.86246418338108,58.13008130081301,57.51279735019572,61.76688388625594,68.89810426540284,59.28571428571426,56.9327731092437,59.45383979684682,59.86744846599684,58.699388846447675,73.94412310378698,64.46265938069214,77.42205078752812,66.32784958871916,81.38895417156287,67.014339364971,81.02765448958688,64.75973946171808,78.70836917782967,64.2527953285096,78.4982303460589,61.853317562678214,69.18283940602787,0.7596839140312045,47.8723404255319,69.14893617021278,48.24561403508774,75.43859649122807,47.82608695652174,69.56521739130434,56.56565656565656,80.8080808080808,56.66666666666666,79.16666666666666,51.435272929892925,74.82549950549853,62.98701298701298,89.37426210153482,64.3939393939394,86.89839572192514,66.1654135338346,82.04887218045113,70.83333333333334,87.36979166666667,79.83193277310924,95.79831932773108,68.84232640424592,88.29792819966177,60.13879966706942,81.56171385258014,0.7105566530118833
88.0,67.43560169165707,63.437139561707035,63.302292263610326,64.5272206303725,59.304426377597096,64.4384221619994,63.899585308056906,67.44668246445498,67.94117647058823,69.2016806722689,64.37661642230194,65.81022909816056,58.61344537815126,72.8391356542617,60.211078967105955,74.87838851387549,59.81786133960048,75.47826086956522,67.21748036872654,81.98019801980197,66.21605014132973,82.89295809266314,62.415183238982785,77.6137882300335,63.395899830642364,71.71200866409703,0.7330976921434658,47.8723404255319,69.14893617021278,48.24561403508774,75.43859649122807,47.82608695652174,69.56521739130434,56.56565656565656,81.14478114478115,56.66666666666666,78.33333333333333,51.435272929892925,74.72617290617193,62.98701298701298,89.96458087367178,64.3939393939394,87.6114081996435,66.1654135338346,82.5187969924812,70.83333333333334,87.76041666666667,79.83193277310924,95.79831932773108,68.84232640424592,88.73070441203885,60.13879966706942,81.7284386591054,0.7024226593055367
89.0,72.29911572472128,60.7843137254902,60.43696275071634,58.10888252148997,58.71725383920505,60.22282445046672,65.3213862559242,66.23222748815166,51.93277310924367,58.10924369747899,61.741498335962106,60.691498376615506,62.08938120702827,75.03274036887481,60.37287045965925,75.14625522340084,62.84958871915396,76.56874265569917,63.707750085353375,83.33902355752817,68.9381836057515,84.61963868747696,63.59155481538927,78.94128009859598,62.66652657567569,69.81638923760575,0.7511181142599112,47.8723404255319,69.14893617021278,48.24561403508774,75.43859649122807,47.82608695652174,69.56521739130434,56.56565656565656,81.14478114478115,56.66666666666666,79.16666666666666,51.435272929892925,74.8928395728386,62.98701298701298,90.31877213695395,63.41354723707665,87.70053475935828,66.1654135338346,82.89473684210526,70.83333333333334,88.671875,79.83193277310924,95.79831932773108,68.64624797287337,89.07684761322972,60.04076045138315,81.98484359303416,0.7011160184825316
90.0,63.783160322952725,62.05305651672434,65.37249283667622,59.64183381088826,61.156278229448944,64.10719662752183,62.71475118483414,64.79561611374407,59.36974789915964,66.38655462184873,62.479286094614324,63.39685153814545,60.70473644003056,72.61268143621086,61.84613736204862,72.62402228651024,64.7003525264395,77.76498237367802,65.83817002389895,78.86650734038922,66.16381958952931,82.4259555118594,63.850643188389384,76.85882978972954,63.164964641501854,70.12784066393749,0.733203504152203,47.8723404255319,70.2127659574468,49.12280701754388,76.31578947368422,50.0,69.56521739130434,56.56565656565656,80.47138047138047,56.66666666666666,81.66666666666667,52.0454941350798,75.64636399209651,62.33766233766234,90.20070838252656,62.43315508021391,87.61140819964349,66.1654135338346,83.17669172932331,68.75000000000001,89.32291666666667,76.26050420168067,96.21848739495798,67.1893470306783,89.30604247462361,59.61742058287905,82.47620323336005,0.7026611655753368
91.0,45.73241061130336,40.71510957324106,63.09455587392551,57.69340974212034,57.4977416440831,61.57783800060223,64.13655213270144,64.57345971563981,62.87815126050417,64.2016806722689,58.66788230450352,57.75229954077447,59.49197860962566,72.42169595110771,61.02646523090108,76.33558341369334,62.197414806110466,76.60869565217392,64.21987026288836,81.160805735746,69.0856581049527,81.92208430625539,63.20427740289565,77.68977301179527,60.93607985369958,67.72103627628488,0.7546699165973769,47.8723404255319,69.14893617021278,49.12280701754388,75.43859649122807,50.0,69.56521739130434,56.56565656565656,80.47138047138047,56.66666666666666,81.66666666666667,52.0454941350798,75.25815943815846,62.98701298701298,90.67296340023613,62.43315508021391,87.78966131907309,66.1654135338346,83.36466165413535,70.83333333333334,89.71354166666667,74.78991596638656,96.21848739495798,67.44176618015628,89.55186308701384,59.74363015761804,82.40501126258616,0.6981597038169296
92.0,63.78316032295272,60.36139946174548,62.01289398280802,67.85100286532952,72.08672086720865,75.39897621198433,58.73815165876779,69.31279620853081,56.9957983193277,62.89915966386555,62.723345030212975,67.16466688229113,62.251718869365924,74.51435119502347,61.515054109075315,75.59841422907961,64.41833137485314,78.59224441833138,63.82212359166952,79.1430522362581,67.71537421654173,81.27073860145016,63.944520432301125,77.82376013602854,63.33393273125705,72.49421350915983,0.7152397679001208,47.8723404255319,69.14893617021278,49.12280701754388,75.00000000000001,47.82608695652174,68.84057971014494,56.56565656565656,80.47138047138047,56.66666666666666,80.0,51.61071152638415,74.69217927034764,62.33766233766234,90.67296340023613,62.43315508021391,87.70053475935828,66.1654135338346,83.6466165413534,70.83333333333334,89.58333333333334,76.26050420168067,96.00840336134453,67.60601369734498,89.52237027912516,59.608362611864564,82.1072747747364,0.6892550634717318
93.0,66.37831603229529,69.24259900038446,63.302292263610326,64.65616045845273,72.04155374887081,72.50828063836194,60.9152843601896,60.485781990521325,60.79831932773105,60.7983193277311,64.68715314653943,65.53822828309032,61.096256684491976,72.92917166866746,61.83970856102001,76.2991535411979,63.331374853113985,75.97179788484137,67.21748036872654,83.63946739501536,67.47265576993978,81.14169841464913,64.19149524745846,77.99625778087423,64.43932419699894,71.76724303198228,0.7294911083830576,47.8723404255319,69.14893617021278,49.12280701754388,74.56140350877195,47.82608695652174,68.11594202898551,56.56565656565656,80.47138047138047,56.66666666666666,80.0,51.61071152638415,74.45953243587014,62.33766233766234,90.79102715466351,62.43315508021391,88.05704099821747,66.1654135338346,84.30451127819549,70.83333333333334,89.84375,79.83193277310924,96.42857142857142,68.3202994116307,89.88498017192958,59.965505469007425,82.17225630389987,0.6857912842088469
94.0,57.535563244905795,55.47866205305652,66.80515759312321,69.87106017191978,70.64137308039746,77.20566094549835,55.85011848341234,62.203791469194314,63.04621848739493,69.9579831932773,62.77568617784675,66.94343156658925,60.74293353705118,71.9551456946415,60.37822779384976,76.67416693453337,61.70387779083434,77.43595769682726,68.00443837487198,85.18607033117105,63.72741796730982,77.4118225390193,62.91137909278342,77.73263263923849,62.843532635315086,72.33803210291387,0.7150331492592235,47.8723404255319,68.08510638297874,49.12280701754388,74.56140350877195,47.82608695652174,68.11594202898551,56.56565656565656,80.47138047138047,56.66666666666666,80.83333333333333,51.61071152638415,74.41343314509,62.33766233766234,91.02715466351829,62.43315508021391,87.96791443850267,66.1654135338346,84.3984962406015,70.83333333333334,89.97395833333334,79.83193277310924,96.21848739495798,68.3202994116307,89.91720221418275,59.965505469007425,82.16531767963637,0.6818473430926363
95.0,51.46097654748175,51.40330642060745,54.161891117478525,61.432664756447,66.48599819331525,70.18970189701896,63.32938388625594,67.87618483412322,62.75210084033609,65.63025210084034,59.63807011697351,63.30642200180739,61.81245225362873,75.46382189239333,63.149041037179884,76.97203471552557,64.6886016451234,79.16098707403056,62.142369409354735,79.8463639467395,72.09352341157675,82.72704928106181,64.77719755137271,78.83405138195015,62.20763383417311,71.07023669187876,0.7232043018036161,47.8723404255319,68.08510638297874,49.12280701754388,74.56140350877195,50.0,66.66666666666667,51.010101010101,80.13468013468014,60.83333333333333,80.0,51.76771635730203,73.8895713386195,61.68831168831168,91.1452184179457,61.45276292335116,88.23529411764706,66.1654135338346,84.49248120300751,68.75000000000001,89.97395833333334,76.26050420168067,96.42857142857142,66.86339846943562,90.05510470010101,59.31555741336882,81.97233801936025,0.6866689858684997
96.0,68.9926951172626,69.47327950788159,57.58595988538681,64.16905444126074,72.8545618789521,68.89491117133393,62.811018957345986,63.99585308056872,65.73529411764703,66.890756302521,65.5959059913189,66.68477090071319,59.024064171122994,73.28385899814471,66.09021750776812,78.96067716704168,63.98354876615747,79.44770857814338,62.531580744281335,80.93547285763059,66.93498832493549,80.28143050264225,63.71287990285308,78.58182962072053,64.654392947086,72.63330026071685,0.7231623340707077,47.8723404255319,69.14893617021278,49.12280701754388,74.56140350877195,50.0,67.3913043478261,54.040404040404034,80.13468013468014,60.83333333333333,82.5,52.37377696336263,74.7472648322982,61.68831168831168,91.38134592680048,61.45276292335116,88.05704099821747,64.84962406015038,84.49248120300751,66.66666666666669,90.234375,73.31932773109243,96.63865546218486,65.59533861391446,90.16077971804206,58.98455778863855,82.45402227517013,0.6942291954999151
97.0,70.72279892349097,65.01345636293733,61.23209169054442,63.71060171919771,65.04065040650406,69.19602529358626,63.47748815165879,65.3436018957346,58.5504201680672,69.11764705882352,63.80468986805308,66.47626646605589,62.394957983193265,73.02193604714613,63.640844315868414,77.87849566055931,59.37132784958873,77.42890716803761,68.05735745988393,85.45578695800616,73.06439719798452,83.13260415386506,65.30577696130378,79.38354599752286,64.55523341467843,72.92990623178937,0.7047046095195676,47.8723404255319,68.08510638297874,49.12280701754388,73.24561403508771,50.0,66.66666666666667,54.040404040404034,80.13468013468014,60.83333333333333,83.33333333333334,52.37377696336263,74.29308011054931,62.33766233766234,91.61747343565526,62.43315508021391,87.96791443850267,64.84962406015038,84.68045112781954,66.66666666666669,90.234375,73.31932773109243,96.63865546218486,65.92128717515715,90.22777389283246,59.14753206925989,82.26042700169089,0.687147305790534
98.0,59.09265667051136,58.90042291426374,65.80229226361031,64.84240687679083,56.00722673893406,61.12616681722371,64.61048578199055,71.75651658767774,56.470588235294095,57.64705882352942,60.39664993806807,62.854514403897085,61.01986249045071,72.17887154861945,63.149041037179884,77.2506160934319,61.05757931844891,79.24324324324323,69.05599180607716,85.74598839194265,65.33120314612265,80.98807914464791,63.92273555965587,79.08135968437702,62.15969274886197,70.96793704413705,0.7210715514370911,47.8723404255319,68.08510638297874,49.12280701754388,72.36842105263158,50.0,66.66666666666667,54.040404040404034,79.7979797979798,60.83333333333333,80.83333333333333,52.37377696336263,73.55030144671801,61.68831168831168,91.61747343565526,62.43315508021391,88.05704099821747,64.84962406015038,84.86842105263158,66.66666666666669,90.234375,76.26050420168067,96.63865546218486,66.37965233940466,90.28319318973783,59.376714651383644,81.91674731822792,0.6812148628352075
99.0,46.77047289504038,45.751633986928105,64.44842406876792,72.13467048710602,66.66666666666666,71.1231556760012,69.06101895734601,72.70438388625593,61.44957983193273,60.88235294117648,61.67923248395074,64.51923939549354,61.72650878533232,69.19676961693769,63.96228436729881,77.38133504768028,65.82256169212692,81.41950646298473,68.36633663366338,81.47149197678388,64.10839375691288,79.55634754823646,64.79721704706685,77.8050901305246,63.2382247655088,71.16216476300907,0.7225222131495742,47.8723404255319,68.08510638297874,49.12280701754388,72.36842105263158,50.0,67.3913043478261,52.52525252525253,79.7979797979798,60.83333333333333,80.83333333333333,52.070746660332325,73.6952289829499,61.68831168831168,91.73553719008265,62.43315508021391,88.23529411764706,66.1654135338346,85.05639097744361,70.83333333333334,90.234375,76.26050420168067,96.63865546218486,67.47614356747484,90.38005054947163,59.77344511390358,82.03763976621076,0.678058494287837
100.0,74.54825067281816,66.55132641291812,60.22922636103153,60.959885386819494,71.0478771454381,74.70641373080397,60.34508293838865,61.404028436018955,65.9033613445378,67.31092436974791,66.41475969244286,66.18651566726169,60.656990068754766,74.65895449088727,66.57987785278043,78.9692489017465,65.06462984723855,79.09283196239718,70.08193922840562,83.56094230112666,66.05935848592848,80.10937692024088,65.68855909662157,79.2782709152797,66.05165939453221,72.7323932912707,0.711949794310302,47.8723404255319,68.08510638297874,49.12280701754388,71.05263157894738,50.0,66.66666666666666,51.010101010101,79.46127946127946,60.83333333333333,80.83333333333333,51.76771635730203,73.21980348464112,62.33766233766234,91.61747343565526,62.43315508021391,88.23529411764706,66.1654135338346,85.24436090225565,70.83333333333334,90.49479166666667,76.26050420168067,96.63865546218486,67.60601369734498,90.4461151168819,59.686865027323506,81.8329593007615,0.6703651355546845
101.0,72.47212610534412,68.01230296039984,68.73209169054442,71.34670487106017,66.12466124661245,75.8205359831376,65.41765402843605,72.97097156398105,66.59663865546217,72.47899159663865,67.86863434527984,72.12590139504347,61.18220015278838,74.81447124304268,65.27483124397298,76.98274938390657,65.61104582843717,80.2726204465335,71.46978490952544,83.95698190508706,71.31313751997051,84.89000860267912,66.97019993093889,80.18336631624979,67.41941713810937,76.15463385564664,0.6785299951261027,47.8723404255319,69.14893617021276,49.12280701754388,71.92982456140352,47.82608695652174,65.21739130434783,56.56565656565656,79.12457912457911,56.66666666666666,80.0,51.61071152638415,73.08414623210864,62.33766233766234,91.85360094451003,62.43315508021391,88.32442067736186,66.1654135338346,85.43233082706767,70.83333333333334,90.36458333333334,79.83193277310924,96.63865546218486,68.3202994116307,90.52271824889155,59.965505469007425,81.80343224050009,0.6629425480808017
102.0,63.26412918108421,63.82160707420223,65.80229226361031,63.825214899713465,66.93766937669375,67.7807889190003,60.10811611374409,67.9058056872038,71.61764705882354,77.6890756302521,65.54597079879117,68.20449844207437,59.58747135217723,73.47757284732074,66.25522340083573,78.84924461587914,67.00352526439485,82.6780258519389,67.42915670877434,79.829293274155,69.61410839375692,81.09868501904879,65.97789702398781,79.18656432166851,65.76193391138949,73.69553138187143,0.6972642246818573,47.8723404255319,68.08510638297874,49.12280701754388,70.6140350877193,50.0,66.66666666666666,52.52525252525253,79.12457912457911,60.83333333333333,81.66666666666667,52.070746660332325,73.23141078572209,62.98701298701298,91.97166469893743,62.43315508021391,88.41354723707666,66.1654135338346,85.71428571428572,70.83333333333334,90.75520833333334,76.26050420168067,96.84873949579831,67.73588382721509,90.7406890958863,59.903315243773704,81.9860499408042,0.670758501557395
103.0,50.057670126874285,54.094579008073815,54.59169054441261,56.56160458452722,62.14995483288165,64.82987052092743,60.4413507109005,64.4845971563981,54.180672268907536,61.63865546218488,56.28426769679531,60.32186134642228,63.86554621848739,72.4162392229619,64.78302796528446,78.88567448837459,69.88836662749709,83.7508813160987,70.28508023216116,84.27108228064186,62.65208307730122,80.9880791446479,66.29482082414627,80.06239129054498,61.28954426047079,70.19212631848363,0.7179253005688161,47.8723404255319,68.08510638297874,49.12280701754388,69.73684210526315,50.0,66.66666666666666,52.52525252525253,79.46127946127946,60.83333333333333,81.66666666666667,52.070746660332325,73.12331225657094,62.98701298701298,91.97166469893743,62.43315508021391,88.32442067736186,64.84962406015038,85.80827067669173,70.83333333333334,91.015625,74.78991596638656,96.84873949579831,67.17860828541943,90.79374410975787,59.624677472875874,81.9585281831644,0.6687346205317286
104.0,76.97039600153789,76.58592848904267,54.59169054441261,62.87965616045845,60.7497741644083,68.83468834688347,54.28761848341234,58.36789099526065,56.3865546218487,59.285714285714285,60.59720676312397,65.19077565547191,60.80022918258212,75.75302848412092,64.12407585985211,80.07500267866709,64.78848413631026,80.17156286721504,67.67668146124959,82.71765107545237,67.17770677153743,77.60845520462087,64.91343548230631,79.26514006201526,62.755321122715145,72.2279578587436,0.714505367738111,47.8723404255319,68.08510638297874,49.12280701754388,68.85964912280701,50.0,66.66666666666666,52.52525252525253,79.46127946127946,60.83333333333333,81.66666666666667,52.070746660332325,72.94787366007971,62.98701298701298,92.20779220779221,62.43315508021391,88.32442067736186,66.1654135338346,85.90225563909775,70.83333333333334,91.14583333333334,74.78991596638656,96.84873949579831,67.44176618015628,90.88580827067669,59.7562564202443,81.9168409653782,0.667272839614517
105.0,51.46097654748175,53.13341022683583,63.588825214899714,62.779369627507165,55.8717253839205,56.76001204456489,60.4413507109005,60.82642180094786,62.1848739495798,67.10084033613445,58.709550361356456,60.120010807198035,57.15240641711229,75.26465131507149,64.61480767170255,77.61062895103396,63.8660399529965,80.10575793184489,69.35643564356437,81.47490611130078,71.01818852156815,82.80693130146246,65.20157564138877,79.4525751221427,61.95556300137261,69.78629296467037,0.7232478200097078,47.8723404255319,68.08510638297874,49.12280701754388,66.66666666666667,50.0,65.21739130434783,51.010101010101,79.12457912457911,60.83333333333333,80.83333333333333,51.76771635730203,71.98541536238113,62.33766233766234,92.20779220779221,62.43315508021391,88.32442067736186,66.1654135338346,85.99624060150376,70.83333333333334,91.015625,76.26050420168067,96.84873949579831,67.60601369734498,90.87856359649123,59.686865027323506,81.43198947943618,0.6625031335115562
106.0,55.80545943867744,58.74663590926566,65.37249283667622,68.92550143266476,73.08039747064136,78.10900331225534,68.01688388625594,69.4164691943128,68.71848739495796,71.26050420168066,66.19874420544178,69.29162281003585,63.4453781512605,74.73534868492851,63.47690988963889,77.72206150219651,67.27967097532317,81.71092831962397,66.6865824513486,78.25879139638103,71.74634386137397,82.5734300110606,66.52697706578903,79.00011198283812,66.3628606356154,74.14586739643698,0.6839254783881582,47.8723404255319,68.08510638297874,49.12280701754388,67.10526315789474,50.0,65.21739130434783,56.56565656565656,78.78787878787878,56.66666666666666,80.83333333333333,52.0454941350798,72.00579459328668,62.33766233766234,92.20779220779221,63.41354723707665,88.41354723707666,66.1654135338346,85.99624060150376,70.83333333333334,91.015625,76.26050420168067,96.84873949579831,67.80209212871753,90.89638890843419,59.92379313189866,81.45109175086043,0.6578198198101722
107.0,58.400615148019995,61.591695501730094,62.52148997134671,66.53295128939828,64.67931345980126,70.4004817825956,59.730450236966846,67.01718009478672,65.73529411764703,64.87394957983193,62.21343258675637,66.08325164966853,60.76203208556149,74.1432936811088,63.14368370298937,76.33129754634095,70.42890716803764,82.82726204465337,69.65687948105156,82.05530897917377,69.41440334275532,79.10777927983287,66.68118115607908,78.89298830622195,64.44730687141772,72.48811997794525,0.7008223230765839,47.8723404255319,68.08510638297874,49.12280701754388,67.98245614035088,50.0,65.21739130434783,51.010101010101,79.46127946127946,60.83333333333333,81.66666666666667,51.76771635730203,72.48257999112471,62.98701298701298,92.20779220779221,62.43315508021391,88.41354723707666,66.1654135338346,86.1842105263158,70.83333333333334,91.796875,73.31932773109243,96.84873949579831,67.14764853309745,91.09023289339659,59.45768244519974,81.78640644226064,0.6581338453114323
108.0,56.15148019992311,49.51941560938101,66.58309455587393,70.84527220630373,62.782294489611544,68.2324601023788,68.77962085308059,73.00059241706161,54.222689075630214,59.11764705882353,61.703835834823884,64.14307747878973,60.95301757066461,77.36822001527884,65.10982535090537,78.43994428372442,64.03642773207993,79.85663924794359,65.2458176852168,80.38238306589281,72.14575396337717,84.61963868747695,65.49816846044878,80.13336506006331,63.601002147636336,72.13822126942652,0.6962410644982193,47.8723404255319,68.08510638297874,49.12280701754388,67.98245614035088,50.0,65.21739130434783,51.010101010101,79.7979797979798,60.83333333333333,81.66666666666667,51.76771635730203,72.54992005846478,62.98701298701298,92.3258559622196,62.43315508021391,88.32442067736186,64.3796992481203,86.1842105263158,69.27083333333334,91.92708333333334,71.8487394957983,96.84873949579831,66.18388802889577,91.1220619990058,58.9758021930989,81.8359910287353,0.6587528349369194
109.0,75.93233371780084,73.35640138408304,67.9512893982808,63.710601719197705,60.52393857271905,62.84251731406203,62.57405213270144,69.10545023696683,67.24789915966385,68.23529411764704,66.8459025962332,67.45005295439132,63.970588235294116,74.81719960711557,62.98296367727417,78.77852780456446,66.03407755581671,80.61574618096358,69.04745646978492,85.88255377261864,68.98119700135186,85.79943468108641,66.20325658790435,81.17869240926973,66.52457959206878,74.31437268183052,0.6891225673770128,47.8723404255319,69.14893617021278,49.12280701754388,68.42105263157896,50.0,65.94202898550725,52.52525252525253,79.7979797979798,60.83333333333333,81.66666666666667,52.070746660332325,72.99533285038909,62.98701298701298,92.08972845336483,62.43315508021391,88.32442067736186,66.1654135338346,86.2781954887218,70.83333333333334,91.796875,74.78991596638656,96.84873949579831,67.44176618015628,91.06759182304936,59.7562564202443,82.03146233671922,0.6598137200068442
110.0,52.49903883121877,57.554786620530564,63.588825214899714,71.10315186246419,60.117434507678404,62.90274013851249,64.09212085308059,69.5941943127962,62.962184873949546,67.22689075630251,60.651920856165404,65.6763527381212,55.71046600458365,73.59489250245554,65.43340833601196,79.61212900460731,68.70152761457112,81.87779083431256,66.8368043700922,81.66268350973029,65.57392159272459,80.12166646184097,64.4512255835967,79.37383246258933,62.55157321988105,72.52509260035526,0.6912352545056761,47.8723404255319,69.14893617021278,49.12280701754388,69.73684210526315,50.0,67.3913043478261,54.040404040404034,80.13468013468014,60.83333333333333,84.16666666666667,52.37377696336263,74.11568588492977,62.98701298701298,92.08972845336483,62.43315508021391,88.32442067736186,63.0639097744361,86.27819548872179,65.62500000000001,92.05729166666667,71.8487394957983,96.84873949579831,65.19156346749226,91.1196751563827,58.782670215427444,82.61768052065624,0.6651423105130366
111.0,45.38638985005768,56.32449058054594,56.0243553008596,59.12607449856733,63.41463414634146,66.66666666666667,68.68335308056874,69.72748815165876,68.71848739495799,69.70588235294117,60.44544395455709,64.31012045007597,63.51222307104659,76.3123431190658,65.9284260152148,77.82920818600665,69.29494712103408,81.57226792009399,66.1027654489587,83.12393308296346,66.83052722133465,82.13715128425709,66.33377777551776,80.1949807184774,63.389610865037426,72.25255058427669,0.7048327464741888,47.8723404255319,68.08510638297874,49.12280701754388,67.54385964912281,50.0,65.21739130434783,52.52525252525253,79.46127946127946,60.83333333333333,81.66666666666667,52.070746660332325,72.3948606928791,62.98701298701298,92.20779220779221,62.43315508021391,88.41354723707666,66.1654135338346,86.27819548872179,70.83333333333334,92.05729166666667,74.78991596638656,96.84873949579831,67.44176618015628,91.16111321921113,59.7562564202443,81.77798695604511,0.6561827813116242
112.0,54.74817377931566,56.8242983467897,64.16189111747852,64.64183381088824,65.8988256549232,73.50195724179464,60.87085308056874,70.61611374407583,63.52941176470585,70.12605042016807,61.84183107939839,67.1420507127433,59.95989304812833,71.76143184546547,63.30654666238079,78.8128147433837,70.43478260869566,81.88954171562868,69.44520314100377,83.37999317173096,68.7384785547499,86.16812092908934,66.3769808029917,80.40238048105964,64.10940594119504,73.77221559690148,0.687390467765542,47.8723404255319,68.08510638297874,49.12280701754388,65.78947368421053,50.0,64.4927536231884,52.52525252525253,78.78787878787878,60.83333333333333,81.66666666666667,52.070746660332325,71.76437582898463,62.33766233766234,92.20779220779221,61.45276292335116,88.59180035650624,66.1654135338346,86.27819548872179,70.83333333333334,91.92708333333334,76.26050420168067,96.84873949579831,67.40993526597242,91.17072217643037,59.74034096315238,81.4675490027075,0.6527486701034514
113.0,51.46097654748175,51.59554017685506,66.37535816618912,70.73065902578797,73.44173441734415,75.63986750978621,62.055687203791486,68.76481042654028,57.89915966386552,63.193277310924366,62.2465831997344,65.98483088997878,61.306340718105425,75.97948270217178,67.23561555769848,80.82074359798564,64.84136310223269,79.82843713278497,65.74940252645956,84.93342437692046,68.1485805579452,82.28462578345828,65.45626049248827,80.76934271866423,63.851421846111336,73.37708680432151,0.6873592311083662,47.8723404255319,68.08510638297874,49.12280701754388,65.78947368421053,50.0,64.4927536231884,52.52525252525253,79.12457912457911,60.83333333333333,81.66666666666667,52.070746660332325,71.8317158963247,62.33766233766234,92.20779220779221,62.43315508021391,88.41354723707666,66.1654135338346,86.37218045112782,70.83333333333334,92.1875,74.78991596638656,96.84873949579831,67.31189605028615,91.205951878359,59.69132135530924,81.51883388734186,0.652118176456951
114.0,63.610149942329876,63.7831603229527,68.810888252149,73.92550143266476,63.1887985546522,69.88858777476663,68.68335308056874,70.8234597156398,70.10504201680673,77.89915966386553,66.87964636930131,71.26397378197788,60.886172650878535,74.75444723343882,62.98403514411227,75.18268509589628,66.31609870740309,81.12808460634548,70.93035165585525,82.87128712871288,68.78149195035024,84.28782106427431,65.97963002171988,79.64486502573357,66.42963819551059,75.45441940385572,0.6732943849902446,47.8723404255319,68.08510638297874,49.12280701754388,67.54385964912282,50.0,65.21739130434783,52.52525252525253,79.46127946127946,60.83333333333333,81.66666666666667,52.070746660332325,72.3948606928791,62.33766233766234,92.20779220779221,62.43315508021391,88.50267379679144,66.1654135338346,86.2781954887218,70.83333333333334,92.1875,74.78991596638656,96.84873949579831,67.31189605028615,91.20498019782076,59.69132135530924,81.79992044534993,0.649756291988887
115.0,70.3767781622453,68.9350249903883,63.667621776504305,66.13180515759312,62.556458897922305,70.64137308039747,65.3213862559242,71.83056872037915,64.34873949579828,70.46218487394957,65.25419691767888,69.60019136454153,58.030939648586696,73.84317363308959,61.83327975999141,78.40351441122897,68.41950646298474,81.3090481786134,65.89962444520316,82.05189484465689,68.49576010814798,83.35996067346689,64.53582208498281,79.79351834821115,64.89500950133085,74.69685485637635,0.6902614358494326,47.8723404255319,68.08510638297874,49.12280701754388,66.2280701754386,50.0,63.76811594202898,52.52525252525253,78.78787878787878,60.83333333333333,81.66666666666667,52.070746660332325,71.70716759099835,62.33766233766234,92.20779220779221,62.43315508021391,88.41354723707666,66.1654135338346,86.2781954887218,70.83333333333334,92.1875,74.78991596638656,97.05882352941175,67.31189605028615,91.22917169260049,59.69132135530924,81.46816964179942,0.6488628269031838
116.0,61.88004613610152,60.20761245674742,72.80802292263611,78.29512893982807,65.2664859981933,74.85697079193014,64.94372037914692,68.4537914691943,62.962184873949546,66.34453781512606,65.57209206200547,69.6316082945652,61.76470588235294,74.8553967041362,64.94267652416156,77.69848923175829,67.27967097532316,79.76733254994124,71.97336975076819,84.27449641515875,69.70935234115768,85.0251935602802,67.13395509475271,80.32418169225494,66.3530235783791,74.97789499341008,0.6717137508906931,47.8723404255319,68.08510638297874,49.12280701754388,66.2280701754386,50.0,63.76811594202898,52.52525252525253,78.78787878787878,60.83333333333333,81.66666666666667,52.070746660332325,71.70716759099835,62.33766233766234,92.3258559622196,62.43315508021391,88.41354723707666,66.1654135338346,86.37218045112782,70.83333333333334,92.1875,74.78991596638656,97.05882352941175,67.31189605028615,91.27158143596716,59.69132135530924,81.48937451348276,0.6482651251683774
117.0,57.18954248366014,55.594002306805066,62.37822349570201,68.91117478510029,57.0460704607046,59.8313760915387,63.85515402843605,69.90521327014218,68.67647058823529,73.86554621848738,61.82909221134762,65.62146253441472,61.85064935064935,77.13903743315508,66.91096110575376,79.49212471873994,63.10223266745009,76.76380728554642,68.21611471491977,80.78866507340389,71.11343246896892,84.22022858547376,66.23867806154838,79.68077261926382,64.033885136448,72.65111757683927,0.6824204445849739,47.8723404255319,68.08510638297874,49.12280701754388,65.78947368421053,50.0,63.04347826086957,55.05050505050505,79.12457912457913,61.66666666666666,82.5,52.742463832049495,71.70852749052759,62.98701298701298,92.3258559622196,64.3939393939394,88.41354723707666,66.1654135338346,86.46616541353383,72.91666666666669,92.31770833333334,79.83193277310924,97.05882352941175,69.25899307091258,91.31642009511503,61.00072845148104,81.51247379282131,0.6412620145900698
118.0,58.74663590926568,64.9365628604383,71.1676217765043,73.30945558739256,72.6738934056007,73.08039747064137,67.12085308056874,76.39218009478672,64.26470588235293,67.89915966386555,66.79474201085847,71.12355113542489,62.41405653170359,75.05456728145803,62.33044037287044,75.95842708668167,65.38190364277324,79.32549941245594,74.18402185046092,87.69204506657562,71.9368317561755,83.62418581786899,67.24945083079673,80.33094493300804,67.02209642082761,75.72724803421647,0.6703944720356881,47.8723404255319,68.08510638297874,49.12280701754388,67.10526315789474,50.0,63.76811594202898,49.494949494949495,79.46127946127946,65.83333333333331,82.5,52.464686054271716,72.18395298883638,62.98701298701298,92.3258559622196,64.3939393939394,88.50267379679144,66.1654135338346,86.46616541353383,72.91666666666669,92.31770833333334,74.78991596638656,97.05882352941175,68.25058970956805,91.33424540705799,60.357637881919885,81.7590991979472,0.6417863495064449
119.0,64.6482122260669,65.66705113417916,63.01575931232092,65.31518624641835,62.78229448961156,69.55736224028907,70.71978672985784,80.15402843601895,62.87815126050417,74.49579831932773,64.80884080367227,71.03788527524665,64.6103896103896,80.25482920440903,66.74166934533375,79.00996464159434,70.53466509988252,81.67802585193891,71.32809832707409,82.40355069989758,68.72926139854984,81.92822907705542,68.38881675624596,81.05491989497907,66.59882877995912,76.04640258511286,0.6635228554936334,47.8723404255319,69.14893617021276,49.12280701754388,67.10526315789474,47.82608695652174,63.04347826086957,55.05050505050505,80.13468013468012,66.66666666666666,82.5,53.307681223353846,72.38647154473145,62.98701298701298,92.20779220779221,64.3939393939394,88.50267379679144,66.1654135338346,86.46616541353383,75.00000000000001,92.31770833333334,79.83193277310924,97.05882352941175,69.67565973757925,91.31063265617253,61.49167048046655,81.848552100452,0.6350328591374159
120.0,70.3767781622453,66.97424067666282,65.5300859598854,73.95415472779369,62.1951219512195,67.41945197229751,69.01658767772516,74.54087677725119,67.16386554621847,67.64705882352942,66.85648785945877,70.10715659550692,60.71428571428571,75.04638218923934,67.39633558341367,81.40147862423659,67.72032902467687,81.15863689776732,76.10276544895869,86.38443154660294,69.90905739215927,81.34447585105075,68.36855463269883,81.06708102177939,67.6125212460788,75.58711880864315,0.6660062943685193,47.8723404255319,68.08510638297874,49.12280701754388,69.2982456140351,50.0,66.66666666666666,49.494949494949495,81.14478114478115,60.83333333333333,85.83333333333334,51.464686054271716,74.205626628359,63.636363636363626,92.08972845336481,63.41354723707665,88.50267379679144,64.3796992481203,86.46616541353383,69.79166666666669,92.31770833333334,73.31932773109243,97.05882352941175,66.90812090386393,91.28701990528704,59.18640347906782,82.74632326682303,0.6413096147066667
121.0,67.24336793540947,71.81853133410227,63.03008595988538,73.69627507163324,58.6720867208672,61.939174947305034,70.2014218009479,72.40817535545023,62.142857142857125,71.21848739495799,64.25796391199341,70.21612882068976,60.38006111535523,74.38338971952417,65.27268831029677,79.38497803492982,68.47238542890719,81.51351351351352,69.931717309662,87.28917719358142,71.89381836057515,87.9746835443038,67.19013410495927,82.10914840117054,65.72404900847634,76.16263861093014,0.6579658759100069,47.8723404255319,69.14893617021276,49.12280701754388,69.2982456140351,50.0,66.66666666666666,49.494949494949495,81.4814814814815,65.83333333333331,85.83333333333334,52.464686054271716,74.48573265314587,63.636363636363626,92.08972845336481,64.3939393939394,88.50267379679144,64.3796992481203,86.46616541353383,69.79166666666669,92.31770833333334,76.890756302521,97.05882352941175,67.8184850495222,91.28701990528704,60.14158555189695,82.88637627921645,0.6387727833139987
122.0,58.573625528642836,60.89965397923876,74.8137535816619,78.69627507163324,62.3757904245709,57.813911472448055,67.55035545023699,74.79265402843602,62.878151260504175,71.76470588235294,65.23833524912337,68.79344008682179,61.62146676852559,73.94685146785987,68.21922211507551,82.13864780885031,70.58754406580496,82.97297297297298,70.09047456469786,83.19221577330147,71.21789357256975,85.29556347548237,68.34732021733473,81.5092502996934,66.79282773322905,75.1513451932576,0.66629222885289,47.8723404255319,69.14893617021276,49.12280701754388,70.6140350877193,50.0,68.11594202898551,51.01010101010102,82.15488215488216,60.83333333333333,87.5,51.76771635730203,75.50675908835994,63.636363636363626,92.20779220779221,63.41354723707665,88.68092691622103,65.69548872180452,86.46616541353383,69.79166666666669,92.44791666666667,75.42016806722688,97.05882352941175,67.59144686582768,91.3723249467251,59.679581611564856,83.43954201754252,0.6408357131575008
123.0,58.74663590926568,65.05190311418684,62.02722063037249,70.08595988538681,65.04065040650406,74.40529960855164,69.06101895734601,75.51836492890996,64.43277310924368,66.80672268907563,63.86165980254638,70.37365004522218,61.07715813598167,76.11862926988978,66.08914604093002,82.61009321761492,67.56169212690955,80.31257344300823,65.64356435643566,81.43735063161488,70.14255868256114,86.42005653189136,66.1028238685636,81.37974061880382,64.98224183555499,75.876695332013,0.6627255761803152,47.8723404255319,68.08510638297874,49.12280701754388,71.05263157894738,50.0,69.56521739130434,54.040404040404034,82.82828282828282,60.83333333333333,86.66666666666667,52.37377696336263,75.639580969636,62.98701298701298,92.08972845336481,63.41354723707665,88.77005347593582,64.3796992481203,86.56015037593986,66.14583333333334,92.31770833333334,75.42016806722688,97.05882352941175,66.46925217455403,91.35929283359714,59.42151456895833,83.49943690161658,0.6473642904985255
124.0,58.74663590926568,62.322183775470975,68.1733524355301,77.02005730659025,66.66666666666666,74.13429689852452,74.0817535545024,79.66528436018957,69.41176470588233,76.55462184873949,67.41603465436943,73.93928883790296,63.3594346829641,76.20048019207684,64.45837351333974,77.74777670631094,66.5334900117509,81.28084606345476,69.20621372482077,84.25742574257427,70.53275162836428,81.11097456064888,66.81805271224796,80.11950065301315,67.1170436833087,77.02939474545806,0.6635133845769429,47.8723404255319,68.08510638297874,49.12280701754388,70.17543859649122,50.0,69.56521739130434,51.01010101010102,81.81818181818181,60.83333333333333,86.66666666666667,51.76771635730203,75.26212217112456,63.636363636363626,92.08972845336481,63.41354723707665,88.68092691622103,65.69548872180452,86.56015037593986,67.70833333333334,92.31770833333334,75.42016806722688,97.05882352941175,67.174780199161,91.34146752165417,59.47124827823151,83.30179484638936,0.6414123449870994
125.0,41.041906958861986,49.673202614379086,63.667621776504305,70.05730659025788,65.2664859981933,70.0391448358928,74.22245260663509,80.24289099526067,67.24789915966385,70.84033613445378,62.289273299971704,68.17057623404884,62.45225362872422,77.56193386445487,62.65616629165326,79.15139826422373,69.1774383078731,82.79435957696828,69.94878798224651,85.58552406964834,70.43750768096349,85.6888288066855,66.93443077829212,82.15640891639615,64.61185203913192,75.16349257522249,0.6696655290345481,47.8723404255319,68.08510638297874,49.12280701754388,70.17543859649122,50.0,69.56521739130434,51.01010101010102,81.81818181818181,60.83333333333333,86.66666666666667,51.76771635730203,75.26212217112456,63.636363636363626,92.08972845336481,63.41354723707665,88.68092691622103,65.69548872180452,86.56015037593986,68.22916666666669,92.31770833333334,75.42016806722688,97.05882352941175,67.27894686582768,91.34146752165417,59.523331611564856,83.30179484638936,0.6391511409461816
126.0,52.67204921184162,56.97808535178777,69.3839541547278,74.8567335243553,59.93676603432699,63.474856970791926,64.18838862559245,70.97156398104265,70.84033613445378,76.38655462184875,63.40429883218852,68.53355888996528,65.07830404889229,77.42551566080978,65.9241401478624,80.60002142933675,64.3654524089307,82.02820211515865,68.32195288494367,83.41413451689996,72.5359469091803,86.43234607349146,67.24515927996188,81.98004395913931,65.3247290560752,75.2568014245523,0.6647717507569101,47.8723404255319,70.2127659574468,49.12280701754388,66.66666666666666,50.0,65.21739130434783,55.05050505050505,80.8080808080808,66.66666666666666,84.16666666666669,53.742463832049495,73.41431428064176,63.636363636363626,92.08972845336481,64.3939393939394,88.68092691622103,65.69548872180452,86.65413533834587,72.91666666666669,92.31770833333334,78.36134453781511,97.2689075630252,69.00076059131787,91.40228132085807,61.37161221168368,82.40829780074992,0.6301270304421166
127.0,70.89580930411381,70.01153402537486,61.23209169054441,72.50716332378224,69.73803071364046,70.91237579042456,63.04798578199055,72.1563981042654,62.92016806722687,67.98319327731093,65.56681711150323,70.7141329042316,60.6951871657754,73.73949579831933,64.12300439301403,78.7485267330976,68.74853113983552,82.95182138660401,70.443837487197,86.76340047797883,74.52070787759617,85.4000245790832,67.70625361268364,81.5206537950166,66.63653536209344,76.11739334962411,0.6614949812734303,47.8723404255319,69.14893617021276,49.12280701754388,67.54385964912281,50.0,69.56521739130436,51.01010101010102,82.49158249158249,60.83333333333333,87.5,51.76771635730203,75.24991914044449,63.636363636363626,92.20779220779221,64.3939393939394,88.85918003565062,65.69548872180452,86.65413533834587,69.79166666666669,92.44791666666667,75.42016806722688,97.2689075630252,67.78752529720023,91.48758636229613,59.77762082725113,83.36875275137031,0.634884821737214
128.0,76.97039600153786,71.16493656286043,77.3137535816619,84.25501432664757,69.7831978319783,73.14062029509184,60.063684834123244,64.82523696682465,66.47058823529409,74.6218487394958,70.12032409691908,73.60153137818406,62.203972498090145,78.1676306886391,65.43340833601198,77.67277402764385,69.39482961222093,82.43008225616921,74.63468760669171,87.50085353362923,75.05837532260047,86.48150423989186,69.34505467512305,82.45056894919466,69.73268938602106,78.02605016368936,0.6424741579779277,47.8723404255319,69.14893617021276,49.12280701754388,69.73684210526316,50.0,69.56521739130436,51.01010101010102,82.82828282828282,70.83333333333331,87.5,53.767716357302014,75.75585569901261,63.636363636363626,92.3258559622196,64.3939393939394,88.85918003565062,65.69548872180452,86.8421052631579,69.79166666666669,92.31770833333334,75.42016806722688,97.2689075630252,67.78752529720023,91.52275143147733,60.77762082725113,83.63930356524497,0.6327212157984828
129.0,72.27989234909651,69.62706651287965,67.52148997134671,72.43553008595988,55.55555555555555,65.55254441433304,61.20408767772513,70.43838862559242,62.26890756302517,71.72268907563026,63.765986623349804,69.95524374287906,62.939266615737196,79.2044090363418,63.47690988963889,76.02057216329155,69.28319623971801,82.69330199764981,70.62990781836805,85.85865483100034,71.26090696817009,85.20953668428167,67.51803750632645,81.79729494251305,65.64201206483813,75.87626934269605,0.6700530664162394,47.8723404255319,70.2127659574468,49.12280701754388,68.85964912280701,50.0,69.56521739130436,49.494949494949495,82.82828282828282,70.83333333333331,87.5,53.464686054271716,75.79318305996819,63.636363636363626,92.44391971664699,64.3939393939394,88.77005347593581,65.69548872180452,86.93609022556392,69.79166666666669,92.44791666666667,78.99159663865545,97.2689075630252,68.50181101148594,91.57337752956772,60.98324853287883,83.68328029476795,0.6287905025284642
130.0,65.16724336793541,73.01038062283737,63.30229226361032,64.35530085959886,65.04065040650406,70.4908160192713,61.248518957345986,68.57227488151658,59.93697478991593,67.22689075630252,62.93913595706234,68.73113262790532,60.04583651642474,75.63843719305903,62.33258330654664,78.27922425800922,69.45358401880144,82.80141010575792,74.52884943666783,86.12495732331854,73.79255253779034,84.83470566547868,68.0306811632462,81.53574690912468,65.48490856015427,75.133439768515,0.6668402704353993,47.8723404255319,70.2127659574468,49.12280701754388,70.17543859649123,50.0,69.56521739130436,49.494949494949495,82.82828282828282,70.83333333333331,87.5,53.464686054271716,76.05634095470505,64.28571428571428,92.3258559622196,64.3939393939394,88.77005347593581,65.69548872180452,86.93609022556392,69.79166666666669,92.44791666666667,78.99159663865545,97.2689075630252,68.63168114135607,91.54976477868225,61.04818359781389,83.80305286669365,0.6265437235548889
131.0,66.20530565167245,67.35870818915801,69.4484240687679,71.07449856733523,65.67299006323395,70.4908160192713,72.61552132701425,76.77725118483413,70.79831932773108,75.54621848739495,68.94811208768392,72.24949848959872,62.203972498090145,75.70118956673579,68.21922211507551,81.733633344048,72.05052878965925,82.24206815511162,72.55718675315809,82.0177534994879,74.27798943099424,85.4000245790832,69.86177991739545,81.4189338288933,69.40494600253969,76.83421615924601,0.6512986653031602,47.8723404255319,70.2127659574468,49.12280701754388,72.36842105263159,50.0,71.01449275362319,51.01010101010102,82.82828282828282,70.83333333333331,87.5,53.767716357302014,76.78479251839687,63.636363636363626,92.3258559622196,64.3939393939394,88.85918003565062,65.69548872180452,86.8421052631579,69.79166666666669,92.578125,78.99159663865545,97.47899159663865,68.50181101148594,91.61685157153336,61.134763684393974,84.20082204496512,0.6294468534912269
132.0,66.55132641291812,70.97270280661284,66.310888252149,71.2893982808023,65.85365853658534,72.47816922613671,60.25622037914693,68.54265402843602,59.32773109243694,71.1344537815126,63.65996493464727,70.8834756247001,62.203972498090145,75.06548073774965,64.62230793956924,79.61427193828351,69.3419506462985,82.4888366627497,71.28371457835439,85.93035165585525,75.24886321740199,87.18200811109746,68.54016177594285,82.05618982114711,66.10006335529506,76.4698327229236,0.6457902026094781,47.8723404255319,70.2127659574468,49.12280701754388,72.80701754385966,50.0,71.01449275362319,49.494949494949495,82.82828282828282,70.83333333333331,87.5,53.464686054271716,76.87251181664249,63.636363636363626,92.3258559622196,64.3939393939394,88.85918003565062,65.69548872180452,86.8421052631579,71.87500000000001,92.578125,78.99159663865545,97.2689075630252,68.9184776781526,91.57483476481067,61.19158186621216,84.22367329072658,0.6250659957858098
133.0,67.76239907727798,70.43444828911957,73.3166189111748,79.41260744985674,71.4092140921409,77.71755495332731,67.83175355450238,76.73281990521326,74.43277310924368,80.96638655462185,70.95055174886795,77.05276343042775,65.47937356760886,80.04474517079561,64.45623057966354,78.48280295724848,68.64277320799061,82.35252643948297,71.91191532946401,84.16524411061795,73.30711564458646,85.24640530908198,68.7594816658627,82.0583447974454,69.85501670736532,79.55555411393658,0.6381184818890715,47.8723404255319,70.2127659574468,49.12280701754388,72.80701754385966,50.0,71.01449275362319,49.494949494949495,82.82828282828282,70.83333333333331,87.5,53.464686054271716,76.87251181664249,63.636363636363626,92.3258559622196,64.3939393939394,88.85918003565062,65.69548872180452,86.93609022556392,69.79166666666669,92.578125,80.46218487394957,97.47899159663865,68.79592865854477,91.63564856401456,61.13030735640824,84.25408019032852,0.6264496975163673
134.0,55.613225682429835,59.092656670511346,58.094555873925515,62.06303724928366,62.962962962962955,70.70159590484792,63.99585308056873,70.91232227488152,67.20588235294116,72.39495798319328,61.57449599056564,67.03291401654356,64.71543162719632,78.7596856924588,65.26840244294436,78.74424086574521,69.55346650998827,82.94947121034077,74.13110276544897,88.06418572891772,71.16566302076934,87.5752734423006,68.96681327326945,83.21857138795262,65.27065463191755,75.12574270224809,0.665855704583885,47.8723404255319,70.2127659574468,49.12280701754388,74.56140350877195,50.0,72.46376811594203,51.01010101010102,83.83838383838383,65.83333333333331,88.33333333333334,52.767716357302014,77.88193095077558,63.636363636363626,92.3258559622196,63.41354723707665,88.85918003565062,65.69548872180452,86.8421052631579,69.79166666666669,92.578125,75.42016806722688,97.2689075630252,67.59144686582768,91.57483476481067,60.17958161156484,84.72838285779312,0.6309338569926316
135.0,55.78623606305268,63.7831603229527,78.4598853868195,80.55873925501432,68.29268292682926,74.16440831074978,68.92031990521329,74.45201421800948,72.3109243697479,77.81512605042018,68.75400973033251,74.15468963142929,62.97746371275783,78.34224598930481,68.86960248580306,80.96432015429122,69.01292596944772,82.13866039952997,74.13963810174124,88.04711505633323,69.80459628855846,86.74572938429397,68.96084531166166,83.24761419675063,68.85742752099708,78.70115191408996,0.6377002517590852,47.8723404255319,70.2127659574468,49.12280701754388,74.12280701754386,50.0,71.73913043478261,51.01010101010102,83.83838383838383,70.83333333333331,87.5,53.767716357302014,77.48261744963142,63.636363636363626,92.20779220779221,64.3939393939394,88.68092691622103,65.69548872180452,86.93609022556392,69.79166666666669,92.578125,75.42016806722688,97.47899159663865,67.78752529720023,91.57638518924315,60.77762082725113,84.52950131943729,0.6286761657215931
136.0,68.10841983852366,69.16570549788543,69.5272206303725,76.83381088825215,65.40198735320686,69.46702800361336,68.02428909952609,76.54028436018957,68.71848739495796,75.3361344537815,67.95608086331741,73.46859264074439,63.54087089381208,80.99967259631124,66.2466516661309,82.10864673738347,66.79788484136311,80.87661574618097,71.28371457835439,83.75213383407308,69.60489123755684,84.97603539387981,67.49480264344346,82.54262086156571,67.72544175338044,78.00560675115506,0.6546586898805623,47.8723404255319,71.27659574468085,49.12280701754388,73.6842105263158,50.0,71.01449275362319,49.494949494949495,82.82828282828282,70.83333333333331,87.5,53.464686054271716,77.26071637058052,64.28571428571428,92.20779220779221,64.3939393939394,88.77005347593582,65.69548872180452,86.8421052631579,71.87500000000001,92.578125,78.99159663865545,97.47899159663865,69.04834780802273,91.57541350870493,61.25651693114722,84.41806493964273,0.6225911990500783
137.0,55.09419454056134,60.32295271049597,72.0272206303725,74.61318051575931,72.99006323396566,79.28334838903943,66.74318720379149,70.80864928909952,69.32773109243698,74.95798319327731,67.2364793402256,71.9972228195343,61.13445378151259,73.94685146785986,66.41380049287473,81.40790742526521,68.68977673325502,81.3207990599295,72.6186411744623,87.46329805394333,72.52672975298023,86.92392773749539,68.27668038701697,82.21255674889866,67.75657986362128,77.10488978421648,0.642597357800343,47.8723404255319,71.27659574468085,49.12280701754388,74.56140350877193,50.0,71.01449275362319,51.01010101010102,83.83838383838383,70.83333333333331,87.5,53.767716357302014,77.63817516909197,63.636363636363626,92.3258559622196,64.3939393939394,88.68092691622103,67.01127819548873,86.74812030075188,69.79166666666669,92.578125,75.42016806722688,97.47899159663865,68.05068319193705,91.56240395516623,60.90919977461954,84.60028956212909,0.6256800425073344
138.0,51.61476355247983,58.439061899269504,70.38681948424069,75.20057306590257,58.852755194218595,65.46221017765733,69.11285545023699,73.88921800947867,66.55462184873949,71.30252100840336,63.304363105983114,68.85871683214228,61.97478991596639,75.76667030448543,66.91417550626807,81.05432336869174,70.04700352526443,84.95887191539366,75.61625128030045,85.58893820416525,74.9109008233993,87.72889271230183,69.89262421023973,83.01953930100758,66.59849365811142,75.93912806657494,0.6554478737445395,47.8723404255319,71.27659574468085,49.12280701754388,75.00000000000001,50.0,73.18840579710145,51.01010101010102,83.83838383838383,70.83333333333331,88.33333333333334,53.767716357302014,78.3273437426999,63.636363636363626,92.20779220779221,63.41354723707665,88.68092691622103,68.32706766917293,86.65413533834587,69.79166666666669,92.578125,75.42016806722688,97.47899159663865,68.11776265530135,91.51999421179954,60.94273950630168,84.92366897724972,0.6270295360312534
139.0,61.6878123798539,62.20684352172241,71.1031518624642,75.01432664756446,74.07407407407406,82.98705209274314,68.54265402843606,72.09715639810426,65.8613445378151,76.55462184873949,68.25380737652867,73.77200010177475,60.67608861726508,76.2987012987013,65.92092574734811,81.13575484838745,70.04112808460637,82.95652173913044,72.70740867190169,86.85216797541824,72.28401130637828,86.22342386628978,68.32591248549991,82.69331394558544,68.28985993101429,78.2326570236801,0.6352602920117355,47.8723404255319,71.27659574468085,49.12280701754388,70.17543859649122,50.0,71.01449275362319,55.05050505050505,82.82828282828282,66.66666666666666,87.5,53.742463832049495,76.55896198461562,64.28571428571428,92.3258559622196,64.3939393939394,88.77005347593582,65.69548872180452,86.65413533834587,73.43750000000001,92.578125,80.46218487394957,97.47899159663865,69.65496545508157,91.561432274628,61.69871464356553,84.06019712962181,0.6151079663363584
140.0,67.24336793540947,77.12418300653596,64.8137535816619,65.54441260744987,67.7055103884372,71.8458295694068,69.77191943127966,77.63625592417061,72.31092436974791,80.46218487394957,68.36909514130723,74.52257319630256,61.449579831932766,76.18683837171231,68.0499303546555,80.28501017893495,72.21504112808465,83.34900117508813,73.49436667804711,87.09115739160124,71.65109991397321,82.80693130146247,69.37200358133865,81.94378768375982,68.87054936132293,78.23318044003119,0.6369610499971675,47.8723404255319,71.27659574468085,49.12280701754388,74.12280701754386,50.0,72.46376811594203,49.494949494949495,82.82828282828282,70.83333333333331,87.5,53.464686054271716,77.63829074128992,64.28571428571428,92.3258559622196,64.3939393939394,88.68092691622103,65.69548872180452,86.65413533834587,71.87500000000001,92.578125,80.46218487394957,97.47899159663865,69.34246545508157,91.54360696268503,61.40357575467664,84.59094885198748,0.6174094046538803
141.0,76.27835447904651,76.6628219915417,70.9598853868195,72.02005730659026,69.3315266485998,74.43541102077688,68.30568720379149,75.65165876777252,68.63445378151259,75.46218487394958,70.70198149995397,74.8464267921262,61.822001527883884,73.43119065808142,65.6016286295939,78.01778634951249,70.58754406580496,83.01527614571094,75.819392284056,88.90064868555821,71.16566302076934,85.75642128548606,68.99924590562162,81.82426462486981,69.8506137027878,78.33534570849801,0.6366017086001877,47.8723404255319,71.27659574468085,49.12280701754388,77.19298245614036,50.0,73.91304347826086,51.01010101010102,83.83838383838383,70.83333333333331,88.33333333333334,53.767716357302014,78.91086777015985,63.636363636363626,92.3258559622196,64.3939393939394,88.59180035650624,67.01127819548873,86.65413533834587,69.79166666666669,92.578125,78.99159663865545,97.47899159663865,68.76496890622278,91.52578165074206,61.2663426317624,85.21832471045096,0.6228697472904036
142.0,67.07035755478664,75.08650519031141,63.68194842406877,73.73925501432664,71.7705510388437,75.63986750978621,71.5713862559242,76.00710900473935,61.53361344537812,69.28571428571429,67.12557134380029,73.95169020097558,62.203972498090145,77.91389282985921,66.41272902603662,80.21429336762027,66.52173913043478,82.63689776733256,71.42540116080575,85.13144417890064,71.40838146737127,85.78714513948631,67.59444465654772,82.33673465663979,67.360008000174,78.14421242880769,0.6423446089463907,47.8723404255319,71.27659574468085,49.12280701754388,77.63157894736842,50.0,73.91304347826086,51.01010101010102,83.83838383838383,70.83333333333331,88.33333333333334,53.767716357302014,78.99858706840546,63.636363636363626,92.3258559622196,63.41354723707665,88.59180035650624,65.69548872180452,86.65413533834587,69.79166666666669,92.578125,75.42016806722688,97.47899159663865,67.59144686582768,91.52578165074206,60.67958161156484,85.26218435957375,0.6234827856409074
143.0,80.25759323337178,77.89311803152631,68.03008595988538,70.55873925501433,70.73170731707314,77.47666365552544,67.92802132701425,80.6872037914692,63.61344537815125,73.57142857142858,70.11217064309918,76.03743066099278,59.8357524828113,75.86216304703699,68.87067395264114,82.74295510553948,65.710928319624,81.31139835487662,75.02389894161831,89.00648685558211,76.6621605014133,86.93007250829542,69.2206828396216,83.17061517426613,69.6664267413604,79.60402291762946,0.6228083826113103,47.8723404255319,72.34042553191489,49.12280701754388,75.87719298245614,50.0,75.36231884057972,49.494949494949495,83.83838383838383,70.83333333333331,88.33333333333334,53.464686054271716,79.15033090533359,64.28571428571428,92.3258559622196,64.3939393939394,88.59180035650624,68.32706766917293,86.65413533834587,71.87500000000001,92.578125,78.99159663865545,97.68907563025209,69.57466359749641,91.56779845746476,61.51967482588407,85.35906468139918,0.614573174696254
144.0,73.49096501345637,80.81507112648981,70.67335243553009,79.98567335243554,60.52393857271905,70.18970189701896,70.57908767772516,73.22274881516587,64.34873949579828,67.60504201680672,67.92321663904579,74.36364744158338,60.972116119174935,74.5525482920441,65.10982535090538,79.42355084110146,72.32079905992953,85.13983548766159,73.44998292932743,88.46705360191191,74.85867027159888,85.44303797468356,69.34227874618725,82.60520523948053,68.63274769261652,78.48442634053195,0.64008272990886,47.8723404255319,72.34042553191489,49.12280701754388,78.0701754385965,50.0,76.08695652173914,51.01010101010102,84.17508417508417,75.83333333333331,88.33333333333334,54.767716357302014,79.80119500013362,64.93506493506493,92.3258559622196,66.35472370766489,88.14616755793226,68.32706766917293,86.65413533834587,68.22916666666669,92.578125,77.52100840336134,97.68907563025209,69.07340627638617,91.47867189774998,61.920561316844086,85.6399334489418,0.6180713757756865
145.0,68.45444059976933,68.05074971164936,65.81661891117479,70.1432664756447,66.48599819331525,73.26106594399276,68.92031990521329,74.58530805687205,76.68067226890754,81.09243697478992,69.27160997567603,73.42656543258975,63.67456073338427,77.78293135435992,66.91096110575376,79.66998821386477,68.53113983548769,79.81198589894241,71.11642198702629,87.51792420621372,69.7615828929581,83.6610544426693,67.99893331092203,81.68877682321002,68.63527164329903,77.55767112789988,0.6465358144794799,47.8723404255319,72.34042553191489,49.12280701754388,78.0701754385965,50.0,76.08695652173914,51.01010101010102,83.83838383838383,75.83333333333331,89.16666666666667,54.767716357302014,79.9005215994602,64.93506493506493,92.3258559622196,65.37433155080215,88.23529411764706,69.64285714285715,86.65413533834587,71.87500000000001,92.578125,77.52100840336134,97.68907563025209,69.86965240641712,91.49649720969292,62.31868438185957,85.69850940457655,0.6143978690481272
146.0,67.4163783160323,79.20030757401,76.38968481375358,80.1432664756447,72.4028906955736,75.82053598313759,68.40195497630333,74.1558056872038,70.18907563025209,77.18487394957984,70.95999688638298,77.30095793391517,61.88884644766998,76.15682636691041,65.761277188471,77.70491803278688,71.46298472385432,85.08578143360751,75.72208945032436,85.38409013315125,70.92294457416739,84.26938675187417,69.1516284768974,81.72020054366604,70.05581268164019,79.5105792387906,0.6214808665200761,47.8723404255319,72.34042553191489,49.12280701754388,78.94736842105263,50.0,76.81159420289855,51.01010101010102,84.17508417508417,75.83333333333331,89.16666666666667,54.767716357302014,80.28822779952338,65.58441558441558,92.44391971664699,66.35472370766489,88.14616755793226,69.64285714285715,86.56015037593986,70.31250000000001,92.578125,77.52100840336134,97.68907563025209,69.8831009676598,91.48348765615424,62.32540866248091,85.88585772783881,0.6145178775601718
147.0,68.97347174163784,74.00999615532487,71.1676217765043,78.29512893982807,69.55736224028905,72.92984040951521,68.4463862559242,76.3329383886256,71.57563025210084,75.84033613445378,69.94409445329124,75.4816480055495,64.97326203208556,77.78293135435993,69.03460837887066,81.45290903246544,66.90951821386605,81.45945945945947,74.09525435302152,84.82417207237964,74.76342632419811,88.36794887550694,69.95521386040839,82.7774841588343,69.94965415684982,79.1295660821919,0.637255437505562,47.8723404255319,72.34042553191489,49.12280701754388,78.50877192982456,50.0,76.08695652173914,51.01010101010102,83.83838383838383,75.83333333333331,90.0,54.767716357302014,80.15490756437248,64.28571428571428,92.44391971664699,65.37433155080215,88.41354723707664,68.32706766917293,86.56015037593986,71.87500000000001,92.578125,78.99159663865545,97.68907563025209,69.77074202886897,91.53696359198311,62.26922919308549,85.8459355781778,0.6138371956769231
148.0,58.381391772395254,58.400615148019995,78.3166189111748,81.47564469914039,70.55103884372176,75.57964468533574,68.97215639810429,76.52547393364928,69.41176470588233,72.01680672268908,69.1265941262557,72.79963703776689,64.88731856378917,75.65207901342355,66.57666345226613,81.54934104789456,68.04347826086959,81.30669800235017,72.55718675315809,85.88596790713554,76.02924910900825,89.01929458031215,69.61877922781825,82.68267611022318,69.37268667703697,77.74115657399503,0.644704700894286,47.8723404255319,72.34042553191489,49.12280701754388,79.82456140350878,50.0,77.53623188405797,56.56565656565656,84.17508417508417,75.83333333333331,90.0,55.87882746841312,80.77526059891315,65.58441558441558,92.44391971664699,67.33511586452762,88.05704099821746,68.32706766917293,86.56015037593986,70.31250000000001,92.578125,77.52100840336134,97.68907563025209,69.81602150429549,91.46566234421127,62.847424486354306,86.12046147156221,0.6151258704269376
149.0,79.21953094963476,79.54632833525567,76.24641833810888,83.0945558739255,68.11201445347785,78.1692261367058,64.32908767772514,74.1409952606635,67.98319327731092,72.39495798319328,71.17804893925151,77.46921271794875,64.53399541634836,79.24260613336244,64.45730204650162,80.00857173470482,71.0810810810811,84.8084606345476,74.93513144417892,87.34038921133492,75.35332432100283,84.84085043627873,70.07216686182257,83.24817563004571,70.62510790053705,80.35869417399724,0.617740064668209,47.8723404255319,72.34042553191489,49.12280701754388,78.94736842105263,50.0,76.81159420289855,51.01010101010102,83.83838383838383,75.83333333333331,90.0,54.767716357302014,80.38755439884997,65.58441558441558,92.44391971664699,65.37433155080215,88.32442067736184,68.32706766917293,86.56015037593986,71.87500000000001,92.578125,77.52100840336134,97.68907563025209,69.73636464155041,91.51913828004015,62.252040499426215,85.95334633944506,0.6128882620518654
150.0,75.56708958093043,81.73779315647828,74.60601719197709,76.59025787965616,64.0018066847335,70.70159590484792,66.36552132701425,73.4745260663507,70.18907563025209,78.8655462184874,70.14590208298148,76.2739438451641,62.62414056531702,78.11852013532685,68.21493624772312,83.39654987678131,69.2949471210341,82.9283196239718,73.93649709798568,88.60703311710482,73.15964114538528,88.45397566670763,69.44603243548904,84.30087968397848,69.79596725923525,80.28741176457129,0.6243399377671531,47.8723404255319,72.34042553191489,49.12280701754388,79.82456140350878,50.0,78.26086956521739,51.01010101010102,83.5016835016835,75.83333333333331,90.0,54.767716357302014,80.7855080004649,65.58441558441558,92.44391971664699,65.37433155080215,88.14616755793226,72.27443609022558,86.56015037593986,71.87500000000001,92.578125,77.52100840336134,97.68907563025209,70.52583832576093,91.48348765615424,62.646777341531475,86.13449782830958,0.6097856112986297
151.0,78.70049980776625,84.46751249519416,68.0300859598854,76.37535816618912,56.187895212285454,68.5034628124059,67.0764218009479,73.2968009478673,67.98319327731093,76.09243697478992,67.59561921163919,75.74711427928926,61.25859434682964,76.72432609407399,65.9273545483767,81.73791921140041,72.21504112808462,84.03525264394828,75.36872652782522,88.53192215773302,73.94002703699154,87.45852279709968,69.74194871762154,83.69758858085109,68.66878396463036,79.72235143007018,0.6191868801031577,47.8723404255319,72.34042553191489,49.12280701754388,79.82456140350878,50.0,78.26086956521739,49.494949494949495,83.5016835016835,75.83333333333331,90.0,54.464686054271716,80.7855080004649,65.58441558441558,92.44391971664699,66.35472370766489,88.05704099821746,72.27443609022558,86.56015037593986,71.87500000000001,92.578125,77.52100840336134,97.68907563025209,70.72191675713349,91.46566234421127,62.593301405702604,86.12558517233808,0.60743993515125
152.0,67.58938869665513,72.24144559784699,75.46561604584528,81.432664756447,72.4028906955736,75.3688647997591,69.5867890995261,74.39277251184834,70.88235294117646,74.91596638655463,71.18540749575531,75.6703428104912,62.55729564553093,77.92207792207792,65.43555126968819,81.03075109825352,71.45710928319626,83.70387779083433,75.3243427791055,90.1946056674633,76.80963500061449,88.41096227110728,70.31678679562707,84.25245494994726,70.75109714569119,79.96139888021924,0.6248650552770101,47.8723404255319,72.34042553191489,49.12280701754388,78.94736842105263,50.0,76.81159420289855,51.01010101010102,83.5016835016835,75.83333333333331,90.0,54.767716357302014,80.3202143315099,64.93506493506493,92.44391971664699,65.37433155080215,88.23529411764706,69.64285714285714,86.56015037593986,71.87500000000001,92.578125,78.99159663865545,97.68907563025209,70.16377005347593,91.50131296809721,62.465743205388975,85.91076364980356,0.6084062108432152
153.0,62.37985390234526,75.35563244905805,67.10601719197707,74.42693409742121,70.32520325203251,78.22944896115628,66.55805687203792,70.77902843601895,73.04621848739497,79.15966386554622,67.88306994115756,75.59014156184014,62.8724216959511,74.53072137946087,66.09128897460623,79.57784206578806,71.93889541715632,85.69447708578144,71.4783202458177,83.74189143052236,75.20584982180165,85.28327393388227,69.5173552310666,81.765641179087,68.70021258611209,78.67789137046357,0.6295997696779863,47.8723404255319,71.27659574468085,49.12280701754388,80.26315789473685,50.0,78.98550724637681,53.535353535353536,84.17508417508417,75.83333333333331,90.0,55.272766862352526,80.94006901217574,66.88311688311687,92.44391971664699,66.35472370766489,87.96791443850267,72.27443609022558,86.65413533834587,71.87500000000001,92.70833333333334,77.52100840336134,97.68907563025209,70.98165701687374,91.49267569141621,63.12721193961313,86.21637235179597,0.6055833334927009
154.0,69.3194925028835,79.77700884275278,66.53295128939828,70.93123209169056,72.17705510388436,76.12165010538993,74.51125592417064,78.68779620853081,68.67647058823529,78.0672268907563,70.24344508171443,76.71698282782407,62.499999999999986,78.94794281348902,68.0520732883317,81.97364191578271,67.82021151586372,78.42303172737955,73.83919426425403,85.95766473199043,76.41944205481136,87.2373110482979,69.72618422465216,82.50791844738792,69.98481465318329,79.612450637606,0.6358823790305296,47.8723404255319,72.34042553191489,49.12280701754388,80.26315789473685,50.0,78.98550724637681,56.56565656565656,84.17508417508417,75.83333333333331,90.0,55.87882746841312,81.15283496962255,66.88311688311687,92.44391971664699,66.35472370766489,87.96791443850267,70.95864661654136,86.56015037593986,71.87500000000001,92.578125,77.52100840336134,97.68907563025209,70.71849912213689,91.44783703226832,63.298663295275006,86.30033600094544,0.6094739778954135
155.0,67.76239907727798,76.43214148404459,75.53008595988541,82.77936962750717,71.36404697380304,78.68112014453477,77.77695497630334,83.97511848341233,68.76050420168066,77.31092436974791,72.23879823779008,79.83573482184936,61.09625668449197,75.5784131834552,67.07060966463085,80.6300225008036,70.96357226792011,82.37367802585194,73.79481051553432,84.80710139979516,70.77547007496621,82.94211625906354,68.7401438415087,81.26626627379389,70.48947103964939,80.55100054782162,0.6214110656077084,47.8723404255319,72.34042553191489,49.12280701754388,80.26315789473685,50.0,77.53623188405797,53.535353535353536,83.5016835016835,80.83333333333333,90.83333333333333,56.272766862352526,80.8949664291453,66.23376623376622,92.56198347107438,65.37433155080215,88.23529411764706,69.64285714285714,86.65413533834587,71.87500000000001,92.578125,84.03361344537815,97.68907563025209,71.43191367456073,91.54372271146387,63.85234026845663,86.21934457030459,0.5993203619889811
156.0,63.0718954248366,69.97308727412533,76.10315186246419,81.47564469914039,70.55103884372176,78.86178861788619,69.11285545023699,75.11848341232228,61.40756302521005,72.39495798319328,68.0493009212939,75.56479239733349,62.22307104660045,76.32598493943031,66.58094931961854,80.56359155684132,68.68390129259696,80.7614571092832,71.9733697507682,86.08057357459884,73.01216664618411,85.01904878948015,68.49469161115364,81.75013119392676,68.27199626622377,78.65746179563013,0.632128830996949,47.8723404255319,72.34042553191489,49.12280701754388,80.26315789473685,50.0,78.26086956521739,53.535353535353536,83.5016835016835,80.83333333333333,90.83333333333333,56.272766862352526,81.03989396537719,66.23376623376622,92.56198347107438,65.37433155080215,88.32442067736184,69.64285714285714,86.65413533834587,71.87500000000001,92.578125,84.03361344537815,97.68907563025209,71.43191367456073,91.56154802340684,63.85234026845663,86.30072099439201,0.5980612168090933
157.0,77.29719338715879,81.73779315647826,70.60888252148997,80.83094555873926,72.80939476061425,82.65582655826557,70.67535545023699,78.36196682464454,71.61764705882354,77.22689075630252,72.6016946356647,80.16268457088603,61.11535523300229,76.50605696824184,67.8913532626165,80.7950283938712,68.41950646298474,81.2643948296122,76.3588255377262,87.62034824172072,72.17955020277743,84.02359591987219,69.19291813982144,82.04188487066364,70.89730638774307,81.10228472077483,0.6147718378462562,47.8723404255319,70.2127659574468,49.12280701754388,81.14035087719299,50.0,79.71014492753623,70.2020202020202,83.5016835016835,85.83333333333333,90.83333333333333,60.60610019568586,81.07965571943856,66.88311688311687,92.44391971664699,66.35472370766489,88.05704099821746,72.27443609022558,86.65413533834587,71.87500000000001,92.578125,84.66386554621849,97.68907563025209,72.41022844544516,91.48445933669248,66.50816432056551,86.28205752806552,0.5936974272028325
158.0,74.18300653594773,85.19800076893502,77.82234957020059,84.15472779369628,74.43541102077687,79.37368262571513,72.47482227488153,76.64395734597156,68.67647058823529,76.80672268907564,73.51841199800842,80.43541824467873,62.834224598930476,77.1554076175925,67.56455587699558,80.98789242472945,72.37955346651002,82.85076380728556,76.4475930351656,86.42540116080572,68.3482856089468,82.32763917905862,69.51484251730969,81.94942083789438,71.51662725765905,81.19241954128655,0.6205273399970979,47.8723404255319,70.2127659574468,49.12280701754388,82.45614035087719,50.0,79.71014492753623,64.64646464646464,84.17508417508417,85.83333333333333,90.83333333333333,59.494989084574755,81.47749374885555,67.53246753246752,92.44391971664699,66.35472370766489,88.05704099821746,72.27443609022558,86.65413533834587,71.87500000000001,92.96875,84.66386554621849,97.89915966386555,72.5400985753153,91.60460114341517,66.01754382994503,86.54104744613537,0.5956753624857489
159.0,65.66705113417918,75.81699346405229,74.3839541547278,80.65902578796562,68.92502258355916,70.8521529659741,70.43838862559245,78.99881516587678,67.20588235294116,78.31932773109243,69.32405977019995,76.92926302299223,63.693659281894575,80.69682418421914,69.04103717989926,79.90785385192329,70.74618096357229,84.10340775558167,77.84397405257768,89.26937521338341,75.89099176600715,87.80877473270247,71.44316864879019,84.35724714756199,70.38361420949508,80.6432550852771,0.6082529481520416,47.8723404255319,70.2127659574468,49.12280701754388,81.57894736842107,50.0,79.71014492753623,64.64646464646464,83.5016835016835,85.83333333333333,90.83333333333333,59.494989084574755,81.16737501768418,66.88311688311687,92.44391971664699,66.35472370766489,88.32442067736184,72.27443609022558,86.65413533834587,71.87500000000001,92.70833333333334,84.66386554621849,97.89915966386555,72.41022844544516,91.60599374591071,65.95260876500996,86.38668438179744,0.5942578417173
160.0,69.83852364475202,82.81430219146482,73.96848137535818,80.1862464183381,74.6612466124661,79.22312556458898,67.59478672985784,75.07405213270142,70.88235294117648,76.84873949579833,71.38907826072212,78.82929316057833,62.20397249809013,77.19087635054022,67.56562734383368,80.45644487303119,71.62749706227969,84.10105757931845,74.28132468419258,86.77364288152954,72.82167875138259,85.10507558068085,69.70002006795573,82.72541945302005,70.54454916433892,80.77735630679919,0.6121941694038542,47.8723404255319,70.2127659574468,47.3684210526316,81.14035087719299,47.82608695652174,81.15942028985508,70.2020202020202,83.83838383838383,86.66666666666667,90.83333333333333,59.98710706067443,81.43685085924241,66.88311688311687,92.44391971664699,66.35472370766489,88.23529411764706,69.64285714285714,86.65413533834587,71.87500000000001,92.70833333333334,91.17647058823529,98.10924369747899,73.18643366437485,91.63018524069045,66.58677036252465,86.53351804996643,0.586365096034407
161.0,75.9131103421761,85.00576701268743,76.67621776504299,82.75071633237822,71.7705510388437,79.94579945799458,71.52695497630334,75.97748815165876,64.30672268907561,72.6470588235294,72.03871136228835,79.26536595564968,63.254392666157365,77.55102040816327,70.50680381442193,82.5222329368906,72.49118683901294,81.96709753231492,75.42164561283717,89.14305223625811,78.26594568022614,88.01769693990414,71.9879949225311,83.8402200107062,72.01335314240973,81.55279298317794,0.6036910140282744,47.8723404255319,70.2127659574468,49.12280701754388,81.57894736842107,50.0,81.88405797101449,70.2020202020202,84.17508417508417,85.83333333333333,91.66666666666667,60.60610019568586,81.90350442772665,67.53246753246752,92.44391971664699,66.35472370766489,88.14616755793226,72.27443609022558,86.74812030075188,71.87500000000001,92.70833333333334,84.66386554621849,98.10924369747899,72.5400985753153,91.6311569212287,66.57309938550058,86.76733067447768,0.5898974054476481
162.0,75.9131103421761,84.50595924644368,67.39255014326648,74.18338108882521,74.07407407407406,82.47515808491418,72.23785545023699,73.87440758293839,69.41176470588233,72.94117647058825,71.80587094312719,77.59601649474193,61.65966386554622,76.83346065699007,68.37779920711452,81.08218150648237,69.67097532314925,84.05170387779084,77.5435302150905,86.41515875725504,73.35934619638688,86.50608332309206,70.12226296145747,82.97771762432208,70.96406695229233,80.286867059532,0.6209433633388431,47.8723404255319,70.2127659574468,49.12280701754388,83.33333333333334,50.0,81.88405797101449,55.05050505050505,84.84848484848484,80.83333333333333,90.83333333333333,56.57579716538284,82.22239508872256,67.53246753246752,92.56198347107437,67.33511586452762,87.96791443850267,70.95864661654136,86.65413533834587,70.31250000000001,93.09895833333334,81.09243697478993,98.10924369747899,71.44623339766528,91.67844705574706,64.01101528152407,86.9504210722348,0.597003091734495
163.0,70.70357554786622,77.58554402153017,72.53581661891117,77.3352435530086,68.69918699186991,82.41493526046372,70.8160545023697,72.77843601895735,76.80672268907563,82.81512605042018,71.91227127001852,78.585856980876,60.50420168067227,72.74909963985594,70.0171434694096,83.3065466623808,72.00352526439485,84.47238542890717,73.89211334926597,86.34346193240013,73.6973085903896,87.37864077669903,70.02285847082645,82.85002688804862,70.96756487042248,80.71794193446232,0.6059896669534953,47.8723404255319,71.27659574468085,48.24561403508774,82.89473684210526,50.0,82.6086956521739,75.75757575757575,84.17508417508417,90.83333333333336,91.66666666666667,62.54177271030575,82.52435581614216,67.53246753246752,92.56198347107437,67.33511586452762,88.05704099821746,72.27443609022558,86.74812030075188,71.87500000000001,92.96875000000001,88.23529411764707,98.10924369747899,73.45046272097356,91.68902769350454,67.99611771563966,87.10669175482334,0.5845611627541818
164.0,81.81468665897734,88.58131487889274,69.74928366762178,75.18624641833811,67.88617886178861,78.38000602228243,71.52695497630333,79.53199052132702,68.10924369747899,72.47899159663865,71.81726957243401,78.83170988749579,61.6405653170359,75.09822110662446,68.87067395264114,84.30301082181508,73.02585193889544,84.38542890716803,74.13110276544897,87.18675315807442,70.19478923436155,78.94187046823154,69.5725966416766,81.9830568923827,70.6949331070553,80.40738338993924,0.6273449739861162,47.8723404255319,70.2127659574468,49.12280701754388,83.33333333333334,50.0,82.6086956521739,59.09090909090909,84.84848484848484,85.83333333333333,91.66666666666667,58.38387797346364,82.53398929162111,67.53246753246752,92.44391971664699,66.35472370766489,88.05704099821746,72.27443609022558,86.74812030075188,71.87500000000001,92.96875000000001,84.66386554621849,98.10924369747899,72.5400985753153,91.66541494261905,65.46198827438947,87.09970211712007,0.5905660017391626
165.0,60.11149557862361,71.31872356785851,69.17621776504299,80.44412607449857,81.39114724480577,83.89039445950016,72.51925355450238,74.54087677725119,75.90336134453781,82.39495798319328,71.82029509750251,78.51781577246034,62.18487394957983,76.7352395503656,69.03889424622307,81.62862959391407,69.45358401880144,81.78143360752055,73.65312393308298,86.91020826220553,75.78653066240629,85.65810495268526,70.02340136201873,82.5427231933382,70.92184822976063,80.53026948289927,0.609915976383743,47.8723404255319,70.2127659574468,49.12280701754388,82.89473684210526,50.0,81.88405797101449,59.09090909090909,84.17508417508417,85.83333333333333,91.66666666666667,58.38387797346364,82.16666232246348,67.53246753246752,92.3258559622196,66.35472370766489,88.05704099821746,72.27443609022558,86.84210526315789,71.87500000000001,92.96875000000001,84.66386554621849,98.10924369747899,72.5400985753153,91.66059918421479,65.46198827438947,86.91363075333913,0.5885808590089034
166.0,81.6416762783545,87.46635909265666,68.25214899713467,77.60744985673352,77.32610659439926,86.1788617886179,67.92802132701425,75.14810426540284,67.4159663865546,69.62184873949579,72.51278391669146,79.20452474858135,64.21886936592819,78.96704136199935,65.76234865530908,79.80499303546556,72.22679200940073,84.89541715628673,71.4168658245135,85.52406964834415,78.41342017942732,87.49539142189997,70.40765920691577,83.33738252479915,71.46022156180362,81.27095363669025,0.6102985633937831,47.8723404255319,70.2127659574468,49.12280701754388,82.89473684210526,50.0,83.33333333333334,64.64646464646465,84.51178451178451,85.83333333333333,91.66666666666667,59.494989084574755,82.52385746226733,67.53246753246752,92.44391971664699,66.35472370766489,88.14616755793226,72.27443609022558,86.84210526315789,71.87500000000001,92.96875000000001,84.66386554621849,98.10924369747899,72.5400985753153,91.70203724704322,66.01754382994503,87.11294735465528,0.5876129803253839
167.0,81.6416762783545,90.6958861976163,69.60601719197709,74.31232091690543,72.80939476061427,77.6272207166516,70.34212085308059,77.16232227488152,66.51260504201679,75.46218487394958,72.18236282520864,79.05198699600089,63.903743315508024,78.0448543053585,73.28833172613305,84.0865745205186,69.40070505287899,82.71915393654524,73.05223625810858,86.87265278251962,78.41342017942732,89.48015239031582,71.6116873064112,84.24067758705156,71.89702506580991,81.64633229152622,0.6002539276029569,47.8723404255319,70.2127659574468,49.12280701754388,83.33333333333334,50.0,83.33333333333334,59.09090909090909,84.84848484848484,85.83333333333333,91.66666666666667,58.38387797346364,82.678916827853,67.53246753246752,92.44391971664699,66.35472370766489,88.05704099821746,72.27443609022558,86.74812030075188,71.87500000000001,92.96875000000001,84.66386554621849,98.10924369747899,72.5400985753153,91.66541494261905,65.46198827438947,87.17216588523603,0.5870255880292344
168.0,64.80199923106498,77.39331026528258,72.96561604584528,76.14613180515761,70.1445347786811,76.12165010538993,72.3785545023697,77.02902843601895,66.51260504201679,76.21848739495799,69.36066191999556,76.58172160136141,64.69633307868602,78.82516643020845,65.43983713704058,79.73427622415086,70.1057579318449,82.9659224441833,73.00785250938888,86.85216797541823,74.52070787759617,87.91938060710336,69.55409770691132,83.25938273621284,69.45737981345344,79.92055216878713,0.6175995572480378,47.8723404255319,71.27659574468085,48.24561403508774,82.89473684210526,50.0,82.6086956521739,75.75757575757575,84.51178451178451,85.83333333333333,91.66666666666667,61.54177271030575,82.59169588348223,67.53246753246752,92.44391971664699,67.33511586452762,88.05704099821746,72.27443609022558,86.84210526315789,71.87500000000001,92.96875000000001,88.23529411764707,98.10924369747899,73.45046272097356,91.68421193510025,67.49611771563966,87.13795390929124,0.5826736475533404
169.0,77.47020376778163,83.27566320645904,67.24928366762178,79.71346704871061,75.02258355916891,84.22161999397771,76.64395734597159,80.89454976303317,75.21008403361346,80.4201680672269,74.31922247483148,81.70509361588148,62.309014514896866,78.8988322601768,67.39847851708987,82.41722918675667,71.35135135135137,83.46650998824911,74.43154660293617,88.29293274155002,72.62197370038098,84.51517758387611,69.62247293733105,83.51813635212174,71.97084770608126,82.61161498400162,0.5951259879593138,47.8723404255319,70.2127659574468,49.12280701754388,83.33333333333334,50.0,83.33333333333334,66.16161616161617,84.84848484848484,85.83333333333333,91.66666666666667,59.79801938760505,82.678916827853,67.53246753246752,92.44391971664699,66.35472370766489,88.05704099821746,72.27443609022558,86.74812030075188,71.87500000000001,92.96875000000001,84.66386554621849,98.10924369747899,72.5400985753153,91.66541494261905,66.16905898146018,87.17216588523603,0.5862841737118353
170.0,77.81622452902731,86.15916955017302,74.68481375358166,78.95415472779369,70.1445347786811,79.58446251129178,72.23785545023699,78.98400473933648,73.8655462184874,82.77310924369749,73.7497949460029,81.2909801544585,66.50114591291062,79.40085124959076,69.03460837887066,82.22007928854603,71.29259694477088,84.32432432432432,75.22703994537385,85.89962444520314,74.52070787759617,84.92073245667936,71.31521981190443,83.35312235286872,72.53250737895365,82.3220512536636,0.6008119021000423,47.8723404255319,70.2127659574468,49.12280701754388,83.33333333333334,58.333333333333336,83.33333333333334,60.60606060606061,85.18518518518519,85.83333333333333,91.66666666666667,60.35357494316061,82.74625689519307,67.53246753246752,92.44391971664699,66.35472370766489,87.96791443850267,70.95864661654136,86.65413533834587,71.87500000000001,93.09895833333334,84.66386554621849,98.10924369747899,72.27694068057845,91.65483430486158,66.31525781186953,87.20054560002733,0.5860162473275518
171.0,77.81622452902731,80.27681660899654,71.46848137535818,79.19770773638967,70.91237579042456,80.24691358024691,69.72748815165879,78.99881516587678,73.73949579831933,82.05882352941177,72.73281312895763,80.15581532418433,65.1642475171887,75.1418749317909,66.58202078645662,80.37929926068787,69.61809635722682,84.73325499412456,76.41174462273814,89.72686923864799,72.04129285977633,85.47990659948384,69.96348042867731,83.09224100494704,71.34814677881747,81.62402816456569,0.6086743149933858,47.8723404255319,70.2127659574468,49.12280701754388,83.77192982456141,58.333333333333336,82.60869565217392,60.60606060606061,85.18518518518519,80.83333333333333,91.66666666666667,59.35357494316061,82.6890486572068,67.53246753246752,92.44391971664699,66.35472370766489,87.87878787878788,70.95864661654136,86.65413533834587,71.87500000000001,93.09895833333334,84.66386554621849,98.10924369747899,72.27694068057845,91.63700899291862,65.81525781186953,87.16302882506271,0.5880833445018288
172.0,68.0891964628989,74.43291041906959,78.47421203438397,82.59312320916905,70.91237579042455,79.19301415236374,69.82375592417065,78.18424170616115,70.92436974789916,81.42857142857143,71.64478199195545,79.16637218306698,63.83689839572192,78.6096256684492,67.39312118289938,82.49866066645237,69.54759106933022,84.87426556991774,77.49914646637079,88.395356777057,76.124493056409,87.94395969030354,70.88025003414626,84.46437367443596,71.26251601305086,81.81537292875147,0.5959257834564687,47.8723404255319,71.27659574468085,48.24561403508774,83.33333333333334,58.333333333333336,82.60869565217392,66.16161616161617,85.52188552188552,85.83333333333333,91.66666666666667,61.28924745778049,82.88143538374807,67.53246753246752,92.44391971664699,67.33511586452762,87.87878787878788,70.95864661654136,86.65413533834587,71.87500000000001,93.09895833333334,84.66386554621849,98.10924369747899,72.473019111951,91.63700899291862,66.88113328486574,87.25922218833335,0.5852713411455399
173.0,76.60515186466745,78.16224529027296,74.82808022922637,82.76504297994269,73.80307136404696,81.99337548931045,69.2535545023697,74.48163507109004,73.08823529411764,81.76470588235294,73.51561865088561,79.83340094259381,64.3430099312452,73.31932773109244,67.07489553198326,81.44005143040822,75.03525264394831,86.18801410105759,75.72208945032436,89.26937521338341,73.10741059358486,84.10962271107287,71.0565316302172,82.8652782374029,72.2860751405514,81.34933958999835,0.605821132917603,47.8723404255319,72.3404255319149,48.24561403508774,84.21052631578947,58.333333333333336,84.05797101449275,70.2020202020202,85.52188552188552,90.83333333333336,91.66666666666667,63.097328265861314,83.55949501014986,67.53246753246752,92.44391971664699,67.33511586452762,87.87878787878788,72.27443609022558,86.65413533834587,73.95833333333334,93.09895833333334,88.23529411764707,98.10924369747899,73.86712938764023,91.63700899291862,68.48222882675077,87.59825200153423,0.5790473454974775
174.0,84.58285274894273,89.38869665513263,71.67621776504298,78.26647564469914,71.7705510388437,83.13760915386932,72.14158767772514,77.66587677725119,65.16806722689074,77.18487394957984,73.06785529148905,81.12870643610643,63.569518716577534,75.23463931026957,69.85213757634199,83.28726025929498,72.32079905992953,84.10340775558166,76.69511778764084,90.3175145100717,78.07545778542459,89.44328376551555,72.1026061851829,84.4772211201467,72.58523073833598,82.80296377812655,0.5855617641146968,47.8723404255319,72.3404255319149,48.24561403508774,84.64912280701753,58.333333333333336,83.33333333333334,71.71717171717171,85.85858585858585,85.83333333333333,91.66666666666667,62.400358568891605,83.56962683950366,67.53246753246752,92.3258559622196,67.33511586452762,87.96791443850267,70.95864661654136,86.8421052631579,70.31250000000001,93.22916666666667,84.66386554621849,98.10924369747899,72.160519111951,91.69485720560517,67.28043884042131,87.63224202255441,0.5819183595208692
175.0,82.85274894271436,89.119569396386,78.25214899713468,80.67335243553008,72.17705510388436,82.65582655826557,65.27695497630333,77.63625592417061,72.39495798319327,76.9327731092437,74.19077320064599,81.40355548471919,64.11382734912146,76.39146567717997,67.8881388621022,80.27429551055394,74.27732079905995,84.89776733254992,74.4844656879481,85.94059405940595,78.2751628364262,87.38478554749908,71.80778310693158,82.97778162543776,72.9992781537888,82.19066855507847,0.5950956636534649,47.8723404255319,72.3404255319149,48.24561403508774,84.21052631578948,58.333333333333336,82.60869565217392,60.60606060606061,85.85858585858585,80.83333333333333,91.66666666666667,59.17813634666938,83.33698000502616,67.53246753246752,92.3258559622196,68.31550802139039,88.05704099821747,70.95864661654136,86.8421052631579,70.31250000000001,93.22916666666667,84.66386554621849,98.10924369747899,72.35659754332355,91.71268251754813,65.76736694499647,87.52483126128715,0.5864853178674273
176.0,82.85274894271436,89.23490965013455,75.11461318051576,81.9054441260745,75.6549232158988,82.71604938271605,72.57109004739341,76.48104265402843,73.8235294117647,83.23529411764706,76.0033809596574,82.71454798612012,63.044308632543924,75.28647822765471,67.40062145076608,80.54859102110791,69.12455934195067,82.58284371327849,74.83782861044726,87.51109593717993,74.96313137519971,84.74867887427799,69.87408988218154,82.13553755469981,72.93873542091947,82.42504277040996,0.5951150294203644,47.8723404255319,73.40425531914893,48.24561403508774,85.5263157894737,58.333333333333336,84.05797101449276,71.71717171717171,85.85858585858585,85.83333333333333,91.66666666666667,62.400358568891605,84.10275892967358,67.53246753246752,92.3258559622196,67.33511586452762,87.96791443850267,70.95864661654136,86.8421052631579,71.87500000000001,93.09895833333334,88.23529411764707,98.10924369747899,73.18730482623673,91.6688155389385,67.79383169756417,87.88578723430604,0.5809057474624888
177.0,66.53210303729335,79.46943483275662,65.97421203438397,80.41547277936962,71.9512195121951,83.34838903944595,69.2535545023697,80.22808056872039,70.18907563025209,76.09243697478992,68.78003294329883,79.9107628390165,62.60504201680672,76.22776383280585,67.07382406514516,82.47937426336655,71.34547591069334,82.35487661574619,77.0040969614203,90.0716968248549,75.30109376920242,86.55524148949245,70.66590654465358,83.53779060525319,69.72296974397621,81.72427672213485,0.5928351748668217,47.8723404255319,73.40425531914893,48.24561403508774,85.5263157894737,58.333333333333336,82.60869565217392,66.16161616161617,85.85858585858585,85.83333333333333,91.66666666666667,61.28924745778049,83.81290385720982,67.53246753246752,92.3258559622196,67.33511586452762,87.96791443850267,70.95864661654136,86.74812030075188,71.87500000000001,93.09895833333334,84.66386554621849,98.10924369747899,72.473019111951,91.65001854645729,66.88113328486574,87.73146120183355,0.5824105579078472
178.0,77.29719338715879,86.54363706266821,66.61174785100286,69.67048710601719,76.01626016260161,81.09003312255345,71.95645734597159,77.59182464454977,68.80252100840335,78.02521008403362,72.13683595102763,78.58423840396446,66.52024446142093,78.05576776165012,68.87174541947925,81.80006428801028,71.99764982373681,84.25381903642773,73.14953909184024,87.56572208945032,72.4744992011798,85.54135430748433,70.60273559953141,83.44334549660455,71.36978577527952,81.01379195028451,0.6059860345053284,47.8723404255319,73.40425531914893,48.24561403508774,85.5263157894737,58.333333333333336,84.05797101449276,71.71717171717171,85.85858585858585,90.83333333333336,91.66666666666667,63.40035856889161,84.10275892967358,67.53246753246752,92.3258559622196,67.33511586452762,88.05704099821747,70.95864661654136,86.74812030075188,73.95833333333334,93.09895833333334,88.23529411764707,98.10924369747899,73.60397149290338,91.66784385840026,68.5021650308975,87.88530139403693,0.5784901754546964
179.0,84.23683198769703,85.42868127643214,70.25787965616047,78.00859598853867,69.6928635953026,76.42276422764228,67.0764218009479,75.96267772511848,78.23529411764707,82.18487394957982,73.89985823155101,79.60151863346228,62.939266615737196,75.4365382516643,67.8892103289403,81.06718097074895,73.34900117508815,85.15628672150412,77.39330829634689,87.34721748036873,76.41944205481136,85.95305395108764,71.59804569418478,82.99205547507475,72.74895196286789,81.29678705426852,0.6085288506150218,47.8723404255319,73.40425531914893,48.24561403508774,85.08771929824562,58.333333333333336,84.05797101449276,75.75757575757575,85.85858585858585,90.83333333333336,91.66666666666667,64.20843937697242,84.01503963142797,67.53246753246752,92.3258559622196,68.31550802139039,88.05704099821747,72.27443609022558,86.65413533834587,73.95833333333334,93.359375,89.70588235294117,98.10924369747899,74.3573254660716,91.70113019925239,69.282882421522,87.85808491534019,0.5733087044996625
180.0,78.3352556708958,88.23529411764706,75.97421203438397,78.69627507163325,73.62240289069555,79.70490816019272,78.44342417061615,79.84300947867298,75.29411764705884,80.84033613445378,76.33388248273006,81.46396459251994,62.30901451489685,77.57284732074648,66.58416372013284,80.74574091931854,74.54759106933022,84.68860164512338,76.26152270399454,90.7784226698532,75.35332432100283,88.79193806071034,71.01112326587146,84.51551012315039,73.67250287430076,82.98973735783517,0.5816683178611602,47.8723404255319,74.46808510638299,48.24561403508774,84.64912280701755,58.333333333333336,84.05797101449276,75.75757575757575,85.85858585858585,90.83333333333336,91.66666666666667,64.20843937697242,84.14008629062917,68.18181818181817,92.3258559622196,68.31550802139039,88.05704099821747,72.27443609022558,86.74812030075188,73.95833333333334,93.359375,89.70588235294117,98.10924369747899,74.48719559594173,91.71992719173359,69.34781748645707,87.93000674118139,0.5697681180933786
181.0,77.64321414840447,81.96847366397539,75.54441260744987,82.59312320916905,74.390243902439,80.45769346582355,77.02162322274884,82.10900473933648,68.76050420168066,74.32773109243698,74.67199961654458,80.2912052341483,62.939266615737196,78.12670522754556,70.1767920282867,83.88942462230796,71.84488836662753,83.17508813160987,78.33902355752818,89.5937179924889,77.00012289541601,87.63057637950105,72.06001869271911,84.48310247069068,73.36600915463185,82.38715385241949,0.5887444638602756,47.8723404255319,73.40425531914893,60.74561403508775,85.5263157894737,58.333333333333336,84.05797101449276,71.71717171717171,86.19528619528619,90.83333333333336,91.66666666666667,65.90035856889162,84.17009899701365,67.53246753246752,92.3258559622196,68.31550802139039,87.96791443850267,70.95864661654136,86.8421052631579,72.39583333333334,93.61979166666666,88.23529411764707,98.10924369747899,73.48754992427594,91.77298220560517,69.69395424658379,87.97154060130941,0.5765382422278275
182.0,73.81776239907728,84.00615148019993,82.04154727793697,88.43839541547278,74.79674796747967,81.24059018367961,74.98518957345975,82.15343601895735,74.60084033613445,83.02521008403362,76.04841751081764,83.77275663646866,65.30748663101605,80.19753355887809,67.7306332369013,79.67213114754098,73.02585193889544,83.88719153936546,75.02389894161831,88.22123591669512,75.39633771660318,88.79193806071032,71.29684169300685,84.15400604463801,73.67262960191225,83.96338134055333,0.5713197641108315,47.8723404255319,75.53191489361703,59.868421052631604,86.40350877192982,58.333333333333336,84.05797101449276,75.75757575757575,86.19528619528619,90.83333333333336,91.66666666666667,66.53300078048119,84.7710695083985,68.18181818181817,92.3258559622196,68.31550802139039,87.96791443850267,72.27443609022558,86.8421052631579,72.39583333333334,93.61979166666666,88.23529411764707,98.10924369747899,73.88057794888292,91.77298220560517,70.20678936468205,88.27202585700184,0.5645602480283735
183.0,83.37178008458285,91.96462898885045,82.32808022922636,86.96275071633238,74.43541102077687,81.81270701595905,74.03732227488153,77.90284360189574,70.23109243697479,76.59663865546219,76.88073720928848,83.04791379569996,65.97593582887701,76.22230710466005,69.03567984570876,83.76942033644059,74.7003525264395,85.87779083431258,77.13724820757938,87.41550017070674,77.1998279464176,87.98697308590391,72.80980887100445,84.25439830640477,74.84527304014647,83.65115605105237,0.5782853135052497,47.8723404255319,74.46808510638299,60.74561403508775,85.5263157894737,58.333333333333336,84.05797101449276,71.71717171717171,86.53198653198653,90.83333333333336,91.66666666666667,65.90035856889162,84.45020502180054,67.53246753246752,92.3258559622196,68.31550802139039,87.96791443850267,70.95864661654136,86.8421052631579,72.39583333333334,93.61979166666666,88.23529411764707,98.10924369747899,73.48754992427594,91.77298220560517,69.69395424658379,88.11159361370287,0.57348725741839
184.0,77.98923490965014,75.4709727028066,71.89828080229228,80.945558739255,68.87985546522131,82.02348690153568,67.74289099526068,70.66054502369668,76.02941176470588,82.31092436974791,72.50793478742605,78.28229754740838,65.51757066462947,81.25886718323694,70.02142933676201,81.40576449158898,70.3172737955347,83.5252643948296,76.16421987026291,87.96176169341072,76.02924910900823,87.62443160870099,71.60994855523947,84.35521787435346,72.05894167133276,81.31875771088092,0.5927548577277205,47.8723404255319,75.53191489361703,59.868421052631604,86.40350877192982,58.333333333333336,84.78260869565217,75.75757575757575,86.53198653198653,90.83333333333336,91.66666666666667,66.53300078048119,84.98333711197046,68.18181818181817,92.3258559622196,68.31550802139039,87.96791443850267,72.27443609022558,86.8421052631579,74.47916666666669,93.61979166666666,89.70588235294117,98.10924369747899,74.5913622626084,91.77298220560517,70.5621815215448,88.37815965878781,0.5632110546548291
185.0,75.20184544405998,82.50672818146867,77.47134670487107,80.70200573065902,73.17073170731705,79.61457392351701,72.47482227488155,77.3548578199052,69.45378151260503,75.46218487394958,73.55450552874693,79.1280701058999,64.25706646294881,77.8811524609844,68.70459659273544,79.5392692596164,73.30199764982376,84.12455934195064,76.85387504267669,89.36838511437351,80.16467985744133,92.14698291753717,72.6564431211252,84.61206981889242,73.10547432493607,81.87006996239616,0.5913638917403743,47.8723404255319,75.53191489361703,60.74561403508775,86.40350877192982,58.333333333333336,84.05797101449276,75.75757575757575,86.53198653198653,90.83333333333336,91.66666666666667,66.70843937697242,84.83840957573857,68.18181818181817,92.3258559622196,68.31550802139039,88.14616755793226,72.27443609022558,86.8421052631579,73.95833333333334,93.359375,89.70588235294117,98.10924369747899,74.48719559594173,91.75654949615776,70.59781748645707,88.29747953594816,0.5648924983650192
186.0,77.81622452902731,80.62283737024221,75.11461318051576,81.91977077363897,79.58446251129175,82.20415537488707,75.45912322274884,83.82701421800948,73.78151260504201,81.59663865546219,76.35118720972513,82.03408327844798,66.71122994652406,78.93702935719742,71.00396442730096,82.89081752919746,71.23971797884843,84.97062279670975,75.5018777739843,87.49743939911234,77.92798328622344,89.57232395231658,72.47695468257623,84.77364660690671,74.41407094615067,83.40386494267734,0.5821920637640883,47.8723404255319,75.53191489361703,60.74561403508775,86.40350877192982,58.333333333333336,84.05797101449276,71.71717171717171,86.86868686868688,90.83333333333336,91.66666666666667,65.90035856889162,84.90574964307864,68.18181818181817,92.3258559622196,68.31550802139039,88.14616755793226,70.95864661654136,86.8421052631579,72.39583333333334,93.61979166666666,88.23529411764707,98.10924369747899,73.61742005414607,91.80863282949107,69.75888931151884,88.35719123628485,0.5677732998435454
187.0,86.8319876970396,91.77239523260283,69.68481375358166,81.34670487106017,76.4679313459801,80.06624510689552,73.3264218009479,82.39040284360189,78.84453781512605,80.88235294117648,77.03113848253506,83.29162019906737,64.97326203208556,78.90974571646841,68.70459659273543,82.98939247830279,73.02585193889544,83.58166862514688,75.819392284056,87.29259132809833,80.98807914464791,89.79968047191839,72.70223639848408,84.51461572398696,74.86668744050957,83.90311796152716,0.5782951097152097,47.8723404255319,75.53191489361703,60.74561403508775,86.40350877192982,58.333333333333336,84.05797101449276,71.71717171717171,86.86868686868688,90.83333333333336,91.66666666666667,65.90035856889162,84.90574964307864,68.18181818181817,92.3258559622196,68.31550802139039,88.14616755793226,70.95864661654136,86.8421052631579,73.95833333333334,93.61979166666666,89.70588235294117,98.10924369747899,74.22403770120488,91.80863282949107,70.06219813504825,88.35719123628485,0.5653664953797808
188.0,84.23683198769703,87.5432525951557,72.96561604584528,81.07449856733524,79.94579945799455,86.81120144534779,71.52695497630333,76.83649289099526,73.17226890756304,75.42016806722688,76.36949427508065,81.53712271321217,65.99503437738733,80.6422569027611,67.8892103289403,82.53080467159542,73.34900117508816,84.0587544065805,79.47934448617278,87.71252987367701,75.93400516160749,88.01769693990413,72.5293191058392,84.59240855890363,74.44940669045994,83.0647656360579,0.592733776038695,47.8723404255319,75.53191489361703,59.868421052631604,86.40350877192982,58.333333333333336,84.78260869565217,75.75757575757575,86.86868686868688,90.83333333333336,91.66666666666667,66.53300078048119,85.05067717931053,68.18181818181817,92.3258559622196,69.29590017825313,88.05704099821747,72.27443609022558,86.8421052631579,76.04166666666669,93.61979166666666,89.70588235294117,98.10924369747899,75.09994069398095,91.79080751754812,70.81647073723107,88.42074234842931,0.5605243410631888
189.0,78.85428681276433,85.69780853517878,72.18481375358165,84.4269340974212,77.10027100271,80.54802770249924,70.67535545023699,74.6149289099526,70.79831932773108,81.59663865546219,73.9226092694048,81.37686758010281,64.88731856378914,78.68874822656335,70.18000642880101,82.56080574306225,71.56286721504117,82.61809635722679,76.71218846022535,87.49402526459542,79.86973085903897,87.61214206710089,72.64242230537913,83.79476353170973,73.28251578739196,82.58581555590627,0.5867168504224367,47.8723404255319,75.53191489361703,60.74561403508775,86.40350877192982,58.333333333333336,84.78260869565217,71.71717171717171,86.86868686868688,90.83333333333336,91.66666666666667,65.90035856889162,85.05067717931053,68.18181818181817,92.3258559622196,69.29590017825313,87.96791443850267,72.27443609022558,86.8421052631579,76.04166666666669,93.61979166666666,89.70588235294117,98.10924369747899,75.09994069398095,91.77298220560517,70.50014963143629,88.41182969245784,0.562167709936235
190.0,72.77970011534026,76.08612072279892,78.04441260744987,81.93409742120343,73.7579042457091,80.99969888587775,69.20912322274884,77.11789099526065,72.3109243697479,81.1344537815126,73.22041291219918,79.45445236133068,65.93773873185637,79.17712539561279,70.67288117432764,81.91578270652525,69.28907168037605,82.36192714453584,77.14578354387164,87.98566063502902,75.97701855720783,87.78419564950227,71.80449873752791,83.84493830624103,72.51245582486354,81.64969533378586,0.5932800141762616,47.8723404255319,75.53191489361703,60.74561403508775,86.40350877192982,58.333333333333336,84.78260869565217,71.71717171717171,86.53198653198653,90.83333333333336,91.66666666666667,65.90035856889162,84.98333711197046,68.18181818181817,92.3258559622196,69.29590017825313,87.96791443850267,70.95864661654136,86.9360902255639,76.04166666666669,93.61979166666666,89.70588235294117,98.31932773109244,74.8367827992441,91.83379600480905,70.36857068406786,88.40856655838975,0.56151880391267
191.0,81.27643214148405,81.23798539023453,80.68767908309457,86.56160458452723,67.6151761517615,74.52574525745258,74.51125592417064,80.59834123222748,73.08823529411767,80.58823529411765,75.43575571892569,80.70238235171189,65.1165011459129,78.66146458583432,67.39740705025177,81.79363548698166,73.2961222091657,84.00705052878966,79.52372823489247,89.51860703311712,77.14759739461718,88.06685510630453,72.496271206968,84.40952254820544,73.96601346294685,82.55595244995867,0.584055458456827,47.8723404255319,75.53191489361703,60.74561403508775,86.40350877192982,58.333333333333336,84.78260869565217,71.71717171717171,86.53198653198653,90.83333333333336,91.66666666666667,65.90035856889162,84.98333711197046,68.18181818181817,92.3258559622196,69.29590017825313,87.96791443850267,70.95864661654136,86.9360902255639,76.04166666666669,93.61979166666666,89.70588235294117,98.31932773109244,74.8367827992441,91.83379600480905,70.36857068406786,88.40856655838975,0.5603906622811434
192.0,80.93041138023838,92.73356401384083,76.83381088825216,82.40687679083094,72.99006323396566,77.02499247214693,75.36285545023699,82.16824644549764,76.76470588235293,84.66386554621849,76.57636936700922,83.79950905370697,63.168449197860966,74.78173087416785,67.23561555769847,81.05218043501554,72.47943595769686,82.95887191539366,78.18026630249233,88.23489245476271,78.31817623202653,88.60145016590882,71.87638864955503,83.12582516904972,74.22637900828212,83.46266711137835,0.5739256329638124,47.8723404255319,75.53191489361703,58.991228070175474,86.40350877192982,58.333333333333336,84.78260869565217,74.24242424242425,86.53198653198653,90.83333333333336,91.66666666666667,66.05453188095967,84.98333711197046,68.18181818181817,92.20779220779221,69.29590017825313,87.96791443850267,70.95864661654136,86.9360902255639,76.04166666666669,93.61979166666666,89.70588235294117,98.31932773109244,74.8367827992441,91.81018325392358,70.44565734010189,88.39676018294702,0.553495522490758
193.0,78.68127643214149,83.89081122645136,66.61174785100286,74.8567335243553,79.94579945799455,84.10117434507679,69.72748815165879,77.5622037914692,73.00420168067227,81.42857142857144,73.594102714694,80.36789886318482,59.46333078686019,74.75717559751173,69.69034608378868,83.00225008036001,74.2714453584019,84.65099882491187,76.65073403892114,88.63434619324,77.72827823522182,86.8010323214944,71.56082690063874,83.5691606035036,72.57746480766637,81.96852973334421,0.5905054678485024,47.8723404255319,75.53191489361703,59.868421052631604,86.40350877192982,58.333333333333336,84.78260869565217,71.71717171717171,86.1952861952862,90.83333333333336,91.66666666666667,65.72491997240039,84.91599704463039,68.18181818181817,92.20779220779221,69.29590017825313,87.96791443850267,70.95864661654136,86.9360902255639,74.47916666666669,93.75,89.70588235294117,98.31932773109244,74.5242827992441,91.83622492059025,70.12460138582225,88.37611098261033,0.5585217213004875
194.0,80.23836985774703,89.27335640138409,76.46848137535817,83.9971346704871,74.43541102077687,83.31827762722071,70.43838862559242,78.125,76.68067226890757,83.0672268907563,75.65226462967641,83.55619911796964,65.22154316271963,78.64509440139692,66.90667523840135,81.51719704275152,74.43595769682729,85.60282021151586,77.44622738135884,89.32058723113691,77.48555978861988,87.13284994469707,72.2991926535854,84.44370976629965,73.9757286416309,83.99995444213465,0.5715450477097517,47.8723404255319,75.53191489361703,59.868421052631604,86.40350877192982,58.333333333333336,84.78260869565217,71.71717171717171,86.53198653198653,90.83333333333336,91.66666666666667,65.72491997240039,84.98333711197046,68.18181818181817,92.20779220779221,69.29590017825313,87.96791443850267,69.64285714285714,86.9360902255639,76.04166666666669,93.61979166666666,89.70588235294117,98.31932773109244,74.57362490450727,91.81018325392358,70.14927243845383,88.39676018294702,0.5550194941511998
195.0,78.50826605151866,85.08266051518648,72.32808022922637,81.40401146131805,82.83649503161696,82.41493526046372,72.0971563981043,79.57642180094787,72.3109243697479,82.3529411764706,75.61618441604284,82.16619404287734,65.09740259740259,78.031212484994,72.46973106182362,83.25297332047573,74.11280846063457,86.3689776733255,79.41789006486857,89.26596107886651,74.373233378395,84.47830895907583,73.09421311262487,84.27948670334752,74.35519876433386,83.22284037311243,0.5812604660739352,47.8723404255319,75.53191489361703,59.868421052631604,86.40350877192982,58.333333333333336,84.78260869565217,71.71717171717171,86.53198653198653,90.83333333333336,91.66666666666667,65.72491997240039,84.98333711197046,68.18181818181817,92.20779220779221,69.29590017825313,88.05704099821747,70.95864661654136,86.9360902255639,74.47916666666669,93.75,89.70588235294117,98.52941176470588,74.5242827992441,91.8960670392559,70.12460138582225,88.43970207561318,0.5582561756092099
196.0,72.08765859284892,81.66089965397923,77.75787965616045,80.64469914040114,72.99006323396566,79.37368262571513,70.34212085308059,78.08056872037913,76.80672268907564,85.54621848739495,73.99688900502625,81.06121372557394,63.149350649350644,78.85790679908327,69.19854280510015,83.73727633129755,72.0564042303173,84.27732079905994,74.72345510413112,87.26527825196312,75.63905616320513,85.8117242226865,70.95336179042087,83.98990128081807,72.47512539772356,82.52555750319601,0.5814748568846959,47.8723404255319,75.53191489361703,59.868421052631604,86.40350877192982,58.333333333333336,84.78260869565217,71.71717171717171,86.1952861952862,90.83333333333336,91.66666666666667,65.72491997240039,84.91599704463039,68.18181818181817,92.08972845336481,69.29590017825313,87.96791443850267,69.64285714285714,87.03007518796993,74.47916666666669,93.75,89.70588235294117,98.52941176470588,74.26112490450727,91.87342596890866,69.99302243845383,88.39471150676953,0.5567545204768521
197.0,72.43367935409458,76.18223760092272,79.04727793696276,86.89111747851003,77.68744354110206,85.81752484191509,79.76895734597159,83.50118483412322,74.60084033613445,81.4705882352941,76.70763970285309,82.77253059815304,66.41520244461421,81.09243697478992,66.91310403942995,79.62070073931213,73.13160987074032,83.83548766157463,78.97575964493002,87.96346876066917,74.18274548359346,86.40162221949122,71.92368429666159,83.78274327116742,74.31566199975734,83.27763693466022,0.5772494761624528,47.8723404255319,76.59574468085107,58.991228070175474,86.40350877192982,58.333333333333336,84.78260869565217,71.71717171717171,86.53198653198653,90.83333333333336,91.66666666666667,65.54948137590915,85.19610306941726,68.18181818181817,92.08972845336481,69.29590017825313,88.05704099821747,69.64285714285714,87.03007518796993,76.04166666666669,93.61979166666666,89.70588235294117,98.52941176470588,74.57362490450727,91.86520961418493,70.06155314020822,88.53065634180109,0.5535628352346613
198.0,80.41138023836987,91.54171472510572,82.47134670487107,89.42693409742121,68.24751580849141,80.75880758807588,71.71949052132705,75.7701421800948,81.05042016806722,88.27731092436974,76.78003068822531,85.15498190301348,65.13559969442322,81.84273709483793,69.68713168327439,81.54934104789456,72.37367802585194,83.17508813160987,78.53362922499149,90.74769545920108,76.51468600221213,88.46012043750768,72.44894492615063,85.15499643421023,74.61448780718797,85.15498916861185,0.5532823915078645,47.8723404255319,76.59574468085107,58.991228070175474,86.40350877192982,58.333333333333336,84.78260869565217,70.2020202020202,86.53198653198653,90.83333333333336,91.66666666666667,65.24645107287886,85.19610306941726,68.18181818181817,92.08972845336481,69.29590017825313,88.05704099821747,70.95864661654136,87.03007518796993,76.04166666666669,93.75,89.70588235294117,98.52941176470588,74.8367827992441,91.8912512808516,70.04161693606147,88.54367717513443,0.5508362605211418
199.0,85.44790465205692,90.65743944636677,71.11747851002866,83.55300859598853,78.0939476061427,84.94429388738331,72.7117890995261,78.85071090047393,75.25210084033614,83.69747899159663,76.5246441416181,84.34058636436184,64.00878533231474,78.3176907126487,70.33858352084002,83.17154184078002,72.96709753231495,85.19388954171563,77.10139979515195,88.32707408671901,75.58682561140469,87.34791692269879,72.00053835840527,84.47162262091243,74.26259125001168,84.40610449263713,0.5670784510230386,47.8723404255319,76.59574468085107,58.991228070175474,86.40350877192982,58.333333333333336,84.78260869565217,71.71717171717171,86.1952861952862,90.83333333333336,91.66666666666667,65.54948137590915,85.12876300207719,68.18181818181817,92.20779220779221,69.29590017825313,88.05704099821747,69.64285714285714,87.03007518796993,76.04166666666669,93.88020833333333,89.70588235294117,98.52941176470588,74.57362490450727,91.94090569840375,70.06155314020822,88.53483435024047,0.5533303119289775
200.0,79.5463283352557,87.5432525951557,78.76074498567334,80.25787965616045,71.72538392050586,77.08521529659741,73.85219194312799,82.58293838862559,74.51680672268907,78.52941176470588,75.68029118145039,81.19973954024901,65.09740259740259,78.55505838699115,67.55812707596698,82.0422157934212,71.2338425381904,82.78965922444183,80.46090815978152,89.04745646978492,80.50264225144404,87.59370775470076,72.97058452455711,84.00561952586797,74.32543785300375,82.60267953305849,0.5806605737086115,47.8723404255319,75.53191489361703,60.74561403508775,86.40350877192982,58.333333333333336,85.5072463768116,71.71717171717171,86.1952861952862,90.83333333333336,91.66666666666667,65.90035856889162,85.06092458086226,68.18181818181817,92.20779220779221,69.29590017825313,88.23529411764706,69.64285714285714,87.03007518796993,72.39583333333334,94.01041666666666,89.70588235294117,98.52941176470588,73.8444582378406,92.00259798895634,69.87240840336611,88.5317612849093,0.563155132864648
201.0,74.50980392156865,83.08342945021145,67.18481375358168,76.93409742120345,75.60975609756096,81.09003312255344,81.0500592417062,85.64869668246445,73.13025210084034,83.27731092436976,74.29693702305156,82.0067135201605,62.09893048128342,78.41318345520027,69.36033429765347,82.00150005357335,69.82961222091659,83.85428907168037,78.0829634687607,88.8221235916695,81.28302814305027,90.14993240752119,72.13097372233288,84.64820571592894,73.21395537269223,83.32745961804471,0.5608231514294898,47.8723404255319,75.53191489361703,60.74561403508775,86.40350877192982,58.333333333333336,85.5072463768116,71.71717171717171,86.1952861952862,90.83333333333336,91.66666666666667,65.90035856889162,85.06092458086226,68.18181818181817,92.20779220779221,69.29590017825313,88.14616755793226,69.64285714285714,87.21804511278195,74.47916666666669,94.01041666666666,89.70588235294117,98.52941176470588,74.26112490450727,92.0223666619758,70.08074173669945,88.54164562141904,0.5596285416708655
202.0,85.79392541330257,90.81122645136486,77.40687679083096,83.30945558739255,74.79674796747966,82.2342667871123,73.6596563981043,80.19845971563981,75.25210084033614,83.02521008403362,77.38186148201073,83.91572372510862,64.55309396485866,78.25766670304486,68.21493624772313,81.21932926175934,71.83313748531141,82.64629847238542,80.31068624103793,89.72686923864799,75.00614477080005,86.24185817868994,71.98359974194624,83.61840437090551,74.68273061197849,83.76706404800706,0.5648376541422582,47.8723404255319,75.53191489361703,60.74561403508775,86.40350877192982,58.333333333333336,85.5072463768116,71.71717171717171,86.1952861952862,90.83333333333336,91.66666666666667,65.90035856889162,85.06092458086226,68.18181818181817,92.20779220779221,69.29590017825313,88.14616755793226,69.64285714285714,87.12406015037594,76.04166666666669,94.01041666666666,89.70588235294117,98.52941176470588,74.57362490450727,92.0035696694946,70.23699173669945,88.53224712517843,0.5618448741094866
203.0,86.13994617454826,91.58016147635526,79.90687679083096,80.91690544412607,80.53297199638662,85.33574224631134,73.6596563981043,80.65758293838863,76.80672268907564,83.52941176470588,79.40923480978915,84.40396077397743,66.3961038961039,79.23169267707082,71.15825565198755,81.91363977284902,74.6533490011751,86.71680376028202,80.16046432229432,87.64424718333902,75.68206955880548,86.9730859038958,73.61004848607328,84.49589385948734,76.50964164793122,84.44992731673238,0.5696715405693278,47.8723404255319,76.59574468085107,59.868421052631604,86.40350877192982,58.333333333333336,84.78260869565217,71.71717171717171,86.86868686868688,90.83333333333336,91.66666666666667,65.72491997240039,85.26344313675733,68.18181818181817,92.20779220779221,69.29590017825313,88.14616755793226,69.64285714285714,87.21804511278195,76.04166666666669,93.88020833333333,89.70588235294117,98.52941176470588,74.57362490450727,91.99632499530912,70.14927243845383,88.62988406603323,0.5535151169391186
204.0,87.87004998077663,93.31026528258361,79.97134670487108,88.20916905444126,78.7262872628726,87.32309545317676,71.71949052132705,80.61315165876778,74.47478991596638,85.58823529411765,78.55239287716275,87.00878334861741,61.25859434682964,75.83487940630798,70.18429229615342,82.27793849780349,72.92009400705055,84.737955346651,78.33048822123591,88.53533629224992,80.74536069804597,89.6767850559174,72.6877659138631,84.21257891978595,75.62007939551293,85.61068113420168,0.5467997768170786,47.8723404255319,76.59574468085107,58.991228070175474,86.40350877192982,58.333333333333336,84.78260869565217,71.71717171717171,86.1952861952862,90.83333333333336,91.66666666666667,65.54948137590915,85.12876300207719,68.18181818181817,92.0897284533648,69.29590017825313,88.14616755793226,69.64285714285714,87.31203007518796,76.04166666666669,94.01041666666666,89.70588235294117,98.52941176470588,74.57362490450727,92.0175509035715,70.06155314020822,88.57315695282435,0.5514563784844294
205.0,79.54632833525568,88.1199538638985,83.47421203438397,91.20343839541547,73.98373983739836,84.5528455284553,68.59449052132705,78.39158767772511,81.78571428571428,85.96638655462185,77.47689700281587,85.64684240402325,63.168449197860966,76.35872530830514,69.19854280510015,81.83863709418193,74.21856639247945,85.82373678025851,78.3390235575282,87.96858996244453,78.17070173282538,87.2618901314981,72.61905673715883,83.85031585533764,75.04797686998735,84.74857912968045,0.5535216108650751,47.8723404255319,76.59574468085107,58.991228070175474,86.8421052631579,58.333333333333336,86.23188405797102,70.2020202020202,86.1952861952862,90.83333333333336,90.83333333333333,65.24645107287886,85.3396707061199,68.18181818181817,92.0897284533648,69.29590017825313,88.14616755793226,69.64285714285714,87.40601503759397,76.04166666666669,94.01041666666666,89.70588235294117,98.52941176470588,74.57362490450727,92.03634789605272,69.91003798869306,88.68800930108631,0.5462791283512007
206.0,80.23836985774705,84.27527873894655,75.40114613180518,87.1919770773639,83.60433604336042,89.28033724781692,75.6960900473934,83.48637440758293,79.5798319327731,85.54621848739495,78.90395480261583,85.95603719182107,67.46562261268144,77.84568372803668,70.01285760205718,82.67652416157719,71.0810810810811,83.1304347826087,77.40184363263914,89.6176169341072,73.20265454098563,86.01450165908811,71.8328118938889,83.85695225308358,75.36838334825237,84.90649472245232,0.5490003255390108,47.8723404255319,76.59574468085107,58.991228070175474,86.40350877192982,58.333333333333336,84.78260869565217,71.71717171717171,86.1952861952862,90.83333333333336,91.66666666666667,65.54948137590915,85.12876300207719,68.18181818181817,92.0897284533648,69.29590017825313,88.14616755793226,69.64285714285714,87.31203007518796,74.47916666666669,94.27083333333334,89.70588235294117,98.52941176470588,74.26112490450727,92.06963423690483,69.90530314020822,88.599198619491,0.5536636349530556
207.0,80.23836985774703,93.38715878508266,72.18481375358165,79.16905444126074,74.5709123757904,82.80638361939175,69.4460900473934,78.33234597156398,72.3109243697479,84.83193277310926,73.75022208085207,83.70537511808168,64.6581359816654,77.93026301429663,70.83681560055713,82.92939033536912,71.29259694477088,84.12220916568744,81.93752133834076,90.53260498463641,74.76342632419811,85.25869485068208,72.69769923790645,84.15463247013433,73.22396065937926,83.930003794108,0.5639603460114382,47.8723404255319,76.59574468085107,58.991228070175474,87.71929824561404,66.66666666666666,86.23188405797102,70.2020202020202,86.53198653198653,90.83333333333336,90.83333333333333,66.91311773954553,85.5824493699512,68.18181818181817,92.0897284533648,70.27629233511587,88.23529411764706,70.95864661654136,87.40601503759397,76.56250000000001,94.27083333333334,88.23529411764706,98.52941176470588,74.84291025022449,92.106256541329,70.87801399488501,88.8443529556401,0.5466442827228913
208.0,84.9288735101884,90.1191849288735,72.26361031518624,80.05730659025788,76.64859981933151,81.87292984040951,70.5346563981043,76.33293838862559,75.33613445378153,79.28571428571428,75.9423748993184,81.53361480677616,62.834224598930476,76.90985485103133,70.01821493624772,83.31297546340942,72.26792009400708,85.53231492361928,79.95732331853877,89.27620348241722,78.60390807422884,88.99471549711197,72.73631820439059,84.80521284351785,74.33934655185449,83.169413825147,0.5760087674415636,47.8723404255319,76.59574468085107,58.991228070175474,87.28070175438597,58.333333333333336,86.23188405797102,71.71717171717171,86.53198653198653,90.83333333333336,90.83333333333333,65.54948137590915,85.49473007170558,68.18181818181817,92.0897284533648,69.29590017825313,88.23529411764706,69.64285714285714,87.40601503759399,74.47916666666669,94.27083333333334,89.70588235294117,98.52941176470588,74.26112490450727,92.106256541329,69.90530314020822,88.8004933065173,0.549342714137498
209.0,80.41138023836987,89.00422914263744,81.97707736389687,90.65902578796563,76.6485998193315,86.84131285757302,76.40699052132705,81.59063981042654,74.47478991596638,83.31932773109244,77.98376757177832,86.282907065939,65.41252864782275,81.2261268143621,73.12546876674165,84.99303546555234,74.05405405405406,84.41128084606345,81.73438033458521,90.45066575623079,74.52070787759617,85.89160624308714,73.76942793615999,85.39454302505916,75.87659775396915,85.83872504549907,0.5407704877765162,47.8723404255319,76.59574468085107,58.991228070175474,86.8421052631579,58.333333333333336,86.23188405797102,71.71717171717171,86.53198653198653,90.83333333333336,90.83333333333333,65.54948137590915,85.40701077345997,68.18181818181817,92.0897284533648,69.29590017825313,88.23529411764706,69.64285714285714,87.40601503759399,74.47916666666669,94.27083333333334,89.70588235294117,98.52941176470588,74.26112490450727,92.106256541329,69.90530314020822,88.75663365739449,0.5532563696869808
210.0,85.4479046520569,94.23298731257208,74.19054441260747,82.99426934097421,73.98373983739836,80.63836193917496,75.41469194312799,83.64928909952607,75.25210084033614,81.76470588235293,76.85779633710537,84.65592271492005,64.13292589763178,79.1880388519044,68.38315654130503,82.15150541090753,71.9976498237368,84.11045828437132,79.96585865483101,90.81256401502219,73.64507803858918,85.42460366228339,71.62493379121875,84.33743404489778,74.24136506416207,84.49667837990891,0.5517129113924047,47.8723404255319,76.59574468085107,58.991228070175474,87.28070175438597,58.333333333333336,86.23188405797102,71.71717171717171,86.53198653198653,90.83333333333336,90.83333333333333,65.54948137590915,85.49473007170558,68.18181818181817,92.0897284533648,69.29590017825313,88.23529411764706,69.64285714285714,87.40601503759399,76.04166666666669,94.27083333333334,89.70588235294117,98.52941176470588,74.57362490450727,92.106256541329,70.06155314020822,88.8004933065173,0.5494472601134766
211.0,75.02883506343714,80.62283737024221,78.40974212034385,84.2406876790831,80.98464317976511,87.74465522433002,73.99289099526068,72.76362559241706,80.35714285714285,83.82352941176471,77.75465084318992,81.83906705556741,63.254392666157365,79.92742551566081,70.99860709311045,82.37437051323262,73.4018801410106,82.36427732079906,78.72823489245476,89.1771935814271,74.76342632419811,87.50768096350005,72.22930822338625,84.27018957892393,74.99197953328809,83.05462831724567,0.568042204383224,47.8723404255319,76.59574468085107,58.991228070175474,88.1578947368421,66.66666666666666,86.23188405797102,75.75757575757575,86.53198653198653,90.83333333333336,91.66666666666667,68.02422885065663,85.83683533486348,68.18181818181817,92.20779220779221,69.29590017825313,88.23529411764706,70.95864661654136,87.68796992481202,79.68750000000001,94.40104166666666,89.70588235294117,98.94957983193277,75.56594946591078,92.29633554977013,71.7950891582837,89.0665854423168,0.5383104605862681
212.0,87.69703960015379,93.92541330257593,84.33381088825217,91.74785100286532,77.05510388437214,84.04095152062632,73.28199052132705,78.08056872037913,67.24789915966386,74.95798319327733,77.92316881075381,84.55055354794482,65.30748663101605,77.96027501909855,70.66859530697522,83.63655844851601,75.14101057579322,84.64629847238542,80.05462615227042,90.45066575623079,81.62099053705298,89.56003441071648,74.55854184062159,85.25076642138944,76.2408553256877,84.90065998466713,0.552813273206982,47.8723404255319,76.59574468085107,58.991228070175474,87.71929824561404,58.333333333333336,86.23188405797102,71.71717171717171,86.86868686868688,90.83333333333336,90.83333333333333,65.54948137590915,85.64978943729128,68.18181818181817,92.20779220779221,70.27629233511587,88.23529411764707,70.95864661654136,87.68796992481202,74.47916666666669,94.40104166666666,88.23529411764706,98.94957983193277,74.42624358355783,92.29633554977013,69.9878624797335,88.9730624935307,0.551852360226641
213.0,91.34948096885815,94.30988081507112,78.90401146131806,86.20343839541547,79.94579945799455,84.79373682625715,77.73252369668249,81.20556872037915,71.74369747899159,82.18487394957982,79.93510261276897,85.73949974134055,65.43162719633308,78.68874822656335,70.50894674809813,82.37865638058501,75.02937720329027,86.12690951821385,78.86992147490614,91.21201775349948,81.28302814305027,90.24210396952193,74.22458015313558,85.72968716967674,77.07984138295228,85.73459345550864,0.5424025267380093,47.8723404255319,76.59574468085107,58.991228070175474,87.28070175438597,58.333333333333336,86.23188405797102,71.71717171717171,86.53198653198653,90.83333333333336,90.83333333333333,65.54948137590915,85.49473007170558,68.18181818181817,92.20779220779221,69.29590017825313,88.23529411764707,69.64285714285714,87.59398496240601,74.47916666666669,94.40104166666666,89.70588235294117,98.94957983193277,74.26112490450727,92.27753855728892,69.90530314020822,88.88613431449724,0.5483235189613586
214.0,81.96847366397539,87.77393310265282,80.05014326647566,85.58739255014326,77.86811201445346,84.88407106293285,68.59449052132705,77.32523696682463,74.51680672268907,83.19327731092437,76.59960523778412,83.75278219869558,65.74675324675324,77.70653716031866,67.89028179577839,82.31008250294653,74.7003525264395,85.7626321974148,77.40184363263914,90.48139296688291,79.81750030723855,88.6506083323092,73.11134630176977,84.98225063197444,74.85547576977694,84.36751641533502,0.5589924687550545,47.8723404255319,76.59574468085107,58.991228070175474,87.71929824561404,66.66666666666666,86.23188405797102,75.75757575757575,86.53198653198653,90.83333333333336,91.66666666666667,68.02422885065663,85.74911603661788,68.18181818181817,92.20779220779221,69.29590017825313,88.23529411764707,69.64285714285714,87.87593984962405,78.12500000000001,94.40104166666666,89.70588235294117,98.94957983193277,74.99029157117393,92.33392953473253,71.50726021091528,89.0415227856752,0.5400090678306423
215.0,81.27643214148405,87.77393310265282,79.76361031518626,86.36103151862464,74.39024390243901,78.41011743450767,79.29502369668249,85.26362559241706,77.37394957983193,82.39495798319328,78.41985192712475,84.0407331262791,65.49847211611916,79.45814689512167,70.84003000107144,84.08228865316619,73.83666274970626,85.05287896592245,79.26766814612498,88.56264936838511,77.92798328622344,87.82106427430257,73.47416325984906,84.9954056313796,75.94700759348692,84.51806937882935,0.554213145282901,47.8723404255319,76.59574468085107,60.74561403508775,87.28070175438597,58.333333333333336,85.5072463768116,71.71717171717171,86.86868686868688,90.83333333333336,90.83333333333333,65.90035856889162,85.41714260281375,68.18181818181817,92.20779220779221,70.27629233511587,88.14616755793227,69.64285714285714,87.78195488721803,74.47916666666669,94.40104166666666,88.23529411764706,98.94957983193277,74.16308568882098,92.29730723030839,70.0317221288563,88.85722491656108,0.5581428612619894
216.0,80.58439061899271,84.12149173394849,81.11747851002866,89.48424068767909,72.35772357723576,81.36103583258054,73.42268957345975,80.0207345971564,78.23529411764706,83.82352941176471,77.14351527947278,83.76220645262585,66.08097784568372,77.3300229182582,70.99646415943425,84.18300653594773,72.69682726204468,86.15746180963572,81.29224991464666,91.28030044383749,78.0232272336242,89.48629716111589,73.8179492830867,85.68741777375901,75.48073228127974,84.72481211319243,0.5499258676267137,47.8723404255319,76.59574468085107,58.991228070175474,87.28070175438597,58.333333333333336,86.23188405797102,71.71717171717171,86.53198653198653,90.83333333333336,90.83333333333333,65.54948137590915,85.49473007170558,68.18181818181817,92.20779220779221,69.29590017825313,88.14616755793227,69.64285714285714,87.87593984962405,76.56250000000001,94.40104166666666,89.70588235294117,98.94957983193277,74.67779157117393,92.31610422278959,70.11363647354153,88.90541714724759,0.5445462430096305
217.0,79.37331795463285,88.96578239138793,78.55300859598856,84.05444126074498,80.12646793134596,87.02198133092442,73.75592417061615,79.32464454976302,78.19327731092437,84.03361344537815,78.00039919270158,84.6800925956397,65.30748663101605,77.38459019971626,70.83467266688093,82.44080145719491,71.35135135135135,83.97179788484137,79.81563673608744,90.99009900990099,80.69313014624555,91.10237188152882,73.60045550631627,85.17793208663646,75.80042734950892,84.92901234113808,0.5439531582613044,47.8723404255319,76.59574468085107,58.11403508771933,88.1578947368421,66.66666666666666,86.23188405797102,75.75757575757575,86.53198653198653,90.83333333333336,91.66666666666667,67.8487902541654,85.83683533486348,68.18181818181817,92.0897284533648,70.27629233511587,88.14616755793227,69.64285714285714,87.78195488721803,76.56250000000001,94.40104166666666,88.23529411764706,98.94957983193277,74.57975235548766,92.2736944794229,71.21427130482653,89.0552649071432,0.5400288183347377
218.0,85.44790465205689,92.38754325259515,77.90114613180516,83.5243553008596,79.31345980126466,87.32309545317675,79.19875592417065,85.45616113744076,80.31512605042018,87.3109243697479,80.43527851194351,87.20041590276404,66.4820473644003,80.86052602859326,71.16254151933997,82.22436515589841,70.91069330199768,82.80141010575794,78.72823489245478,90.4950495049505,81.67322108885338,89.17291385031338,73.79134763340923,85.11085292910269,77.11331307267636,86.15563441593336,0.539671631520213,47.8723404255319,76.59574468085107,58.11403508771933,88.1578947368421,75.0,86.95652173913044,75.75757575757575,86.53198653198653,90.83333333333336,92.5,69.51545692083207,86.14842953776203,69.48051948051946,92.0897284533648,69.29590017825313,88.14616755793227,72.27443609022558,87.87593984962405,76.56250000000001,94.40104166666666,89.70588235294117,98.94957983193277,75.46384762038787,92.2924914719041,72.48965227060997,89.22046050483306,0.5337278866342126
219.0,80.75740099961554,91.5032679738562,76.54727793696274,83.62464183381088,75.20325203252031,82.50526949713941,72.00088862559242,81.20556872037913,73.78151260504201,82.98319327731092,75.65806643994661,84.36438826049931,62.939266615737196,80.59860307759467,69.68713168327439,80.80145719489983,76.76850763807288,85.80728554641598,79.71833390235578,90.0853533629225,79.2368194666339,86.92392773749539,73.67001186121482,84.84332538386568,74.66403915058072,84.6038568221825,0.5521097679735009,47.8723404255319,77.6595744680851,58.991228070175474,88.1578947368421,66.66666666666666,86.23188405797102,70.2020202020202,86.53198653198653,90.83333333333336,91.66666666666667,66.91311773954553,86.04960129231029,68.18181818181817,92.0897284533648,69.29590017825313,88.14616755793227,69.64285714285714,87.96992481203007,79.68750000000001,94.40104166666666,89.70588235294117,98.94957983193277,75.30279157117393,92.3112884643853,71.10795465535972,89.1804448783478,0.5387299399445237
220.0,80.93041138023838,86.04382929642446,84.19054441260747,89.4269340974212,80.75880758807587,86.32941884974406,71.24555687203794,76.06635071090048,75.9873949579832,82.39495798319328,78.62254304218857,84.05229818753669,65.09740259740259,79.04343555604059,72.63580842172932,83.26583092253294,74.97649823736782,86.57344300822561,75.91669511778765,89.3308296346876,75.05837532260047,88.54000245790833,72.73695593937757,85.35070831587902,75.67974949078307,84.70150325170786,0.5558466490131928,47.8723404255319,77.6595744680851,58.11403508771933,88.1578947368421,66.66666666666666,86.95652173913044,70.2020202020202,86.53198653198653,90.83333333333336,91.66666666666667,66.7376791430543,86.19452882854218,68.18181818181817,92.0897284533648,69.29590017825313,88.14616755793227,69.64285714285714,87.96992481203007,76.56250000000001,94.40104166666666,89.70588235294117,98.94957983193277,74.67779157117393,92.3112884643853,70.7077353571141,89.25290864646374,0.5385223357947537
221.0,84.58285274894271,88.04306036139945,76.54727793696277,89.68481375358166,77.2809394760614,84.25173140620295,77.1178909952607,84.04917061611374,75.9873949579832,85.7983193277311,78.30327122304217,86.36541909300577,68.11497326203208,79.84011786532795,69.6914175506268,81.83863709418195,74.00117508813165,86.53113983548766,84.55445544554458,91.82997610105838,79.2368194666339,88.3372250215067,75.1197681625938,85.67541918351253,76.71151969281799,86.02041913825914,0.5284302304248485,47.8723404255319,77.6595744680851,58.11403508771933,88.1578947368421,75.0,86.95652173913044,75.75757575757575,86.53198653198653,90.83333333333336,92.5,69.51545692083207,86.36119549520883,68.83116883116882,92.0897284533648,69.29590017825313,88.14616755793227,72.27443609022558,87.96992481203007,80.72916666666669,94.40104166666666,89.70588235294117,99.15966386554622,76.16731082385107,92.353305271108,72.84138387234157,89.35725038315842,0.5298042114559406
222.0,85.96693579392542,95.11726259131102,78.90401146131806,81.11747851002866,75.3839205058717,82.32460102378802,74.03732227488153,81.22037914691943,80.31512605042018,86.80672268907563,78.92146321728339,85.31728879222456,66.56799083269671,80.55222088835534,71.49255330547516,83.52941176470588,74.16568742655703,85.89189189189189,81.39808808467055,89.49812222601571,78.89885707263119,87.55683912990045,74.50463534440613,85.40569718017385,76.71304928084476,85.36149298619921,0.5368102256999092,47.8723404255319,77.6595744680851,58.11403508771933,88.1578947368421,66.66666666666666,86.95652173913044,70.2020202020202,86.53198653198653,90.83333333333336,90.83333333333333,66.7376791430543,86.0278621618755,68.83116883116882,91.97166469893743,70.27629233511587,88.14616755793227,69.64285714285714,87.87593984962405,76.56250000000001,94.40104166666666,88.23529411764706,99.15966386554622,74.70962248535778,92.31089552774134,70.72365081420604,89.16937884480842,0.5418821761668016
223.0,80.75740099961554,85.92848904267589,81.11747851002866,88.59598853868195,80.75880758807587,87.08220415537488,72.90432464454979,78.15462085308057,75.25210084033614,84.49579831932773,78.15802251652119,84.85142018182822,67.3414820473644,80.15660809778457,70.83788706739523,83.27654559091395,74.2714453584019,85.93184488836663,77.5879139638102,86.30249231819734,77.29507189381837,91.0224898611282,73.46676006615802,85.33799615127813,75.8123912913396,85.09470816655318,0.5428601721108566,47.8723404255319,77.6595744680851,58.11403508771933,88.1578947368421,66.66666666666666,86.95652173913044,75.75757575757575,86.19528619528619,90.83333333333336,91.66666666666667,67.8487902541654,86.1271887612021,69.48051948051946,91.85360094451003,69.29590017825313,88.14616755793227,70.95864661654136,87.87593984962405,76.56250000000001,94.40104166666666,88.23529411764706,99.15966386554622,74.9065720785922,92.28728277685585,71.3776811663788,89.20723576902898,0.5371941187530701
224.0,86.65897731641678,90.54209919261822,74.97134670487107,81.27507163323783,79.31345980126466,86.66064438422161,73.99289099526068,80.55390995260665,78.15126050420169,85.88235294117646,78.61758706440297,84.98281562077216,65.72765469824293,78.28222197970098,70.83467266688093,82.94653380477874,77.03290246768508,88.08930669800236,80.16046432229432,88.79481051553432,77.87575273442302,89.0991766007128,74.32628937790525,85.44240991974584,76.47193822115412,85.212612770259,0.5403964225039086,47.8723404255319,78.72340425531915,58.11403508771933,88.1578947368421,75.0,86.95652173913044,75.75757575757575,86.19528619528619,90.83333333333336,92.5,69.51545692083207,86.50662138531558,69.48051948051948,91.85360094451003,69.29590017825313,88.14616755793227,72.27443609022558,87.96992481203007,83.85416666666669,94.40104166666666,89.70588235294117,99.15966386554622,76.92218095372121,92.30607976933705,73.21881893727664,89.40635057732632,0.5260392678603151
225.0,82.48750480584391,92.4644367550942,82.97994269340975,85.70200573065902,78.90695573622402,88.19632640770853,77.21415876777255,81.27221563981041,75.94537815126051,80.71428571428572,79.50678803090214,85.66985404951157,66.60618792971735,78.20582778565972,73.29047465980926,85.2651880424301,73.73090481786136,82.0352526439483,79.47934448617278,88.35780129737113,77.58080373602066,86.64126828069313,74.13754312591628,84.10106761002046,76.82216557840921,84.88546082976602,0.5478643527893827,47.8723404255319,77.6595744680851,58.991228070175474,88.1578947368421,58.333333333333336,86.95652173913044,71.71717171717171,86.86868686868688,90.83333333333336,90.83333333333333,65.54948137590915,86.09520222921557,68.18181818181817,91.97166469893743,69.29590017825313,88.14616755793227,69.64285714285714,87.87593984962405,76.56250000000001,94.40104166666666,88.23529411764706,99.15966386554622,74.38367392411512,92.31089552774134,69.96657765001214,89.20304887847846,0.5439745533657754
226.0,86.8319876970396,94.50211457131871,80.47994269340974,85.05730659025788,81.97831978319782,90.45468232460102,74.60752369668249,81.85722748815166,77.49999999999999,86.72268907563026,80.27955477406593,87.71880400999191,65.09740259740259,80.22754556368001,69.19961427193827,83.57227043822995,74.60047003525266,86.1198589894242,80.94742232843976,90.1775349948788,77.48555978861988,87.53840481750032,73.46609380433063,85.52712296074264,76.87282428919828,86.62296348536728,0.5233332776783591,47.8723404255319,78.72340425531915,58.991228070175474,89.03508771929826,58.333333333333336,86.95652173913044,71.71717171717171,86.86868686868688,90.83333333333336,90.83333333333333,65.54948137590915,86.48340678315361,68.18181818181817,91.85360094451003,69.29590017825313,88.14616755793227,69.64285714285714,87.96992481203007,74.47916666666669,94.40104166666666,88.23529411764706,99.15966386554622,73.96700725744844,92.30607976933705,69.7582443166788,89.39474327624532,0.5472928479293818
227.0,86.13994617454826,93.6562860438293,77.55014326647566,84.39828080229226,74.79674796747966,83.58928033724781,71.24555687203794,82.0941943127962,77.45798319327731,83.65546218487394,77.43807549476377,85.47870073620791,67.67570664629488,76.87438611808359,69.52641165755918,80.83574413371906,75.41128084606348,84.98002350176263,75.8637760327757,89.06111300785251,81.62099053705298,90.14378763672116,74.01963314394925,84.37901087962777,75.72885431935651,84.92885580791784,0.5421963974057475,47.8723404255319,78.72340425531915,58.11403508771933,88.59649122807018,75.0,86.95652173913044,75.75757575757575,86.19528619528619,90.83333333333336,91.66666666666667,69.51545692083207,86.42767401689453,68.83116883116882,91.85360094451003,68.31550802139039,88.14616755793227,70.95864661654136,87.87593984962405,79.68750000000001,94.40104166666666,89.70588235294117,99.15966386554622,75.49974116440835,92.28728277685585,72.5075990426202,89.3574783968752,0.5330804135006995
228.0,81.79546328335257,89.23490965013457,78.69627507163325,89.82808022922636,77.05510388437216,84.22161999397771,77.59182464454979,80.80568720379146,72.47899159663865,76.47058823529412,77.52353169610929,84.11217706248485,65.85179526355996,80.98603077594674,71.16039858566376,83.68584592306868,73.02585193889544,84.05875440658049,80.90303857972006,88.71969955616251,81.32604153865061,88.65675310310924,74.45342518129796,85.22141675297354,75.98847843870362,84.66679690772919,0.5510864885093806,47.8723404255319,78.72340425531915,58.11403508771933,88.59649122807018,75.0,86.95652173913044,75.75757575757575,86.19528619528619,90.83333333333336,92.5,69.51545692083207,86.59434068356119,68.83116883116882,91.85360094451003,68.31550802139039,88.14616755793227,70.95864661654136,87.96992481203007,79.68750000000001,94.40104166666666,89.70588235294117,99.15966386554622,75.49974116440835,92.30607976933705,72.5075990426202,89.45021022644912,0.5312566606016728
229.0,82.66051518646675,90.77277970011534,79.47707736389685,86.71919770773638,78.68112014453476,84.37217705510388,67.64662322274884,75.97748815165876,78.19327731092439,86.34453781512606,77.33172264571431,84.83723608594808,67.11229946524064,79.74462512277638,70.67288117432764,81.5000535733419,77.09753231492364,84.71915393654524,79.81563673608741,90.11949470809151,77.67604768342142,88.13444758510506,74.47487947480015,84.84355498517202,75.90330106025723,84.84039553556005,0.5324301494995674,46.80851063829786,80.85106382978724,58.11403508771933,89.03508771929826,75.0,86.95652173913044,75.75757575757575,85.85858585858585,90.83333333333336,92.5,69.30269096338526,87.04025182936036,69.48051948051948,91.85360094451003,69.29590017825313,88.14616755793227,72.27443609022558,87.87593984962405,82.29166666666669,94.40104166666666,89.70588235294117,99.15966386554622,76.60968095372121,92.28728277685585,72.95618595855323,89.6637673031081,0.5265908789414271
230.0,91.34948096885813,96.38600538254518,75.19340974212035,89.01146131805157,76.64859981933152,88.88888888888889,68.97215639810429,76.21445497630333,73.08823529411764,83.10924369747899,77.05037644450638,86.7220108526536,65.6035141329259,77.1554076175925,73.12439729990355,83.9258544948034,76.65687426556994,83.72502937720328,82.58279276203484,90.7613519972687,79.62701241243703,88.66904264470935,75.51891817457424,84.84733722631545,76.2846473095403,85.78467403948451,0.5279770772939804,47.8723404255319,78.72340425531915,58.11403508771933,89.03508771929826,75.0,86.95652173913044,75.75757575757575,86.53198653198653,90.83333333333336,91.66666666666667,69.51545692083207,86.58273338248021,68.83116883116882,91.73553719008265,68.31550802139039,88.23529411764707,70.95864661654136,87.68796992481202,76.56250000000001,94.40104166666666,88.23529411764706,99.15966386554622,74.58062351734954,92.24390135295093,72.04804021909081,89.41331736771556,0.5350736396654823
231.0,81.44944252210689,90.77277970011534,84.19054441260747,92.43553008595988,81.16531165311652,84.91418247515809,74.37055687203794,78.16943127962085,73.78151260504201,82.10084033613447,78.99147361298216,85.67855277539773,68.62108479755537,82.06373458474299,69.03567984570876,79.49212471873996,74.38307873090486,84.92596944770858,75.12120177534996,87.81495390918403,80.59788619884478,87.98082831510385,73.55178626967275,84.45552219509588,76.27162994132746,85.0670374852468,0.5482677024352368,47.8723404255319,79.7872340425532,58.11403508771933,89.03508771929826,75.0,86.95652173913044,75.75757575757575,86.19528619528619,90.83333333333336,92.5,69.51545692083207,86.89482593925362,68.18181818181817,91.73553719008265,69.29590017825313,88.23529411764707,70.95864661654136,87.78195488721803,79.68750000000001,94.53125,89.70588235294117,99.15966386554622,75.56594946591078,92.2887400120988,72.54070319337143,89.59178297567621,0.530528978171557
232.0,87.35101883890812,94.92502883506344,76.83381088825215,76.79083094555874,80.75880758807587,88.58777476663656,75.55539099526068,81.54620853080569,80.35714285714288,88.10924369747899,80.17123423352794,85.99181735510868,64.21886936592819,76.45148968678382,72.3090110361084,82.46651666130933,74.81786133960048,84.23501762632198,82.62717651075455,88.9347900307272,77.09536684281677,89.43099422391545,74.21365701904168,84.30376164581155,77.19244562628481,85.1477895004601,0.5418419642411528,46.80851063829786,80.85106382978724,58.11403508771933,88.59649122807018,75.0,86.95652173913044,75.75757575757575,86.19528619528619,90.83333333333336,92.5,69.30269096338526,87.01987259845481,68.83116883116882,91.73553719008265,69.29590017825313,88.05704099821747,70.95864661654136,87.68796992481202,83.85416666666669,94.53125,91.17647058823529,99.15966386554622,76.82327057617307,92.23429239573167,73.06298076977916,89.62708249709324,0.5232821092057716
233.0,81.62245290272972,88.65820838139177,81.26074498567336,86.99140401146131,78.68112014453476,83.73983739837398,73.75592417061615,79.69490521327013,70.96638655462183,79.57983193277312,77.25732575163515,83.73283738745407,64.3239113827349,79.67914438502675,71.9779277831351,83.60227150969678,75.84606345475913,86.01880141010577,81.6012290884261,91.32809832707409,79.33206341403466,86.54909671869238,74.61623902461798,85.43548247011915,75.93678238812657,84.58415992878662,0.5440158573865125,47.8723404255319,80.85106382978724,58.11403508771933,89.03508771929826,75.0,86.95652173913044,75.75757575757575,85.85858585858585,90.83333333333336,92.5,69.51545692083207,87.04025182936036,68.18181818181817,91.73553719008265,68.31550802139039,87.96791443850267,70.95864661654136,87.78195488721803,79.68750000000001,94.53125,89.70588235294117,99.15966386554622,75.36987103453822,92.23526407626991,72.44266397768514,89.63775795281514,0.5322457091162174
234.0,81.62245290272972,84.3521722414456,81.40401146131806,86.73352435530086,78.27461607949411,88.40710629328515,75.79235781990523,82.10900473933648,75.29411764705883,80.4201680672269,78.4775111821012,84.40439513931899,69.88158899923606,82.15377059914874,71.81935069109609,83.48441015750564,74.3772032902468,83.04582843713278,80.75281666097645,91.72755206555138,80.97886198844783,88.62602924910901,75.56196432600065,85.80751810168951,77.01973775405092,85.10595662050426,0.5391203370489692,47.8723404255319,78.72340425531915,58.11403508771933,89.03508771929826,75.0,86.95652173913044,70.2020202020202,86.19528619528619,90.83333333333336,91.66666666666667,68.40434580972097,86.51539331514014,67.53246753246752,91.73553719008265,68.31550802139039,87.96791443850267,69.64285714285715,87.78195488721803,79.68750000000001,94.53125,89.70588235294117,99.15966386554622,74.97684300993124,92.23526407626991,71.6905944098261,89.37532869570504,0.5350006703733103
235.0,87.17800845828528,92.81045751633987,78.40974212034385,85.02865329512893,78.50045167118336,88.13610358325806,74.1335900473934,81.67950236966824,73.82352941176471,80.0,78.4090643417941,85.53094335287902,67.88579067990833,81.39528538688204,71.16682738669236,82.38937104896603,75.46415981198594,86.6439482961222,78.93137589621033,85.83817002389894,84.247880054074,89.13604522551309,75.5392067657742,85.08056399627647,76.97413555378415,85.30575367457774,0.5336714282312881,46.80851063829786,80.85106382978724,58.11403508771933,89.03508771929826,75.0,86.95652173913044,75.75757575757575,86.19528619528619,90.83333333333336,92.5,69.30269096338526,87.10759189670043,68.83116883116882,91.61747343565526,69.29590017825313,88.05704099821747,69.64285714285715,87.78195488721803,79.68750000000001,94.53125,89.70588235294117,99.15966386554622,75.43266170104405,92.2294766373274,72.36767633221466,89.66853426701391,0.5286696671485565
236.0,87.00499807766244,92.23375624759707,79.62034383954156,86.67621776504298,82.20415537488705,84.94429388738331,75.31842417061615,80.55390995260663,76.68067226890757,86.890756302521,80.16571874632295,86.25978683103021,66.58708938120704,77.95208992687984,73.12546876674165,85.78806385942356,72.0564042303173,83.59576968272621,80.61113007852511,90.69989757596448,80.98807914464791,88.6874769571095,74.6736343202878,85.34465960042071,77.41967653330538,85.80222321572546,0.525678355023588,46.80851063829786,80.85106382978724,58.11403508771933,89.03508771929826,75.0,86.95652173913044,75.75757575757575,86.53198653198653,90.83333333333336,92.5,69.30269096338526,87.1749319640405,69.48051948051948,91.61747343565526,69.29590017825313,87.96791443850267,70.95864661654136,87.78195488721803,80.20833333333334,94.53125,89.70588235294117,99.15966386554622,75.9298563923177,92.21165132538445,72.61627367785148,89.69329164471247,0.5280990615019151
237.0,88.38908112264515,96.2322183775471,84.90687679083095,85.91690544412609,81.9783197831978,87.41342968985244,74.1335900473934,81.47215639810426,78.27731092436974,84.87394957983193,81.53703573368742,87.18173189789236,61.51642475171886,73.46665939102914,71.9822136504875,84.34158362798672,74.54759106933022,85.62867215041129,80.40798907476956,88.54557869580061,82.98205726926386,89.89799680471918,74.287255163114,84.37609813398939,77.91214544840071,85.77891501594087,0.5307227054014492,46.80851063829786,80.85106382978724,58.11403508771933,89.03508771929826,75.0,86.95652173913044,75.75757575757575,86.86868686868688,90.83333333333336,92.5,69.30269096338526,87.24227203138057,69.48051948051948,91.49940968122787,69.29590017825313,88.05704099821747,72.27443609022558,87.68796992481202,82.29166666666669,94.53125,88.23529411764706,99.15966386554622,76.3155633066624,92.18706689396072,72.80912713502383,89.71466946267064,0.525110540305388
238.0,75.54786620530565,83.7370242214533,80.05014326647566,91.83381088825215,87.53387533875335,91.71936163806083,79.39129146919434,81.9164691943128,79.57983193277312,84.24369747899159,80.42060164250043,86.69007268421413,65.07830404889229,77.45279930153879,69.69356048430299,82.26722382942248,72.26792009400708,83.59106933019976,82.52987367702289,91.35199726869237,78.8988570726312,88.14059235590513,73.6937030753713,84.5607364171517,77.05715235893587,85.62540455068292,0.5244278459360919,46.80851063829786,80.85106382978724,58.11403508771933,89.03508771929826,75.0,86.95652173913044,75.75757575757575,86.53198653198653,90.83333333333336,92.5,69.30269096338526,87.1749319640405,68.83116883116882,91.49940968122787,69.29590017825313,88.14616755793227,70.95864661654136,87.59398496240601,83.85416666666669,94.53125,89.70588235294117,99.15966386554622,76.52915292911425,92.18609521342248,72.91592194624975,89.68051358873149,0.5215914100454884
239.0,87.00499807766245,89.85005767012687,83.40974212034385,89.61318051575931,80.5329719963866,85.3658536585366,76.02932464454979,82.53850710900473,78.19327731092437,87.35294117647058,81.03406282997341,86.94410802597963,66.94041252864781,80.09658408818072,72.63687988856744,84.97803492981892,75.1410105757932,85.1186839012926,84.55445544554458,91.58074428132468,76.36721150301094,85.750276514686,75.1279939883128,85.50486474306058,78.0810284091431,86.2244863845201,0.5210627903533009,46.80851063829786,80.85106382978724,58.11403508771933,89.03508771929826,75.0,86.95652173913044,75.75757575757575,86.53198653198653,90.83333333333336,92.5,69.30269096338526,87.1749319640405,68.83116883116882,91.49940968122787,69.29590017825313,88.14616755793227,69.64285714285715,87.59398496240601,81.77083333333334,94.53125,89.70588235294117,99.15966386554622,75.84932836771074,92.18609521342248,72.576009665548,89.68051358873149,0.5254502872783814
240.0,82.8335255670896,91.8877354863514,80.05014326647566,88.13753581661891,83.83017163504967,89.46100572116832,73.3782582938389,81.85722748815166,78.10924369747897,86.59663865546219,79.64026849198656,87.58802863355051,68.91711229946523,81.27796573174723,73.12546876674165,86.11164684453017,74.91774383078734,85.83783783783782,77.79105496756574,88.84602253328781,78.75138257343004,88.85953053951087,74.700552487598,86.18660069738277,77.17041048979229,86.88731466546665,0.5173220998137886,46.80851063829786,80.85106382978724,58.11403508771933,89.03508771929826,75.0,86.95652173913044,70.2020202020202,86.86868686868688,90.83333333333336,91.66666666666667,68.19157985227415,87.0756053647139,68.83116883116882,91.49940968122787,68.31550802139039,88.05704099821747,69.64285714285715,87.68796992481202,79.68750000000001,94.53125,89.70588235294117,99.15966386554622,75.23658326967151,92.18706689396072,71.71408156097283,89.63133612933731,0.5336634350098055
241.0,81.96847366397539,86.12072279892348,83.40974212034385,89.08309455587391,84.64317976513097,91.80969587473653,72.19342417061615,80.50947867298578,84.07563025210084,89.62184873949579,81.25808999443345,87.42896812840311,66.69213139801374,79.1962239441231,72.3068681024322,84.66088074574091,77.0916568742656,84.75910693301998,81.34516899965861,90.91157391601229,82.92982671746344,90.19294580312155,76.07313041836672,85.94414626840357,78.66561020640009,86.68655719840334,0.5149643410536598,46.80851063829786,80.85106382978724,58.11403508771933,89.03508771929826,75.0,87.68115942028987,75.75757575757575,86.86868686868688,90.83333333333336,92.5,69.30269096338526,87.38719956761246,69.48051948051948,91.49940968122787,69.29590017825313,88.05704099821747,69.64285714285715,87.78195488721803,80.20833333333334,94.66145833333333,88.23529411764706,99.15966386554622,75.37258085052204,92.23190555310859,72.33763590695365,89.80955256036052,0.5256636952603455
242.0,77.45098039215688,89.85005767012687,75.33667621776505,85.07163323782234,77.23577235772356,84.16139716952725,70.5346563981043,76.43661137440758,80.39915966386553,83.02521008403362,76.19144900592306,83.70898190718353,67.99083269671505,84.1236494597839,71.98114218364938,85.06589521054323,75.47591069330203,86.5358401880141,82.77739842949813,91.92557186753159,80.0602187538405,89.71979845151776,75.65710055140102,87.47415103547812,75.92427477866204,85.59156647133082,0.5325306443549235,46.80851063829786,80.85106382978724,58.11403508771933,89.03508771929826,75.0,87.68115942028987,75.75757575757575,86.86868686868688,90.83333333333336,93.33333333333333,69.30269096338526,87.55386623427913,69.48051948051948,91.49940968122787,69.29590017825313,88.14616755793227,69.64285714285715,87.96992481203007,82.29166666666669,94.66145833333333,88.23529411764706,99.15966386554622,75.78924751718871,92.28732485001396,72.54596924028698,89.92059554214654,0.5248292924606467
243.0,83.87158785082661,85.58246828143022,83.40974212034385,88.36676217765043,75.02258355916891,82.89671785606744,75.41469194312799,80.86492890995261,74.51680672268908,84.5798319327731,78.4470824392313,84.45814183157475,64.95416348357524,78.73785877987558,72.96474874102644,85.65520197149898,77.25616921269098,85.14218566392479,81.78729941959715,90.7715944008194,78.79439596903036,88.3495145631068,75.15135536518403,85.73127107584511,76.79921890220766,85.09470645370993,0.5276652509969829,46.80851063829786,80.85106382978724,57.236842105263186,89.03508771929826,75.0,87.68115942028987,75.75757575757575,86.86868686868688,90.83333333333336,92.5,69.12725236689403,87.38719956761246,68.83116883116882,91.49940968122787,69.29590017825313,88.14616755793227,70.95864661654136,87.87593984962405,82.29166666666669,94.66145833333333,89.70588235294117,99.15966386554622,76.21665292911425,92.26852785753275,72.67195264800414,89.8278637125726,0.5198478295297959
244.0,87.17800845828528,93.69473279507882,77.40687679083096,85.63037249283668,72.76422764227641,84.28184281842819,71.57879146919434,78.74703791469194,82.52100840336135,87.10084033613445,78.28978255278966,85.89096527143401,68.20091673032849,81.84819382298375,73.12546876674165,83.308689596057,75.7344300822562,85.73913043478261,79.61249573233187,89.86002048480711,77.78050878702224,89.4617180779157,74.8907640197361,86.04355048330923,76.59027328626289,85.96725787737162,0.5211940646106876,46.80851063829786,80.85106382978724,58.11403508771933,89.03508771929826,75.0,87.68115942028987,75.75757575757575,86.86868686868688,90.83333333333336,93.33333333333333,69.30269096338526,87.55386623427913,69.48051948051948,91.61747343565526,69.29590017825313,88.14616755793227,69.64285714285715,87.78195488721805,80.20833333333334,94.66145833333333,88.23529411764706,99.15966386554622,75.37258085052204,92.27334361593702,72.33763590695365,89.91360492510807,0.5256716418895878
245.0,81.44944252210689,85.9669357939254,77.40687679083096,84.15472779369628,85.0496838301716,90.45468232460102,74.60752369668249,80.03554502369668,78.84453781512605,84.91596638655462,79.4716129309836,85.1055714644948,65.30748663101605,78.83062315835426,72.3111539697846,80.85931640415728,77.52056404230319,85.82608695652173,83.51997268692388,90.07169682485491,81.4735160378518,86.64741305149319,76.0265386735759,84.44702727907628,77.74907580227975,84.77629937178554,0.5409995899465685,46.80851063829786,80.85106382978724,57.236842105263186,89.03508771929826,75.0,87.68115942028987,75.75757575757575,86.53198653198653,90.83333333333336,93.33333333333333,69.12725236689403,87.48652616693906,69.48051948051948,91.61747343565526,69.29590017825313,88.05704099821747,72.27443609022558,87.78195488721805,82.29166666666669,94.79166666666666,88.23529411764706,99.15966386554622,76.3155633066624,92.28155997066074,72.72140783677821,89.8840430687999,0.5199757940698585
246.0,88.04306036139947,90.23452518262206,84.90687679083095,83.810888252149,83.83017163504967,86.17886178861787,75.79235781990525,81.7239336492891,79.57983193277312,86.9327731092437,82.43045970799169,85.77619639638435,67.44652406417111,84.26825275564771,72.80188578163505,82.88438872816887,75.90481786133962,86.10340775558167,79.61249573233187,89.72686923864799,84.97603539387984,90.36499938552292,76.1483517666715,86.66958357271383,79.28940573733159,86.22288998454908,0.5171835692115545,46.80851063829786,80.85106382978724,57.236842105263186,89.03508771929826,75.0,88.4057971014493,75.75757575757575,86.86868686868688,90.83333333333336,93.33333333333333,69.12725236689403,87.698793770511,69.48051948051948,91.61747343565526,69.29590017825313,87.96791443850267,70.95864661654136,87.78195488721805,82.29166666666669,94.79166666666666,88.23529411764706,99.15966386554622,76.05240541192555,92.26373465871777,72.58982888940979,89.98126421461438,0.5227020582562661
247.0,76.239907727797,91.69550173010381,79.62034383954156,88.08022922636104,76.42276422764225,89.49111713339354,77.82879146919434,81.69431279620854,75.9873949579832,86.47058823529412,77.21984044443168,87.4863498242722,65.85179526355998,79.17439703153988,73.29047465980926,81.63934426229508,74.6533490011751,85.52526439482962,81.09764424718334,89.8566063502902,83.07730121666464,90.71525132112572,75.59411287767846,85.3821726720161,76.40697666105507,86.43426124814414,0.5152197426014499,46.80851063829786,80.85106382978724,58.11403508771933,89.03508771929826,75.0,87.68115942028987,73.23232323232324,87.54208754208754,90.83333333333336,92.5,68.79764045833475,87.52187970229258,70.12987012987011,91.61747343565526,68.31550802139039,87.96791443850267,69.64285714285715,87.78195488721805,78.12500000000001,94.921875,88.23529411764706,99.36974789915966,74.88970588235296,92.33179313210714,71.84367317034386,89.92683641719987,0.5370690394138887
248.0,80.75740099961554,87.77393310265282,77.55014326647566,86.93409742120343,82.15898825654921,87.44354110207769,71.48252369668249,78.68779620853081,81.86974789915968,87.73109243697479,78.76376082369651,85.7140920542879,65.39343009931245,76.54425406526248,71.65327333119038,85.25018750669668,74.33607520564044,85.8213866039953,82.23796517582795,90.38921133492659,80.30293720044244,87.19429765269754,74.78473620248273,85.03986743271571,76.77424851308962,85.3769797435018,0.5242582312991841,46.80851063829786,80.85106382978724,58.11403508771933,89.03508771929826,75.0,88.4057971014493,75.75757575757575,87.87878787878786,90.83333333333336,93.33333333333333,69.30269096338526,87.9008139725312,70.12987012987011,91.61747343565526,69.29590017825313,87.96791443850267,70.95864661654136,87.87593984962405,80.20833333333334,94.921875,88.23529411764706,99.36974789915966,75.765608875129,92.35059012458834,72.53414991925713,90.12570204855976,0.527890459501937
249.0,81.96847366397539,94.77124183006535,84.76361031518626,91.30372492836676,85.45618789521227,91.74947305028606,78.77665876777255,84.86374407582939,83.25630252100842,88.90756302521008,82.84424663263097,90.31914938195153,65.1642475171887,80.16752155407619,73.45012321868634,85.92306868102433,72.9142185663925,84.17626321974147,82.38818709457153,91.46807784226698,80.35516775224283,89.19134816271354,74.85438882981639,86.18525589196452,78.84931773122368,88.25220263695803,0.4898068603495478,46.80851063829786,80.85106382978724,58.11403508771933,89.03508771929826,75.0,88.4057971014493,75.75757575757575,87.87878787878786,90.83333333333336,93.33333333333333,69.30269096338526,87.9008139725312,68.83116883116882,91.61747343565526,68.31550802139039,88.05704099821747,70.95864661654136,87.87593984962405,80.20833333333334,94.921875,89.70588235294117,99.36974789915966,75.60390783107502,92.3684154365313,72.45329939723014,90.13461470453124,0.5251095476730361
250.0,82.31449442522107,90.3114186851211,83.12320916905445,90.45845272206304,83.83017163504967,87.50376392652815,80.33915876777255,85.4117298578199,83.38235294117648,85.96638655462185,82.59787738765483,87.93035034923082,67.32238349885408,76.67794390483466,71.65541626486657,82.09686060216437,73.45475910693304,84.80611045828437,82.43257084329126,92.32843974052578,79.38429396583508,89.88570726311909,74.84988473595601,85.15901239378566,78.72388106180543,86.54468137150823,0.5100974845572841,46.80851063829786,80.85106382978724,57.236842105263186,89.03508771929826,75.0,88.4057971014493,75.75757575757575,86.86868686868688,90.83333333333336,93.33333333333333,69.12725236689403,87.698793770511,68.83116883116882,91.61747343565526,69.29590017825313,88.05704099821747,70.95864661654136,87.87593984962405,81.77083333333334,94.921875,91.17647058823529,99.36974789915966,76.4066039095064,92.3684154365313,72.76692813820021,90.03360460352116,0.5197896033370667
251.0,81.79546328335256,86.42829680891964,79.04727793696276,82.75071633237823,80.93947606142726,86.05841613971694,76.88092417061615,80.4798578199052,78.97058823529413,84.87394957983193,79.52674593753058,84.1182473361504,69.91978609625667,81.96005674997271,74.2751526840244,84.35015536269152,75.68155111633375,84.92596944770858,81.74291567087745,91.53977466712188,80.15546270124125,91.61853262873295,76.3549736537467,86.87889777124553,77.94085979563863,85.49857255369797,0.5218948007132849,46.80851063829786,80.85106382978724,57.236842105263186,89.03508771929826,75.0,87.68115942028987,75.75757575757575,87.2053872053872,90.83333333333336,93.33333333333333,69.12725236689403,87.62120630161918,68.83116883116882,91.61747343565526,69.29590017825313,88.05704099821747,70.95864661654136,87.87593984962405,82.29166666666669,94.921875,88.23529411764706,99.36974789915966,75.92253528205542,92.3684154365313,72.52489382447473,89.99481086907524,0.5206389417626974
252.0,87.17800845828528,91.8877354863514,78.12320916905445,86.70487106017191,76.64859981933151,88.91900030111412,79.6282582938389,83.41232227488152,76.76470588235293,85.25210084033613,79.66855632457262,87.23520599257103,67.82849503437738,81.74178762414056,72.63473695489122,86.14379084967321,75.02937720329027,84.30787309048179,80.95595766473201,90.6384431546603,84.15263610667323,89.48629716111589,76.12024059279283,86.46363837601436,77.89439845868273,86.84942218429269,0.503595986971341,46.80851063829786,80.85106382978724,57.236842105263186,89.03508771929826,75.0,89.1304347826087,75.75757575757575,86.86868686868688,90.83333333333336,93.33333333333333,69.12725236689403,87.84372130674288,70.12987012987011,91.61747343565526,70.27629233511587,88.05704099821747,72.27443609022558,87.78195488721805,82.29166666666669,95.18229166666666,89.70588235294117,99.57983193277312,76.93562951496389,92.44371858410611,73.03144094092896,90.1437199454245,0.5114595565744755
253.0,83.52556708958095,93.31026528258361,76.69054441260747,83.78223495702005,83.01716350496837,88.5275519421861,70.63092417061614,78.51007109004739,80.35714285714285,90.04201680672269,78.84426840698316,86.83442801571198,67.76165011459129,81.18520135326858,71.9800707168113,84.3287260259295,76.1163337250294,86.31492361927144,82.1406623420963,88.74018436326392,79.86973085903895,90.67223792552538,75.57368955151345,86.24825465745177,77.20897897924831,86.54134133658187,0.511121182787322,46.80851063829786,80.85106382978724,58.11403508771933,89.03508771929826,75.0,86.95652173913044,75.75757575757575,87.54208754208754,90.83333333333336,93.33333333333333,69.30269096338526,87.54361883272735,70.12987012987011,91.61747343565526,70.27629233511587,87.87878787878788,70.95864661654136,87.78195488721805,80.20833333333334,95.18229166666666,88.23529411764706,99.36974789915966,75.96168730650155,92.3660511534975,72.6321891349434,89.95483499311243,0.5324976895824067
254.0,82.48750480584391,92.11841599384852,81.05300859598854,85.97421203438395,86.49503161698283,91.32791327913279,74.84449052132703,79.50236966824644,81.1344537815126,86.34453781512606,81.20289786433099,87.05348975814755,67.3414820473644,79.97380770490014,73.29154612664736,83.90228222436515,76.70975323149239,86.68390129259696,82.22942983953568,90.54967565722089,83.85768710827088,91.92577116873541,76.68597967066214,86.6070876095637,78.94443876749656,86.83028868385563,0.5149507364203642,46.80851063829786,80.85106382978724,57.236842105263186,89.03508771929826,75.0,89.1304347826087,75.75757575757575,87.2053872053872,90.83333333333336,93.33333333333333,69.12725236689403,87.91106137408295,70.12987012987011,91.61747343565526,70.27629233511587,87.96791443850267,70.95864661654136,87.87593984962405,82.29166666666669,95.18229166666666,88.23529411764706,99.57983193277312,76.37835397316822,92.44469026464435,72.75280317003111,90.17787581936365,0.5224225248659002
255.0,83.3525567089581,95.50173010380622,80.05014326647566,85.84527220630372,74.39024390243901,83.64950316169828,80.10219194312799,84.25651658767774,78.19327731092439,82.47899159663866,79.21768262638503,86.34640273122491,70.42589763177997,81.99006875477464,73.45333761920065,82.66795242687238,77.19741480611047,85.00117508813162,81.10617958347561,89.55616251280301,81.56875998525257,88.97013641391176,76.75031792516386,85.63709903929869,77.98400027577443,85.99175088526181,0.5206767427400287,46.80851063829786,80.85106382978724,57.236842105263186,89.03508771929826,75.0,89.1304347826087,75.75757575757575,87.54208754208754,90.83333333333336,93.33333333333333,69.12725236689403,87.97840144142302,69.48051948051948,91.61747343565526,70.27629233511587,87.96791443850267,70.95864661654136,87.78195488721805,82.29166666666669,95.18229166666666,88.23529411764706,99.57983193277312,76.24848384329809,92.42589327216315,72.68786810509606,90.20214735679309,0.5210134173282436
256.0,88.38908112264515,90.65743944636677,79.76361031518626,86.91977077363897,78.90695573622402,87.71454381210478,76.40699052132705,83.73815165876776,81.1344537815126,86.72268907563026,80.92021829537902,87.15051895330171,68.20091673032849,84.58747135217723,73.94621236472729,82.57580627879567,77.53231492361931,85.48531139835488,80.65551382724482,90.31751451007169,81.17856703944943,91.53250583753227,76.30270497707387,86.89972187538635,78.61146163622644,87.02512041434403,0.5067390303693645,46.80851063829786,80.85106382978724,58.11403508771933,89.03508771929826,75.0,86.95652173913044,73.23232323232324,87.87878787878788,90.83333333333336,92.5,68.79764045833475,87.44429223340076,70.77922077922078,91.61747343565526,69.29590017825313,87.96791443850267,69.64285714285715,87.87593984962405,80.20833333333334,95.18229166666666,88.23529411764706,99.57983193277312,75.6323211102623,92.44469026464435,72.21498078429852,89.94449124902255,0.5359379106697046
257.0,88.38908112264515,94.34832756632065,78.12320916905445,89.41260744985674,75.60975609756096,88.25654923215899,74.32612559241709,82.49407582938389,83.34033613445378,91.34453781512606,79.95770162322628,89.17121957856925,67.3414820473644,80.32303830623158,72.3057966355941,84.23229401050038,77.30317273795538,85.8683901292597,82.6357118470468,91.06520996927279,82.98205726926386,90.05161607472041,76.5136441074449,86.30810969799697,78.2356728653356,87.7396646382831,0.4992373117088978,46.80851063829786,80.85106382978724,57.236842105263186,89.03508771929826,75.0,89.1304347826087,75.75757575757575,87.54208754208754,90.83333333333336,93.33333333333333,69.12725236689403,87.97840144142302,69.48051948051948,91.61747343565526,69.29590017825313,88.14616755793227,70.95864661654136,87.87593984962406,81.77083333333334,95.18229166666666,91.17647058823529,99.57983193277312,76.53647403937653,92.48034088853028,72.83186320313527,90.22937116497664,0.5188694239064809
258.0,82.31449442522107,92.00307574009997,81.69054441260745,89.25501432664757,80.93947606142726,87.86510087323096,77.82879146919434,84.21208530805687,80.44117647058823,86.89075630252101,80.64289656780767,88.04520651011129,67.65660809778457,78.00665720833788,72.30472516875601,86.19522125790206,78.11985898942424,84.97062279670975,83.76749743939914,91.84704677364289,79.42730736143542,88.24505345950597,76.25519941135988,85.85292029921972,78.44904798958378,86.94906340466551,0.499030721836615,46.80851063829786,80.85106382978724,57.236842105263186,89.03508771929826,75.0,89.1304347826087,75.75757575757575,87.54208754208754,90.83333333333336,93.33333333333333,69.12725236689403,87.97840144142302,70.77922077922078,91.61747343565526,70.27629233511587,87.96791443850267,70.95864661654136,87.87593984962406,80.20833333333334,95.18229166666666,88.23529411764706,99.78991596638656,76.09155743637169,92.48670707136704,72.60940490163286,90.23255425639502,0.5251735177809181
259.0,88.73510188389082,93.38715878508266,76.54727793696277,86.80515759312321,79.90063233965671,89.15989159891599,74.84449052132705,79.75414691943128,84.07563025210084,88.57142857142858,80.82062658678764,87.53555669359635,70.76012223071045,82.84677507366584,74.92339012107574,83.29583199399978,76.32784958871919,86.62749706227967,80.95595766473201,90.3106862410379,82.10642743025686,91.08393756912868,77.01474940709885,86.83294558802238,78.91768799694324,87.18425114080937,0.49651463781315186,46.80851063829786,80.85106382978724,58.11403508771933,89.03508771929826,75.0,88.40579710144928,75.75757575757575,87.87878787878786,90.83333333333336,93.33333333333333,69.30269096338526,87.9008139725312,69.48051948051948,91.61747343565526,68.31550802139039,87.96791443850267,70.95864661654136,87.96992481203007,80.20833333333334,95.18229166666666,91.17647058823529,99.78991596638656,76.02789560800397,92.50550406384824,72.66529328569462,90.20315901818972,0.5261456636849864
260.0,81.96847366397539,92.34909650134564,80.47994269340974,86.4756446991404,76.01626016260161,85.09485094850947,71.95645734597159,78.06575829383885,78.88655462184875,83.23529411764706,77.86153769756142,85.04412891209628,64.88731856378915,76.25777583760777,71.49041037179899,81.37576342012214,77.1974148061105,85.26909518213866,82.73301468077844,89.6824854899283,79.5747818606366,88.47855474990783,75.17658805662273,84.21273493594094,76.51906287709207,84.62843192401861,0.5364395325201299,46.80851063829786,80.85106382978724,57.236842105263186,89.03508771929826,75.0,89.1304347826087,75.75757575757575,87.54208754208754,90.83333333333336,93.33333333333333,69.12725236689403,87.97840144142302,69.48051948051948,91.61747343565526,69.29590017825313,88.14616755793227,70.95864661654136,88.06390977443608,81.77083333333334,95.18229166666666,91.17647058823529,99.78991596638656,76.53647403937653,92.55995168021538,72.83186320313527,90.2691765608192,0.518917111709299
261.0,84.04459823144944,94.07920030757401,85.90974212034385,91.38968481375358,76.42276422764226,85.24540800963565,78.91735781990525,84.12322274881518,76.76470588235293,85.12605042016807,80.41183365633874,87.9927132599893,68.51604278074866,79.82920440903634,73.94406943105109,83.81870781099326,78.11985898942424,87.14218566392479,81.69853192215776,90.36872652782519,79.81750030723853,87.9869730859039,76.41920068612406,85.8291594995367,78.4155171712314,86.910936379763,0.5048334802211096,45.74468085106382,80.85106382978724,57.236842105263186,89.47368421052632,75.0,89.1304347826087,75.75757575757575,87.2053872053872,90.83333333333336,93.33333333333333,68.91448640944722,87.99878067232855,69.48051948051948,91.73553719008265,69.29590017825313,88.14616755793226,72.27443609022558,87.87593984962406,82.29166666666669,95.18229166666666,91.17647058823529,99.78991596638656,76.90379860078005,92.54597044613844,72.90914250511364,90.2723755592335,0.5115257096573222
262.0,87.87004998077663,90.73433294886581,84.90687679083095,91.6189111747851,81.75248419150856,87.20264980427582,72.57109004739338,79.79857819905214,80.44117647058823,85.67226890756302,81.50833549621954,87.00534820690838,70.63598166539343,83.00502018989414,71.9822136504875,83.92585449480339,77.41480611045833,84.84841363102234,81.1505633321953,89.98975759644931,80.7883740936463,91.60624308713285,76.39438777043617,86.67505779986041,78.95136163332785,86.8402030033844,0.5036219135104708,45.74468085106382,80.85106382978724,57.236842105263186,89.47368421052632,75.0,89.85507246376812,75.75757575757575,86.86868686868688,90.83333333333336,93.33333333333333,68.91448640944722,88.07636814122039,69.48051948051948,91.73553719008265,69.29590017825313,88.32442067736186,70.95864661654136,88.06390977443608,83.85416666666669,95.05208333333333,91.17647058823529,99.78991596638656,76.95314070604319,92.59317338832008,72.9338135577452,90.33477076477024,0.5104857030537162
263.0,88.04306036139947,95.84775086505189,80.19340974212035,88.59598853868195,78.68112014453476,88.70822041553748,82.13862559241709,86.7298578199052,78.19327731092437,86.72268907563026,81.44989863027921,89.32090134296136,67.97173414820472,80.23027392775293,71.32754741240757,84.47444551591128,76.70387779083434,84.32667450058754,83.37828610447254,91.92557186753157,78.6991520216296,87.59985252550081,75.61611949550975,85.71136366745682,78.53300906289448,87.5161325052091,0.4967702583718999,45.74468085106382,80.85106382978724,57.236842105263186,89.47368421052632,75.0,89.1304347826087,75.75757575757575,87.54208754208754,90.83333333333336,93.33333333333333,68.91448640944722,88.06612073966862,69.48051948051948,91.73553719008265,69.29590017825313,88.14616755793226,70.95864661654136,87.87593984962406,81.77083333333334,95.18229166666666,91.17647058823529,99.78991596638656,76.53647403937653,92.54597044613844,72.72548022441188,90.30604559290353,0.518654516630778
264.0,81.10342176086122,92.65667051134179,80.19340974212035,85.9025787965616,79.49412827461606,84.04095152062632,78.6803909952607,84.61196682464454,82.60504201680673,88.73949579831933,80.41527855793302,87.19033269029872,68.20091673032849,78.51413292589763,70.67180970748954,83.71584699453553,76.2220916568743,86.23266745005876,82.52987367702289,91.3178559235234,78.40420302322724,86.16812092908934,75.20577895898849,85.18972484462094,77.81052875846075,86.19002876745984,0.5090618818641944,45.74468085106382,80.85106382978724,57.236842105263186,89.47368421052632,75.0,89.1304347826087,75.75757575757575,87.2053872053872,90.83333333333336,93.33333333333333,68.91448640944722,87.99878067232855,69.48051948051948,91.73553719008265,69.29590017825313,88.23529411764706,70.95864661654136,88.06390977443608,81.77083333333334,95.18229166666666,91.17647058823529,99.78991596638656,76.53647403937653,92.60138974304381,72.72548022441188,90.30008520768618,0.514723159038427
265.0,82.48750480584391,89.27335640138408,80.33667621776505,85.4727793696275,79.49412827461606,84.4926227040048,74.46682464454979,81.39810426540285,84.76890756302521,87.26890756302521,80.31080830116,85.58115406068889,68.07677616501147,80.0474735348685,73.78227793849778,82.77938497803493,76.81551116333726,86.82021151586369,82.04335950836466,91.11642198702629,82.97284011306378,89.51702101511613,76.73815297765499,86.05610260618191,78.5244806394075,85.8186283334354,0.5141004258448878,45.74468085106382,82.97872340425532,57.236842105263186,89.91228070175438,75.0,89.1304347826087,75.75757575757575,86.86868686868686,90.83333333333336,93.33333333333333,68.91448640944722,88.44469181812771,70.12987012987011,91.73553719008265,69.29590017825313,88.23529411764706,72.27443609022558,87.96992481203007,82.29166666666669,95.18229166666666,89.70588235294117,99.78991596638656,76.73955108359134,92.58259275056261,72.82701874651929,90.51364228434517,0.5133518706425341
266.0,88.73510188389082,96.34755863129566,82.55014326647566,87.60744985673352,86.49503161698283,87.59409816320385,75.79235781990525,79.02843601895734,83.29831932773111,87.89915966386555,83.37419078299713,87.69534046681119,70.00572956455309,83.954490887264,73.12975463409406,83.44155148398157,77.79670975323153,85.39600470035252,81.93752133834074,91.29054284738818,80.45041169964361,87.51997050510015,76.66402539797261,86.3205120848173,80.01910809048488,87.00792627581424,0.4987855591092895,45.74468085106382,81.91489361702128,57.236842105263186,89.91228070175438,75.0,89.1304347826087,75.75757575757575,86.86868686868686,90.83333333333336,93.33333333333333,68.91448640944722,88.2319258606809,71.42857142857142,91.73553719008265,71.25668449197862,88.05704099821747,70.95864661654136,87.78195488721805,80.72916666666669,95.18229166666666,88.23529411764706,99.78991596638656,76.52167266428103,92.50934814171427,72.71807953686412,90.3706370011976,0.522774177421804
267.0,88.90811226451366,95.30949634755864,83.69627507163324,89.89971346704871,81.34598012646792,86.35953026196928,79.01362559241709,83.73815165876776,81.86974789915968,89.6218487394958,82.96674819083832,88.98574809496805,69.46142093200916,80.74047800938557,73.29261759348546,83.96871316832744,76.22796709753233,84.65099882491187,82.38818709457153,91.22226015705019,78.94187046823154,89.81811478431854,76.06241263716602,86.08011298879873,79.51458041400217,87.53293054188339,0.4908004431305354,45.74468085106382,82.97872340425532,57.236842105263186,89.91228070175438,75.0,89.85507246376812,75.75757575757575,86.86868686868686,90.83333333333336,93.33333333333333,68.91448640944722,88.5896193543596,70.12987012987011,91.61747343565526,70.27629233511587,88.05704099821747,72.27443609022558,87.87593984962406,82.29166666666669,95.18229166666666,89.70588235294117,99.78991596638656,76.93562951496389,92.50453238331,72.92505796220556,90.54707586883481,0.5101792545841528
268.0,82.14148404459823,95.15570934256057,81.83381088825217,88.22349570200572,78.04878048780485,87.11231556760012,75.08145734597159,82.92357819905214,78.23529411764706,84.70588235294117,79.0681653768548,87.62419623283193,70.84606569900687,83.97631779984721,73.78120647165967,83.52084003000108,77.79670975323153,86.94947121034077,80.85865483100036,90.0102424035507,79.67002580803737,91.34201794273072,76.59053251258715,87.15977787729409,77.82934894472098,87.39198705506301,0.49156528887079515,45.74468085106382,82.97872340425533,57.236842105263186,89.91228070175438,75.0,89.85507246376812,75.75757575757575,86.86868686868686,90.83333333333336,93.33333333333333,68.91448640944722,88.5896193543596,71.42857142857142,91.61747343565526,71.25668449197862,87.78966131907309,72.27443609022558,87.78195488721805,82.81250000000001,95.05208333333333,88.23529411764706,99.78991596638656,77.20149722568455,92.40621778833325,73.05799181756589,90.49791857134642,0.5208754271716953
269.0,86.3129565551711,96.0399846212995,84.04727793696276,87.10601719197709,82.7913279132791,87.68443239987954,78.91735781990525,83.93068720379146,75.3361344537815,85.37815126050421,81.48101093581994,88.02785453549036,70.74102368220014,81.84273709483793,72.47187399549982,84.76802742955107,78.01410105757934,87.16098707403054,82.23796517582795,90.73403892113349,81.37827209045103,89.52931055671624,76.96864720031166,86.80702021525386,79.2248290680658,87.41743737537212,0.5043243050060678,45.74468085106382,85.1063829787234,69.7368421052632,89.91228070175438,75.0,89.85507246376812,75.75757575757575,86.53198653198653,90.83333333333336,93.33333333333333,71.41448640944722,88.94781120191315,70.77922077922078,91.61747343565526,69.29590017825313,87.87878787878786,72.27443609022558,87.87593984962406,82.29166666666669,95.18229166666666,89.70588235294117,99.78991596638656,76.86942121346148,92.46888175942408,74.14195381145436,90.70834648066861,0.5059464509373662
270.0,81.44944252210689,93.57939254133026,84.62034383954156,92.67908309455588,77.6422764227642,89.79223125564589,71.24555687203792,76.89573459715639,82.56302521008404,86.80672268907563,79.50412897330692,87.95063283555281,66.67303284950344,79.23169267707082,72.80188578163505,84.20872174006215,75.99882491186841,87.52761457109284,84.20962785933767,91.86753158074427,82.73933882266192,90.10691901192085,76.4845420450013,86.58849591617819,77.99433550915411,87.2695643758655,0.4934885294605885,45.74468085106382,81.91489361702128,57.236842105263186,89.91228070175438,75.0,89.85507246376812,75.75757575757575,86.86868686868686,90.83333333333336,93.33333333333333,68.91448640944722,88.37685339691278,70.12987012987011,91.61747343565526,69.29590017825313,87.87878787878786,70.95864661654136,87.96992481203007,80.20833333333334,95.18229166666666,91.17647058823529,99.78991596638656,76.35384416924666,92.48767875190528,72.63416528934694,90.43226607440903,0.5158045244942974
271.0,88.04306036139947,94.96347558631297,78.26647564469916,88.29512893982809,81.75248419150856,90.93646492020476,72.57109004739338,77.88803317535545,78.97058823529413,86.17647058823529,79.92073969605894,87.65191464198732,66.9881588999236,82.369311360908,71.98435658416369,82.62509375334834,79.31257344300823,86.31022326674501,82.38818709457153,90.0034141345169,82.92982671746344,90.01474744992012,76.72062054782609,86.26455799308766,78.32068012194252,86.95823631753748,0.5040606882301064,45.74468085106382,84.04255319148936,69.7368421052632,89.91228070175438,75.0,89.85507246376812,75.75757575757575,86.53198653198653,90.83333333333336,93.33333333333333,71.41448640944722,88.73504524446635,70.77922077922078,91.61747343565526,69.29590017825313,87.87878787878786,72.27443609022558,87.96992481203007,83.85416666666669,95.3125,91.17647058823529,99.78991596638656,77.4760388605203,92.51372041857195,74.44526263498376,90.62438283151914,0.502031347996294
272.0,77.27797001153405,91.15724721261054,82.12034383954156,91.7621776504298,78.50045167118337,87.71454381210478,79.1543246445498,85.2191943127962,79.0126050420168,84.45378151260505,79.21313904176512,88.06138890010928,70.5309396485867,80.2111753792426,74.92981892210435,85.11946855244831,77.25616921269098,85.05522914218567,84.85489928303178,91.0754523728235,81.42128548605139,90.42030232272337,77.79862251049303,86.3763255538847,78.50588077612908,87.21885722699699,0.4978133357565337,45.74468085106382,84.04255319148936,57.236842105263186,89.91228070175438,75.0,89.85507246376812,75.75757575757575,86.86868686868686,90.83333333333336,93.33333333333333,68.91448640944722,88.8023853118064,72.07792207792207,91.61747343565526,68.0035650623886,87.78966131907309,72.27443609022558,87.87593984962406,80.72916666666669,95.18229166666666,89.70588235294117,99.78991596638656,76.55819445002882,92.45105644748114,72.73634042973802,90.62672087964377,0.5128206148309186
273.0,88.38908112264515,95.34794309880816,78.69627507163325,85.4297994269341,84.01084010840106,88.31677205660945,79.86522511848344,83.20497630331754,83.99159663865545,88.86554621848738,82.99060361196366,88.23300742083134,68.14362108479756,76.84164574920878,74.76588449587483,84.66730954676952,77.41480611045833,86.49588719153938,80.70843291225677,88.7196995561625,82.44438982425957,90.05161607472041,76.69542688552941,85.35523162368011,79.84301524874654,86.79411952225573,0.49491185913045693,45.74468085106382,84.04255319148936,57.236842105263186,89.91228070175438,75.0,89.85507246376812,75.75757575757575,87.2053872053872,90.83333333333336,93.33333333333333,68.91448640944722,88.86972537914647,72.07792207792207,91.61747343565526,70.27629233511587,87.78966131907309,72.27443609022558,87.87593984962406,80.72916666666669,95.3125,89.70588235294117,99.78991596638656,77.01273990457426,92.4770981141478,72.96361315701074,90.67341174664713,0.5153148523350167
274.0,88.73510188389082,97.8085351787774,83.12320916905445,87.24928366762178,83.6043360433604,89.76211984342065,75.31842417061615,78.70260663507109,79.66386554621849,87.3529411764706,82.08898736262806,88.17509730027231,70.5309396485867,81.93004474517079,74.1090753241187,83.25297332047572,76.81551116333726,85.26439482961223,80.35506998975761,90.67599863434619,81.95895293105568,87.96853877350375,76.75390981137119,85.81839006062174,79.42144858699962,86.99674368044703,0.4977375442660655,45.74468085106382,85.1063829787234,69.7368421052632,89.91228070175438,75.0,89.85507246376812,81.31313131313131,86.53198653198653,90.83333333333336,93.33333333333333,72.52559752055834,88.94781120191315,70.77922077922078,91.61747343565526,69.29590017825313,87.96791443850267,73.59022556390978,87.96992481203007,83.85416666666669,95.44270833333333,91.17647058823529,99.78991596638656,77.73919675525714,92.55758739718158,75.13239713790773,90.75269929954737,0.4976811629168326
275.0,89.08112264513649,94.00230680507498,81.05300859598854,85.8595988538682,77.82294489611562,85.54652213188798,77.9250592417062,83.16054502369668,76.02941176470587,83.78151260504201,80.38230942873054,86.47009708391397,68.66883116883116,80.69955254829205,73.28833172613305,82.94224793742634,78.88366627497064,87.98119858989423,81.93752133834074,91.35882553772619,86.04215312768834,93.41280570234731,77.76410072719278,87.27892606313722,79.07320507796166,86.8745115735256,0.4968311151974832,45.74468085106382,84.04255319148936,69.7368421052632,89.91228070175438,75.0,89.85507246376812,75.75757575757575,87.2053872053872,90.83333333333336,93.33333333333333,71.41448640944722,88.86972537914647,71.42857142857142,91.61747343565526,70.27629233511587,87.96791443850267,72.27443609022558,88.06390977443608,82.29166666666669,95.44270833333333,89.70588235294117,99.78991596638656,77.19536977470415,92.57638438966278,74.30492809207568,90.72305488440463,0.5077305772315033
276.0,89.08112264513649,95.73241061130335,80.47994269340974,84.26934097421204,88.52755194218605,87.59409816320385,76.88092417061615,81.51658767772511,76.68067226890757,87.77310924369748,82.3300427440512,87.37710933402838,69.10809778456837,81.90821783258758,72.63687988856744,84.24729454623379,77.25616921269098,85.77203290246769,79.13451689996587,89.4708091498805,83.90070050387122,90.0884846995207,76.40727285793278,86.29736782613804,79.368657800992,86.83723858008321,0.49942727748035726,45.74468085106382,84.04255319148936,69.7368421052632,89.91228070175438,75.0,89.85507246376812,75.75757575757575,87.2053872053872,90.83333333333336,93.33333333333333,71.41448640944722,88.86972537914647,71.42857142857142,91.73553719008265,68.0035650623886,87.78966131907309,72.27443609022558,87.78195488721805,82.81250000000001,95.57291666666666,89.70588235294117,100.0,76.84499098682537,92.57601401260808,74.1297386981363,90.72286969587728,0.5127711668772759
277.0,83.52556708958093,93.69473279507882,85.05014326647566,89.32664756446991,84.01084010840106,87.95543510990666,75.55539099526068,83.6048578199052,85.42016806722688,87.22689075630252,82.71242190538905,88.36171280913263,69.35637891520243,83.2505729564553,71.65541626486659,84.67159541412194,78.71327849588722,87.54406580493537,83.17514510071697,90.79207920792079,82.20167137765763,87.27417967309819,77.02037803086617,86.70649861130633,79.86639996812761,87.53410571021948,0.49613446431184854,45.74468085106382,85.1063829787234,69.7368421052632,89.91228070175438,75.0,89.85507246376812,75.75757575757575,86.86868686868686,90.83333333333336,93.33333333333333,71.41448640944722,89.01515126925322,71.42857142857142,91.73553719008265,71.25668449197862,87.96791443850267,73.59022556390978,88.06390977443608,82.29166666666669,95.57291666666666,91.17647058823529,99.78991596638656,77.94872374787236,92.62603880721494,74.6816050786598,90.82059503823407,0.4997849361475317
278.0,84.04459823144946,94.4636678200692,83.12320916905445,88.68194842406876,89.56639566395663,92.32158988256548,80.2428909952607,83.6196682464455,81.82773109243698,90.08403361344537,83.76096503043165,89.83418159731886,69.77654698242934,82.77310924369748,73.94621236472729,85.85878067073824,76.16921269095185,86.86251468860165,81.15909866848756,91.33834073062478,83.17254516406538,89.79968047191839,76.84472317413228,87.32648516111611,80.30284410228197,88.58033337921748,0.47751079957095605,45.74468085106382,84.04255319148936,69.7368421052632,89.91228070175438,75.0,89.85507246376812,75.75757575757575,87.2053872053872,90.83333333333336,93.33333333333333,71.41448640944722,88.86972537914647,71.42857142857142,91.73553719008265,70.27629233511587,87.78966131907309,72.27443609022558,88.0639097744361,82.29166666666669,95.57291666666666,89.70588235294117,100.0,77.19536977470415,92.6324049900517,74.30492809207568,90.75106518459909,0.513416622703756
279.0,82.31449442522107,93.69473279507882,81.05300859598854,87.14899713467048,80.12646793134596,84.0108401084011,76.26629146919433,85.44135071090048,82.60504201680673,88.94957983193278,80.47306088771133,87.84910011619674,70.11077158135981,79.38720942922623,75.25447337404904,85.16661309332476,77.25616921269098,86.02350176263221,83.71457835438719,91.00716968248548,80.9358485928475,90.05776084552046,77.4543682230669,86.32845096263783,78.96371455538912,87.08877553941728,0.4937417204658338,45.74468085106382,84.04255319148936,69.7368421052632,89.91228070175438,75.0,89.85507246376812,77.27272727272727,87.2053872053872,90.83333333333336,93.33333333333333,71.71751671247753,88.86972537914647,71.42857142857142,91.73553719008265,70.27629233511587,87.87878787878788,72.27443609022558,88.0639097744361,82.29166666666669,95.57291666666666,89.70588235294117,100.0,77.19536977470415,92.65023030199465,74.45644324359084,90.75997784057057,0.5122262757699493
280.0,88.73510188389082,96.27066512879662,85.90974212034385,88.93982808022923,78.45528455284551,87.68443239987957,78.77665876777256,81.93127962085308,77.5,84.32773109243698,81.87535746497055,87.83078726443908,70.63598166539343,83.56433482483902,72.63580842172934,83.52298296367728,78.61339600470038,86.94712103407755,81.45100716968251,89.53567770570162,86.91778296669534,90.45717094752365,78.05079524564022,86.80545749516384,79.96307635530539,87.31812237980145,0.49002088614491046,45.74468085106382,84.04255319148936,69.7368421052632,89.91228070175438,75.0,89.85507246376812,75.75757575757575,86.53198653198653,90.83333333333336,93.33333333333333,71.41448640944722,88.73504524446635,71.42857142857142,91.73553719008265,70.27629233511587,87.87878787878788,72.27443609022558,88.1578947368421,82.29166666666669,95.57291666666666,91.17647058823529,99.78991596638656,77.48948742176297,92.62701048775317,74.45198691560509,90.68102786610976,0.5055199532978062
281.0,89.0811226451365,97.38562091503267,80.33667621776505,85.5300859598854,78.68112014453476,86.66064438422161,80.19845971563984,82.59774881516589,78.19327731092437,88.69747899159664,81.2981312068001,88.17431581318044,70.07257448433919,80.45945650987667,74.43587270973961,86.63237972784744,79.2596944770858,85.66862514688603,82.19358142710824,91.55343120518948,79.03711441563232,88.73049035270985,76.99976750278104,86.6088765885019,79.14894935479057,87.39159620084118,0.483352960775079,45.74468085106382,84.04255319148936,69.7368421052632,89.91228070175438,75.0,89.85507246376812,77.27272727272727,86.86868686868686,90.83333333333336,93.33333333333333,71.71751671247753,88.8023853118064,72.07792207792207,91.73553719008265,68.0035650623886,87.87878787878788,72.27443609022558,87.87593984962407,82.81250000000001,95.57291666666666,89.70588235294117,100.0,76.9748611166955,92.61263631703225,74.34618891458652,90.70751081441932,0.5139376923629484
282.0,88.21607074202231,97.03960015378699,80.62320916905446,87.75071633237823,84.2366757000903,88.85877747666365,76.88092417061615,82.83471563981043,83.29831932773108,89.78991596638654,82.65103982190286,89.25474511380517,71.35217723453017,79.56182472989197,77.38240651451835,86.91203257259188,77.46768507638075,87.2032902467685,81.89313758962103,89.52202116763401,83.71021260906969,92.59555118594078,78.361123804824,87.15894398056544,80.50608181336344,88.20684454718531,0.47487041421207393,45.74468085106382,84.04255319148936,69.7368421052632,89.91228070175438,75.0,89.85507246376812,75.75757575757575,86.86868686868686,90.83333333333336,93.33333333333333,71.41448640944722,88.8023853118064,72.07792207792207,91.61747343565526,68.98395721925134,87.87878787878788,72.27443609022558,87.78195488721805,82.81250000000001,95.44270833333333,89.70588235294117,100.0,77.17093954806803,92.5441849069989,74.29271297875763,90.67328510940266,0.5102829780110455
283.0,88.38908112264515,94.73279507881584,86.19627507163325,91.89111747851003,82.56549232158986,88.97922312556457,73.28199052132705,81.27962085308057,81.13445378151262,85.46218487394958,82.31345856374158,88.46898828198411,69.2131398013751,82.13194368656553,74.2697953498339,84.92231865423764,75.1997649823737,85.55581668625148,80.55821099351316,91.05155343120519,80.59788619884478,88.56458154110852,75.96775946518812,86.44524279987368,79.14060901446484,87.4571155409289,0.5003495867842088,45.74468085106382,84.04255319148936,69.7368421052632,89.91228070175438,75.0,89.85507246376812,75.75757575757575,86.86868686868686,90.83333333333336,93.33333333333333,71.41448640944722,88.8023853118064,72.07792207792207,91.61747343565526,68.98395721925134,87.87878787878788,72.27443609022558,87.78195488721805,82.81250000000001,95.3125,89.70588235294117,100.0,77.17093954806803,92.51814324033224,74.29271297875763,90.66026427606931,0.5119513801923571
284.0,93.9446366782007,95.2326028450596,81.19627507163324,90.17191977077364,84.64317976513095,91.65913881361035,76.5032582938389,82.61255924170617,77.54201680672269,82.64705882352942,82.7658733231053,88.46465589893583,67.91443850267379,77.11175379242606,76.2359369977499,84.57730633236902,76.33372502937722,88.1645123384254,83.91771935814273,91.70706725844998,84.77633034287821,90.500184343124,77.83563004616437,86.41216481295889,80.30075168463483,87.43841035594735,0.4871157724126074,45.74468085106382,84.04255319148936,69.7368421052632,89.91228070175438,75.0,89.85507246376812,75.75757575757575,86.86868686868686,90.83333333333336,93.33333333333333,71.41448640944722,88.8023853118064,72.72727272727272,91.61747343565526,68.98395721925134,87.70053475935828,70.48872180451129,87.78195488721805,82.81250000000001,95.44270833333333,89.70588235294117,100.0,76.9436668207953,92.50853428311298,74.17907661512126,90.65545979745968,0.5103219811262534
285.0,85.08266051518648,94.42522106881968,83.98280802292265,89.92836676217766,81.75248419150856,89.12978018669075,80.24289099526068,87.3074644549763,85.50420168067228,90.4201680672269,83.31300908111014,90.24220010797826,67.49427043544691,79.61639201135,74.1069323904425,84.577306332369,78.93066980023504,86.18331374853115,82.6800955957665,92.63571184704676,84.04817500307239,88.93941255991152,77.45202864499267,86.39042729984169,80.3825188630514,88.31631370390997,0.475642248808176,45.74468085106382,84.04255319148936,69.7368421052632,89.91228070175438,75.0,89.85507246376812,75.75757575757575,86.86868686868686,90.83333333333336,93.33333333333333,71.41448640944722,88.8023853118064,71.42857142857142,91.73553719008265,68.98395721925134,87.96791443850267,73.59022556390978,88.1578947368421,82.29166666666669,95.57291666666666,89.70588235294117,100.0,77.20006064626807,92.68685260641882,74.30727352785765,90.74461895911261,0.5004308581742305
286.0,83.00653594771244,92.8873510188389,84.62034383954156,93.19484240687679,77.64227642276421,84.94429388738331,79.39129146919434,84.30094786729858,83.21428571428572,89.95798319327731,81.57494667869966,89.05708367473497,71.70550038197096,82.42115027829313,75.90699667845278,84.2408657452052,77.96122209165691,85.96944770857814,80.7613519972687,89.23864800273131,81.17856703944942,89.45557330711564,77.50272763775976,86.26513700838468,79.53883715822971,87.66111034155983,0.47737391856942774,45.74468085106382,84.04255319148936,69.7368421052632,89.91228070175438,75.0,89.85507246376812,77.27272727272727,86.86868686868686,90.83333333333336,93.33333333333333,71.71751671247753,88.8023853118064,72.07792207792207,91.61747343565526,68.0035650623886,87.70053475935828,72.27443609022558,87.78195488721805,80.72916666666669,95.44270833333333,89.70588235294117,100.0,76.55819445002882,92.50853428311298,74.13785558125318,90.65545979745968,0.5172587580578188
287.0,90.29219530949636,95.19415609381008,85.33667621776505,88.29512893982809,80.93947606142726,88.31677205660945,80.19845971563984,84.271327014218,81.91176470588233,90.71428571428571,83.73571440204216,89.35833396375027,71.8105423987777,83.85899814471243,73.94728383156539,85.31661845065895,78.93066980023504,85.37485311398355,81.05326049846366,90.53943325367018,82.78235221826226,90.04547130392037,77.7048217494608,87.0270748533891,80.72026807575148,88.19270440856968,0.4843310678575622,45.74468085106382,84.04255319148936,69.7368421052632,89.91228070175438,75.0,89.85507246376812,77.27272727272727,86.86868686868686,90.83333333333336,93.33333333333333,71.71751671247753,88.8023853118064,71.42857142857142,91.61747343565526,68.98395721925134,87.96791443850267,72.27443609022558,88.0639097744361,82.29166666666669,95.57291666666666,89.70588235294117,100.0,76.93690275153122,92.64444286305213,74.32720973200438,90.72341408742926,0.5102805857160043
288.0,89.77316416762783,95.84775086505189,80.76647564469916,84.94269340974212,80.5329719963866,87.05209274314964,76.97719194312799,84.84893364928911,83.99159663865545,86.97478991596638,82.40828007809941,87.93325211663982,67.86669213139801,82.03372257994107,73.12439729990355,84.74231222543663,78.60752056404232,86.62279670975323,85.4472516217139,90.3789689313759,81.51652943345213,90.51861865552415,77.31247821010199,86.8592838204062,79.8603791441007,87.396267968523,0.4854380743241434,45.74468085106382,84.04255319148936,69.7368421052632,89.91228070175438,75.0,89.85507246376812,75.75757575757575,86.86868686868686,90.83333333333336,93.33333333333333,71.41448640944722,88.8023853118064,71.42857142857142,91.73553719008265,70.27629233511587,87.96791443850267,72.27443609022558,88.1578947368421,83.85416666666669,95.57291666666666,91.17647058823529,100.0,77.80198742176297,92.68685260641882,74.60823691560509,90.74461895911261,0.5004544009923789
289.0,83.35255670895809,92.96424452133795,88.83954154727795,90.41547277936964,90.60523938572716,92.5022583559169,76.5032582938389,84.07879146919431,80.35714285714288,88.99159663865545,83.93154775858899,89.79047275289484,70.86516424751719,78.28767870784678,73.94406943105109,84.03728704596593,78.7720329024677,87.44770857814336,83.13076135199728,90.3516558552407,82.78235221826226,89.28351972471427,77.8988760302591,85.8815699823822,80.91521189442405,87.83602136763852,0.4731618644012964,45.74468085106382,84.04255319148936,57.236842105263186,89.91228070175438,75.0,89.85507246376812,73.23232323232324,86.53198653198653,90.83333333333336,92.5,68.40943590439672,88.56837857779968,71.42857142857142,91.61747343565526,68.0035650623886,87.78966131907309,70.95864661654136,87.78195488721805,82.29166666666669,95.57291666666666,89.70588235294117,100.0,76.47766642542184,92.55240126172262,72.44355116490928,90.56038991976115,0.5271870363084071
290.0,90.29219530949634,96.50134563629373,86.91260744985675,90.67335243553009,79.90063233965671,84.61306835290574,79.4875592417062,88.84774881516589,86.97478991596638,91.84873949579831,84.71355685133648,90.49685094713875,69.12719633307867,81.38164356651751,74.60087860280721,83.56369870352513,79.2596944770858,85.3090481786134,82.23796517582795,91.30761351997269,83.12031461226496,89.43099422391545,77.66920984021293,86.19859963850884,81.19138334577471,88.3477252928238,0.4702045888265673,45.74468085106382,84.04255319148936,69.7368421052632,89.91228070175438,75.0,89.85507246376812,77.27272727272727,86.86868686868686,90.83333333333336,93.33333333333333,71.71751671247753,88.8023853118064,73.37662337662336,91.38134592680048,68.98395721925134,87.70053475935828,68.703007518797,87.68796992481202,80.72916666666669,95.44270833333333,89.70588235294117,100.0,76.29972742685591,92.44251178886081,74.00862206966673,90.62244855033362,0.518557699225911
291.0,93.77162629757785,96.46289888504421,81.19627507163324,89.9570200573066,81.9783197831978,89.46100572116833,75.88862559241709,83.67890995260665,78.19327731092437,86.72268907563024,82.20562481115007,89.25650473835121,72.3357524828113,81.7881698133799,74.60087860280721,83.24225865209472,75.6286721504113,85.40775558166862,81.5397746671219,90.99351314441789,81.86370898365492,88.05456556470443,77.19375737736132,85.8972525512531,79.6996910942557,87.57687864480215,0.4826741105013892,45.74468085106382,84.04255319148936,69.7368421052632,89.91228070175438,75.0,89.85507246376812,77.27272727272727,86.53198653198653,90.83333333333336,93.33333333333333,71.71751671247753,88.73504524446635,72.72727272727272,91.38134592680048,68.98395721925134,87.5222816399287,72.27443609022558,87.78195488721805,80.72916666666669,95.44270833333333,89.70588235294117,100.0,76.88414301127149,92.42565815745611,74.30082986187452,90.58035170096123,0.5134304541466624
292.0,84.2176086120723,95.38638985005767,83.98280802292265,86.8051575931232,85.45618789521227,94.3089430894309,81.62026066350714,86.13744075829385,78.23529411764706,84.07563025210084,82.70243186227228,89.34271230860129,69.94843391902215,83.56979155298482,73.78227793849778,84.98232079717133,77.68507638072857,87.53231492361928,84.80198019801983,93.18880163878457,83.85768710827087,89.80582524271846,78.01509110890784,87.8158108310557,80.35876148559007,88.5792615698285,0.4731831312538281,45.74468085106382,84.04255319148936,69.7368421052632,89.91228070175438,75.0,89.85507246376812,77.27272727272727,86.86868686868686,90.83333333333336,93.33333333333333,71.71751671247753,88.8023853118064,74.02597402597402,91.26328217237308,68.98395721925134,87.5222816399287,70.48872180451129,87.68796992481202,82.81250000000001,95.3125,89.70588235294117,100.0,77.20340708053556,92.35720674742277,74.46046189650654,90.57979602961458,0.509811379230776
293.0,88.562091503268,95.57862360630527,85.62320916905445,90.85959885386818,90.3794037940379,90.63535079795241,76.64395734597159,82.864336492891,82.56302521008404,89.41176470588236,84.7543374044832,89.86993489137984,68.7738731856379,79.54818290952745,75.74949105325187,84.29443908711025,78.71327849588722,86.59224441833138,81.84021850460908,90.45749402526458,83.9007005038712,88.2880668551063,77.79551234865146,85.836085459068,81.27492487656733,87.85301017522391,0.47988991822336546,45.74468085106382,84.04255319148936,69.7368421052632,89.91228070175438,75.0,89.85507246376812,77.27272727272727,86.86868686868686,90.83333333333336,93.33333333333333,71.71751671247753,88.8023853118064,73.37662337662336,91.1452184179457,68.98395721925134,87.5222816399287,68.703007518797,87.68796992481202,82.81250000000001,95.44270833333333,89.70588235294117,100.0,76.71639409352257,92.35963566320395,74.21695540300004,90.58101048750518,0.5184258578595609
294.0,88.38908112264515,96.88581314878893,84.26934097421204,90.88825214899714,80.12646793134597,87.71454381210478,77.92505924170618,84.9377962085308,81.91176470588236,91.30252100840336,82.52434279515833,90.345785265365,72.08747135217723,82.11830186620102,76.2337940640737,85.46019500696454,78.17861339600472,86.62514688601645,83.46705360191193,91.70023898941618,78.60390807422884,90.32813076072263,77.71416809767928,87.24640270186416,80.1192554464188,88.79609398361458,0.4623264877438822,45.74468085106382,84.04255319148936,69.7368421052632,89.91228070175438,75.0,89.85507246376812,75.75757575757575,86.86868686868686,90.83333333333336,93.33333333333333,71.41448640944722,88.8023853118064,73.37662337662336,91.26328217237308,69.96434937611409,87.5222816399287,74.906015037594,87.78195488721805,82.81250000000001,95.57291666666666,89.70588235294117,100.0,78.15307402865452,92.4280870732373,74.78378021905087,90.61523619252185,0.5025480784804129
295.0,89.0811226451365,90.84967320261437,81.48280802292265,86.16045845272207,81.34598012646791,87.29298404095151,77.68809241706163,79.22097156398105,76.07142857142857,86.76470588235294,81.13388635660344,86.05775862852438,68.91711229946524,79.26716141001855,73.78120647165969,83.70727525983071,76.33372502937722,86.87896592244418,83.13076135199728,88.67872994195972,83.75322600467003,88.02384171070419,77.1832062314339,85.31119484899146,79.15854629401866,85.68447673875792,0.5097136953891056,45.74468085106382,84.04255319148936,69.7368421052632,89.91228070175438,75.0,89.85507246376812,75.75757575757575,86.53198653198653,90.83333333333336,93.33333333333333,71.41448640944722,88.73504524446635,74.02597402597402,91.26328217237308,69.96434937611409,87.5222816399287,74.906015037594,87.78195488721805,82.81250000000001,95.57291666666666,89.70588235294117,100.0,78.28294415852466,92.4280870732373,74.84871528398594,90.58156615885181,0.5003097852818086
296.0,94.98269896193771,97.77008842752787,79.62034383954156,89.08309455587393,81.34598012646791,84.34206564287865,76.02932464454979,80.18364928909953,81.1344537815126,86.72268907563026,82.62256027080191,87.62031739820205,70.40679908326968,84.5274473425734,75.26090217507766,83.72013286188793,78.50176263219744,87.98824911868391,84.35984977808127,91.0037555479686,85.55671623448445,90.24824874032198,78.8172059806221,87.49756672228716,80.71988312571202,87.5589420602446,0.4848744214218621,45.74468085106382,84.04255319148936,69.7368421052632,89.91228070175438,75.0,89.85507246376812,75.75757575757575,86.53198653198653,90.83333333333336,93.33333333333333,71.41448640944722,88.73504524446635,74.02597402597402,91.1452184179457,70.94474153297683,87.5222816399287,74.906015037594,87.78195488721805,82.81250000000001,95.57291666666666,89.70588235294117,100.0,78.4790225898972,92.40447432235183,74.94675449967221,90.5697597834091,0.4977185479772367
297.0,82.66051518646675,92.50288350634371,83.12320916905445,89.69914040114612,85.27551942186086,92.11080999698886,80.90936018957349,85.76718009478672,84.68487394957982,88.15126050420167,83.33069558330706,89.64625490069342,70.59778456837282,81.60809778456837,74.60302153648342,84.35444123004395,77.90246768507642,87.10928319623972,85.15534312051896,90.546261522704,81.36905493425095,90.63536930072507,77.92553436894052,86.85069060685622,80.62811497612378,88.24847275377482,0.47082863148164594,45.74468085106382,84.04255319148936,69.7368421052632,89.91228070175438,75.0,89.85507246376812,75.75757575757575,86.53198653198653,90.83333333333336,93.33333333333333,71.41448640944722,88.73504524446635,72.72727272727272,91.38134592680048,70.94474153297683,87.61140819964349,74.906015037594,87.87593984962407,82.29166666666669,95.57291666666666,91.17647058823529,100.0,78.40923331054911,92.48832212854693,74.91185985999817,90.61168368650664,0.4956609253823608
298.0,90.63821607074202,96.30911188004615,77.55014326647566,86.80515759312321,78.27461607949411,85.87774766636555,74.70379146919433,78.86552132701422,81.91176470588236,86.68067226890756,80.6157063183577,86.90764214709134,68.45874713521772,80.75957655789588,74.93196185578054,83.84228008143148,78.50176263219744,88.54524089306697,84.85489928303176,92.87470126322978,83.41526361066734,88.12830281430503,78.03252690337897,86.83002032198583,79.32411661086833,86.86883123453859,0.49553901651350923,45.74468085106382,84.04255319148936,69.7368421052632,89.91228070175438,75.0,90.57971014492753,74.24242424242425,86.86868686868686,90.83333333333336,93.33333333333333,71.11145610641692,88.94731284803828,73.37662337662336,91.1452184179457,70.94474153297683,87.61140819964349,74.906015037594,87.87593984962407,84.37500000000001,95.57291666666666,89.70588235294117,100.0,78.66165246002707,92.44109662677597,74.886554283222,90.69420473740712,0.4912104707174243
299.0,88.21607074202231,96.80891964628988,85.47994269340975,91.30372492836676,86.49503161698283,91.71936163806082,78.0657582938389,82.70142180094786,81.1344537815126,91.00840336134455,83.87825142555327,90.70836627500198,69.42322383498853,78.9015606242497,73.78120647165969,83.76727740276438,75.67567567567569,85.77438307873092,85.4472516217139,91.62512803004438,84.19564950227357,90.76440948752612,77.70460142126228,86.1665517246631,80.79142642340778,88.43745899983253,0.4644431824224345,45.74468085106382,84.04255319148936,69.7368421052632,89.91228070175438,75.0,89.85507246376812,77.27272727272727,86.86868686868686,90.83333333333336,93.33333333333333,71.71751671247753,88.8023853118064,73.37662337662336,91.1452184179457,70.94474153297683,87.5222816399287,74.906015037594,87.87593984962407,84.37500000000001,95.57291666666666,89.70588235294117,100.0,78.66165246002707,92.42327131483303,75.1895845862523,90.61282831331971,0.49678968403418355
300.0,89.9461745482507,95.92464436755095,87.34240687679085,87.16332378223495,84.01084010840106,89.55133995784402,76.88092417061614,83.98992890995261,79.0126050420168,84.49579831932773,83.4385901492151,88.22500706738205,71.26623376623377,81.41711229946524,75.91235401264329,84.82588663880853,79.63572267920097,87.26909518213866,81.946056674633,91.75145100716969,82.63487771906108,89.86727295071894,78.27904897035441,87.02616361566021,80.85881955978476,87.62558534152113,0.48526808608473093,45.74468085106382,84.04255319148936,69.7368421052632,90.35087719298245,75.0,90.57971014492753,77.27272727272727,86.86868686868686,90.83333333333336,93.33333333333333,71.71751671247753,89.0350321462839,74.02597402597402,91.1452184179457,70.94474153297683,87.5222816399287,74.906015037594,87.87593984962407,84.37500000000001,95.57291666666666,89.70588235294117,100.0,78.7915225898972,92.42327131483303,75.25451965118737,90.72915173055847,0.4988435160142277
301.0,89.600153787005,97.23183391003461,85.19340974212034,92.06303724928367,82.56549232158986,90.84613068352905,76.26629146919434,82.74585308056871,81.1344537815126,87.52100840336135,82.95196022028443,90.08157266535548,71.35217723453017,80.87143948488486,75.91235401264329,85.83735133397622,79.63572267920098,88.21151586368978,82.6357118470468,90.89791737794471,80.64089959444513,88.3863831879071,78.03537307357328,86.84092144968054,80.49366664692886,88.46124705751801,0.4689906300114816,45.74468085106382,84.04255319148936,69.7368421052632,89.91228070175438,75.0,90.57971014492753,77.27272727272727,86.86868686868686,90.83333333333336,93.33333333333333,71.71751671247753,88.94731284803828,74.02597402597402,91.1452184179457,69.96434937611409,87.4331550802139,73.59022556390978,87.87593984962407,84.37500000000001,95.57291666666666,89.70588235294117,100.0,78.33228626378781,92.40544600289006,75.02490148813267,90.67637942546418,0.5053856038610135
302.0,94.63667820069203,96.57823913879278,82.69340974212035,88.61031518624642,84.01084010840106,90.03312255344775,79.86522511848345,86.22630331753555,84.81092436974791,89.83193277310923,85.20341550788896,90.25598259382635,70.61688311688312,81.99552548292044,75.09268188149575,84.78517089896069,77.1974148061105,84.85781433607521,84.85489928303178,91.19153294639808,84.14341895047318,92.27602310433821,78.38105960759887,87.02121335373852,81.79223755774392,88.63859797378242,0.4654279626705218,45.74468085106382,84.04255319148936,69.7368421052632,90.35087719298245,75.0,90.57971014492753,75.75757575757575,86.86868686868686,90.83333333333336,93.33333333333333,71.41448640944722,89.0350321462839,74.02597402597402,91.02715466351829,70.94474153297683,87.5222816399287,73.12030075187971,87.78195488721805,82.81250000000001,95.57291666666666,89.70588235294117,100.0,78.12187973275435,92.38086157146634,74.7681830711008,90.70794685887512,0.4955467316394139
303.0,81.10342176086122,93.6562860438293,80.47994269340974,90.35816618911174,84.01084010840107,93.61638060825052,82.84952606635075,88.43305687203791,83.38235294117648,90.25210084033613,82.36521671403985,91.26319811071313,74.14056531703591,80.91236494597838,76.2359369977499,86.08593164041574,78.39600470035255,84.92361927144535,82.72447934448618,90.1741208603619,81.42128548605137,88.63217401990904,78.58365436913519,86.14564214762208,80.47443554158752,88.7044201291676,0.4607422139821156,45.74468085106382,84.04255319148936,69.7368421052632,90.78947368421052,75.0,90.57971014492753,77.27272727272727,86.53198653198653,90.83333333333336,93.33333333333333,71.71751671247753,89.05541137718946,74.67532467532467,90.79102715466351,70.94474153297683,87.34402852049911,72.65037593984964,87.59398496240601,82.81250000000001,95.44270833333333,89.70588235294117,100.0,78.15776490021847,92.23434979418039,74.937640806348,90.64488058568492,0.5013820377241428
304.0,88.21607074202231,94.19454056132255,85.47994269340975,92.89398280802293,82.38482384823845,87.74465522433003,79.25059241706164,85.2191943127962,88.36134453781513,90.16806722689076,84.73855484770945,90.04408802667248,73.47211611917494,83.78260395067116,75.09375334833385,84.99089253187614,77.90834312573446,89.41950646298473,84.51007169682488,91.93922840559918,83.5105075580681,87.87022244070295,78.89895836962724,87.60049075836683,81.81875660866834,88.82228939251965,0.46395979110237817,45.74468085106382,85.1063829787234,69.7368421052632,91.22807017543859,75.0,90.57971014492753,75.75757575757575,86.53198653198653,90.83333333333336,93.33333333333333,71.41448640944722,89.35589663288188,74.67532467532467,90.79102715466351,69.65240641711232,87.34402852049911,72.65037593984964,87.40601503759399,82.81250000000001,95.44270833333333,89.70588235294117,100.0,77.89929787704556,92.19675580921799,74.65689214324638,90.77632622104994,0.5028601999171677
305.0,89.77316416762783,96.07843137254902,84.19054441260747,92.9512893982808,87.30803974706411,95.33273110508883,78.53969194312799,81.07227488151658,81.1344537815126,89.83193277310924,84.189178810388,91.05333190610891,70.68372803666921,82.54665502564661,74.11014679095679,85.24590163934427,78.7250293772033,87.12103407755582,84.89928303175147,92.55718675315808,84.53361189627627,92.69386751874154,78.59035982657142,88.03292900288928,81.38976931847971,89.54313045449909,0.44733128636877545,45.74468085106382,84.04255319148936,69.7368421052632,90.78947368421052,75.0,89.85507246376812,77.27272727272727,86.53198653198653,90.83333333333336,93.33333333333333,71.71751671247753,88.91048384095757,74.67532467532467,90.79102715466351,68.67201426024957,87.34402852049911,72.65037593984964,87.68796992481202,82.81250000000001,95.57291666666666,89.70588235294117,100.0,77.703219445673,92.27918845332826,74.71036807907527,90.59483614714291,0.5059931832405058
306.0,83.17954632833526,92.96424452133795,80.47994269340974,88.25214899713468,85.23035230352302,92.68292682926828,72.76362559241709,80.02073459715639,79.66386554621849,82.98319327731093,80.26346649278074,87.38064964444165,71.35217723453017,78.98613991050965,76.40094289081752,85.58662809386051,78.44888366627498,86.1198589894242,82.43257084329126,89.75759644930011,84.19564950227357,90.1499324075212,78.5660448274375,86.12003117012314,79.41475566010911,86.7503404072824,0.5006773871164565,45.74468085106382,84.04255319148936,69.7368421052632,90.35087719298245,75.0,89.85507246376812,77.27272727272727,86.53198653198653,90.83333333333336,93.33333333333333,71.71751671247753,88.82276454271195,74.67532467532467,90.9090909090909,70.94474153297683,87.34402852049911,73.12030075187971,87.68796992481202,82.81250000000001,95.57291666666666,89.70588235294117,100.0,78.25174986262448,92.30280120421374,74.984633287551,90.56278287346285,0.5033617140733223
307.0,90.29219530949634,94.54056132256824,87.05587392550144,89.77077363896849,86.26919602529355,90.99668774465522,79.25059241706163,84.01954976303317,84.76890756302521,90.25210084033614,85.52735304807564,89.91593466191225,70.93200916730329,81.39801375095492,76.56273438337081,85.19018536376299,77.0329024676851,87.53936545240893,82.19358142710824,90.2116763400478,82.29691532505838,92.41120806193929,77.80362855410517,87.35008979382278,81.66549080109041,88.63301222786751,0.458716278013865,45.74468085106382,84.04255319148936,69.7368421052632,90.35087719298245,75.0,89.85507246376812,77.27272727272727,86.53198653198653,90.83333333333336,93.33333333333333,71.71751671247753,88.82276454271195,74.67532467532467,90.79102715466351,67.69162210338682,87.34402852049911,71.33458646616542,87.68796992481202,82.81250000000001,95.57291666666666,89.70588235294117,100.0,77.24398311956362,92.27918845332826,74.48074991602059,90.5509764980201,0.5090087302753297
308.0,95.50173010380621,97.80853517877739,83.69627507163324,88.32378223495702,85.6820234869015,91.47847034025895,73.85219194312799,83.66409952606635,82.6470588235294,87.85714285714286,84.27585588579966,89.82640602744053,71.66730328495034,81.11835643348249,77.38240651451835,87.96099860709312,78.06698002350178,88.0446533490012,81.59269375213385,90.20143393649708,78.6991520216296,90.45717094752365,77.4817071193468,87.5565226547195,80.87878150257322,88.69146434108,0.46462064144614523,45.74468085106382,84.04255319148936,69.7368421052632,90.35087719298245,75.0,89.85507246376812,74.24242424242425,86.53198653198653,90.83333333333336,93.33333333333333,71.11145610641692,88.82276454271195,74.67532467532467,90.79102715466351,71.92513368983958,87.34402852049911,74.43609022556392,87.68796992481202,82.81250000000001,95.703125,89.70588235294117,100.0,78.71098618873387,92.30523011999493,74.91122114757539,90.56399733135345,0.49570483626834444
309.0,89.94617454825068,96.73202614379083,91.05300859598854,94.15472779369627,83.60433604336042,85.81752484191509,79.34686018957349,81.84241706161137,86.15546218487395,90.08403361344538,86.02116831240942,89.7261458908918,70.57868601986249,81.28069409582015,73.29797492767595,82.62080788599593,78.93654524089308,88.41833137485312,85.10242403550701,92.82007511095937,86.18962762688953,91.35430748433085,78.82105157016562,87.29884319039188,82.42110994128751,88.51249454064184,0.4583676562228991,45.74468085106382,84.04255319148936,69.7368421052632,90.35087719298245,75.0,89.85507246376812,77.27272727272727,86.53198653198653,90.83333333333336,93.33333333333333,71.71751671247753,88.82276454271195,74.67532467532467,90.79102715466351,71.92513368983958,87.34402852049911,74.43609022556392,87.68796992481202,82.81250000000001,95.703125,89.70588235294117,100.0,78.71098618873387,92.30523011999493,75.2142514506057,90.56399733135345,0.4969416996978991
310.0,94.8096885813149,97.27028066128412,87.34240687679085,91.31805157593124,86.26919602529358,91.74947305028606,79.48755924170618,84.01954976303317,81.17647058823529,87.6470588235294,85.81706426266815,90.4008827748128,71.98242933537051,82.29291716686674,74.27408121718632,84.02657237758491,78.7720329024677,88.1316098707403,81.9904404233527,90.70672584499829,82.68710827086151,89.88570726311909,77.94121842984775,87.00870650466186,81.87914134625795,88.70479463973733,0.45712181006844227,45.74468085106382,84.04255319148936,69.7368421052632,90.35087719298245,75.0,89.85507246376812,77.27272727272727,86.53198653198653,90.83333333333336,93.33333333333333,71.71751671247753,88.82276454271195,74.67532467532467,90.67296340023613,68.67201426024957,87.34402852049911,72.65037593984964,87.68796992481202,82.81250000000001,95.57291666666666,89.70588235294117,100.0,77.703219445673,92.25557570244277,74.71036807907527,90.53917012257736,0.509205302046161
311.0,83.17954632833526,89.08112264513647,84.69914040114612,90.65902578796562,84.82384823848236,91.38813610358325,77.21415876777255,84.44905213270142,84.81092436974791,87.60504201680672,82.94552362109684,88.6364757372387,73.7012987012987,83.33242387864237,73.9483552984035,82.65723775849136,79.20681551116337,86.0,84.51007169682487,91.09252304540799,82.14944082585721,92.96423743394372,78.70319640670952,87.20928442329708,80.82436001390317,87.92288008026789,0.4722678350449228,45.74468085106382,84.04255319148936,69.7368421052632,90.35087719298245,75.0,89.85507246376812,77.27272727272727,86.53198653198653,90.83333333333336,93.33333333333333,71.71751671247753,88.82276454271195,75.32467532467531,90.67296340023613,68.67201426024957,87.34402852049911,72.65037593984964,87.5,82.81250000000001,95.83333333333333,89.70588235294117,100.0,77.83308957554314,92.27006505081371,74.77530314401034,90.54641479676283,0.5087402176477577
312.0,89.600153787005,97.19338715878509,85.90974212034385,92.63610315186246,82.38482384823847,89.15989159891599,83.93809241706164,88.13684834123224,82.60504201680673,86.21848739495798,84.88757083789113,90.66894352915074,72.75592055003818,82.06919131288879,73.9483552984035,84.77017036322727,77.5793184488837,87.84018801410105,85.44725162171393,92.42062137248207,81.75924788005409,92.07939043873662,78.29801875981869,87.83591230028716,81.59279479885491,89.25242791471895,0.45489071009939364,45.74468085106382,84.04255319148936,69.7368421052632,90.35087719298245,75.0,89.85507246376812,77.27272727272727,86.53198653198653,90.83333333333336,93.33333333333333,71.71751671247753,88.82276454271195,75.32467532467531,90.67296340023613,68.67201426024957,87.34402852049911,72.65037593984964,87.59398496240601,82.81250000000001,95.83333333333333,89.70588235294117,100.0,77.83308957554314,92.28886204329491,74.77530314401034,90.55581329300344,0.5074681001944393
313.0,88.73510188389082,96.50134563629373,83.55300859598854,89.64183381088824,82.15898825654921,89.85245408009635,79.10989336492894,82.1978672985782,83.34033613445378,89.57983193277312,83.37946564716226,89.55466655172593,70.76967150496563,83.08414274800829,76.89596057002032,85.65734490517518,79.14806110458287,87.53701527614571,83.31683168316833,89.863434619324,83.32001966326658,89.3388226619147,78.69010890520074,87.09615204211357,81.0347872761815,88.32540929691976,0.461279759683466,45.74468085106382,84.04255319148936,69.7368421052632,90.35087719298245,75.0,89.85507246376812,77.27272727272727,86.53198653198653,90.83333333333336,93.33333333333333,71.71751671247753,88.82276454271195,75.97402597402596,90.67296340023613,71.92513368983958,87.34402852049911,74.43609022556392,87.68796992481202,82.81250000000001,95.83333333333333,89.70588235294117,100.0,78.97072644847412,92.30765903577611,75.34412158047583,90.56521178924403,0.495767951569375
314.0,95.15570934256058,98.11610918877355,87.19914040114615,93.18051575931233,84.01084010840106,88.04576934658236,78.91735781990525,85.35248815165876,76.11344537815127,84.78991596638656,84.27929861003285,89.8969596825427,72.42169595110771,83.92720724653498,72.96260580735024,83.319404264438,78.06698002350178,85.96944770857814,83.61727552065553,91.5500170706726,86.52759002089223,92.44193191593953,78.7192294647015,87.44160164123267,81.49926403736717,88.66928066188768,0.46079355984642983,45.74468085106382,84.04255319148936,69.7368421052632,90.35087719298245,75.0,89.85507246376812,77.27272727272727,86.19528619528619,90.83333333333336,93.33333333333333,71.71751671247753,88.75542447537188,75.32467532467531,90.67296340023613,70.94474153297683,87.34402852049911,74.906015037594,87.87593984962406,84.37500000000001,95.703125,89.70588235294117,100.0,79.05126284963747,92.31921135407185,75.38438978105751,90.53731791472187,0.5002109564570416
315.0,94.8096885813149,97.38562091503267,86.05300859598856,88.16618911174785,86.26919602529355,91.26769045468232,77.59182464454979,84.58234597156398,76.80672268907564,82.18487394957984,84.30608810724448,88.71734408052134,68.00038197097021,80.80323038306231,74.59766420229292,83.81442194364085,78.39600470035255,87.09048178613396,81.65414817343807,89.56981905087059,79.08012781123264,86.93007250829542,76.34566537165726,85.64160513440063,80.32587673945088,87.17947460746099,0.4822797451336641,45.74468085106382,84.04255319148936,69.7368421052632,89.91228070175438,75.0,89.85507246376812,77.27272727272727,86.19528619528619,90.83333333333336,93.33333333333333,71.71751671247753,88.66770517712628,74.67532467532467,90.79102715466351,70.94474153297683,87.4331550802139,74.906015037594,87.96992481203007,85.93750000000001,95.703125,91.17647058823529,100.0,79.52801036682617,92.37944640938149,75.62276353965186,90.52357579325388,0.4924344930974632
316.0,90.11918492887351,93.19492502883506,88.98280802292264,90.78796561604582,83.19783197831977,89.09966877446551,78.77665876777255,85.36729857819904,86.19747899159664,90.46218487394958,85.45479253789702,89.78240857429901,72.65087853323148,83.73895012550474,77.38240651451837,86.03450123218687,78.71915393654527,86.14101057579319,83.86480027313077,90.08535336292249,79.375076809635,85.8608823890869,78.39846321341217,86.37213953709883,81.92662787565459,88.07727405569892,0.465103938785321,45.74468085106382,84.04255319148936,69.7368421052632,90.35087719298245,75.0,89.85507246376812,77.27272727272727,86.53198653198653,90.83333333333336,93.33333333333333,71.71751671247753,88.82276454271195,75.97402597402596,90.67296340023613,68.67201426024957,87.34402852049911,74.43609022556392,87.78195488721803,82.81250000000001,95.96354166666667,89.70588235294117,100.0,78.32010256255612,92.35249769492398,75.01880963751682,90.58763111881797,0.5041825092170551
317.0,94.46366782006922,98.73125720876585,85.12893982808023,93.66762177650429,87.71454381210478,91.62902740138512,84.6489928909953,89.39573459715639,84.07563025210084,88.73949579831933,87.20635492067007,92.43262735642618,71.87738731856379,82.53574156935501,75.25661630772525,84.61587913854065,79.31257344300826,88.3196239717979,83.82041652441107,91.50221918743598,81.36905493425097,85.48605137028389,78.32720970559187,86.49190304748268,82.76678231313096,89.46226520195444,0.4414675518721036,45.74468085106382,84.04255319148936,69.7368421052632,89.91228070175438,75.0,89.85507246376812,77.27272727272727,86.53198653198653,90.83333333333336,93.33333333333333,71.71751671247753,88.73504524446635,75.97402597402596,90.67296340023613,70.94474153297683,87.34402852049911,74.906015037594,87.96992481203007,84.37500000000001,95.96354166666667,91.17647058823529,100.0,79.47525062656642,92.3900916798864,75.59638366952197,90.56256846217637,0.5028902528491747
318.0,93.59861591695503,95.80930411380237,86.48280802292264,90.35816618911176,80.30713640469736,88.70822041553748,79.3468601895735,83.38270142180095,79.74789915966387,88.8655462184874,83.89666393876247,89.42478767174799,69.2131398013751,80.82232893157261,75.9155684131576,83.4651237544198,79.69447708578146,87.30434782608695,86.6319562990782,91.41003755547969,82.87759616566302,87.98082831510385,78.86654755301107,86.19653327653258,81.38160574588677,87.81066047414029,0.46569313554904723,45.74468085106382,84.04255319148936,69.7368421052632,90.35087719298245,75.0,90.57971014492753,77.27272727272727,86.19528619528619,90.83333333333336,93.33333333333333,71.71751671247753,88.90035201160376,76.6233766233766,90.67296340023613,71.92513368983958,87.34402852049911,76.22180451127821,87.96992481203007,84.37500000000001,95.96354166666667,89.70588235294117,100.0,79.77023943548711,92.3900916798864,75.74387807398233,90.64522184574508,0.4979629194937814
319.0,84.2176086120723,94.19454056132257,84.26934097421204,91.64756446991404,83.19783197831977,89.15989159891599,78.30272511848344,81.47215639810426,81.26050420168069,89.66386554621847,82.24960217695364,89.22760371489507,70.78877005347593,82.75401069518718,75.58555662702237,86.65809493196186,79.80023501762635,86.44183313748532,84.8019801980198,91.72072379651759,86.52759002089222,91.77215189873418,79.50082638340733,87.86936289197722,80.87521428018049,88.54848330343614,0.459488977772671,45.74468085106382,84.04255319148936,69.7368421052632,90.35087719298245,75.0,89.85507246376812,77.27272727272727,86.53198653198653,90.83333333333336,93.33333333333333,71.71751671247753,88.82276454271195,75.97402597402596,90.67296340023613,70.94474153297683,87.34402852049912,74.906015037594,87.96992481203007,84.37500000000001,95.83333333333333,91.17647058823529,100.0,79.47525062656642,92.36405001321972,75.59638366952197,90.59340727796584,0.4932693054803334
320.0,88.73510188389082,94.88658208381392,83.55300859598854,88.59598853868195,87.71454381210478,92.5022583559169,79.01362559241709,86.86315165876778,76.80672268907563,83.0252100840336,83.16460051469538,89.17463814424283,71.56226126814363,83.05958747135219,72.96689167470265,84.86017357762778,77.14453584018804,87.04347826086956,81.84875384090135,91.11300785250938,85.26176723608211,92.26373356273811,77.75684197200356,87.6679961450194,80.46072124334947,88.42131714463112,0.4681492959829884,45.74468085106382,84.04255319148936,69.7368421052632,90.78947368421052,75.0,90.57971014492753,74.24242424242425,85.85858585858585,90.83333333333336,93.33333333333333,71.11145610641692,88.92073124250932,75.97402597402596,90.67296340023613,70.94474153297683,87.34402852049912,74.906015037594,87.96992481203007,85.93750000000001,95.83333333333333,91.17647058823529,100.0,79.78775062656642,92.36405001321972,75.44960336649167,90.64239062786453,0.4830349991079955
321.0,88.562091503268,95.69396386005383,85.19340974212037,92.89398280802293,87.08220415537487,86.02830472749172,78.8729265402844,84.41943127962087,79.05462184873949,85.96638655462185,83.75305075795742,89.00041384596224,73.05194805194806,81.99552548292044,76.07093110468229,82.8972463302261,79.80023501762635,87.56521739130434,84.85489928303176,92.85763059064527,82.24468477325799,87.02224407029618,79.20453964610928,86.46757277307847,81.47879520203335,87.73399330952036,0.4630430963644802,45.74468085106382,84.04255319148936,69.7368421052632,90.35087719298245,75.0,89.85507246376812,74.24242424242425,85.85858585858585,86.66666666666669,93.33333333333333,70.2781227730836,88.68808440803181,75.97402597402596,90.67296340023613,70.94474153297683,87.34402852049912,74.906015037594,87.96992481203007,85.93750000000001,95.96354166666667,91.17647058823529,100.0,79.78775062656642,92.39009167988641,75.032936699825,90.53908804395911,0.48206079908169813
322.0,95.15570934256056,97.19338715878509,87.05587392550143,91.46131805157593,80.5329719963866,92.53236976814212,79.76895734597159,85.24881516587678,81.17647058823529,88.19327731092437,84.73799663973111,90.92583349106084,73.22383498854087,81.37345847429881,75.25661630772525,85.38304939462124,77.90834312573446,86.13631022326675,85.84499829293277,91.1847046773643,83.26778911146616,90.50632911392404,79.1003163652799,86.91677037669503,81.9191565025055,88.92130193387794,0.44934827840343167,45.74468085106382,84.04255319148936,69.7368421052632,90.35087719298245,75.0,90.57971014492753,74.24242424242425,85.85858585858585,90.83333333333336,93.33333333333333,71.11145610641692,88.83301194426369,76.6233766233766,90.55489964580875,69.65240641711232,87.25490196078431,74.43609022556392,87.78195488721803,84.37500000000001,95.96354166666667,91.17647058823529,100.0,79.25266877085764,92.31105963209555,75.18206243863727,90.57203578817962,0.48759695985138163
323.0,95.15570934256056,96.77047289504036,85.47994269340975,88.55300859598853,79.08762420957541,90.09334537789823,78.68039099526068,84.25651658767774,82.56302521008404,86.13445378151259,84.19333849017809,89.16155944762349,73.01375095492743,83.72530830514023,77.05775206257364,85.37876352726884,78.7720329024677,85.85193889541716,85.00512120177535,89.8770911573916,83.9007005038712,89.4248494531154,79.54987152512305,86.85159026766664,81.87160500765057,88.00657485764506,0.4687514079691116,45.74468085106382,84.04255319148936,69.7368421052632,90.78947368421052,75.0,89.85507246376812,77.27272727272727,86.53198653198653,90.83333333333336,93.33333333333333,71.71751671247753,88.91048384095757,72.72727272727272,90.43683589138134,70.63279857397505,87.07664884135473,71.33458646616542,87.5,82.81250000000001,95.83333333333333,89.70588235294117,100.0,77.44260802407088,92.16936361321387,74.58006236827421,90.53992372708572,0.5103164294119659
324.0,90.4652056901192,97.38562091503267,82.62893982808023,88.96848137535817,82.15898825654921,87.74465522433002,79.4875592417062,86.16706161137441,85.50420168067228,88.8655462184874,84.04897893942542,89.82627306891654,74.33155080213902,84.74571646840555,73.94514089788919,84.23443694417657,79.69447708578146,87.68272620446534,83.6258108569478,91.74120860361897,83.5627381098685,92.77374953914219,79.0319435505252,88.23556755196174,81.54046124497532,89.03092031043914,0.45878031486326776,45.74468085106382,84.04255319148936,69.7368421052632,90.35087719298245,75.0,89.85507246376812,77.27272727272727,86.53198653198653,90.83333333333336,93.33333333333333,71.71751671247753,88.82276454271195,76.6233766233766,90.43683589138134,69.65240641711232,87.16577540106951,72.65037593984964,87.68796992481202,82.81250000000001,95.96354166666667,89.70588235294117,100.0,78.28890826665595,92.2508245767859,75.00321248956675,90.53679455974893,0.500046159539968
325.0,89.08112264513649,93.84851980007689,86.05300859598856,89.64183381088824,85.86269196025292,89.00933453778983,77.82879146919434,85.07109004739337,82.60504201680673,90.67226890756302,84.28613133747581,89.64860942074228,72.69862490450726,82.84677507366582,77.54848387442406,84.4894460516447,79.7473560517039,89.28789659224442,85.9866848753841,90.8808467053602,82.63487771906108,91.07164802752858,79.72320548501608,87.71532249008874,82.00466841124594,88.6819659554155,0.46111734966096934,45.74468085106382,84.04255319148936,69.7368421052632,90.35087719298245,75.0,90.57971014492753,77.27272727272727,85.85858585858585,90.83333333333336,93.33333333333333,71.71751671247753,88.83301194426369,76.6233766233766,90.43683589138134,69.65240641711232,87.16577540106951,76.22180451127821,88.0639097744361,84.37500000000001,95.96354166666667,91.17647058823529,100.0,79.60981162800049,92.32601254671073,75.663664170239,90.57951224548721,0.4916599779990123
326.0,89.77316416762787,97.34717416378315,90.90974212034385,93.49570200573066,83.19783197831975,92.65281541704307,79.25059241706163,84.8489336492891,84.03361344537815,88.9075630252101,85.43298882574625,91.45043765221122,71.08479755538579,81.97369857033723,76.24236579877851,84.79374263366549,78.71915393654527,86.87191539365452,82.0962785933766,91.08228064185728,83.02507066486422,84.91458768587931,78.23353330979008,85.92724498507877,81.83326106776816,88.68884131864499,0.45358417676190055,45.74468085106382,84.04255319148936,69.7368421052632,90.35087719298245,75.0,89.85507246376812,77.27272727272727,86.19528619528619,90.83333333333336,93.33333333333333,71.71751671247753,88.75542447537188,76.6233766233766,90.43683589138134,69.65240641711232,87.07664884135473,76.22180451127821,88.0639097744361,84.37500000000001,95.96354166666667,91.17647058823529,100.0,79.60981162800049,92.30818723476776,75.663664170239,90.53180585506982,0.49671182834698746
327.0,94.63667820069206,96.30911188004615,86.33954154727796,93.46704871060172,86.26919602529355,93.4959349593496,81.28702606635075,88.28495260663507,79.74789915966387,85.50420168067228,85.65606819985564,91.41224996746095,73.3670741023682,84.56291607552112,77.05668059573554,85.88235294117645,78.12573443008229,86.49353701527615,85.04950495049508,91.71389552748379,83.84846995207079,89.63991643111713,79.48949280615038,87.65852359811493,82.572780503003,89.53538678278794,0.4430593095745795,45.74468085106382,84.04255319148936,69.7368421052632,90.35087719298245,75.0,89.85507246376812,77.27272727272727,86.53198653198653,90.83333333333336,93.33333333333333,71.71751671247753,88.82276454271195,75.97402597402596,90.43683589138134,69.9643493761141,87.16577540106952,73.59022556390978,88.1578947368421,85.93750000000001,95.96354166666667,91.17647058823529,100.0,79.32851430045703,92.34480953919193,75.52301550646729,90.58378704095193,0.5001251127520832
328.0,94.29065743944638,96.27066512879662,83.69627507163324,89.79942693409743,85.23035230352302,92.08069858476362,76.74022511848344,86.7446682464455,80.44117647058823,90.04201680672269,84.07973728073486,90.98749514016518,72.54583651642476,83.3788060678817,73.61941497910638,84.8130290367513,78.93066980023504,85.6075205640423,83.91771935814273,91.81290542847388,85.98992257588792,87.80877473270247,79.00071264595937,86.68420716597034,81.54022496334711,88.83585115306775,0.45460697971732855,44.68085106382978,84.04255319148936,69.7368421052632,90.78947368421052,75.0,90.57971014492753,77.27272727272727,85.85858585858585,90.83333333333336,93.33333333333333,71.50475075503071,88.92073124250932,75.97402597402596,90.43683589138134,70.94474153297683,87.16577540106952,74.906015037594,88.1578947368421,85.93750000000001,95.96354166666667,91.17647058823529,100.0,79.78775062656642,92.34480953919193,75.64625069079857,90.63277039085062,0.48361853261958576
329.0,89.0811226451365,97.11649365628605,85.90974212034385,93.48137535816619,79.08762420957541,90.30412526347486,78.77665876777256,83.54561611374407,84.03361344537815,90.67226890756302,83.37775223764129,91.02397585984684,71.66730328495035,82.48663101604278,74.60302153648342,84.92660452159004,80.34665099882494,87.80258519388954,85.25264595425062,92.02116763400478,83.26778911146616,91.12080619392896,79.02748217719511,87.67155891189122,81.2026172074182,89.34776738586903,0.438899104587639,45.74468085106382,84.04255319148936,69.7368421052632,90.78947368421052,75.0,90.57971014492753,77.27272727272727,85.85858585858585,90.83333333333336,93.33333333333333,71.71751671247753,88.92073124250932,76.6233766233766,90.31877213695395,70.94474153297683,87.07664884135473,76.22180451127821,88.0639097744361,85.93750000000001,95.96354166666667,91.17647058823529,100.0,80.18077865117338,92.2845744838823,75.94914768182545,90.6026528631958,0.48941962309015513
330.0,84.56362937331797,92.3106497500961,86.19627507163325,89.9570200573066,84.19150858175247,91.50858175248419,78.53969194312799,86.22630331753554,84.03361344537814,88.8655462184874,83.50494368304196,89.77362021918196,73.07104660045837,81.80999672596312,75.41733633344046,85.69377477767061,77.7438307873091,87.18683901292597,81.05326049846366,88.93137589621031,80.49342509524396,85.62123632788496,77.5557798629831,85.848644548131,80.53036177301253,87.81113238365648,0.46293683272071584,45.74468085106382,84.04255319148936,69.7368421052632,90.35087719298245,75.0,89.85507246376812,77.27272727272727,86.53198653198653,90.83333333333336,93.33333333333333,71.71751671247753,88.82276454271195,75.97402597402596,90.08264462809917,70.94474153297683,87.16577540106951,75.37593984962407,88.34586466165413,85.93750000000001,95.96354166666667,91.17647058823529,100.0,79.88173558897243,92.31156527149791,75.79962615072498,90.56716490710494,0.49354650982806564
331.0,84.7366397539408,95.54017685505576,88.98280802292264,93.35243553008596,88.12104787714541,89.82234266787111,75.65165876777255,81.57582938388626,79.70588235294117,88.02521008403362,83.43960735494451,89.66319890418654,73.38617265087854,84.4101276874386,76.4020143576556,85.53519768563163,79.69447708578146,87.89189189189189,81.99897575964495,91.56367360874017,81.46429888165171,88.70591126950964,78.58918774712245,87.6213604286424,81.01439755103348,88.64227966641448,0.4612762641138975,45.74468085106382,84.04255319148936,69.7368421052632,90.35087719298245,75.0,90.57971014492753,77.27272727272727,86.19528619528619,90.83333333333336,93.33333333333333,71.71751671247753,88.90035201160376,76.6233766233766,90.08264462809917,70.94474153297683,87.07664884135473,74.906015037594,88.1578947368421,85.93750000000001,95.96354166666667,91.17647058823529,100.0,79.91762075643655,92.25614597459254,75.81756873445704,90.57824899309816,0.4965575589324314
332.0,94.29065743944636,97.23183391003461,84.41260744985676,93.78223495702007,81.12014453477865,87.41342968985245,80.29472748815171,83.07168246445498,85.46218487394958,91.68067226890756,85.11606435723661,90.63597065805394,72.73682200152788,83.98995962021172,75.09482481517193,83.04725168756026,79.20094007050531,86.82961222091657,85.34141345169002,93.44827586206897,83.65798205726928,91.64311171193313,79.2063964792329,87.79164222053814,82.16123041823475,89.21380643929604,0.44622232423028885,45.74468085106382,84.04255319148936,69.7368421052632,90.78947368421052,75.0,90.57971014492753,77.27272727272727,86.19528619528619,90.83333333333336,93.33333333333333,71.71751671247753,88.98807130984939,72.07792207792207,90.08264462809917,71.92513368983958,87.07664884135473,74.906015037594,88.1578947368421,84.37500000000001,95.96354166666667,91.17647058823529,100.0,78.8921082787182,92.25614597459254,75.30481249559787,90.62210864222097,0.49690765812220244
333.0,88.73510188389082,93.6947327950788,89.84240687679083,93.93982808022923,79.90063233965671,87.68443239987955,77.7843601895735,85.05627962085308,81.95378151260503,87.3529411764706,83.64325656050337,89.54564281450226,72.71772345301757,83.33788060678818,76.4041572913318,87.10811100396442,78.66039952996478,89.7273795534665,84.85489928303176,91.43735063161489,83.5105075580681,89.34496743271475,79.2295374230828,88.19113784570975,81.43639699179309,88.868390330106,0.4422204865208517,45.74468085106382,84.04255319148936,69.7368421052632,90.78947368421052,75.0,90.57971014492753,77.27272727272727,86.19528619528619,90.83333333333336,93.33333333333333,71.71751671247753,88.98807130984939,72.72727272727272,90.08264462809917,69.65240641711232,86.98752228163993,74.906015037594,88.0639097744361,84.37500000000001,95.96354166666667,91.17647058823529,100.0,78.56743295404286,92.21952367016837,75.1424748332602,90.60379749000887,0.49784485544945367
334.0,93.42560553633218,95.8477508650519,86.62607449856735,88.66762177650429,84.64317976513097,91.53869316470941,76.2218601895735,81.62026066350711,85.46218487394958,88.23529411764707,85.2757809727107,89.18192411748396,71.43812070282658,80.03110335043108,74.112289724633,84.86660237865638,79.25381903642776,87.71562867215042,82.39672243086379,90.64185728917718,81.85449182745484,89.73208799311784,77.8110887444412,86.59745593670658,81.54343485857595,87.88969002709527,0.4680771505632557,45.74468085106382,84.04255319148936,69.7368421052632,90.78947368421052,75.0,90.57971014492753,77.27272727272727,86.19528619528619,90.83333333333336,93.33333333333333,71.71751671247753,88.98807130984939,72.07792207792207,89.96458087367178,71.92513368983958,86.89839572192513,76.22180451127821,88.34586466165413,84.37500000000001,95.96354166666667,91.17647058823529,100.0,79.15526617345503,92.23447658478355,75.43639144296628,90.61127394731648,0.48752118381962123
335.0,89.0811226451365,96.77047289504036,89.69914040114614,93.61031518624642,83.78500451671181,92.41192411924119,79.58382701421803,83.90106635071089,81.86974789915966,88.57142857142857,84.80376849527444,91.05304142453348,74.41749427043544,82.19742442431517,77.05668059573554,85.50733954784099,79.80023501762633,86.72855464159812,84.56299078183682,91.809491293957,82.87759616566302,89.57846872311663,79.74299936625944,87.16425572616558,82.27338393076694,89.10864857534952,0.4502380698799053,45.74468085106382,84.04255319148936,69.7368421052632,90.78947368421052,75.0,89.85507246376812,77.27272727272727,86.53198653198653,90.83333333333336,93.33333333333333,71.71751671247753,88.91048384095757,72.72727272727272,89.96458087367178,71.6131907308378,86.72014260249554,71.33458646616542,87.59398496240601,84.37500000000001,95.83333333333334,91.17647058823529,100.0,78.24530410250225,92.02240835438133,74.98141040748989,90.46644609766945,0.504614923754643
336.0,94.29065743944638,95.69396386005383,91.48280802292264,91.97707736389684,89.747064137308,94.06805179162903,76.97719194312799,83.19016587677724,86.97478991596638,91.38655462184873,87.89450229175428,91.26316270284114,72.82276546982429,80.0420168067227,77.21954355512695,88.5803064395157,81.80376028202117,90.38542890716805,83.76749743939914,91.90850119494708,84.77633034287821,91.83359960673468,80.07797941784996,88.54997059101763,83.98624085480212,89.90656664692938,0.433703940149228,44.68085106382978,85.1063829787234,69.7368421052632,90.78947368421052,75.0,90.57971014492753,77.27272727272727,86.19528619528619,90.83333333333336,93.33333333333333,71.50475075503071,89.2008372672962,72.72727272727272,89.96458087367178,71.6131907308378,86.72014260249554,74.43609022556392,87.87593984962406,84.37500000000001,95.96354166666667,91.17647058823529,100.0,78.86560485438194,92.10484099849161,75.18517780470633,90.6528391328939,0.49203037287194484
337.0,94.63667820069203,97.00115340253748,86.48280802292265,89.22636103151862,86.26919602529355,91.93014152363746,75.55539099526068,81.99052132701422,84.07563025210084,93.78151260504201,85.40394069925395,90.78593797794996,71.9633307868602,80.03928844264978,76.89917497053465,84.99732133290475,78.11985898942422,87.43830787309048,84.71321270058041,91.88460225332878,78.01401007742412,86.58596534349269,77.94191750496472,86.18909704909329,81.67292910210934,88.48751751352162,0.45023683121180624,45.74468085106382,85.1063829787234,69.7368421052632,90.78947368421052,75.0,90.57971014492753,77.27272727272727,86.19528619528619,90.83333333333336,93.33333333333333,71.71751671247753,89.2008372672962,72.72727272727272,89.96458087367178,71.6131907308378,86.72014260249554,74.43609022556392,87.87593984962406,84.37500000000001,95.96354166666667,91.17647058823529,100.0,78.86560485438194,92.10484099849161,75.29156078342973,90.6528391328939,0.497154220646922
338.0,89.0811226451365,97.27028066128412,86.76934097421206,93.567335243553,80.71364046973802,86.84131285757302,84.0343601895735,89.75118483412321,84.07563025210084,89.6218487394958,84.93481890615219,91.41039246720582,72.69862490450726,84.16184655680455,76.40308582449371,86.16093431908281,80.01762632197418,90.0587544065805,84.35984977808127,91.47490611130078,84.0481750030724,90.01474744992012,79.50547236642576,88.37423776873777,82.22014563628898,89.8923151179718,0.4279370501775909,44.68085106382978,85.1063829787234,69.7368421052632,90.78947368421052,75.0,89.85507246376812,77.27272727272727,86.53198653198653,90.83333333333336,93.33333333333333,71.50475075503071,89.12324979840437,72.72727272727272,89.96458087367178,70.63279857397505,86.80926916221033,76.22180451127821,87.87593984962406,84.37500000000001,96.09375,91.17647058823529,100.0,79.02666928015226,92.14870797710122,75.26571001759149,90.6359788877528,0.49369446589436766
339.0,95.32871972318343,98.8081507112649,84.12607449856735,88.78223495702007,84.23667570009032,94.61005721168323,81.76095971563984,86.67061611374407,83.29831932773108,88.99159663865547,85.7501497930424,91.57253112647354,72.92780748663101,82.00098221106624,75.91342547948138,84.82802957248474,78.98942420681554,86.39717978848414,84.90781836804372,90.50529190850118,81.03109254024827,86.39547744869117,78.75391361624398,86.0253921858455,82.25203170464319,88.79896165615952,0.44628409110816525,44.68085106382978,85.1063829787234,69.7368421052632,90.78947368421052,75.0,90.57971014492753,77.27272727272727,85.52188552188552,90.83333333333336,93.33333333333333,71.50475075503071,89.06615713261606,72.72727272727272,89.96458087367178,70.63279857397505,86.80926916221033,76.22180451127821,88.1578947368421,84.37500000000001,96.09375,91.17647058823529,100.0,79.02666928015226,92.20509895454484,75.26571001759149,90.63562804358045,0.48556581464439047
340.0,89.77316416762784,92.23375624759707,86.48280802292264,90.37249283667622,85.86269196025292,90.30412526347486,76.36255924170618,77.01421800947867,84.81092436974791,89.62184873949579,84.65842955245151,87.90928821934452,72.92780748663101,82.37203972498091,77.70920390013927,85.3444765884496,80.61104582843717,87.45945945945945,83.03345851826565,91.03106862410381,84.29089344967433,91.31743885953054,79.71448183662949,87.50489665130485,82.1864556945405,87.70709243532468,0.4693072324093791,44.68085106382978,85.1063829787234,69.7368421052632,90.78947368421052,75.0,90.57971014492753,77.27272727272727,86.19528619528619,90.83333333333336,93.33333333333333,71.50475075503071,89.2008372672962,72.07792207792207,89.84651711924438,70.63279857397505,86.80926916221033,76.22180451127821,88.25187969924812,85.93750000000001,96.09375,91.17647058823529,100.0,79.20929915028213,92.20028319614057,75.35702495265642,90.70056023171838,0.4900791815488421
341.0,94.8096885813149,97.38562091503269,84.41260744985676,90.14326647564471,83.60433604336042,90.1535682023487,80.33915876777255,87.95912322274881,79.70588235294117,85.92436974789915,84.57433463904917,90.31318971273481,72.78456837280366,83.092327840227,76.56702025072323,86.17593485481625,79.3066980023502,86.80141010575792,84.90781836804372,92.51621713895527,85.74720412928598,91.85203391913481,79.86266182464136,88.08758477177825,82.21849823184527,89.20038724225654,0.4516518022512382,44.68085106382978,85.1063829787234,69.7368421052632,90.78947368421052,75.0,89.85507246376812,77.27272727272727,86.53198653198653,90.83333333333336,93.33333333333333,71.50475075503071,89.12324979840437,72.72727272727272,89.84651711924438,70.63279857397505,86.80926916221033,76.22180451127821,87.87593984962406,84.37500000000001,96.09375,91.17647058823529,100.0,79.02666928015226,92.12509522621575,75.26571001759149,90.62417251231005,0.4956552397521837
342.0,94.63667820069206,97.039600153787,87.05587392550144,92.39255014326648,82.15898825654921,91.99036434808792,80.4354265402844,83.90106635071089,86.28151260504204,90.21008403361344,86.11369590561382,91.10673300589315,73.76814362108479,83.91629379024337,75.42376513446906,84.8001714346941,77.20329024676853,87.63807285546417,85.54455445544556,92.31136906794126,86.18962762688953,92.77989430994224,79.6258762169315,88.28916029165703,82.86978606127266,89.69794664877509,0.44207740286606134,44.68085106382978,85.1063829787234,69.7368421052632,90.78947368421052,75.0,90.57971014492753,77.27272727272727,85.85858585858585,90.83333333333336,93.33333333333333,71.50475075503071,89.13349719995612,73.37662337662337,89.84651711924438,71.6131907308378,86.80926916221033,74.43609022556392,87.68796992481202,84.37500000000001,96.22395833333334,91.17647058823529,100.0,78.99547498425207,92.11354290792,75.25011286964138,90.62352005393807,0.4923232210293846
343.0,89.600153787005,96.11687812379854,86.48280802292264,89.5272206303725,82.56549232158986,87.47365251430291,76.97719194312799,83.6048578199052,81.91176470588233,88.27731092436976,83.50748215610557,88.99998400254978,71.08479755538578,80.32849503437738,78.3681560055716,86.20593592628309,78.98942420681554,85.88484136310224,83.07784226698534,91.37931034482759,85.55671623448447,91.44647904633158,79.41538725384855,87.04901234298435,81.46143470497705,88.02449817276707,0.45679978958635703,44.68085106382978,85.1063829787234,69.7368421052632,90.78947368421052,75.0,89.85507246376812,77.27272727272727,86.19528619528619,90.83333333333336,93.33333333333333,71.50475075503071,89.0559097310643,72.72727272727272,89.84651711924438,72.59358288770055,86.89839572192513,74.43609022556392,87.68796992481202,84.37500000000001,96.22395833333334,91.17647058823529,100.0,79.0616832857545,92.13136821986298,75.28321702039261,90.59363897546365,0.4998010605890542
344.0,94.9826989619377,98.15455594002307,86.62607449856735,90.35816618911174,82.97199638663051,90.96657633242998,80.19845971563984,85.95971563981041,82.68907563025209,87.56302521008404,85.4936610386055,90.60040786229185,71.41902215431625,81.97642693441011,76.40415729133181,84.42515804135861,79.90599294947123,86.66039952996476,83.42266985319225,92.43427791054968,81.90672237925527,88.62602924910902,78.61171292551336,86.82445833307844,82.05268698205943,88.71243309768514,0.44342093933229026,45.74468085106382,85.1063829787234,69.7368421052632,90.78947368421052,75.0,89.85507246376812,71.71717171717171,86.53198653198653,90.83333333333336,93.33333333333333,70.60640560136642,89.12324979840437,72.07792207792207,89.96458087367178,72.90552584670233,86.89839572192513,76.69172932330828,88.25187969924812,85.93750000000001,96.22395833333334,91.17647058823529,100.0,79.75782956723359,92.26776292563568,75.1821175843,90.69550636202003,0.494922723978036
345.0,77.97001153402539,93.2718185313341,84.55587392550146,91.67621776504299,87.08220415537487,92.17103282143933,84.0343601895735,89.57345971563981,84.81092436974791,90.75630252100841,83.69067483484461,91.48976627089293,74.85676088617265,83.04321728691477,75.42162220079285,85.00375013393335,78.9365452408931,87.80493537015278,85.79207920792082,92.63229771252986,81.70701732825366,88.6997664987096,79.34280497280662,87.43679340044807,81.51673990382562,89.4632798356705,0.4365790172439645,45.74468085106382,85.1063829787234,69.7368421052632,90.78947368421052,75.0,89.85507246376812,71.71717171717171,86.53198653198653,85.83333333333336,92.5,69.60640560136642,88.95658313173772,72.72727272727272,89.84651711924438,70.63279857397505,86.89839572192513,74.906015037594,87.96992481203006,84.37500000000001,96.22395833333334,91.17647058823529,100.0,78.76351138541541,92.18775919730658,74.18495849339092,90.57217116452215,0.5029142304378951
346.0,89.42714340638219,94.4636678200692,82.69340974212037,84.89971346704871,85.6820234869015,89.5212285456188,73.94845971563984,81.07227488151658,85.50420168067228,88.57142857142857,83.45104760634324,87.70566265713637,73.11879297173415,82.9395394521445,76.4041572913318,83.46083788706741,79.69447708578146,87.12573443008226,83.76749743939914,90.9866848753841,79.22760231043382,88.02998648150424,78.44250541973608,86.5085566252365,80.94677651303965,87.10710964118644,0.4795588124534012,44.68085106382978,85.1063829787234,69.7368421052632,91.22807017543859,75.0,90.57971014492753,77.27272727272727,85.52188552188552,90.83333333333336,93.33333333333333,71.50475075503071,89.15387643086167,73.37662337662337,89.96458087367178,71.6131907308378,86.89839572192513,78.00751879699249,88.1578947368421,84.37500000000001,96.22395833333334,91.17647058823529,100.0,79.70976069853779,92.24896593315448,75.60725572678425,90.70142118200808,0.48540946154460257
347.0,95.50173010380624,99.11572472126105,86.91260744985676,89.87106017191977,82.56549232158986,87.74465522433002,78.16202606635073,86.99644549763033,85.50420168067228,86.21848739495798,85.72921152445518,89.98927460201983,75.92627960275018,84.13729128014843,76.5680917175613,83.31726133076181,80.28789659224445,88.1198589894242,83.02492318197338,92.23625810856949,80.83138748924665,89.49244193191595,79.3277157167552,87.46062232816396,82.52846362060518,88.7249484650919,0.44672800006492,44.68085106382978,85.1063829787234,69.7368421052632,90.78947368421052,75.0,90.57971014492753,77.27272727272727,85.85858585858585,90.83333333333336,93.33333333333333,71.50475075503071,89.13349719995612,73.37662337662337,89.96458087367178,72.59358288770055,86.72014260249554,74.43609022556392,87.96992481203009,84.37500000000001,96.22395833333334,91.17647058823529,100.0,79.19155341562463,92.17572132430617,75.34815208532767,90.65460926213115,0.497098747348026
348.0,93.77162629757788,96.73202614379085,83.98280802292265,92.77936962750717,84.4173441734417,89.91267690454681,81.38329383886258,84.3601895734597,83.38235294117648,88.0672268907563,85.38748505479626,90.37029782801217,74.16921313980137,81.82363854632763,75.75056252008999,84.9587485267331,80.50528789659226,86.62044653349001,82.53840901331515,92.00409696142027,82.63487771906107,89.22821678751383,79.11967005777197,86.92702947109697,82.25357755628411,88.64866364955458,0.45578395599114724,44.68085106382978,85.1063829787234,69.7368421052632,91.22807017543859,72.82608695652173,90.57971014492753,77.27272727272727,85.52188552188552,90.83333333333336,93.33333333333333,71.06996814633507,89.15387643086167,73.37662337662337,89.96458087367178,71.6131907308378,86.72014260249554,74.43609022556392,88.06390977443608,84.37500000000001,96.35416666666667,91.17647058823529,100.0,78.99547498425207,92.22055998345402,75.03272156529357,90.68721820715785,0.48440373663978736
349.0,95.67474048442908,97.23183391003461,89.41260744985675,90.40114613180515,83.19783197831977,90.99668774465522,78.87292654028438,81.84241706161137,89.13865546218489,91.05042016806722,87.25935238301497,90.3045010032347,69.8720397249809,79.26988977409147,76.0773599057109,85.53734061930783,79.10105757931846,86.24206815511162,83.82041652441109,91.33151246159098,83.75322600467004,89.03158412191226,78.52481994781829,86.28247902640284,82.89208616541663,88.29349001481877,0.45065360837865776,44.68085106382978,85.1063829787234,69.7368421052632,90.78947368421052,75.0,90.57971014492753,71.71717171717171,85.85858585858585,90.83333333333336,92.5,70.39363964391961,88.96683053328947,73.37662337662337,89.96458087367178,71.6131907308378,86.89839572192513,74.43609022556392,88.06390977443608,84.37500000000001,96.35416666666667,91.17647058823529,100.0,78.99547498425207,92.25621060733994,74.69455731408584,90.6115205703147,0.4984402218577855
350.0,89.77316416762784,95.46328335255672,83.05873925501433,88.00859598853869,79.90063233965671,89.64167419451972,79.01362559241709,86.40402843601895,86.23949579831934,89.2016806722689,83.59713143060706,89.7438525287806,73.11879297173415,84.14820473644002,77.71348976749168,86.86167363120111,80.99294947121037,87.54406580493537,83.57289177193583,90.26288835780129,82.33992872065873,90.0884846995207,79.54761054060614,87.7810634459797,81.5723709856066,88.76245798738015,0.44882580272634026,44.68085106382978,85.1063829787234,69.7368421052632,91.22807017543859,75.0,90.57971014492753,66.16161616161617,85.85858585858585,75.83333333333331,92.5,66.28252853280848,89.05454983153507,72.72727272727272,89.96458087367178,73.57397504456328,86.63101604278076,72.65037593984964,87.87593984962406,82.29166666666669,96.22395833333334,91.17647058823529,100.0,78.48395219331753,92.139099019882,72.38324036306301,90.59682442570853,0.5146353484029343
351.0,89.600153787005,94.69434832756633,89.69914040114614,94.32664756446991,86.6757000903342,89.94278831677205,75.51095971563984,86.13744075829383,86.97478991596638,90.04201680672269,85.69214878201831,91.02864835476497,72.9087089381207,80.61497326203208,77.22382942247935,86.88310296796314,82.83783783783787,87.89424206815511,85.10242403550703,89.6790713554114,83.9007005038712,91.40346565073122,80.39470014756323,87.29497106085859,83.04342446479077,89.16180970781178,0.4413574064577175,44.68085106382978,85.1063829787234,69.7368421052632,90.78947368421052,75.0,90.57971014492753,66.16161616161617,85.85858585858585,80.83333333333333,92.5,67.28252853280848,88.96683053328947,73.37662337662337,89.96458087367178,72.59358288770055,86.80926916221033,73.12030075187971,88.0639097744361,82.29166666666669,96.22395833333334,91.17647058823529,100.0,78.51172885422112,92.21234362873031,72.8971286935148,90.58958708100988,0.5081859156383683
352.0,94.98269896193774,97.00115340253748,86.33954154727796,87.8510028653295,82.15898825654921,91.35802469135803,80.76866113744079,87.75177725118482,81.91176470588236,84.83193277310924,85.23233092181762,89.75877819670382,73.83498854087088,82.05827785659719,77.54955534126216,85.1944712311154,79.4242068155112,85.96004700352526,86.28712871287131,91.63878456811199,80.58866904264472,89.27737495391422,79.53690969063206,86.8257911226528,82.38462030622483,88.2922846596783,0.45623329399780493,44.68085106382978,85.1063829787234,69.7368421052632,90.78947368421052,75.0,90.57971014492753,71.71717171717171,85.85858585858585,90.83333333333336,92.5,70.39363964391961,88.96683053328947,73.37662337662337,89.8465171192444,72.59358288770055,86.63101604278076,73.96616541353383,87.68796992481202,86.45833333333334,96.22395833333334,91.17647058823529,100.0,79.51423511988527,92.0778922840341,74.95393738190245,90.5223614086618,0.5020408892462276
353.0,94.29065743944636,97.57785467128028,87.05587392550144,93.6246418338109,85.45618789521227,88.01565793435712,80.90936018957349,87.54443127962087,82.6470588235294,88.94957983193278,86.0718276546526,91.1424331102004,72.1161191749427,78.08577976645203,77.21954355512695,85.24268723882994,80.94007050528792,86.17391304347825,84.60737453055651,91.94264254011608,81.85449182745485,88.95784687231166,79.34751991867378,86.0805738922376,82.70967378666319,88.611503501219,0.4434648670507393,45.74468085106382,85.1063829787234,69.7368421052632,91.66666666666666,66.66666666666667,90.57971014492753,66.16161616161617,86.19528619528619,80.83333333333333,92.5,65.82862782358863,89.20960919712076,72.72727272727272,89.96458087367178,72.59358288770055,86.63101604278076,73.12030075187971,87.87593984962406,82.29166666666669,96.22395833333334,91.17647058823529,100.0,78.38185872435099,92.139099019882,72.10524327396982,90.67435410850138,0.5144215750985496
354.0,94.8096885813149,96.30911188004613,87.19914040114614,92.03438395415473,86.90153568202345,92.29147847034027,81.38329383886258,84.73045023696683,86.93277310924371,89.49579831932772,87.44528632251817,90.97224457216713,72.45034377387319,83.35152242715267,78.3649416050573,88.63816564877317,79.58284371327852,86.85781433607521,85.19972686923866,91.46807784226698,82.24468477325796,89.41870468231535,79.56850814694113,87.94685698731669,83.50689723472965,89.4595507797419,0.4366313996522378,44.68085106382978,85.1063829787234,69.7368421052632,91.22807017543859,75.0,90.57971014492753,71.71717171717171,85.85858585858585,90.83333333333336,92.5,70.39363964391961,89.05454983153507,73.37662337662337,89.8465171192444,72.59358288770055,86.54188948306596,74.43609022556392,87.87593984962406,84.37500000000001,96.22395833333334,91.17647058823529,100.0,79.19155341562463,92.09766095705353,74.79259652977211,90.5761053942943,0.4986343705499488
355.0,94.63667820069206,98.2314494425221,88.12320916905445,92.44985673352434,84.01084010840106,91.71936163806082,80.67239336492894,88.52191943127963,86.97478991596638,87.10084033613445,86.88358215180858,91.60468551630427,75.27692895339953,80.58223289315725,76.73309761062893,85.09589628201007,80.23501762632199,88.62749706227967,84.05940594059406,91.68658245134857,82.73012166646186,87.69816885830159,79.80691435948128,86.73807550941943,83.34524825564493,89.17138051286184,0.4369280954438176,44.68085106382978,85.1063829787234,69.7368421052632,90.78947368421052,75.0,90.57971014492753,71.71717171717171,85.85858585858585,85.83333333333336,92.5,69.39363964391961,88.96683053328947,73.37662337662337,89.8465171192444,71.6131907308378,86.54188948306596,73.12030075187971,88.0639097744361,84.37500000000001,96.22395833333334,91.17647058823529,100.0,78.73231708951525,92.13525494201596,74.06297836671743,90.55104273765272,0.5023652868320586
356.0,89.94617454825068,95.8477508650519,87.48567335243553,92.93696275071632,84.82384823848237,94.57994579945799,81.62026066350715,83.41232227488152,84.07563025210084,90.63025210084032,85.59031741095531,91.4814467581896,73.43391902215431,82.5248281130634,76.2412943319404,84.22157934211937,82.23854289071683,87.37955346650999,85.00512120177538,91.01399795151929,83.99594445127198,89.7259432223178,80.18296437957176,86.97318041910596,82.88664089526353,89.22731358864777,0.4365380430009587,44.68085106382978,85.1063829787234,69.7368421052632,91.22807017543859,75.0,90.57971014492753,71.71717171717171,85.85858585858585,85.83333333333336,92.5,69.39363964391961,89.05454983153507,73.37662337662337,89.8465171192444,71.6131907308378,86.54188948306596,74.43609022556392,88.0639097744361,84.37500000000001,96.22395833333334,91.17647058823529,100.0,78.99547498425207,92.13525494201596,74.19455731408584,90.59490238677552,0.4979303709919266
357.0,89.600153787005,96.15532487504805,92.48567335243555,92.75071633237822,88.12104787714543,91.38813610358325,76.22186018957349,83.81220379146919,79.78991596638656,84.45378151260505,85.2437302345092,89.71203252301675,73.414820473644,82.28473207464803,77.71134683381547,86.03021536483446,80.39952996474739,88.56874265569917,84.35984977808127,91.95971321270058,84.3861373970751,93.14243578714513,80.05433688947264,88.39716781900549,82.64903356199092,89.05460017101112,0.4387362655939236,44.68085106382978,85.1063829787234,69.7368421052632,91.22807017543859,75.0,90.57971014492753,71.71717171717171,86.19528619528619,85.83333333333336,92.5,69.39363964391961,89.12188989887514,73.37662337662337,89.8465171192444,71.6131907308378,86.72014260249554,76.22180451127821,88.25187969924812,84.37500000000001,96.35416666666667,91.17647058823529,100.0,79.35261784139495,92.23454121753095,74.37312874265729,90.67821555820305,0.49530400177913453
358.0,94.8096885813149,96.92425990003845,89.12607449856733,92.59312320916905,85.86269196025292,91.96025293586268,79.34686018957349,84.73045023696682,86.19747899159664,90.16806722689076,87.06855884426105,91.27523070178555,71.90603514132926,82.14831387100296,75.09482481517195,85.99807135969142,79.31257344300823,86.16451233842538,84.02355752816662,92.80641857289177,82.29691532505838,89.27737495391422,78.52678125054688,87.27893821918515,82.79767004740395,89.27708446048536,0.4371899417280596,44.68085106382978,85.1063829787234,69.7368421052632,91.66666666666666,75.0,90.57971014492753,71.71717171717171,86.19528619528619,85.83333333333336,92.5,69.39363964391961,89.20960919712076,73.37662337662337,89.8465171192444,70.63279857397505,86.80926916221034,76.69172932330828,88.25187969924812,85.93750000000001,96.35416666666667,91.17647058823529,100.0,79.5630243724284,92.2523665294739,74.47833200817401,90.73098786329733,0.49351260687752907
359.0,95.3287197231834,98.69281045751633,87.97994269340975,90.54441260744986,88.12104787714543,94.45950015055706,82.23489336492894,86.13744075829383,86.32352941176471,90.88235294117646,87.99762661408644,92.14330338299871,72.66042780748663,81.73360253192186,76.73202614379083,85.61662916532732,79.09518213866042,85.37720329024677,85.00512120177535,91.84363263912599,79.80828315103847,88.77964851911024,78.66020808855035,86.67014322914643,83.3289173513184,89.40672330607256,0.4281372878757869,44.68085106382978,85.1063829787234,69.7368421052632,91.22807017543859,66.66666666666667,90.57971014492753,71.71717171717171,86.19528619528619,80.83333333333333,92.5,66.72697297725293,89.12188989887514,73.37662337662337,89.8465171192444,71.6131907308378,86.63101604278074,73.12030075187971,88.1578947368421,84.37500000000001,96.35416666666667,91.17647058823529,100.0,78.73231708951525,92.19791891310679,72.72964503338409,90.65990440599097,0.5031071439577304
360.0,94.98269896193774,96.2322183775471,84.41260744985676,90.07163323782234,89.15989159891595,94.30894308943088,80.4354265402844,87.64810426540284,87.62605042016806,89.5378151260504,87.32333499423258,91.55974281925072,73.85408708938121,85.2504638218924,77.55062680810025,84.33729776063431,80.23501762632199,88.58754406580493,85.64185728917721,93.43120518948447,83.99594445127198,91.19454344352957,80.25550665285053,88.56021085626915,83.78942082354155,90.05997683775993,0.42163308495268187,44.68085106382978,85.1063829787234,69.7368421052632,91.22807017543859,66.66666666666667,89.85507246376812,66.16161616161617,86.86868686868686,80.83333333333333,92.5,65.61586186614183,89.1116424973234,73.37662337662337,89.8465171192444,71.6131907308378,86.80926916221034,76.69172932330828,88.25187969924812,85.93750000000001,96.35416666666667,91.17647058823529,100.0,79.75910280380096,92.2523665294739,72.68748233497139,90.68200451339865,0.5056025326718292
361.0,94.98269896193774,97.65474817377932,87.48567335243553,90.14326647564471,86.0433604336043,91.77958446251128,83.279028436019,88.1664691943128,81.91176470588236,89.41176470588236,86.74050517797579,91.4311666024261,72.9087089381207,83.74713521772345,75.91235401264328,87.11025393764065,80.01762632197418,87.6780258519389,85.25264595425062,93.09320587231137,84.14341895047318,90.97947646552784,79.64695083549239,88.52161946902845,83.19372800673409,89.97639303572728,0.4306305460601997,44.68085106382978,85.1063829787234,69.7368421052632,91.66666666666666,66.66666666666667,89.85507246376812,66.16161616161617,86.53198653198653,80.83333333333333,92.5,65.61586186614183,89.13202172822895,73.37662337662337,89.8465171192444,71.6131907308378,86.80926916221034,74.43609022556392,88.1578947368421,82.29166666666669,96.22395833333334,91.17647058823529,100.0,78.57880831758541,92.20752787032605,72.09733509186361,90.66977479927749,0.5127961106027882
362.0,95.67474048442908,97.73164167627834,90.12893982808025,92.46418338108882,79.90063233965671,88.10599217103281,78.49526066350714,83.87144549763033,80.52521008403362,91.17647058823529,84.94495667994137,90.66994666285312,75.80213903743315,83.60526028593254,78.0381442194364,86.9302475088396,78.66627497062282,85.24559341950646,83.32536701946059,90.7750085353363,83.51050755806808,92.95194789234361,79.8684865610042,87.90161152839171,82.40672162047278,89.28577909562242,0.4382443224182308,44.68085106382978,85.1063829787234,69.7368421052632,91.22807017543859,66.66666666666667,89.85507246376812,66.16161616161617,86.86868686868686,80.83333333333333,92.5,65.61586186614183,89.1116424973234,73.37662337662337,89.8465171192444,70.63279857397505,86.80926916221034,76.69172932330828,88.25187969924812,85.93750000000001,96.35416666666667,91.17647058823529,100.0,79.5630243724284,92.2523665294739,72.58944311928511,90.68200451339865,0.5039853810239122
363.0,94.46366782006922,97.84698193002691,84.26934097421204,91.189111747851,81.34598012646791,92.8635953026197,82.70882701421803,87.6925355450237,84.11764705882354,88.94957983193278,85.38109259875814,91.70836087149083,72.92780748663101,83.48248390265198,77.55062680810026,86.20379299260688,77.63219741480614,87.93889541715629,85.34994878798227,91.88460225332878,82.09721027405679,91.2375568391299,79.1115581543153,88.14946628097475,82.24632537653673,89.92891357623279,0.42862547699484926,44.68085106382978,85.1063829787234,69.7368421052632,91.66666666666666,66.66666666666667,90.57971014492753,71.71717171717171,86.86868686868686,85.83333333333336,92.5,67.72697297725294,89.34428933180088,74.02597402597402,89.8465171192444,70.63279857397505,86.89839572192513,76.69172932330828,88.25187969924812,87.50000000000001,96.35416666666667,91.17647058823529,100.0,80.00539450229853,92.27019184141687,73.86618373977574,90.80724058660888,0.492910173630487
364.0,89.94617454825068,94.88658208381392,86.76934097421204,93.65329512893983,90.37940379403791,92.89370671484491,79.58382701421803,86.22630331753555,86.28151260504201,91.890756302521,86.59205178715214,91.91012870953105,74.48433919022153,82.43479209865765,76.56702025072323,85.28447444551593,81.52761457109285,88.21621621621621,84.02355752816663,91.03789689313759,83.45827700626768,89.96558928351973,80.01216170929439,87.38779378740942,83.30210674822327,89.64896124847024,0.4284148057806774,44.68085106382978,85.1063829787234,69.7368421052632,92.10526315789474,75.0,90.57971014492753,71.71717171717171,85.52188552188552,90.83333333333336,92.5,70.39363964391961,89.16264836068623,74.02597402597402,89.4923258559622,74.55436720142605,86.89839572192514,75.75187969924812,87.96992481203007,86.45833333333334,96.35416666666667,91.17647058823529,100.0,80.39340496964337,92.14296261131682,75.39352230678149,90.65280548600153,0.49955728540460265
365.0,95.84775086505192,98.00076893502498,88.48853868194844,93.35243553008596,85.8626919602529,89.70189701897019,83.79739336492895,88.9218009478673,84.76890756302522,90.67226890756302,87.75305648704149,92.12983426790228,73.95912910618793,82.87951544254067,76.24450873245472,85.58877102753671,82.02702702702706,87.5252643948296,85.29702970297032,93.65653806759987,85.59972963008481,90.89344967432714,80.62548483974497,88.1087077213668,84.18927066339323,90.11927099463455,0.4152923912485339,44.68085106382978,85.1063829787234,69.7368421052632,92.10526315789474,66.66666666666667,90.57971014492753,71.71717171717171,86.53198653198653,85.83333333333336,92.5,67.72697297725294,89.36466856270644,74.02597402597402,89.6103896103896,71.6131907308378,86.89839572192514,75.75187969924812,88.0639097744361,84.37500000000001,96.35416666666667,91.17647058823529,100.0,79.38850300885905,92.18537235468351,73.557737993056,90.77502045869497,0.5022586679321182
366.0,83.87158785082661,93.73317954632834,89.12607449856735,93.06590257879657,87.4887082204155,87.71454381210478,79.9614928909953,86.04857819905213,77.5420168067227,88.61344537815127,83.5979760535055,89.83512990288662,73.76814362108479,81.25341045509114,78.04028715311259,86.66452373299047,79.91186839012929,87.43125734430082,85.14680778422672,91.63195629907818,82.24468477325796,90.92417352832739,79.82235834436227,87.58106427195762,81.71016719893389,88.70809708742212,0.44614256624987114,44.68085106382978,85.1063829787234,69.7368421052632,92.10526315789474,75.0,90.57971014492753,71.71717171717171,86.19528619528619,85.83333333333336,92.5,69.39363964391961,89.29732849536637,74.02597402597402,89.37426210153482,73.57397504456328,86.80926916221034,75.75187969924812,88.15789473684211,86.45833333333334,96.35416666666667,91.17647058823529,100.0,80.19732653827081,92.13911853345078,74.7954830910952,90.71822351440858,0.5035054535403001
367.0,89.77316416762787,93.19492502883506,86.33954154727796,92.40687679083095,82.97199638663052,89.09966877446553,79.9614928909953,83.4271327014218,88.44537815126051,91.72268907563024,85.49831462875844,89.97025847423672,76.32734912146675,85.60242278729675,78.85674488374582,86.71595414121933,78.76615746180966,87.21974148061105,85.2082622055309,91.2154318880164,83.9007005038712,89.36954651591495,80.61184283528488,88.0246193626117,83.05507873202166,88.99743891842421,0.44085271902674145,44.68085106382978,85.1063829787234,69.7368421052632,92.10526315789474,72.82608695652173,90.57971014492753,77.27272727272727,85.52188552188552,90.83333333333336,93.33333333333333,71.06996814633507,89.32931502735289,74.02597402597402,89.37426210153482,72.59358288770055,86.80926916221034,75.75187969924812,88.25187969924812,84.37500000000001,96.35416666666667,91.17647058823529,100.0,79.5845814402316,92.157915525932,75.32727479328334,90.74361527664244,0.48517691755470066
368.0,94.63667820069206,96.61668589004229,89.55587392550144,93.08022922636103,86.90153568202345,92.74314965371876,82.70882701421803,88.41824644549763,84.07563025210084,91.00840336134453,87.57570901490718,92.37334291539284,75.67799847211612,83.77714722252537,79.35176256294865,84.99517839922855,79.37132784958875,86.02585193889541,84.45715261181292,92.23625810856947,83.5105075580681,90.86887059112696,80.47374981090691,87.58066125206915,84.02472941290705,89.977002083731,0.42124478427990414,44.68085106382978,85.1063829787234,69.7368421052632,92.54385964912281,72.82608695652173,90.57971014492753,77.27272727272727,85.52188552188552,90.83333333333336,93.33333333333333,71.06996814633507,89.41703432559851,74.02597402597402,89.37426210153482,72.28163992869877,86.72014260249554,75.75187969924812,88.15789473684211,86.45833333333334,96.35416666666667,91.17647058823529,100.0,79.9388595150979,92.12129322150783,75.50441383071649,90.76916377355317,0.49585237115314645
369.0,94.98269896193774,96.88581314878893,88.83954154727795,93.65329512893983,84.01084010840106,89.76211984342065,80.19845971563984,85.33767772511848,81.91176470588236,87.43697478991598,85.9886610078278,90.61517612723678,73.81588999236057,82.04190767215978,76.56916318439943,84.55373406193078,81.58636897767336,87.06227967097531,85.25264595425062,90.82963468760668,85.16652328868133,90.62922452992504,80.47811827947307,87.02335612451952,83.23338964365044,88.81926612587816,0.43477322325114404,44.68085106382978,85.1063829787234,69.7368421052632,92.54385964912281,72.82608695652173,90.57971014492753,77.27272727272727,85.52188552188552,90.83333333333336,93.33333333333333,71.06996814633507,89.41703432559851,74.02597402597402,89.37426210153482,72.59358288770055,86.80926916221034,77.53759398496241,88.34586466165413,85.93750000000001,96.35416666666667,91.17647058823529,100.0,80.25422429737446,92.1767125184132,75.66209622185477,90.79687342200586,0.48616300874391216
370.0,96.19377162629758,96.92425990003845,83.98280802292265,90.4727793696275,85.45618789521227,90.27401385124962,80.4354265402844,87.48518957345972,83.34033613445378,88.61344537815127,85.88170604383413,90.7539376145053,73.27158135981664,82.14012877878424,76.89488910318222,86.32165434479802,77.36192714453587,87.38425381903642,84.9522021167634,91.80266302492316,83.12031461226496,89.8611281799189,79.12018286731262,87.50196562949216,82.50094445557338,89.12795162199873,0.43863602217949804,44.68085106382978,85.1063829787234,69.7368421052632,92.54385964912281,75.0,90.57971014492753,71.71717171717171,85.52188552188552,90.83333333333336,93.33333333333333,70.39363964391961,89.41703432559851,74.02597402597402,89.37426210153482,72.59358288770055,86.80926916221034,77.53759398496241,88.34586466165413,85.93750000000001,96.35416666666667,91.17647058823529,100.0,80.25422429737446,92.1767125184132,75.32393197064704,90.79687342200586,0.4922990881506775
371.0,90.81122645136486,97.84698193002691,88.98280802292264,94.11174785100287,84.82384823848237,90.78590785907859,82.9457938388626,88.75888625592417,85.50420168067228,91.17647058823529,86.61357564646094,92.53599889685356,72.57448433919022,79.53181272509005,77.87635272688308,87.76599164255866,79.14806110458287,86.84841363102234,83.07784226698533,91.98019801980197,82.33992872065873,89.69521936831755,79.00333383166004,87.16432707735812,82.8084547390605,89.85016298710585,0.427599360786844,44.68085106382978,85.1063829787234,69.7368421052632,92.54385964912281,72.82608695652173,90.57971014492753,77.27272727272727,85.52188552188552,90.83333333333336,93.33333333333333,71.06996814633507,89.41703432559851,74.02597402597402,89.37426210153482,71.6131907308378,86.80926916221034,79.32330827067669,88.34586466165413,85.93750000000001,96.484375,91.17647058823529,100.0,80.41528872314476,92.20275418507985,75.74262843473991,90.80989425533917,0.4841700581032745
372.0,94.98269896193774,97.11649365628605,88.83954154727796,93.43839541547278,85.8626919602529,91.99036434808792,81.14632701421803,87.21860189573461,87.01680672268908,94.07563025210085,87.56961324127514,92.76789711353643,75.25783040488922,82.71308523409364,77.05882352941173,84.10800385728062,81.48061104582845,87.73207990599295,85.99522021167637,91.25640150221919,81.61177338085291,90.69067223792551,80.28085171453174,87.30004854750239,83.92523247790344,90.03397283051942,0.41357002732257353,44.68085106382978,84.04255319148936,69.7368421052632,92.54385964912281,72.82608695652173,90.57971014492753,77.27272727272727,85.52188552188552,90.83333333333336,93.33333333333333,71.06996814633507,89.2042683681517,74.02597402597402,89.37426210153482,71.6131907308378,86.72014260249554,77.53759398496241,88.34586466165413,85.93750000000001,96.35416666666667,91.17647058823529,100.0,80.05814586600191,92.15888720647023,75.5640570061685,90.68157778731097,0.4894274889209562
373.0,89.42714340638217,96.73202614379085,86.19627507163324,92.59312320916906,87.71454381210478,90.81601927130382,84.98222748815171,87.85545023696683,84.76890756302522,88.8235294117647,86.61781946825943,91.36402965459905,75.1336898395722,83.64891411109899,79.18782813671915,83.83370834672668,81.04582843713281,88.4394829612221,84.41276886309323,92.49573233185387,82.73012166646186,91.44647904633156,80.50204738859586,87.97286335944663,83.55993342842764,89.66844650702285,0.4238531351711023,44.68085106382978,84.04255319148936,69.7368421052632,92.54385964912281,72.82608695652173,90.57971014492753,77.27272727272727,85.52188552188552,90.83333333333336,93.33333333333333,71.06996814633507,89.2042683681517,74.02597402597402,89.37426210153482,71.30124777183602,86.72014260249554,75.75187969924812,88.34586466165413,86.45833333333334,96.484375,91.17647058823529,100.0,79.74278108372536,92.1849288731369,75.40637461503022,90.6945986206443,0.49275299952277923
374.0,95.3287197231834,96.80891964628988,87.19914040114615,92.07736389684813,85.27551942186086,93.58626919602528,81.28702606635075,86.09300947867298,79.78991596638656,90.3781512605042,85.77606431578553,91.78874269566809,74.81856378915202,82.84404670959293,76.89810350369653,87.01810778956391,79.53584018801413,86.82491186839012,84.41276886309322,92.62888357801296,82.09721027405678,91.06550325672852,79.55249732360255,88.07629064045769,82.66428081969404,89.93251666806289,0.42377908443892787,44.68085106382978,84.04255319148936,69.7368421052632,92.54385964912281,81.15942028985508,90.57971014492753,77.27272727272727,85.18518518518519,86.66666666666669,93.33333333333333,71.9033014796684,89.13692830081165,74.02597402597402,89.25619834710744,72.59358288770055,86.72014260249554,77.53759398496241,88.34586466165413,85.93750000000001,96.484375,91.17647058823529,100.0,80.25422429737446,92.16131612225142,76.07876288852142,90.64912221153153,0.4812960125426046
375.0,94.29065743944638,97.039600153787,86.91260744985676,94.65616045845273,90.19873532068652,94.03794037940379,79.10989336492894,83.45675355450237,86.93277310924368,91.9327731092437,87.48893333683245,92.22464553107791,71.13254392666157,84.07726727054458,79.18889960355725,85.94449801778634,80.88719153936549,87.4054054054054,85.00512120177535,92.52304540798907,85.59972963008481,91.16996436032936,80.3626971802889,88.22403609241096,83.92581525856068,90.22434081174444,0.41830439957608784,44.68085106382978,84.04255319148936,69.7368421052632,92.54385964912281,66.66666666666667,90.57971014492753,71.71717171717171,86.19528619528619,80.83333333333333,92.5,66.72697297725293,89.17228183616518,74.67532467532467,89.02007083825265,71.30124777183602,86.54188948306596,75.75187969924812,88.25187969924812,86.45833333333334,96.484375,91.17647058823529,100.0,79.8726512135955,92.05964300411335,73.29981209542422,90.61596242013927,0.5145326411025167
376.0,95.32871972318343,96.38600538254518,91.48280802292264,91.90544412607449,84.01084010840107,90.72568503462813,81.38329383886258,87.67772511848341,80.52521008403362,87.3529411764706,86.54617435548067,90.80956016764037,71.57181054239878,82.86041689403034,78.37029893924782,86.2166505946641,79.64159811985901,88.5616921269095,84.60737453055654,91.85728917719359,82.48740321985991,88.74277989430995,79.3356970703844,87.6477657374215,82.94093571293254,89.22866295253093,0.43843112034653964,44.68085106382978,84.04255319148936,69.7368421052632,92.54385964912281,75.0,90.57971014492753,71.71717171717171,85.52188552188552,85.83333333333336,92.5,69.39363964391961,89.03760170148504,74.02597402597402,89.13813459268005,71.30124777183602,86.63101604278076,75.75187969924812,88.34586466165413,86.45833333333334,96.484375,91.17647058823529,100.0,79.74278108372536,92.11987805942299,74.56821036382249,90.57873988045401,0.5031978561302722
377.0,89.77316416762783,97.039600153787,87.34240687679085,90.27220630372493,87.08220415537487,92.92381812707016,81.14632701421803,90.50651658767772,82.68907563025209,88.52941176470588,85.60663556885274,91.85431058739314,75.67799847211612,81.76634290079667,79.02496517732774,86.83810136076289,80.07638072855467,87.51586368977672,83.6258108569478,91.05155343120519,85.40924173528327,91.93191593953547,80.76287939404592,87.82075546441538,83.18475748144934,89.83753302590426,0.4202581702041896,44.68085106382978,84.04255319148936,69.7368421052632,92.54385964912281,75.0,90.57971014492753,71.71717171717171,85.52188552188552,85.83333333333336,92.5,69.39363964391961,89.03760170148504,74.02597402597402,89.13813459268005,72.59358288770055,86.72014260249554,77.53759398496241,88.43984962406014,85.93750000000001,96.484375,91.17647058823529,100.0,80.25422429737446,92.15650036384714,74.82393197064704,90.59705103266609,0.496747389138473
378.0,90.4652056901192,97.65474817377932,89.41260744985672,94.91404011461319,82.56549232158986,88.79855465221318,79.58382701421803,87.60367298578198,88.40336134453781,90.4201680672269,86.08609876406432,91.87823679872291,73.60580595874713,84.2573392993561,77.87742419372118,86.07093110468232,80.17626321974151,87.03172737955347,84.66029361556848,93.60532604984637,86.38011552169105,90.91188398672729,80.53998050189387,88.37544156403311,83.3130396329791,90.12683918137802,0.4185189359158004,44.68085106382978,84.04255319148936,69.7368421052632,92.54385964912281,75.0,90.57971014492753,71.71717171717171,85.52188552188552,85.83333333333336,92.5,69.39363964391961,89.03760170148504,74.02597402597402,89.13813459268005,71.6131907308378,86.63101604278076,79.32330827067669,88.43984962406014,85.93750000000001,96.484375,91.17647058823529,100.0,80.41528872314476,92.13867505190419,74.90446418353218,90.58813837669462,0.49513225226174534
379.0,95.67474048442905,98.03921568627452,88.83954154727795,95.243553008596,88.93405600722672,92.773261065944,82.4718601895735,87.17417061611374,91.34453781512605,96.1344537815126,89.45294720872667,93.87293083168817,75.25783040488922,82.90407071919677,78.69495339119254,85.65305903782279,77.63807285546417,87.77673325499413,84.61590986684875,92.42062137248209,86.43234607349147,91.36659702593094,80.52782251837723,88.02421628208535,84.99038486355195,90.94857355688676,0.3967267195046791,44.68085106382978,84.04255319148936,69.7368421052632,92.54385964912281,75.0,90.57971014492753,71.71717171717171,85.52188552188552,85.83333333333336,92.5,69.39363964391961,89.03760170148504,74.02597402597402,89.13813459268005,71.6131907308378,86.63101604278076,79.32330827067669,88.43984962406014,89.06250000000001,96.484375,91.17647058823529,100.0,81.04028872314476,92.13867505190419,75.21696418353218,90.58813837669462,0.4940653470158504
380.0,95.15570934256058,98.2314494425221,89.55587392550144,93.12320916905445,85.23035230352302,91.08702198133093,83.41972748815168,89.010663507109,83.34033613445378,88.0672268907563,87.34039983883811,91.90391419815455,75.15278838808251,81.88093419185856,77.38562091503265,87.57527054537661,81.26321974148064,86.50763807285546,85.84499829293277,91.68658245134857,83.75322600467003,90.5370529679243,80.67997066843972,87.63749564587269,84.01018525363892,89.77070492201362,0.4180892492612752,44.68085106382978,84.04255319148936,69.7368421052632,92.54385964912281,66.66666666666667,90.57971014492753,71.71717171717171,86.19528619528619,80.83333333333333,92.5,66.72697297725293,89.17228183616518,74.67532467532467,89.13813459268005,70.32085561497328,86.54188948306596,77.53759398496241,88.34586466165413,88.02083333333334,96.484375,91.17647058823529,100.0,80.34621563936581,92.10205274748003,73.53659430830936,90.6371672918226,0.505980420141256
381.0,95.15570934256058,98.73125720876587,86.48280802292265,93.55300859598854,86.49503161698281,92.74314965371876,83.18276066350714,88.87736966824646,87.01680672268907,90.67226890756302,87.66662327373245,92.91541080685653,74.69442322383499,82.43752046273055,77.54955534126215,85.5994856959177,80.99882491186841,87.38190364277321,84.9522021167634,90.6691703653124,85.59972963008481,94.63561509155709,80.75894704476276,88.14473905165819,84.2127851592476,90.53007492925735,0.40697488192300746,44.68085106382978,84.04255319148936,69.7368421052632,92.54385964912281,66.66666666666667,90.57971014492753,71.71717171717171,86.86868686868686,80.83333333333333,92.5,66.72697297725293,89.30696197084531,74.67532467532467,89.13813459268005,69.34046345811052,86.63101604278076,76.22180451127821,88.34586466165413,88.02083333333334,96.484375,91.17647058823529,100.0,79.8869793132564,92.11987805942299,73.30697614525467,90.71342001513415,0.5174935918520158
382.0,95.3287197231834,97.19338715878509,89.41260744985672,91.53295128939828,87.71454381210478,91.6892502258356,80.05776066350714,87.35189573459715,84.85294117647058,91.68067226890756,87.47331456502452,91.88963133550473,73.83498854087088,84.18913019753356,77.54848387442406,87.00310725383049,80.83431257344303,87.97179788484137,84.26254694434961,92.07920792079207,83.5105075580681,91.1883986727295,79.99816789823112,88.4863283859454,83.73574123162783,90.18797986072506,0.41809242972199895,44.68085106382978,84.04255319148936,69.7368421052632,92.54385964912281,66.66666666666667,90.57971014492753,71.71717171717171,86.19528619528619,80.83333333333333,92.5,66.72697297725293,89.17228183616518,74.02597402597402,89.13813459268005,72.59358288770055,86.63101604278076,79.32330827067669,88.43984962406014,89.06250000000001,96.484375,91.17647058823529,100.0,81.23636715451731,92.13867505190419,73.98167006588511,90.65547844403469,0.5019860689557565
383.0,96.02076124567473,96.27066512879662,92.91547277936965,93.91117478510029,87.89521228545618,91.93014152363746,78.87292654028438,84.68601895734596,87.71008403361344,91.55462184873949,88.68289137687967,91.67052444872397,76.098166539343,83.53705118411001,76.57130611807561,85.32090431801136,78.55464159811987,87.02937720329025,85.19972686923867,91.75827927620347,86.04215312768835,91.60624308713285,80.4931988504931,87.85037101374958,84.58804511368638,89.76044773123678,0.42399398163095076,44.68085106382978,84.04255319148936,69.7368421052632,92.54385964912281,66.66666666666667,90.57971014492753,71.71717171717171,86.86868686868686,80.83333333333333,92.5,66.72697297725293,89.30696197084531,74.02597402597402,89.13813459268005,69.34046345811052,86.54188948306596,79.32330827067669,88.34586466165413,87.50000000000001,96.484375,91.17647058823529,100.0,80.27324326859932,92.10205274748003,73.50010812292612,90.70450735916268,0.5044239067062152
384.0,94.80968858131487,96.00153787004999,92.05587392550144,93.49570200573066,86.26919602529355,88.79855465221318,81.62026066350714,85.05627962085308,86.28151260504201,93.23529411764706,88.20730636013181,91.31747365329879,74.29335370511842,83.1086980246644,77.06096646308794,87.19382835101254,80.01762632197418,87.33490011750882,83.28098327074088,91.79924889040628,81.80226127565442,88.18360575150547,79.29103820731517,87.5240562270195,83.74917228372348,89.42076494015915,0.431280811775378,44.68085106382978,84.04255319148936,69.7368421052632,92.54385964912281,66.66666666666667,90.57971014492753,71.71717171717171,86.53198653198653,85.83333333333336,92.5,67.72697297725294,89.23962190350525,74.02597402597402,89.13813459268005,71.6131907308378,86.63101604278076,79.32330827067669,88.53383458646617,89.06250000000001,96.61458333333334,94.11764705882352,100.0,81.62852401726241,92.18351371105207,74.67774849725768,90.71156780727867,0.4915794732918717
385.0,95.67474048442908,98.1930026912726,86.76934097421204,92.30659025787965,83.19783197831975,91.11713339355614,78.96919431279625,84.41943127962085,81.13445378151262,87.14285714285714,85.14911230625395,90.63580295303727,74.96180290297937,83.46065699006874,77.71241830065357,84.98017786349511,80.17626321974151,87.56521739130434,83.82041652441109,89.36838511437351,86.66584736389333,92.01794273073615,80.66734966233578,87.47847601799558,82.90823098429487,89.05713948551642,0.42979819249738627,44.68085106382978,84.04255319148936,69.7368421052632,92.54385964912281,66.66666666666667,89.85507246376812,71.71717171717171,86.86868686868686,80.83333333333333,92.5,66.72697297725293,89.16203443461343,74.67532467532467,89.13813459268005,70.32085561497328,86.54188948306596,78.00751879699249,88.53383458646617,85.93750000000001,96.484375,91.17647058823529,100.0,80.02353393510515,92.13964673244244,73.37525345617904,90.65084058352794,0.5094705692984893
386.0,90.11918492887351,96.73202614379085,88.20200573065904,89.87106017191977,85.63685636856367,93.13459801264679,79.34686018957349,87.48518957345972,84.07563025210084,88.61344537815125,85.4761074939541,91.16726385599368,74.94270435446906,81.71723234748444,79.68070288224577,88.30815386263795,80.56404230317274,88.68625146886016,86.09252304540802,93.58825537726186,85.98992257588792,91.45876858793167,81.4539790322367,88.75173232883523,83.4650432630954,89.95949809241446,0.4254971437825913,44.68085106382978,84.04255319148936,69.7368421052632,92.54385964912281,66.66666666666667,89.85507246376812,66.16161616161617,87.2053872053872,80.83333333333333,92.5,65.61586186614183,89.2293745019535,75.32467532467531,88.90200708382527,69.34046345811052,86.63101604278076,76.22180451127821,88.43984962406014,88.02083333333334,96.61458333333334,91.17647058823529,100.0,80.01684944312655,92.1174912167999,72.81635565463418,90.6734328593767,0.5191859668286869
387.0,94.11764705882354,98.8081507112649,90.12893982808025,92.37822349570199,89.97289972899728,93.07437518819633,76.45882701421803,87.89988151658767,82.73109243697479,89.95798319327731,86.68188121341878,92.42372282100564,75.13368983957218,85.14405762304922,78.69602485803063,85.65734490517518,80.23501762632199,88.46298472385429,85.25264595425061,91.59781495390918,82.19245422145754,90.05776084552045,80.30196649992658,88.18399261030166,83.49192385667268,90.30385771565365,0.4116544061242922,44.68085106382978,84.04255319148936,69.7368421052632,92.54385964912281,66.66666666666667,89.85507246376812,71.71717171717171,86.86868686868686,80.83333333333333,92.5,66.72697297725293,89.16203443461343,75.32467532467531,88.78394332939786,70.32085561497328,86.63101604278076,76.22180451127821,88.43984962406014,88.02083333333334,96.61458333333334,91.17647058823529,100.0,80.2129278744991,92.09387846591441,73.46995042587602,90.62795645026392,0.5168003982394233
388.0,96.02076124567476,97.77008842752788,87.19914040114615,93.810888252149,85.86269196025292,89.85245408009635,81.00562796208534,87.01125592417061,81.91176470588236,89.62184873949579,86.3999972550083,91.61330708468793,76.20320855614973,85.02400960384153,77.22490088931745,87.09953926925962,81.5334900117509,88.71210340775558,84.41276886309323,92.77227722772277,85.89467862848717,94.46970627995576,81.05380938975969,89.61552715770705,83.726903322384,90.61441712119749,0.4103603599677302,44.68085106382978,84.04255319148936,69.7368421052632,92.54385964912281,66.66666666666667,89.85507246376812,71.71717171717171,86.86868686868686,80.83333333333333,92.5,66.72697297725293,89.16203443461343,75.32467532467531,88.66587957497048,70.32085561497328,86.63101604278076,76.22180451127821,88.43984962406014,88.02083333333334,96.74479166666667,91.17647058823529,100.0,80.2129278744991,92.09630738169561,73.46995042587602,90.62917090815452,0.5086849343791766
389.0,94.46366782006922,95.6170703575548,83.83954154727795,91.34670487106017,84.82384823848236,94.2186088527552,81.38329383886258,89.0254739336493,84.07563025210084,88.52941176470588,85.7171963393586,91.74745395594508,76.43239113827349,82.30110225908545,77.55062680810026,87.32240437158471,82.07990599294949,89.29729729729729,86.4373506316149,91.81631956299078,84.77633034287823,91.51407152513211,81.45532098276327,88.45023900321806,83.58625866106092,90.09884647958157,0.4188851868514233,44.68085106382978,84.04255319148936,69.7368421052632,92.54385964912281,66.66666666666667,89.85507246376812,66.16161616161617,87.2053872053872,80.83333333333333,92.5,65.61586186614183,89.2293745019535,75.32467532467531,88.66587957497048,69.34046345811052,86.63101604278076,76.22180451127821,88.43984962406014,88.02083333333334,96.74479166666667,91.17647058823529,100.0,80.01684944312655,92.09630738169561,72.81635565463418,90.66284094182456,0.516863205357228
390.0,94.8096885813149,97.19338715878509,90.12893982808025,94.11174785100287,88.52755194218605,91.44835892803373,87.4925947867299,91.51362559241706,87.71008403361344,92.73109243697479,89.73377183438491,93.3996423934427,77.3968678380443,84.79755538579067,76.24450873245472,85.03803707275259,79.85898942420683,87.87779083431258,87.71935814271085,93.60874018436326,85.11429273688093,92.3374708123387,81.26680337485952,88.73191885791155,85.50028760462222,91.06578062567712,0.39555953548118833,44.68085106382978,84.04255319148936,69.7368421052632,92.54385964912281,66.66666666666667,89.85507246376812,71.71717171717171,86.53198653198653,80.83333333333333,92.5,66.72697297725293,89.09469436727338,75.32467532467531,88.78394332939787,70.32085561497328,86.63101604278076,79.32330827067669,88.53383458646617,87.50000000000001,96.61458333333334,92.6470588235294,100.0,81.02317960677094,92.11267545839561,73.87507629201193,90.6036849128345,0.4996861419612728
391.0,87.87004998077663,96.27066512879662,94.12607449856735,95.48710601719198,81.75248419150856,91.20746763023186,81.14632701421803,86.44845971563981,84.81092436974791,88.99159663865545,85.9411720109637,91.68105902610314,75.63980137509549,83.14416675761214,78.69495339119251,85.79234972677597,81.10458284371332,86.12925969447708,84.06794127688634,91.73779446910208,82.09721027405679,88.49698906230797,80.32089783218889,87.06011194205504,83.13103492157629,89.3705854840791,0.42490263545534535,44.68085106382978,84.04255319148936,69.7368421052632,92.54385964912281,66.66666666666667,89.85507246376812,71.71717171717171,85.85858585858585,80.83333333333333,92.5,66.72697297725293,88.96001423259324,75.32467532467531,88.66587957497048,70.32085561497328,86.63101604278076,77.53759398496241,88.53383458646617,88.02083333333334,96.74479166666667,91.17647058823529,100.0,80.47608576923594,92.11510437417681,73.60152937324443,90.53755930338502,0.5047809566317416
392.0,96.88581314878894,98.34678969627066,93.63180515759313,95.40114613180516,88.52755194218605,92.29147847034027,82.47186018957349,87.94431279620854,85.46218487394958,92.64705882352942,89.39584306241824,93.32615718363081,75.44881588999235,81.18247298919567,78.3670845387335,84.5623057966356,80.99882491186843,87.63337250293772,86.6319562990782,93.31171048139298,84.62885584367703,91.67383556593339,81.2151074966699,87.67273946721907,85.30547527954407,90.49944832542494,0.3987379403467171,44.68085106382978,84.04255319148936,69.7368421052632,92.54385964912281,66.66666666666667,89.85507246376812,71.71717171717171,86.1952861952862,80.83333333333333,92.5,66.72697297725293,89.02735429993331,75.32467532467531,88.66587957497048,70.32085561497328,86.63101604278076,79.32330827067669,88.53383458646617,91.14583333333334,96.74479166666667,92.6470588235294,100.0,81.75234627343761,92.11510437417681,74.23965962534527,90.57122933705506,0.5046693643522726
393.0,90.29219530949634,94.50211457131873,87.05587392550144,94.32664756446991,84.82384823848237,93.0442637759711,85.21919431279625,88.95142180094787,82.60504201680673,91.89075630252101,85.99923076061663,92.54304080304573,75.55385790679907,83.76896213030666,79.02496517732774,86.60023572270438,81.09870740305526,87.28789659224442,84.21816319562994,91.31785592352338,83.21555855966574,90.89959444512719,80.62225044849555,87.9749089627812,83.31074060455609,90.25897488291346,0.41521347091926686,44.68085106382978,84.04255319148936,69.7368421052632,92.54385964912281,66.66666666666667,89.85507246376812,71.71717171717171,86.86868686868686,75.83333333333331,92.5,65.72697297725293,89.16203443461343,75.32467532467531,88.31168831168831,70.32085561497328,86.63101604278076,76.22180451127821,88.43984962406014,88.02083333333334,96.74479166666667,91.17647058823529,100.0,80.2129278744991,92.02546912903918,72.96995042587602,90.59375178182631,0.5206665033223639
394.0,96.19377162629759,97.57785467128028,84.41260744985674,90.30085959885386,86.0433604336043,93.19482083709725,84.36759478672988,88.61078199052133,84.81092436974791,90.0,87.1656517332473,91.93686341955055,76.93850267379678,81.31616282876787,78.37029893924782,85.75806278795672,82.40305522914223,86.62514688601645,86.82656196654149,92.38648002731308,83.3108025070665,91.64311171193314,81.56984426315896,87.54579284839745,84.36774799820313,89.74132813397401,0.41943540668507995,44.68085106382978,84.04255319148936,69.7368421052632,92.54385964912281,66.66666666666667,89.85507246376812,66.16161616161617,86.86868686868686,75.83333333333331,92.5,64.61586186614183,89.16203443461343,75.32467532467531,88.31168831168831,70.32085561497328,86.63101604278076,76.22180451127821,88.43984962406014,88.02083333333334,96.74479166666667,91.17647058823529,100.0,80.2129278744991,92.02546912903918,72.41439487032046,90.59375178182631,0.5224966220719308
395.0,95.50173010380621,98.65436370626682,89.98567335243554,93.98280802292264,86.6757000903342,94.03794037940379,81.38329383886258,86.5521327014218,86.28151260504201,90.92436974789916,87.9655819980961,92.83032291158284,75.30557677616501,82.6721597730001,78.53316189863921,86.72238294224793,79.63572267920098,89.39365452408931,87.37453055650396,94.53397063844315,84.81934373847857,89.68907459751752,81.13366712979754,88.60224849505961,84.54962456394682,90.71628570332123,0.3988913464770698,44.68085106382978,84.04255319148936,69.7368421052632,92.54385964912281,66.66666666666667,89.85507246376812,71.71717171717171,86.86868686868686,75.83333333333331,92.5,65.72697297725293,89.16203443461343,75.32467532467531,88.31168831168831,70.32085561497328,86.63101604278076,76.22180451127821,88.43984962406014,88.02083333333334,96.74479166666667,91.17647058823529,100.0,80.2129278744991,92.02546912903918,72.96995042587602,90.59375178182631,0.5219682005955679
396.0,94.98269896193771,97.92387543252595,90.27220630372494,90.67335243553008,82.33965672990061,89.85245408009635,83.18276066350714,90.6398104265403,83.42436974789916,91.51260504201682,86.8403384813939,92.1204194833419,75.74484339190222,83.07050092764379,78.69495339119254,85.92735454837673,80.6169212690952,87.99529964747356,86.03960396039605,91.74120860361899,86.52759002089223,93.18544918274549,81.52478240669566,88.3839625819717,84.18256044404478,90.25219103265681,0.40763392038655505,44.68085106382978,84.04255319148936,69.7368421052632,92.98245614035088,66.66666666666667,89.85507246376812,71.71717171717171,86.86868686868686,75.83333333333331,92.5,65.72697297725293,89.24975373285903,75.32467532467531,88.31168831168831,70.32085561497328,86.63101604278076,76.22180451127821,88.43984962406014,88.02083333333334,96.74479166666667,91.17647058823529,100.0,80.2129278744991,92.02546912903918,72.96995042587602,90.63761143094911,0.5179589287518467
397.0,96.02076124567473,98.11610918877355,89.26934097421206,91.21776504297993,82.97199638663052,91.41824751580849,80.05776066350714,84.5675355450237,84.11764705882354,88.02521008403362,86.48750126576961,90.66897347532387,77.25362872421697,83.98995962021172,78.53423336547732,85.0401800064288,79.75323149236195,85.31609870740307,86.18982587913965,92.71423694093546,85.2617672360821,90.7889885707263,81.3985373394556,87.56989276914106,83.94301930261261,89.11943312223246,0.43622930510647967,44.68085106382978,84.04255319148936,69.7368421052632,92.98245614035088,66.66666666666667,89.85507246376812,71.71717171717171,86.53198653198653,80.83333333333333,92.5,66.72697297725293,89.18241366551898,75.97402597402596,88.07556080283354,72.28163992869877,86.63101604278076,73.96616541353383,88.25187969924812,86.45833333333334,96.74479166666667,91.17647058823529,100.0,79.97132704756544,91.94064964230583,73.34915001240918,90.5615316539124,0.5169653747473478
398.0,95.32871972318343,98.30834294502114,92.62893982808025,94.68481375358166,83.6043360433604,92.92381812707016,85.07849526066354,91.86907582938389,84.07563025210084,89.49579831932773,88.1432242214777,93.45636979487692,76.83346065699007,85.17952635599696,79.84570877531338,86.07521697203471,82.67920094007053,87.25734430082257,84.20962785933767,91.25640150221919,84.62885584367703,89.13604522551309,81.63937081507774,87.78090687131731,84.89129751827772,90.61863833309712,0.396625431541599,44.68085106382978,84.04255319148936,69.7368421052632,92.54385964912281,66.66666666666667,89.85507246376812,71.71717171717171,86.53198653198653,80.83333333333333,92.5,66.72697297725293,89.09469436727338,75.97402597402596,88.07556080283354,70.32085561497328,86.63101604278076,77.53759398496241,88.43984962406014,88.02083333333334,96.74479166666667,91.17647058823529,100.0,80.60595589910608,91.97824362726823,73.6664644381795,90.5364689972708,0.5099257219675574
399.0,95.50173010380621,97.8085351787774,88.83954154727795,92.30659025787966,86.49503161698281,90.30412526347486,80.19845971563984,83.79739336492892,83.42436974789916,88.31932773109243,86.8918265463212,90.50719435923067,77.90297937356762,84.02815671723235,77.38776384870886,87.547412407586,81.37485311398358,87.27967097532316,84.56299078183682,92.53670194605668,81.70701732825367,90.62307975912499,80.58712088927011,88.40300436106463,83.73947371779565,89.45509936014764,0.4211392973535959,44.68085106382978,84.04255319148936,69.7368421052632,92.54385964912281,66.66666666666667,89.85507246376812,71.71717171717171,87.2053872053872,80.83333333333333,92.5,66.72697297725293,89.2293745019535,75.97402597402596,88.07556080283354,70.32085561497328,86.63101604278076,77.53759398496241,88.43984962406014,88.02083333333334,96.74479166666667,91.17647058823529,100.0,80.60595589910608,91.97824362726823,73.6664644381795,90.60380906461086,0.5143545286310942
400.0,95.3287197231834,98.76970396001538,91.76934097421204,94.38395415472779,85.0496838301716,92.77326106594398,81.95349526066354,86.62618483412322,93.50840336134455,95.33613445378151,89.52192862991504,93.57784769371838,77.35867074102367,82.62850594783369,79.35069109611054,87.00310725383049,80.7814336075206,87.63337250293772,84.26254694434961,92.40696483441447,84.7240997910778,89.68292982671746,81.29548843601644,87.87097607314675,85.40870853296573,90.72441188343257,0.3925704162265414,44.68085106382978,84.04255319148936,69.7368421052632,92.54385964912281,66.66666666666667,89.85507246376812,71.71717171717171,87.2053872053872,80.83333333333333,92.5,66.72697297725293,89.2293745019535,75.97402597402596,88.07556080283354,70.32085561497328,86.63101604278076,75.75187969924812,88.43984962406014,88.02083333333334,96.74479166666667,91.17647058823529,100.0,80.2488130419632,91.97824362726823,73.48789300960806,90.60380906461086,0.5140428920895238
401.0,95.32871972318343,97.69319492502883,90.12893982808025,91.87679083094554,87.08220415537487,94.15838602830473,83.27902843601899,89.15876777251185,79.05462184873949,89.6218487394958,86.97470279827941,92.50179765925735,75.86898395721924,85.18225472006985,78.85995928426014,86.81452909032465,80.01762632197418,87.786133960047,85.9866848753841,93.64288152953225,83.21555855966572,90.78898857072632,80.78976259970068,88.84295757414,83.88223269899004,90.67237761669867,0.4039625620661256,44.68085106382978,84.04255319148936,69.7368421052632,92.98245614035088,66.66666666666667,89.85507246376812,71.71717171717171,87.2053872053872,80.83333333333333,92.5,66.72697297725293,89.3170938001991,75.97402597402596,88.07556080283354,70.32085561497328,86.63101604278076,75.75187969924812,88.43984962406014,88.02083333333334,96.74479166666667,91.17647058823529,100.0,80.2488130419632,91.97824362726823,73.48789300960806,90.64766871373367,0.5164286694029055
402.0,95.84775086505192,97.96232218377547,87.19914040114614,91.38968481375358,82.97199638663051,86.69075579644685,84.0343601895735,87.95912322274881,85.50420168067228,93.52941176470588,87.11148990461486,91.50625955628611,76.49923605805958,84.1127360034923,78.20529304618019,86.7673845494482,81.26909518213868,88.15041128084606,86.34004779788324,92.26357118470466,84.53361189627628,90.86887059112695,81.3694567961076,88.43259472192364,84.24047335036123,89.96942713910488,0.4172426740411769,44.68085106382978,84.04255319148936,69.7368421052632,92.98245614035088,66.66666666666667,89.85507246376812,71.71717171717171,87.2053872053872,80.83333333333333,92.5,66.72697297725293,89.3170938001991,75.97402597402596,87.95749704840614,70.32085561497328,86.72014260249554,75.75187969924812,88.43984962406014,88.02083333333334,96.74479166666667,91.17647058823529,100.0,80.2488130419632,91.97245618832571,73.48789300960806,90.6447749942624,0.5191074590654097
403.0,90.11918492887351,97.96232218377547,92.48567335243555,95.65902578796562,86.6757000903342,93.10448660042157,80.9093601895735,86.6558056872038,81.99579831932772,87.01680672268908,86.4371433761089,92.07968939641111,74.25515660809778,82.6503328604169,77.71456123432978,86.33451194685524,80.51116333725032,87.41480611045829,84.56299078183682,92.21918743598498,82.4351726680595,87.07754700749662,79.89580892591485,87.1392770722424,83.16647615101188,89.60948323432675,0.41956254098992835,44.68085106382978,84.04255319148936,69.7368421052632,92.54385964912281,66.66666666666667,89.85507246376812,66.16161616161617,86.86868686868686,80.83333333333333,92.5,65.61586186614183,89.16203443461343,75.97402597402596,88.07556080283354,70.32085561497328,86.72014260249554,76.22180451127821,88.53383458646617,89.58333333333334,96.74479166666667,91.17647058823529,100.0,80.65529800436921,92.01486593169238,73.13557993525552,90.5884501831529,0.5152408164426676
404.0,95.3287197231834,96.73202614379085,85.27220630372493,91.08882521489971,88.52755194218605,93.07437518819633,80.76866113744077,85.82642180094787,86.28151260504201,92.94117647058823,87.23573034231543,91.9325649636846,74.36019862490451,85.01855287569573,77.22382942247935,85.19875709846781,79.91186839012929,88.60634547591069,85.30556503926258,92.89177193581428,81.85449182745485,89.4002703699152,79.73119066084612,88.22313955116074,83.48346050158078,90.07785225742268,0.4103937495315225,44.68085106382978,84.04255319148936,69.7368421052632,92.54385964912281,66.66666666666667,89.85507246376812,66.16161616161617,86.86868686868686,80.83333333333333,92.5,65.61586186614183,89.16203443461343,75.97402597402596,88.07556080283354,70.32085561497328,86.72014260249554,76.22180451127821,88.53383458646617,89.58333333333334,96.74479166666667,92.6470588235294,100.0,80.94941565142804,92.01486593169238,73.28263875878494,90.5884501831529,0.5137292593923544
405.0,95.15570934256058,96.61668589004229,89.55587392550144,93.12320916905443,86.90153568202345,96.02529358626919,84.13062796208534,88.55154028436019,89.91596638655462,90.7983193277311,89.13194265974508,93.02300965149144,75.63980137509549,83.86445487285823,77.71241830065357,85.89521054323369,80.24089306698005,86.9635722679201,85.05804028678732,91.30761351997269,84.62885584367703,89.86727295071894,80.65600177463868,87.57962483094073,84.89397221719187,90.30131724121608,0.404033978663567,44.68085106382978,84.04255319148936,69.7368421052632,92.98245614035088,66.66666666666667,89.85507246376812,71.71717171717171,86.53198653198653,80.83333333333333,92.5,66.72697297725293,89.18241366551898,75.97402597402596,88.07556080283354,70.32085561497328,86.72014260249554,79.32330827067669,88.53383458646617,91.14583333333334,96.74479166666667,95.58823529411765,100.0,82.47045169742539,92.01486593169238,74.59871233733915,90.59863979860569,0.500270809241375
406.0,94.8096885813149,97.19338715878509,89.26934097421206,93.91117478510029,85.45618789521227,91.29780186690756,84.13062796208534,90.80272511848341,89.09663865546219,92.22689075630252,88.55249681365736,93.08639593711577,77.48281130634072,85.43872094292261,76.24450873245472,85.71948998178506,79.91186839012929,87.56991774383079,86.09252304540802,92.33185387504268,82.73012166646186,89.06845274671255,80.49236662815892,88.02568705805875,84.52243172090814,90.55604149758726,0.40285978108827397,44.68085106382978,84.04255319148936,69.7368421052632,92.54385964912281,66.66666666666667,88.40579710144928,60.60606060606061,86.86868686868686,80.83333333333333,92.5,64.50475075503071,88.87217936214965,75.97402597402596,88.07556080283354,70.32085561497328,86.72014260249554,78.00751879699249,88.53383458646617,89.58333333333334,96.74479166666667,94.11764705882352,100.0,81.60067615562973,92.01486593169238,73.05271345533022,90.44352264692102,0.5225567333573803
407.0,90.11918492887352,95.96309111880046,88.98280802292264,95.21489971346705,84.01084010840106,90.78590785907859,81.24259478672988,87.33708530805688,87.05882352941177,94.62184873949579,86.28285027526778,92.78456654777976,76.04087089381207,85.261377278184,77.38776384870886,87.02453659059253,80.01762632197418,86.52878965922443,82.73301468077844,91.58074428132468,83.75322600467004,92.3374708123387,79.98650034998873,88.54658372433286,83.13467531262825,90.6655751360563,0.40075162913289275,44.68085106382978,84.04255319148936,69.7368421052632,92.54385964912281,66.66666666666667,88.40579710144928,60.60606060606061,87.2053872053872,80.83333333333333,92.5,64.50475075503071,88.93951942948972,75.97402597402596,88.07556080283354,70.32085561497328,86.72014260249554,76.22180451127821,88.53383458646617,89.58333333333334,96.74479166666667,92.6470588235294,100.0,80.94941565142804,92.01486593169238,72.72708320322937,90.47719268059106,0.5180025624094421
408.0,89.0811226451365,94.77124183006536,90.12893982808025,95.01432664756446,86.26919602529355,93.46582354712436,82.33116113744077,84.65639810426539,89.13865546218487,90.33613445378151,87.38981501962718,91.64878491656023,74.55118411000764,82.41023682200152,79.18675666988104,86.74381227900996,81.59224441833139,87.76263219741482,85.65039262546946,93.03516558552407,87.35098930809882,93.50497726434803,81.66631342635768,88.69136482965968,84.52806422299243,90.17007487310995,0.41813518605185496,44.68085106382978,84.04255319148936,69.7368421052632,92.54385964912281,66.66666666666667,86.95652173913044,60.60606060606061,87.2053872053872,80.83333333333333,92.5,64.50475075503071,88.64966435702596,75.97402597402596,88.07556080283354,70.32085561497328,86.72014260249554,76.22180451127821,88.53383458646617,89.58333333333334,96.74479166666667,94.11764705882352,100.0,81.24353329848687,92.01486593169238,72.87414202675879,90.33226514435917,0.5214638606560685
409.0,95.50173010380624,98.46212995001923,89.55587392550144,91.31805157593124,87.08220415537487,91.38813610358325,78.73222748815168,87.3074644549763,88.44537815126051,93.52941176470588,87.86348276481895,92.40103876984317,75.00954927425516,84.76754338098876,77.38669238187076,85.79020679309976,80.12338425381907,87.72972972972973,84.02355752816662,91.88460225332878,84.81934373847857,89.87956249231904,80.27250543531804,88.0103289298932,84.06799410006849,90.2056838498682,0.405913774134163,44.68085106382978,84.04255319148936,69.7368421052632,92.98245614035088,66.66666666666667,86.95652173913044,60.60606060606061,87.2053872053872,80.83333333333333,92.5,64.50475075503071,88.73738365527157,75.97402597402596,88.07556080283354,70.32085561497328,86.72014260249554,76.22180451127821,88.53383458646617,89.58333333333334,96.74479166666667,92.6470588235294,100.0,80.94941565142804,92.01486593169238,72.72708320322937,90.37612479348198,0.5239934025306868
410.0,95.15570934256058,97.69319492502883,90.55873925501434,96.0028653295129,86.85636856368562,92.35170129479073,81.85722748815168,86.50770142180096,81.95378151260503,87.3529411764706,87.27636523240345,91.9816808295208,76.0790679908327,83.32151042235077,77.87635272688308,85.78377799207114,80.66980023501765,88.75205640423032,84.31546602936157,92.41037896893137,83.99594445127197,90.21752488632174,80.5873262866734,88.09704973478105,83.93184575953842,90.03936528215092,0.4115806452847348,44.68085106382978,84.04255319148936,69.7368421052632,92.54385964912281,66.66666666666667,87.68115942028987,60.60606060606061,87.2053872053872,80.83333333333333,92.5,64.50475075503071,88.79459189325785,75.97402597402596,88.07556080283354,70.32085561497328,86.72014260249554,78.00751879699249,88.53383458646617,89.06250000000001,96.74479166666667,95.58823529411765,100.0,81.79062713602188,92.01486593169238,73.1476889455263,90.40472891247512,0.5118462054622289
411.0,96.19377162629759,98.0392156862745,84.84240687679085,93.76790830945559,85.63685636856366,92.26136705811503,79.82079383886258,84.96741706161137,81.26050420168066,88.40336134453781,85.55086658243906,91.48785389199885,76.74751718869365,84.38557241078249,79.34961962927247,86.80595735561984,81.5334900117509,86.74500587544067,86.87948105155346,93.84431546602936,84.42915079267544,90.76440948752612,81.78785173478919,88.50905211907968,83.66935915861413,89.99845300553926,0.41761985090953674,44.68085106382978,82.97872340425532,69.7368421052632,92.54385964912281,66.66666666666667,87.68115942028987,60.60606060606061,87.2053872053872,80.83333333333333,92.5,64.50475075503071,88.58182593581104,75.97402597402596,88.07556080283354,70.32085561497328,86.72014260249554,78.00751879699249,88.53383458646617,91.14583333333334,96.61458333333334,95.58823529411765,100.0,82.20729380268855,91.98882426502571,73.35602227885963,90.28532510041838,0.5135015370436996
412.0,94.8096885813149,98.50057670126874,86.33954154727796,92.40687679083095,88.93405600722672,94.51972297500754,86.54472748815171,88.18127962085308,88.44537815126051,91.63865546218489,89.01467835504636,93.04942231002904,77.0244461420932,85.3896103896104,78.69816779170682,86.06235936997749,80.02350176263221,89.09753231492363,86.7821782178218,92.22601570501878,80.49342509524396,89.59075826471673,80.60434380189959,88.4732552088494,84.80951107847298,90.76133875943921,0.3962538959111833,44.68085106382978,84.04255319148936,69.7368421052632,92.98245614035088,66.66666666666667,88.40579710144928,71.71717171717171,87.2053872053872,80.83333333333333,92.5,66.72697297725293,89.02723872773534,75.97402597402596,87.83943329397876,70.32085561497328,86.80926916221034,74.43609022556392,88.53383458646617,89.58333333333334,96.61458333333334,94.11764705882352,100.0,80.88639044134402,91.95942407519772,73.80668170929847,90.49333140146652,0.514317092834578
413.0,95.32871972318343,95.27104959630911,90.27220630372493,94.55587392550143,88.52755194218605,95.24239686841312,84.98222748815171,90.84715639810426,88.44537815126051,91.84873949579831,89.51121672170133,93.55304325682525,75.28647822765468,83.61617374222416,80.1735776277724,87.22597235615558,83.38425381903645,88.51938895417156,87.71935814271085,91.42710822806418,87.01302691409612,92.58940641514072,82.71533894625409,88.67560993915124,86.11327783397772,91.11432659798825,0.39129448373396214,44.68085106382978,82.97872340425532,70.61403508771934,92.98245614035088,66.66666666666667,88.40579710144928,60.60606060606061,86.86868686868686,80.83333333333333,92.5,64.68018935152195,88.74713270294846,76.6233766233766,87.72136953955136,70.32085561497328,86.80926916221034,74.43609022556392,88.43984962406014,89.58333333333334,96.61458333333334,92.6470588235294,100.0,80.7221429241553,91.91701433183104,72.70116613783863,90.33207351738974,0.5268067880289714
414.0,95.15570934256058,97.50096116878125,84.26934097421204,90.0429799426934,88.93405600722672,92.38181270701597,81.38329383886258,86.01895734597157,87.66806722689076,92.68907563025209,87.48209347795054,91.72675735894286,75.51566080977845,83.26694314089272,79.18997107039533,86.51451837565628,81.64512338425384,88.67450058754406,85.50017070672587,92.40355069989758,88.52156814550818,93.32677891114662,82.07449882333233,88.83725834302744,84.77829615064144,90.28200785098515,0.4075341825853782,44.68085106382978,84.04255319148936,69.7368421052632,93.42105263157895,66.66666666666667,88.40579710144928,71.71717171717171,86.53198653198653,80.83333333333333,92.5,66.72697297725293,88.98027789130082,75.97402597402596,87.83943329397876,70.32085561497328,86.80926916221034,75.75187969924812,88.43984962406014,89.58333333333334,96.61458333333334,94.11764705882352,100.0,81.14954833608085,91.94062708271652,73.9382606566669,90.46045248700867,0.5123343916154375
415.0,95.3287197231834,98.6159169550173,92.48567335243555,94.49856733524355,89.56639566395663,94.8509485094851,82.9457938388626,86.98163507109004,81.21848739495799,89.07563025210084,88.30901399467923,92.80453962458736,75.83078686019861,83.5234093637455,77.22382942247935,85.5973427622415,79.20094007050531,87.30199764982373,87.37453055650394,92.37623762376236,84.09118839867273,91.68612510753348,80.74425506167198,88.09702250142132,84.5266345281756,90.45078106300434,0.4005864413382055,44.68085106382978,84.04255319148936,70.61403508771934,93.42105263157895,66.66666666666667,88.40579710144928,71.71717171717171,86.86868686868686,80.83333333333333,92.5,66.90241157374416,89.04761795864087,75.97402597402596,87.83943329397876,70.32085561497328,86.80926916221034,79.32330827067669,88.43984962406014,91.14583333333334,96.61458333333334,94.11764705882352,100.0,82.17633405036656,91.94062708271652,74.53937281205536,90.4941225206787,0.5132395101888549
416.0,84.90965013456363,90.54209919261822,89.98567335243554,94.92836676217765,88.12104787714543,93.04426377597109,78.25829383886258,82.89395734597156,83.38235294117648,85.67226890756302,84.93140362883673,89.41619119686031,77.25362872421695,84.3964858670741,77.55384120861457,86.88738883531555,81.2690951821387,89.24324324324324,86.28712871287131,93.46193240013658,86.23264102248986,93.20388349514563,81.71926697006629,89.43858676818301,83.32533529945151,89.42738898252166,0.4311793937462899,44.68085106382978,84.04255319148936,70.61403508771934,93.42105263157895,66.66666666666667,89.1304347826087,71.71717171717171,86.86868686868686,80.83333333333333,92.5,66.90241157374416,89.19254549487277,75.97402597402596,87.83943329397876,70.32085561497328,86.80926916221034,75.75187969924812,88.53383458646617,89.58333333333334,96.61458333333334,94.11764705882352,100.0,81.14954833608085,91.95942407519772,74.02597995491251,90.57598478503525,0.5141417874572511
417.0,96.02076124567473,97.30872741253364,90.55873925501434,93.12320916905445,89.747064137308,93.64649202047575,85.69312796208534,87.36670616113744,85.58823529411764,91.1344537815126,89.52158557884,92.51591770894278,78.00802139037432,83.50976754338099,78.69709632486871,87.54955534126219,81.53936545240896,87.69212690951821,87.96688289518609,92.69375213383407,84.33390684527467,90.92417352832739,82.10905458162254,88.47387509126456,85.81532008023127,90.49489640010367,0.3933733067607944,44.68085106382978,84.04255319148936,70.61403508771934,93.42105263157895,66.66666666666667,88.40579710144928,60.60606060606061,87.2053872053872,80.83333333333333,92.5,64.68018935152195,89.11495802598094,75.97402597402596,87.83943329397876,70.32085561497328,86.80926916221034,74.43609022556392,88.53383458646617,89.58333333333334,96.61458333333334,94.11764705882352,100.0,80.88639044134402,91.95942407519772,72.78328989643299,90.53719105058933,0.5177138852813472
418.0,96.19377162629759,97.30872741253364,92.91547277936965,96.07449856733525,83.37850045167116,89.00933453778983,83.27902843601899,87.45556872037915,89.18067226890757,93.61344537815125,88.98948911245299,92.69231492323782,73.67265087853323,80.30121139364836,76.89596057002032,85.55448408871746,81.31609870740307,89.56991774383079,86.28712871287131,93.17855923523388,81.31682438245053,90.125353324321,79.89773265025569,87.7459051571503,84.44361088135435,90.21911004019407,0.4028998514213621,44.68085106382978,84.04255319148936,70.61403508771934,93.42105263157895,66.66666666666667,89.1304347826087,71.71717171717171,87.2053872053872,80.83333333333333,92.5,66.90241157374416,89.25988556221283,75.97402597402596,87.83943329397876,70.32085561497328,86.80926916221034,75.75187969924812,88.43984962406014,89.58333333333334,96.61458333333334,94.11764705882352,100.0,81.14954833608085,91.94062708271652,74.02597995491251,90.60025632246467,0.5142099766603683
419.0,95.50173010380624,98.8081507112649,92.77220630372494,96.189111747851,83.60433604336042,91.35802469135803,80.9093601895735,86.72985781990522,85.58823529411764,91.63865546218487,87.67517358691654,92.9447600865128,77.33957219251336,84.1181927316381,80.16929176042,86.47808850316083,80.83431257344304,85.78848413631023,84.02355752816662,91.95629907818368,85.35701118348287,92.81061816394248,81.54474904760518,88.23033652264706,84.60996131726085,90.58754830457994,0.39418853452345753,44.68085106382978,84.04255319148936,70.61403508771934,92.98245614035088,66.66666666666667,88.40579710144928,66.16161616161615,87.2053872053872,80.83333333333333,92.5,65.79130046263306,89.02723872773534,75.97402597402596,87.83943329397876,70.32085561497328,86.80926916221034,75.75187969924812,88.34586466165413,89.58333333333334,96.61458333333334,92.6470588235294,100.0,80.85543068902203,91.92183009023532,73.32336557582755,90.47453440898533,0.5195367746888562
420.0,91.33025759323338,97.42406766628218,84.84240687679085,91.21776504297993,84.82384823848236,90.84613068352905,82.80509478672988,87.0260663507109,87.01680672268908,94.45378151260503,86.16368284358511,92.19356225122142,76.70932009167302,82.60667903525047,78.044573020465,87.31383263687988,80.07050528789661,86.71680376028202,85.4472516217139,92.75179242062138,85.84244807668675,93.75076809635001,81.22281961968706,88.62797518987675,83.69325123163608,90.41076872054909,0.4044380387930589,44.68085106382978,84.04255319148936,69.7368421052632,92.98245614035088,66.66666666666667,87.68115942028987,66.16161616161615,87.2053872053872,80.83333333333333,92.5,65.61586186614183,88.88231119150346,76.6233766233766,87.72136953955136,70.32085561497328,86.80926916221034,75.75187969924812,88.34586466165413,89.58333333333334,96.61458333333334,92.6470588235294,100.0,80.98530081889214,91.89821733934984,73.30058134251698,90.39026426542665,0.5181106424612629
421.0,96.36678200692043,98.1930026912726,89.98567335243554,94.04011461318052,90.15356820234867,95.24239686841314,79.68009478672988,82.9531990521327,83.34033613445378,90.46218487394958,87.90529089657767,92.17817961978972,75.63980137509549,83.29695514569464,78.37029893924779,84.59016393442622,81.2103407755582,87.62397179788483,85.84499829293276,93.02492318197338,84.09118839867273,90.71525132112572,81.0313255563014,87.85025307622095,84.46830822643953,90.01421634800533,0.40459689024365303,44.68085106382978,84.04255319148936,69.7368421052632,92.98245614035088,66.66666666666667,86.95652173913044,60.60606060606061,86.86868686868688,80.83333333333333,92.5,64.50475075503071,88.67004358793152,75.97402597402596,87.72136953955136,70.32085561497328,86.80926916221034,76.22180451127821,88.34586466165413,89.58333333333334,96.61458333333334,94.11764705882352,100.0,81.24353329848687,91.89821733934984,72.87414202675879,90.28413046364068,0.5226057037221388
422.0,96.19377162629758,98.69281045751634,89.98567335243554,95.45845272206304,88.52755194218607,96.02529358626919,83.27902843601899,86.84834123222748,84.8529411764706,93.10924369747899,88.56779330668175,94.026828339111,75.30557677616501,82.9449961802903,79.18675666988105,86.95167684560164,81.43360752056408,88.78730904817861,85.99522021167637,91.14714919767839,84.87157429027897,91.36045225513088,81.3585470937131,88.23831670537598,84.96317020019742,91.13257252224349,0.3843278777676774,44.68085106382978,84.04255319148936,70.61403508771934,92.98245614035088,66.66666666666667,87.68115942028987,60.60606060606061,86.86868686868688,80.83333333333333,92.5,64.68018935152195,88.8149711241634,75.97402597402596,87.72136953955136,70.32085561497328,86.80926916221034,76.22180451127821,88.43984962406014,89.58333333333334,96.61458333333334,94.11764705882352,100.0,81.24353329848687,91.91701433183104,72.9618613250044,90.36599272799722,0.5252622022201597
423.0,90.9842368319877,97.00115340253748,88.98280802292264,95.87392550143267,86.6757000903342,93.67660343270099,82.09419431279625,87.18898104265404,90.60924369747899,94.03361344537815,87.86923659110396,93.55485536494066,77.54965622612681,84.66932227436429,79.35069109611057,85.10661095039109,80.9400705052879,86.88366627497062,84.75759644930012,92.17480368726528,84.48138134447586,91.45262381713162,81.41587912426026,88.05740540082458,84.6425578576821,90.80613038288263,0.392079704051564,44.68085106382978,84.04255319148936,70.61403508771934,92.98245614035088,66.66666666666667,86.95652173913044,60.60606060606061,86.53198653198653,80.83333333333333,92.5,64.68018935152195,88.60270352059145,75.97402597402596,87.72136953955136,70.32085561497328,86.80926916221034,78.00751879699249,88.43984962406014,91.14583333333334,96.61458333333334,94.11764705882352,100.0,81.91317615562973,91.91701433183104,73.29668275357584,90.25985892621125,0.5226039069338839
424.0,91.15724721261054,97.53940792003077,89.84240687679083,92.73638968481376,88.12104787714541,93.67660343270099,87.35189573459718,88.95142180094787,84.15966386554622,92.85714285714286,88.12645231333804,93.15219313912723,77.02444614209321,85.845247189785,78.69709632486871,86.23165113039752,80.94007050528792,86.951821386604,87.02970297029705,91.98361215431888,80.1984760968416,88.68133218630945,80.7779584078777,87.93873280948296,84.45220536060788,90.5454629743051,0.4044606796972559,44.68085106382978,84.04255319148936,69.7368421052632,92.98245614035088,66.66666666666667,87.68115942028987,60.60606060606061,86.86868686868688,80.83333333333333,92.5,64.50475075503071,88.8149711241634,76.6233766233766,87.72136953955136,70.32085561497328,86.80926916221034,79.32330827067669,88.43984962406014,91.14583333333334,96.61458333333334,95.58823529411765,100.0,82.60032182729552,91.91701433183104,73.55253629116311,90.36599272799722,0.5166118084950189
425.0,95.67474048442908,99.2310649750096,90.27220630372494,93.93982808022923,87.08220415537487,93.61638060825052,83.65669431279625,89.41054502369668,86.28151260504204,92.52100840336135,88.59347157227344,93.74376541810948,77.35867074102367,84.2409691149187,78.86317368477442,87.06310939676416,80.18213866039954,87.30434782608695,86.1369067941277,92.59815636736087,82.67789111466143,90.5493425095244,81.04375619899736,88.35118504293102,84.8186138856354,91.04747523052025,0.3888127683638514,44.68085106382978,84.04255319148936,69.7368421052632,92.98245614035088,66.66666666666667,87.68115942028987,66.16161616161615,87.2053872053872,80.83333333333333,92.5,65.61586186614183,88.88231119150346,76.6233766233766,87.72136953955136,70.32085561497328,86.80926916221034,79.32330827067669,88.53383458646617,91.14583333333334,96.61458333333334,95.58823529411765,100.0,82.60032182729552,91.93581132431225,74.10809184671868,90.40906125790787,0.5126175931407068
426.0,95.67474048442908,97.53940792003075,90.12893982808025,93.59598853868195,87.48870822041552,90.57512797350195,84.98222748815168,84.16765402843602,87.01680672268908,92.73109243697478,89.05828454875312,91.72185417952508,77.58785332314743,84.46196660482374,79.02282224365153,87.41026465230901,80.83431257344303,89.36075205640424,87.2772277227723,92.72789347900307,84.1864323460735,90.98562123632787,81.78172964181756,88.98929960577358,85.42000709528534,90.35557689264934,0.4026805425476179,44.68085106382978,82.97872340425532,70.61403508771934,92.98245614035088,66.66666666666667,86.95652173913044,60.60606060606061,86.86868686868688,80.83333333333333,92.5,64.68018935152195,88.4572776304847,76.6233766233766,87.48524203069658,70.32085561497328,86.89839572192513,74.43609022556392,88.34586466165413,89.58333333333334,96.74479166666667,94.11764705882352,100.0,81.01626057121413,91.89485881618852,72.84822496136803,90.17606822333661,0.5258276782951913
427.0,96.36678200692042,97.57785467128028,88.20200573065904,90.54441260744986,87.71454381210478,92.29147847034027,81.47956161137444,87.75177725118483,91.38655462184873,93.4453781512605,89.02988955658148,92.32218023030315,75.62070282658517,83.61617374222416,79.51676845601627,85.85663773706204,82.02702702702706,90.43478260869566,89.1515875725504,93.51314441789008,84.81934373847857,89.4371389947155,82.22708592413149,88.57157550011749,85.62848774035649,90.44687786521033,0.39398459817875986,44.68085106382978,82.97872340425532,70.61403508771934,92.98245614035088,66.66666666666667,86.95652173913044,60.60606060606061,87.54208754208754,80.83333333333333,92.5,64.68018935152195,88.59195776516484,76.6233766233766,87.48524203069658,70.32085561497328,86.89839572192513,74.43609022556392,88.34586466165413,89.58333333333334,96.61458333333334,92.6470588235294,100.0,80.7221429241553,91.86881714952185,72.70116613783863,90.23038745734334,0.5300728903934799
428.0,94.98269896193774,96.2322183775471,91.48280802292264,93.03724928366763,84.4173441734417,93.82716049382715,82.33116113744079,85.15995260663507,85.54621848739497,90.54621848739495,87.75204615662757,91.76055984981437,73.1283422459893,83.03230383062316,80.00750026786669,87.8795671273974,81.86251468860168,89.72032902467684,86.18982587913965,93.57801297371117,86.13739707508911,91.80902052353446,81.46511603133729,89.2038466959886,84.60858109398242,90.48220327290149,0.40897627308198725,44.68085106382978,82.97872340425532,69.7368421052632,93.42105263157895,66.66666666666667,86.95652173913044,60.60606060606061,87.2053872053872,80.83333333333333,92.5,64.50475075503071,88.61233699607037,75.97402597402596,87.60330578512396,70.32085561497328,86.80926916221034,75.75187969924812,88.43984962406014,89.58333333333334,96.61458333333334,94.11764705882352,100.0,81.14954833608085,91.89340158094555,72.82714954555578,90.25286928850795,0.5218116056476818
429.0,95.50173010380625,98.19300269127258,87.34240687679085,94.58452722063038,86.26919602529355,91.62902740138512,83.89366113744077,89.23281990521326,87.79411764705884,94.74789915966387,88.16022235807806,93.67745527563304,76.37509549274255,83.98177452799301,80.98896389156754,88.47315975570555,81.32197414806113,87.89424206815511,83.82041652441107,91.22226015705019,85.9376920240875,92.03023227233625,81.68882841617395,88.72033375624802,84.92452538712601,91.19889451594054,0.3837755234410426,44.68085106382978,82.97872340425532,70.61403508771934,94.2982456140351,66.66666666666667,86.95652173913044,60.60606060606061,87.54208754208754,80.83333333333333,92.5,64.68018935152195,88.85511565990167,76.6233766233766,87.60330578512396,70.32085561497328,86.89839572192514,74.43609022556392,88.34586466165413,89.58333333333334,96.61458333333334,94.11764705882352,100.0,81.01626057121413,91.89242990040732,72.84822496136803,90.3737727801545,0.5288816450730502
430.0,96.7128027681661,97.38562091503269,92.77220630372494,96.47564469914039,88.93405600722672,92.68292682926828,83.27902843601899,90.59537914691943,85.58823529411764,90.92436974789916,89.45726576185088,93.612788267652,78.49503437738731,85.35687002073557,78.37029893924782,87.35240544305154,83.05522914218568,88.79200940070504,85.44725162171393,90.6247866165927,81.70701732825366,89.58461349391669,81.41496628175767,88.3421369950003,85.43611602180428,90.97746263132615,0.39361926398865493,44.68085106382978,82.97872340425532,70.61403508771934,94.2982456140351,66.66666666666667,87.68115942028987,60.60606060606061,86.86868686868688,80.83333333333333,92.5,64.68018935152195,88.86536306145344,75.97402597402596,87.60330578512396,70.32085561497328,86.89839572192514,74.43609022556392,88.43984962406014,89.58333333333334,96.61458333333334,94.11764705882352,100.0,80.88639044134402,91.91122689288852,72.78328989643299,90.38829497717097,0.5272757667818501
431.0,95.84775086505189,97.07804690503652,87.48567335243553,96.03151862464183,85.63685636856367,92.95392953929539,81.71652843601899,85.70793838862559,90.60924369747899,93.23529411764706,88.2592105439098,93.00134551504928,73.02330022918258,83.36243588344428,78.36922747240969,85.38733526197365,81.53936545240896,87.68037602820212,86.78217821782181,93.04199385455787,83.99594445127198,90.22366965712179,80.74200316461899,87.93916213705994,84.50060685426439,90.4702538260546,0.39773797436266295,44.68085106382978,82.97872340425532,70.61403508771934,93.85964912280703,66.66666666666667,87.68115942028987,60.60606060606061,86.86868686868688,80.83333333333333,92.5,64.68018935152195,88.77764376320782,75.97402597402596,87.60330578512396,70.32085561497328,86.98752228163993,76.22180451127821,88.34586466165413,91.14583333333334,96.74479166666667,94.11764705882352,100.0,81.55603329848687,91.93629687901695,73.1181113250044,90.35697032111239,0.5236459907535451
432.0,96.19377162629758,97.92387543252595,89.41260744985675,90.61604584527223,87.08220415537487,90.72568503462813,83.41972748815168,88.61078199052133,90.60924369747899,95.71428571428572,89.34351088343197,92.71813480344666,75.49656226126814,85.9816653934301,77.71563270116786,86.58737812064716,81.85663924794363,88.78495887191539,86.18982587913965,94.86855582109935,85.59972963008481,91.25599115153005,81.37167794392082,89.49570987172442,85.3575944136764,91.10692233758553,0.38392489768342014,44.68085106382978,82.97872340425532,70.61403508771934,93.85964912280703,66.66666666666667,87.68115942028987,66.16161616161615,87.2053872053872,80.83333333333333,92.5,65.79130046263306,88.84498383054787,76.6233766233766,87.60330578512396,70.32085561497328,86.98752228163993,77.5375939849624,88.34586466165413,91.14583333333334,96.74479166666667,94.11764705882352,100.0,81.94906132309384,91.93629687901695,73.87018089286346,90.39064035478242,0.5173342871651867
433.0,96.19377162629758,97.92387543252595,87.34240687679083,92.46418338108883,88.12104787714541,92.80337247816922,85.55242890995265,89.54383886255924,84.85294117647058,89.32773109243698,88.41251929333141,92.41260024935605,75.09549274255156,83.09505620429991,77.55276974177646,86.24665166613093,81.3160987074031,86.41833137485311,86.18982587913965,92.86445885967908,83.75322600467004,90.50632911392405,80.78148261510816,87.82616544377741,84.5970009542198,90.11938284656674,0.40815057021820855,44.68085106382978,82.97872340425532,70.61403508771934,94.73684210526316,66.66666666666667,87.68115942028987,60.60606060606061,87.2053872053872,80.83333333333333,92.5,64.68018935152195,89.02042242703911,75.97402597402596,87.48524203069657,70.32085561497328,86.98752228163993,76.22180451127821,88.34586466165413,91.14583333333334,96.74479166666667,94.11764705882352,100.0,81.55603329848687,91.91268412813146,73.1181113250044,90.46655327758529,0.5321369280171823
434.0,90.29219530949634,95.15570934256056,90.27220630372494,92.12034383954155,87.48870822041552,92.08069858476361,83.7529620853081,88.68483412322274,84.89495798319328,93.94957983193277,87.34020598042764,92.39823314440426,73.69174942704355,82.71308523409364,79.35176256294865,85.81806493089039,82.78495887191542,89.02467685076381,85.05804028678732,92.35233868214408,85.65196018188523,93.25304166154604,81.30769426611603,88.63224147188758,84.32395012327183,90.51523730814591,0.40244372855942706,44.68085106382978,82.97872340425532,70.61403508771934,94.2982456140351,66.66666666666667,87.68115942028987,66.16161616161615,87.2053872053872,80.83333333333333,92.5,65.79130046263306,88.93270312879349,76.6233766233766,87.60330578512396,70.32085561497328,86.98752228163993,75.75187969924812,88.34586466165413,89.58333333333334,96.74479166666667,94.11764705882352,100.0,81.27941846595097,91.93629687901695,73.53535946429201,90.43450000390521,0.5173128208845005
435.0,90.29219530949636,95.88619761630143,86.05300859598856,95.02865329512895,86.26919602529355,91.32791327913279,85.93009478672991,91.89869668246445,86.28151260504201,92.10084033613445,86.96520146451009,93.24846024183242,76.27005347593582,84.35828877005348,77.38347798135645,86.52951891138969,81.53936545240896,88.10810810810811,88.16148856264938,93.22635711847046,85.98992257588792,93.28376551554626,81.86886160964771,89.10120768471361,84.4170315370789,91.17483396327302,0.38847998039164255,44.68085106382978,82.97872340425532,70.61403508771934,94.2982456140351,66.66666666666667,88.40579710144928,66.16161616161615,86.86868686868688,80.83333333333333,92.5,65.79130046263306,89.01029059768531,75.97402597402596,87.36717827626919,70.32085561497328,86.89839572192514,75.75187969924812,88.34586466165413,89.58333333333334,96.61458333333334,94.11764705882352,100.0,81.14954833608085,91.84520439863635,73.47042439935696,90.42774749816084,0.525207517397756
436.0,96.19377162629759,97.19338715878509,87.77220630372493,94.02578796561605,89.97289972899728,93.22493224932249,83.75296208530808,88.84774881516587,91.30252100840336,95.67226890756302,89.79887215054625,93.7928250192905,76.70932009167302,85.7088289861399,79.35390549662485,86.75881281474338,82.51468860164515,87.04112808460634,85.84499829293277,91.672925913281,83.75322600467004,90.69681700872559,81.63522769750917,88.37570256149925,85.7170499240277,91.08426379039489,0.3844125223537074,44.68085106382978,82.97872340425532,70.61403508771934,94.73684210526316,66.66666666666667,87.68115942028987,60.60606060606061,87.2053872053872,80.83333333333333,92.5,64.68018935152195,89.02042242703911,75.97402597402596,87.36717827626919,70.32085561497328,86.80926916221034,74.43609022556392,88.25187969924812,89.58333333333334,96.61458333333334,94.11764705882352,100.0,80.88639044134402,91.8085820942122,72.78328989643299,90.41450226062565,0.5385473829398206
437.0,91.15724721261054,96.73202614379085,88.05873925501434,94.35530085959886,88.93405600722672,93.67660343270099,88.91439573459718,92.92061611374407,88.44537815126051,93.61344537815125,89.10196327214186,94.2595983855972,76.35599694423225,85.01582451162282,81.15182685095893,87.73384763741564,81.80963572267923,87.99294947121035,86.18982587913968,93.78286104472517,86.08516652328869,91.69226987833353,82.31849038405976,89.24355050866151,85.71022682810082,91.75157444712936,0.37447868748335017,44.68085106382978,82.97872340425532,70.61403508771934,94.73684210526316,66.66666666666667,87.68115942028987,60.60606060606061,86.86868686868688,75.83333333333331,92.5,63.680189351521946,88.95308235969904,76.6233766233766,87.01298701298701,70.32085561497328,86.80926916221034,74.43609022556392,88.25187969924812,89.58333333333334,96.61458333333334,91.17647058823529,100.0,80.4280252770965,91.73774384155577,72.05410731430922,90.34541310062741,0.55448569590169
438.0,95.6747404844291,98.92349096501346,92.62893982808025,95.40114613180516,81.12014453477866,94.00782896717855,88.20349526066354,90.59537914691941,81.99579831932773,86.30252100840337,87.92462368545586,93.046073243864,76.79526355996943,86.31725417439704,79.51676845601627,88.05743062252223,81.70387779083434,86.70740305522914,82.88323659952205,92.22260157050187,84.53361189627627,90.78284379992625,81.08655166052367,88.8175066445153,84.50558767298976,90.93178994418966,0.39161670409808264,44.68085106382978,82.97872340425532,70.61403508771934,94.2982456140351,66.66666666666667,87.68115942028987,66.16161616161615,86.86868686868688,80.83333333333333,92.5,65.79130046263306,88.86536306145344,77.27272727272727,87.01298701298701,70.32085561497328,86.80926916221034,75.75187969924812,88.25187969924812,89.58333333333334,96.61458333333334,92.6470588235294,100.0,81.11517094876228,91.73774384155577,73.45323570569767,90.3015534515046,0.5332178619998961
439.0,96.02076124567476,96.80891964628988,89.26934097421203,92.52148997134671,84.82384823848237,90.8762420957543,82.23489336492895,89.24763033175356,86.97478991596638,88.19327731092437,87.8647267478529,91.52951187121377,76.37509549274255,83.42791662119393,78.53423336547732,86.17807778849244,82.35605170387782,87.9764982373678,86.83509730283376,92.80983270740867,86.38011552169105,92.28216787513827,82.0961186773245,88.53489864592022,84.9804227125887,90.03220525856699,0.4130085586576022,44.68085106382978,82.97872340425532,70.61403508771934,94.73684210526316,66.66666666666667,87.68115942028987,60.60606060606061,87.2053872053872,80.83333333333333,92.5,64.68018935152195,89.02042242703911,76.6233766233766,86.89492325855961,70.32085561497328,86.72014260249554,74.43609022556392,88.25187969924812,89.58333333333334,96.61458333333334,94.11764705882352,100.0,81.01626057121413,91.69630577872734,72.84822496136803,90.35836410288323,0.5346922328341459
440.0,95.15570934256056,98.15455594002307,87.62893982808023,94.16905444126074,85.86269196025292,92.26136705811503,82.09419431279625,87.32227488151658,86.3235294117647,94.5798319327731,87.41301297109092,93.2974168507377,77.77883880825057,85.65153334060896,78.53316189863921,86.72666880960034,80.01762632197418,87.54171562867215,85.9423011266644,92.72106520996927,87.40321985989922,89.66449551431731,81.93502960308551,88.46109570063359,84.67402128708821,90.87925627568565,0.3896557127512781,44.68085106382978,82.97872340425532,70.61403508771934,93.85964912280703,66.66666666666667,87.68115942028987,66.16161616161615,86.86868686868688,80.83333333333333,92.5,65.79130046263306,88.77764376320782,76.6233766233766,86.89492325855961,70.32085561497328,86.72014260249554,75.75187969924812,88.34586466165413,89.58333333333334,96.61458333333334,94.11764705882352,100.0,81.27941846595097,91.71510277120854,73.53535946429201,90.24637326720818,0.5244708566229804
441.0,94.8096885813149,96.77047289504036,85.12893982808023,94.36962750716333,85.0496838301716,90.33423667570008,87.1593601895735,91.17298578199052,89.91596638655462,94.78991596638654,88.41272776313897,93.48744776525618,77.33957219251336,85.88617265087854,79.68177434908387,86.24450873245473,82.83783783783785,90.0728554641598,86.68487538409015,93.90918402185045,85.98992257588792,90.50632911392405,82.50679646788264,89.32380999665352,85.45976211551081,91.40562888095485,0.38630150877001457,44.68085106382978,82.97872340425532,70.61403508771934,94.2982456140351,66.66666666666667,87.68115942028987,60.60606060606061,87.2053872053872,80.83333333333333,92.5,64.68018935152195,88.93270312879349,76.6233766233766,86.89492325855961,70.32085561497328,86.72014260249554,74.43609022556392,88.34586466165413,89.58333333333334,96.74479166666667,94.11764705882352,100.0,81.01626057121413,91.74114443787519,72.84822496136803,90.33692378333434,0.5303965433721334
442.0,95.84775086505189,99.30795847750865,89.55587392550144,93.49570200573066,84.82384823848237,93.43571213489913,84.93779620853084,87.82582938388626,85.50420168067227,92.31092436974791,88.13389418364777,93.27522527435451,77.44461420932008,84.84393757503001,78.2063645130183,85.90806814529091,80.7226792009401,87.72972972972973,86.09252304540802,92.79276203482418,86.23264102248986,91.25599115153005,81.73976439823528,88.50609772728099,84.93682929094152,90.89066150081774,0.3951536199171901,44.68085106382978,82.97872340425532,70.61403508771934,94.2982456140351,66.66666666666667,87.68115942028987,60.60606060606061,86.86868686868688,80.83333333333333,92.5,64.68018935152195,88.86536306145344,76.6233766233766,87.01298701298703,70.32085561497328,86.72014260249554,74.43609022556392,88.34586466165413,89.58333333333334,96.74479166666667,94.11764705882352,100.0,81.01626057121413,91.76475718876068,72.84822496136803,90.31506012510707,0.5348773358651876
443.0,96.36678200692042,98.34678969627066,89.84240687679083,93.33810888252148,86.6757000903342,92.02047576031316,81.00562796208534,88.58116113744076,83.38235294117648,89.11764705882352,87.45457397546144,92.28083650707393,77.42551566080978,83.33242387864237,78.20850744669451,85.3423336547734,81.42773207990602,88.29847238542891,87.42744964151589,92.46159098668487,84.09118839867273,88.46626520830773,81.71607864551979,87.58021722276746,84.58532631049061,89.9305268649207,0.39925285227449636,44.68085106382978,82.97872340425532,70.61403508771934,94.2982456140351,66.66666666666667,87.68115942028987,60.60606060606061,86.86868686868688,75.83333333333331,92.5,63.680189351521946,88.86536306145344,75.97402597402596,87.01298701298703,70.32085561497328,86.80926916221034,74.43609022556392,88.34586466165413,89.58333333333334,96.74479166666667,94.11764705882352,100.0,80.88639044134402,91.78258250070363,72.28328989643299,90.32397278107854,0.5454408395163697
444.0,96.53979238754326,97.50096116878123,90.41547277936964,95.83094555873926,83.37850045167116,94.2186088527552,87.11492890995265,89.23281990521326,85.58823529411764,92.60504201680672,88.60738596453086,93.87767550045915,75.97402597402598,83.3897195241733,77.87849566055928,89.2081860066431,80.72267920094009,89.65687426556993,84.46568794810517,91.57050187777398,85.0620621850805,91.16381958952931,80.8205901937422,88.99782025273794,84.71398807913653,91.43774787659854,0.38002741497566284,44.68085106382978,82.97872340425532,70.61403508771934,94.2982456140351,66.66666666666667,87.68115942028987,60.60606060606061,86.86868686868688,80.83333333333333,92.5,64.68018935152195,88.86536306145344,75.97402597402596,87.36717827626919,70.32085561497328,86.80926916221034,76.22180451127821,88.34586466165413,91.14583333333334,96.875,95.58823529411765,100.0,81.85015094554569,91.87946242002673,73.26517014853383,90.37241274074009,0.5299183796329012
445.0,96.53979238754326,96.92425990003845,93.63180515759313,96.46131805157594,84.19150858175246,93.19482083709725,82.9457938388626,88.04798578199052,88.44537815126051,91.59663865546219,89.15085562340239,93.24500464523287,76.39419404125286,84.95034377387319,79.34961962927247,87.30311796849888,81.86251468860168,87.66392479435959,87.37453055650394,91.37931034482759,84.1864323460735,91.90733685633526,81.83345825234089,88.6408067475789,85.49215693787164,90.94290569640589,0.39142767268700557,44.68085106382978,84.04255319148936,70.61403508771934,94.73684210526316,66.66666666666667,87.68115942028987,60.60606060606061,86.86868686868688,80.83333333333333,92.5,64.68018935152195,89.16584831714586,76.6233766233766,87.13105076741441,70.32085561497328,86.80926916221034,74.43609022556392,88.34586466165413,89.58333333333334,96.875,94.11764705882352,100.0,81.01626057121413,91.83223691825579,72.84822496136803,90.49904261770082,0.529926587521741
446.0,96.36678200692042,98.38523644752019,87.48567335243554,94.89971346704871,88.12104787714543,92.59259259259258,86.64099526066353,89.70675355450237,86.28151260504201,92.85714285714286,88.9792022204414,93.68828778376135,77.33957219251337,84.60111317254174,80.0042858673524,86.98810671809709,81.36897767332553,89.36075205640424,85.4472516217139,91.15056333219529,84.48138134447586,90.72754086272582,81.72829373987622,88.56561522839283,85.3537479801588,91.12695150607709,0.3836526805111105,44.68085106382978,84.04255319148936,70.61403508771934,94.73684210526316,66.66666666666667,87.68115942028987,60.60606060606061,86.86868686868688,80.83333333333333,92.5,64.68018935152195,89.16584831714586,76.6233766233766,87.13105076741441,70.32085561497328,86.80926916221034,74.43609022556392,88.43984962406014,89.58333333333334,96.875,94.11764705882352,100.0,81.01626057121413,91.85103391073699,72.84822496136803,90.50844111394142,0.5348885537983622
447.0,96.19377162629758,98.84659746251442,93.34527220630375,95.4297994269341,84.82384823848237,93.34537789822342,80.154028436019,90.83234597156398,84.81092436974791,89.70588235294117,87.86556897537012,93.63200062243541,77.46371275783041,84.677507366583,79.51462552234007,88.08314582663667,79.80023501762635,88.4159811985899,85.99522021167637,92.91225674291567,80.58866904264472,85.8608823890869,80.67249251042358,87.98995470476243,84.26903074289686,90.81097766359892,0.3876335665980334,44.68085106382978,84.04255319148936,70.61403508771934,94.73684210526316,66.66666666666667,87.68115942028987,60.60606060606061,86.86868686868688,80.83333333333333,92.5,64.68018935152195,89.16584831714586,76.6233766233766,87.13105076741441,70.32085561497328,86.80926916221034,76.22180451127821,88.43984962406014,91.14583333333334,96.875,95.58823529411765,100.0,81.9800210754158,91.85103391073699,73.33010521346887,90.50844111394142,0.5285056924082279
448.0,96.19377162629758,97.46251441753172,93.34527220630375,93.7535816618911,91.59891598915986,95.78440228846733,85.69312796208534,90.7138625592417,84.89495798319328,92.52100840336134,90.34520915340795,94.04707386609864,77.44461420932008,83.9708610717014,78.372441872924,85.40876459873567,81.96827262044657,88.36192714453584,85.99522021167637,93.25708432912258,86.38011552169105,90.37114415632297,82.03213288721162,88.2739562600837,86.18867102030978,91.16051506309117,0.37584600127111356,44.68085106382978,84.04255319148936,70.61403508771934,94.2982456140351,66.66666666666667,87.68115942028987,60.60606060606061,86.53198653198653,80.83333333333333,92.5,64.68018935152195,89.01078895156017,76.6233766233766,87.13105076741441,70.32085561497328,86.80926916221034,76.22180451127821,88.43984962406014,91.14583333333334,96.875,95.58823529411765,100.0,81.9800210754158,91.85103391073699,73.33010521346887,90.43091143114859,0.5348995163038226
449.0,90.81122645136486,97.30872741253364,89.69914040114614,94.48424068767908,88.52755194218605,93.10448660042155,84.60456161137444,85.13033175355451,87.71008403361346,92.98319327731093,88.27051288793697,92.60219594629994,75.3724216959511,82.78129433591619,78.04135861995069,86.33879781420765,82.13278495887194,89.57461809635723,83.52850802321613,92.59474223284397,85.84244807668675,91.15153004792921,80.98350427493533,88.48819650545086,84.62700858143614,90.5451962258754,0.39982958776139066,44.68085106382978,84.04255319148936,70.61403508771934,94.73684210526316,66.66666666666667,87.68115942028987,60.60606060606061,87.2053872053872,80.83333333333333,92.5,64.68018935152195,89.23318838448591,76.6233766233766,87.13105076741441,70.32085561497328,86.80926916221034,74.43609022556392,88.43984962406014,89.58333333333334,96.875,94.11764705882352,100.0,81.01626057121413,91.85103391073699,72.84822496136803,90.54211114761145,0.5335178997610158
