Epoch,Train_BAcc_CN_1,Train_ROCAUC_CN_1,Train_BAcc_CN_2,Train_ROCAUC_CN_2,Train_BAcc_CN_3,Train_ROCAUC_CN_3,Train_BAcc_CN_4,Train_ROCAUC_CN_4,Train_BAcc_CN_5,Train_ROCAUC_CN_5,Train_Avg_BAcc_CN,Train_Avg_ROCAUC_CN,Train_BAcc_MCI_1,Train_ROCAUC_MCI_1,Train_BAcc_MCI_2,Train_ROCAUC_MCI_2,Train_BAcc_MCI_3,Train_ROCAUC_MCI_3,Train_BAcc_MCI_4,Train_ROCAUC_MCI_4,Train_BAcc_MCI_5,Train_ROCAUC_MCI_5,Train_Avg_BAcc_MCI,Train_Avg_ROCAUC_MCI,Train_Avg_BAcc,Train_Avg_ROCAUC,Train_Loss,Val_BAcc_CN_1,Val_ROCAUC_CN_1,Val_BAcc_CN_2,Val_ROCAUC_CN_2,Val_BAcc_CN_3,Val_ROCAUC_CN_3,Val_BAcc_CN_4,Val_ROCAUC_CN_4,Val_BAcc_CN_5,Val_ROCAUC_CN_5,Val_Avg_BAcc_CN,Val_Avg_ROCAUC_CN,Val_BAcc_MCI_1,Val_ROCAUC_MCI_1,Val_BAcc_MCI_2,Val_ROCAUC_MCI_2,Val_BAcc_MCI_3,Val_ROCAUC_MCI_3,Val_BAcc_MCI_4,Val_ROCAUC_MCI_4,Val_BAcc_MCI_5,Val_ROCAUC_MCI_5,Val_Avg_BAcc_MCI,Val_Avg_ROCAUC_MCI,Val_Avg_BAcc,Val_Avg_ROCAUC,Val_Loss
1.0,0.0,60.74586697424067,0.0,41.30372492836676,0.0,43.08943089430895,0.0,53.5100710900474,0.0,42.73109243697479,0.0,48.27603726478772,50.0,53.39954163483576,49.999999999999986,53.46512375441981,50.000000000000014,48.169212690951824,50.000000000000014,50.5394332536702,50.0,44.69091802875752,50.0,50.05284587252702,25.0,49.16444156865737,1.116087175376477,0.0,2.1276595744680824,0.0,31.578947368421055,0.0,18.84057971014493,0.0,41.41414141414141,0.0,34.166666666666664,0.0,25.625598946768427,49.999999999999986,46.28099173553719,50.000000000000014,37.74509803921569,50.0,35.43233082706767,50.0,16.9921875,49.99999999999999,35.71428571428571,50.0,34.43297876322125,25.0,30.02928885499484,1.1153145644271791
2.0,0.0,44.36755094194541,0.0,42.8080229226361,0.0,57.60313158687143,0.0,54.57642180094787,0.0,53.82352941176472,0.0,50.6357313328331,50.0,45.93337334933974,49.999999999999986,48.01671488267438,50.000000000000014,44.689776733254995,50.000000000000014,48.79822465005121,50.0,49.34865429519479,50.0,47.357348782103024,25.0,48.99654005746807,1.115402154688211,0.0,2.1276595744680824,0.0,29.824561403508774,0.0,15.942028985507244,0.0,36.7003367003367,0.0,21.666666666666668,0.0,21.252250666097492,49.999999999999986,39.19716646989374,50.000000000000014,42.691622103386806,50.0,42.246240601503764,50.0,28.385416666666668,49.99999999999999,42.542016806722685,50.0,39.012492529634734,25.0,30.13237159786611,1.1143040564843891
3.0,0.0,58.59284890426759,0.0,55.12893982808023,0.0,50.7226738934056,0.0,52.57701421800949,0.0,51.47058823529412,0.0,53.69841301581141,50.0,52.46507693986686,49.999999999999986,48.30815386263796,50.000000000000014,48.930669800235016,50.000000000000014,48.74701263229772,50.0,42.79218385154234,50.0,48.248619417315986,25.0,50.973516216563695,1.1137949429397722,0.0,8.510638297872342,0.0,30.043859649122805,0.0,15.94202898550725,0.0,38.38383838383839,0.0,16.666666666666668,0.0,21.90940639660149,49.999999999999986,38.90200708382526,50.000000000000014,48.57397504456328,50.0,44.548872180451134,50.0,30.338541666666668,49.99999999999999,43.48739495798319,50.0,41.170158186697904,25.0,31.539782291649697,1.1132986385648003
4.0,0.0,52.59515570934256,0.0,42.82234957020057,0.0,52.00240891297801,0.0,49.14099526066351,0.0,47.436974789915965,0.0,48.799576848620134,50.0,49.01778893375532,49.999999999999986,50.91931854709097,50.000000000000014,57.929494712103406,50.000000000000014,50.38750426766815,50.0,49.98156568759985,50.0,51.64713442964354,25.0,50.22335563913184,1.11282860085406,0.0,8.510638297872342,0.0,37.06140350877193,0.0,19.565217391304348,0.0,42.76094276094276,0.0,18.333333333333332,0.0,25.24630705844494,49.999999999999986,37.78040141676505,50.000000000000014,50.0,50.0,50.18796992481204,50.0,37.89062499999999,49.99999999999999,50.21008403361344,50.0,45.21381607503811,25.0,35.230061566741526,1.112299897219474
5.0,0.0,41.33025759323337,0.0,59.84240687679082,0.0,35.62180066245107,0.0,38.00355450236967,0.0,54.41176470588236,0.0,45.84195686814546,50.0,56.25886718323693,49.999999999999986,46.97310618236366,50.000000000000014,49.858989424206825,50.000000000000014,45.343120518948446,50.0,48.70959813198969,50.0,49.4287362881491,25.0,47.63534657814728,1.1122188988236097,0.0,9.574468085106385,0.0,40.78947368421053,0.0,25.36231884057971,0.0,47.13804713804714,0.0,22.5,0.0,29.072861549588755,49.999999999999986,40.55489964580874,50.000000000000014,52.139037433155075,50.0,54.18233082706767,50.0,45.247395833333336,49.99999999999999,54.83193277310925,50.0,49.39111930249482,25.0,39.23199042604179,1.1113152278083687
6.0,0.0,52.902729719338716,0.0,45.27220630372493,0.0,50.67750677506775,0.0,41.987559241706165,0.0,58.82352941176471,0.0,49.932706290320446,50.0,47.05063843719306,49.999999999999986,51.35540555019822,50.000000000000014,47.989424206815514,50.000000000000014,56.34346193240014,50.0,45.207078775961655,50.0,49.58920178051372,25.0,49.760954035417086,1.1112844695239796,0.0,15.957446808510634,0.0,46.05263157894737,0.0,28.985507246376812,0.0,46.464646464646464,0.0,27.500000000000004,0.0,32.99204641969626,49.999999999999986,44.27390791027155,50.000000000000014,56.72905525846703,50.0,56.954887218045116,50.0,46.809895833333336,49.99999999999999,53.88655462184874,50.0,51.73086016839316,25.0,42.36145329404471,1.1103333351722013
7.0,0.0,38.06228373702422,0.0,43.08022922636103,0.0,48.931044866004214,0.0,57.15343601895735,0.0,48.067226890756295,0.0,47.05884414782062,50.0,54.81829095274473,49.999999999999986,55.24590163934426,50.000000000000014,45.16803760282021,50.000000000000014,46.47319904404233,50.0,46.89689074597518,50.0,49.720463996985345,25.0,48.38965407240298,1.1102854020132813,0.0,11.702127659574469,0.0,41.885964912280706,0.0,25.36231884057971,0.0,37.54208754208754,0.0,25.833333333333336,0.0,28.46516645757115,49.999999999999986,46.28099173553719,50.000000000000014,57.887700534759354,50.0,60.99624060150376,50.0,51.692708333333336,49.99999999999999,60.29411764705883,50.0,55.43035177043849,25.0,41.947759114004825,1.1092300882299226
8.0,0.0,40.09996155324875,0.0,51.174785100286535,0.0,42.36675700090334,0.0,56.23518957345972,0.0,44.159663865546214,0.0,46.807271418688906,50.0,53.65464367565208,49.999999999999986,48.33815493410479,50.000000000000014,56.21621621621622,50.000000000000014,53.27415500170707,50.0,50.05530293720044,50.0,52.30769455297612,25.0,49.557482985832515,1.1087996283466681,0.0,24.46808510638298,0.0,37.719298245614034,0.0,25.362318840579707,0.0,35.35353535353536,0.0,19.166666666666668,0.0,28.41398084255575,49.999999999999986,51.12160566706021,50.000000000000014,61.40819964349375,50.0,64.19172932330827,50.0,55.598958333333336,49.99999999999999,64.28571428571428,50.0,59.321241450581965,25.0,43.867611146568855,1.1080799638090988
9.0,0.0,57.324106113033444,0.0,48.45272206303724,0.0,48.870822041553744,0.0,55.938981042654035,0.0,52.22689075630251,0.0,52.5627044033162,50.0,52.08992687984285,49.999999999999986,48.850316082717235,50.000000000000014,55.59341950646298,50.000000000000014,52.622055308979164,50.0,50.14747449920118,50.0,51.86063845544068,25.0,52.21167142937844,1.1071108923899255,0.0,32.97872340425532,0.0,32.89473684210527,0.0,32.608695652173914,0.0,34.68013468013468,0.0,20.833333333333332,0.0,30.799124782400504,49.999999999999986,54.89964580873672,50.000000000000014,66.57754010695189,50.0,68.23308270676691,50.0,59.895833333333336,49.99999999999999,65.96638655462183,50.0,63.11449770208215,25.0,46.95681124224133,1.1067173655941376
10.0,0.0,52.05690119184929,0.0,53.56733524355302,0.0,44.29388738331828,0.0,49.83708530805687,0.0,34.95798319327731,0.0,46.942638464010955,50.0,49.17603404998363,49.999999999999986,51.92971177542055,50.000000000000014,55.25264394829612,50.000000000000014,48.48412427449642,50.0,56.94973577485559,50.0,52.358449964610465,25.0,49.65054421431071,1.1062908475021351,0.0,30.851063829787233,0.0,28.07017543859649,0.0,32.60869565217391,0.0,35.690235690235696,0.0,25.0,0.0,30.444034122158666,49.999999999999986,62.219598583234934,50.000000000000014,72.19251336898395,50.0,73.96616541353383,50.0,64.71354166666666,49.99999999999999,70.7983193277311,50.0,68.77802767203009,25.0,49.61103089709438,1.1049442990950693
11.0,0.0,62.322183775470975,0.0,43.71060171919771,0.0,52.032520325203244,0.0,48.50414691943128,0.0,43.10924369747899,0.0,49.935739287356434,50.0,50.78576885299575,49.999999999999986,48.91781849351763,50.000000000000014,49.98354876615746,50.000000000000014,51.58757255035849,50.0,44.88140592355905,50.0,49.23122291731768,25.0,49.58348110233706,1.1047475664261917,0.0,25.53191489361702,0.0,28.947368421052634,0.0,34.05797101449276,0.0,34.00673400673401,0.0,28.33333333333334,0.0,30.17546433384595,49.999999999999986,68.24085005903189,50.000000000000014,76.47058823529412,50.0,77.06766917293233,50.0,70.8984375,49.99999999999999,74.78991596638657,50.0,73.49349218672897,25.0,51.83447826028746,1.1030357555988788
12.0,0.0,50.17301038062284,0.0,60.4727793696275,0.0,59.289370671484484,0.0,58.21978672985782,0.0,58.15126050420167,0.0,57.26124153115886,50.0,49.73807704900142,49.999999999999986,47.27740276438445,50.000000000000014,52.30552291421857,50.000000000000014,46.46978490952544,49.75728155339806,47.65269755438122,49.95145631067961,48.68869703830221,24.975728155339805,52.974969284730534,1.102363819424378,0.0,23.404255319148938,0.0,27.631578947368425,0.0,33.33333333333333,0.0,30.303030303030305,0.0,26.66666666666667,0.0,28.26777291390954,49.999999999999986,72.01889020070838,50.000000000000014,78.5204991087344,50.0,79.04135338345866,50.0,73.95833333333333,49.99999999999999,76.89075630252101,50.0,76.08596646575116,25.0,52.17686968983035,1.100615724487184
13.0,0.0,50.05767012687428,0.0,44.72779369627508,0.0,42.24631135200241,0.0,45.69016587677725,0.0,48.40336134453782,0.0,46.22506047929337,50.0,48.840445269016705,49.999999999999986,51.6554162648666,49.72972972972974,49.50528789659224,49.84977808125641,48.234892454762715,49.514563106796125,49.330219982794645,49.818814183556455,49.513252373606576,24.909407091778228,47.869156426449976,1.1011414549690695,0.0,22.340425531914892,0.0,29.385964912280706,0.0,33.33333333333333,0.0,28.95622895622896,0.0,28.333333333333332,0.0,28.469857213418244,49.999999999999986,75.44273907910272,50.000000000000014,80.3030303030303,50.0,80.73308270676692,50.0,75.52083333333333,49.99999999999999,78.15126050420169,50.0,78.03018918528699,25.0,53.25002319935261,1.0979738054292967
14.0,0.0,51.941560938100736,0.0,54.04011461318051,1.8518518518518514,50.34628124059017,0.0,41.15817535545024,4.285714285714285,54.32773109243697,1.2275132275132272,50.36277264795173,50.0,60.06493506493508,50.165005893067594,58.82460087860281,50.76380728554643,46.94242068155111,51.02594742232844,47.251621713895524,47.139609192577126,46.30699274917046,49.81887395870392,51.878114217630994,25.523193593108573,51.12044343279136,1.0979504099382265,0.0,22.340425531914892,0.0,30.701754385964907,0.0,36.95652173913043,0.0,26.599326599326602,0.0,24.999999999999996,0.0,28.319605651267363,49.999999999999986,75.91499409681228,50.000000000000014,81.06060606060606,50.0,81.76691729323309,50.0,77.60416666666666,49.99999999999999,79.2016806722689,50.0,79.10967295791741,25.0,53.71463930459239,1.0947827865641802
15.0,0.0,59.5924644367551,5.000000000000001,55.730659025787965,5.5555555555555545,58.02469135802468,10.937500000000002,49.185426540284354,15.714285714285708,46.890756302521005,7.441468253968253,53.88479953267463,50.10504201680672,49.888137073011016,51.15075538412085,51.888996035572696,52.250293772032904,53.889541715628674,55.13827244793445,61.942642540116076,56.40899594445127,54.23374708123387,53.01067191306923,54.36861288911247,30.226070083518742,54.126706210893545,1.0931872782685523,0.0,26.59574468085107,0.0,30.701754385964914,0.0,38.405797101449274,0.0,26.936026936026934,49.99999999999999,30.833333333333336,9.999999999999998,30.69453128752511,49.999999999999986,77.09563164108619,50.000000000000014,81.90730837789661,50.0,83.0827067669173,52.08333333333333,79.42708333333334,50.84033613445378,80.0420168067227,50.58473389355741,80.31094938519122,30.292366946778706,55.502740336358166,1.0907709854840621
16.0,11.111111111111112,50.28835063437139,10.000000000000002,50.65902578796562,12.962962962962962,43.02920806985847,25.000000000000007,48.133886255924175,31.428571428571416,55.54621848739496,18.100529100529098,49.531337847102925,52.41596638655462,61.12354032522099,47.414550519661404,46.10950391085397,49.82373678025853,49.20094007050529,52.70058040286788,51.973369750768185,45.40985621236327,43.23460734914588,49.552938060341134,50.32839228129886,33.82673358043512,49.9298650642009,1.0912016693111746,0.0,28.723404255319146,0.0,32.01754385964912,50.00000000000002,39.85507246376812,49.999999999999986,26.599326599326602,49.99999999999999,30.833333333333336,30.0,31.605736102279263,49.999999999999986,77.44982290436836,51.9607843137255,82.62032085561498,53.571428571428584,83.8345864661654,50.0,80.59895833333333,49.999999999999986,81.30252100840336,51.10644257703082,81.16124191357709,40.55322128851541,56.383489007928176,1.0853166711556121
17.0,22.222222222222225,53.0565167243368,20.000000000000004,49.06876790830946,31.481481481481477,54.53176753989762,36.174466824644554,53.09537914691943,37.878151260504175,39.957983193277315,29.551264357770485,49.94208290254812,52.20588235294118,52.3245661901124,55.954141219329244,54.5698060645023,51.680376028202126,50.672150411280846,46.28371457835439,48.313417548651415,46.01818852156815,49.68047191839744,50.428460540079016,51.112082426588884,39.989862448924754,50.5270826645685,1.0858068586719174,0.0,30.851063829787233,50.00000000000002,34.21052631578947,50.00000000000002,44.92753623188406,49.999999999999986,26.936026936026934,49.99999999999999,34.166666666666664,40.00000000000001,34.218363996030874,51.298701298701296,79.10271546635184,53.56506238859181,83.24420677361854,50.000000000000014,85.05639097744361,50.0,82.16145833333333,49.999999999999986,81.72268907563026,50.97275273745862,82.2574921252755,45.48637636872931,58.23792806065319,1.0789367290770409
18.0,22.222222222222225,40.792003075740105,47.50000000000001,65.60171919770774,32.294489611562774,35.230352303523034,39.5364336492891,48.91883886255924,38.61344537815123,47.016806722689076,36.03331817224507,47.51194403244384,54.258976317799835,53.81152460984394,49.110682524375854,49.46962391513983,50.64042303172739,53.74618096357228,52.570843291225664,54.99487879822465,48.95846134939168,49.305640899594444,51.10787730290408,52.26556983727503,43.57059773757457,49.88875693485944,1.0808186061724987,50.0,35.1063829787234,50.00000000000002,33.771929824561404,50.00000000000002,44.20289855072465,49.999999999999986,26.936026936026934,49.99999999999999,34.166666666666664,50.000000000000014,34.83678099134061,72.07792207792205,79.92916174734357,50.000000000000014,83.68983957219251,50.000000000000014,85.62030075187971,50.0,82.94270833333334,49.999999999999986,82.56302521008404,54.41558441558442,82.94900712296663,52.20779220779222,58.892894057153626,1.071347859388683
19.0,38.88888888888889,54.0561322568243,37.64326647564471,50.85959885386819,47.1093044263776,47.756699789220114,41.80983412322276,45.512440758293835,52.247899159663824,53.27731092436975,43.53983861475955,50.29243651651523,52.72154316271962,57.644876132271094,55.03053680488586,59.573556198435654,46.65687426556991,48.11515863689777,51.50221918743598,55.78354387162855,46.4360329359715,56.95588054565566,50.46944127131657,55.614603076977744,47.00463994303806,52.95351979674649,1.072346611591987,50.0,38.297872340425535,50.00000000000002,33.33333333333333,50.00000000000002,44.20289855072465,49.999999999999986,26.262626262626267,49.99999999999999,34.166666666666664,50.000000000000014,35.25267943075529,52.59740259740258,80.51948051948052,50.000000000000014,84.22459893048129,50.000000000000014,85.90225563909775,50.0,83.07291666666666,49.999999999999986,82.98319327731093,50.519480519480524,83.34048900660743,50.25974025974027,59.29658421868136,1.062574494123571
20.0,50.0,68.74279123414071,40.716332378223505,42.04871060171919,44.850948509485086,52.60463715748268,47.8228672985782,51.066350710900466,50.04201680672266,50.46218487394958,46.68643299860189,52.98493491563853,56.04469060351413,64.37302193604715,49.81249330333224,53.18761384335154,49.271445358401884,56.71680376028203,51.49368385114372,60.713554114032085,47.99680471918398,47.37618286837901,50.923823567115186,56.473435304418366,48.80512828285853,54.72918511002845,1.062457118198503,50.0,38.297872340425535,50.00000000000002,33.333333333333336,50.00000000000002,44.20289855072465,49.999999999999986,26.262626262626267,49.99999999999999,35.833333333333336,50.000000000000014,35.58601276408863,54.54545454545453,80.9917355371901,50.000000000000014,84.84848484848484,50.000000000000014,86.65413533834587,50.0,83.98437500000001,49.999999999999986,83.19327731092437,50.909090909090914,83.93440160698904,50.45454545454547,59.76020718553883,1.054682519853051
21.0,38.88888888888889,36.024605920799694,42.6432664756447,44.38395415472779,47.109304426377584,41.55374887082204,45.549466824644554,39.44016587677725,47.87815126050416,54.70588235294118,44.41381557521198,43.221671435213594,53.18945760122229,60.79886500054567,50.145719489981765,60.1607200257152,52.90834312573445,59.31139835487662,49.318880163878454,56.934107203823835,49.705051001597646,48.8877964851911,51.05349027648292,57.218577414030484,47.73365292584745,50.22012442462204,1.0622134000588161,50.0,40.42553191489362,50.00000000000002,34.64912280701754,50.00000000000002,44.92753623188406,49.999999999999986,26.599326599326602,49.99999999999999,35.833333333333336,50.000000000000014,36.486970177291035,54.54545454545453,82.76269185360094,50.000000000000014,85.02673796791443,50.000000000000014,86.46616541353383,50.0,84.63541666666666,49.999999999999986,83.82352941176471,50.909090909090914,84.5429082626961,50.45454545454547,60.514939219993565,1.048297253514517
22.0,44.44444444444445,53.63321799307958,45.2865329512894,49.18338108882521,46.70280036133694,48.509485094850945,51.18483412322276,43.70556872037915,48.613445378151226,50.33613445378151,47.24641145168896,49.073557470183275,59.673414820473624,68.42464258430645,54.075859852137555,64.18300653594771,47.60282021151586,58.76615746180964,49.26596107886651,61.16080573574598,48.58670271598869,54.7744869116382,51.840951735796445,61.4618198458896,49.543681593742704,55.267688658036434,1.052204725299973,50.0,40.42553191489362,50.00000000000002,34.64912280701754,50.00000000000002,44.92753623188406,49.999999999999986,26.936026936026934,49.99999999999999,35.833333333333336,50.000000000000014,36.554310244631104,49.999999999999986,83.11688311688312,50.000000000000014,85.20499108734403,50.000000000000014,86.65413533834587,50.0,85.28645833333334,49.999999999999986,84.45378151260505,50.0,84.94324987770229,50.00000000000001,60.7487800611667,1.0433907659656332
23.0,50.0,44.59823144944252,50.859598853868206,46.13180515759312,45.663956639566386,45.34778681120144,51.18483412322276,44.149881516587676,53.67647058823526,46.76470588235294,50.27697204097852,45.39848216343554,55.299847211611905,67.52155407617593,51.13682631522553,58.19136397728491,50.53466509988249,58.69565217391305,49.01843632639126,57.37453055650392,49.60980705419689,56.6486420056532,51.119916401461616,59.68634855790621,50.69844422122007,52.54241536067087,1.0523754688656526,50.0,40.42553191489362,50.00000000000002,34.21052631578947,50.00000000000002,44.20289855072463,49.999999999999986,26.936026936026934,49.99999999999999,37.5,50.000000000000014,36.65499674348693,49.999999999999986,83.3530106257379,50.000000000000014,85.650623885918,50.000000000000014,86.8421052631579,50.0,85.9375,49.999999999999986,84.66386554621849,50.0,85.28942106420645,50.00000000000001,60.97220890384669,1.0393775304762285
24.0,50.17301038062284,63.1680123029604,48.2163323782235,46.246418338108874,50.813008130081286,57.66335441132189,50.09626777251186,46.83056872037915,52.247899159663824,58.865546218487395,50.30930356422066,54.55477999825155,55.42398777692893,67.93080868711121,50.646094503375096,64.05014464802315,49.23619271445359,56.44888366627497,49.168658245134864,65.91328098327074,47.711072876981696,62.11134324689689,50.437201223374835,63.29089224631539,50.37325239379775,58.92283612228347,1.0395839398248097,50.0,41.48936170212766,50.00000000000002,33.771929824561404,50.00000000000002,44.927536231884055,49.999999999999986,25.925925925925924,49.99999999999999,39.166666666666664,50.000000000000014,37.05628407023314,49.999999999999986,84.06139315230224,50.000000000000014,86.00713012477719,50.000000000000014,86.37218045112782,50.0,86.19791666666666,49.999999999999986,84.03361344537815,50.0,85.33444676805041,50.00000000000001,61.19536541914178,1.0363303497418705
25.0,44.790465205690126,39.561707035755475,47.78653295128941,52.32091690544413,46.2962962962963,42.72809394760614,50.71090047393365,52.32523696682465,50.8193277310924,53.739495798319325,48.08070453166037,48.13509013078994,55.882352941176464,66.3429007966823,51.79363548698166,64.9587485267331,49.99412455934195,58.834312573443015,47.39160122908842,62.451348583134184,49.462332554995704,60.23718815288189,50.90480935431684,62.5648997265749,49.492756942988606,55.34999492868242,1.0429268020080975,50.0,41.48936170212766,50.00000000000002,33.771929824561404,50.00000000000002,45.65217391304348,49.999999999999986,26.262626262626267,49.99999999999999,39.166666666666664,50.000000000000014,37.26855167380509,54.54545454545453,84.7697756788666,50.000000000000014,85.91800356506238,50.000000000000014,86.74812030075188,50.0,86.97916666666666,49.999999999999986,84.03361344537815,50.909090909090914,85.68973593134513,50.45454545454547,61.47914380257511,1.0341441017321318
26.0,50.0,51.74932718185313,50.573065902578804,43.32378223495702,47.51580849141824,50.195724179464015,51.04413507109006,55.5835308056872,47.87815126050416,50.252100840336134,49.402232145118255,50.2208930484595,56.77043544690602,68.36734693877551,53.263687988856724,64.14443372977607,48.96004700352527,66.7967097532315,50.05291908501195,57.12871287128712,45.42214575396338,51.302691409610425,50.89384705565267,61.54797894053612,50.14803960038546,55.88443599449781,1.0461123088666422,50.0,42.5531914893617,50.00000000000002,33.33333333333333,50.00000000000002,47.82608695652174,49.999999999999986,25.92592592592593,49.99999999999999,39.166666666666664,50.000000000000014,37.761040874361875,54.54545454545453,85.71428571428571,50.000000000000014,86.18538324420678,50.000000000000014,87.03007518796993,50.0,87.109375,49.999999999999986,83.82352941176471,50.909090909090914,85.97252971164542,50.45454545454547,61.866785293003645,1.0319077634911726
27.0,50.0,55.0557477893118,46.146131805157594,34.11174785100287,52.03252032520324,42.54742547425474,49.00770142180096,43.33530805687204,47.962184873949546,47.35294117647059,49.02970768522227,44.4806340695824,55.07066462948815,69.10946196660483,50.975034822672214,66.22522232936892,49.17743830787309,66.3807285546416,49.36326391259816,63.51655855240696,49.85252550079883,60.56286100528451,50.88778543468609,65.15896648166135,49.95874655995418,54.81980027562187,1.0434813927418465,50.0,43.61702127659574,50.00000000000002,32.89473684210527,50.00000000000002,49.275362318840585,49.999999999999986,26.262626262626267,49.99999999999999,41.666666666666664,50.000000000000014,38.743282673366906,54.54545454545453,86.06847697756788,50.000000000000014,86.54188948306596,50.000000000000014,86.8421052631579,50.0,87.23958333333334,49.999999999999986,84.03361344537815,50.909090909090914,86.14513370050065,50.45454545454547,62.44420818693378,1.0301795744029802
28.0,44.617454825067284,48.55824682814302,48.3595988538682,46.21776504297994,48.96115627822943,36.67570009033424,49.148400473933656,53.55450236966824,50.04201680672266,53.8655462184874,48.225725447564244,47.77435210992256,62.94881588999234,76.43239113827349,52.7729561770063,71.08325297332047,49.99412455934195,67.75323149236192,49.8053943325367,63.612154318880165,48.10126582278481,65.54012535332431,52.72451135633243,68.88423105523206,50.475118401948336,58.32929158257731,1.0391466617181537,50.0,45.744680851063826,50.00000000000002,32.01754385964912,50.00000000000002,49.99999999999999,49.999999999999986,25.589225589225588,49.99999999999999,41.666666666666664,50.000000000000014,39.003623393321035,54.54545454545453,86.30460448642266,50.000000000000014,86.63101604278076,50.000000000000014,86.9360902255639,50.0,87.36979166666666,49.999999999999986,84.45378151260505,50.909090909090914,86.3390567868078,50.45454545454547,62.67134009006442,1.0286220127947798
29.0,50.0,63.091118800461366,45.716332378223505,41.63323782234957,49.77416440831073,46.82324601023788,51.895734597156405,46.97867298578199,50.04201680672266,49.20168067226891,49.485649638082656,49.54559125821994,60.91482047364399,73.39845028920658,50.15750562520087,68.32529733204757,49.67097532314924,67.05522914218567,48.42608398770911,64.60566746329805,45.56962025316456,59.73946171807791,50.94780113257356,66.62482118896315,50.216725385328104,58.08520622359155,1.0381993734104331,50.0,46.808510638297875,50.00000000000002,32.89473684210527,50.00000000000002,49.99999999999999,49.999999999999986,25.589225589225588,49.99999999999999,42.5,50.000000000000014,39.558494613925745,54.54545454545453,86.89492325855961,50.000000000000014,86.72014260249554,50.000000000000014,86.9360902255639,50.0,87.5,49.999999999999986,84.24369747899159,50.909090909090914,86.45897071312211,50.45454545454547,63.00873266352393,1.0265973586118464
30.0,50.17301038062284,65.43637062668203,47.78653295128941,52.421203438395416,50.406504065040636,48.56970791930142,51.28110189573461,60.04146919431279,48.571428571428534,52.85714285714286,49.6437155728232,55.8651788071669,57.37203972498088,71.80781403470479,51.95756991321117,68.37458480660024,49.99412455934196,65.46886016451235,48.52338682144076,71.05155343120519,50.0,61.79181516529433,51.56942420379496,67.69892552046339,50.60656988830908,61.782052163815145,1.0263691914041726,50.0,46.808510638297875,50.00000000000002,32.89473684210526,50.00000000000002,50.0,49.999999999999986,25.925925925925924,49.99999999999999,44.166666666666664,50.000000000000014,39.95916801459914,59.09090909090907,87.48524203069657,50.000000000000014,86.89839572192514,50.000000000000014,87.31203007518798,50.0,87.76041666666666,49.999999999999986,84.24369747899159,51.81818181818183,86.73995639469359,50.90909090909092,63.34956220464637,1.0241603368140872
31.0,50.0,45.98231449442522,51.28939828080229,50.429799426934096,51.21951219512193,48.29870520927432,48.296800947867304,36.833530805687204,52.20588235294114,48.0672268907563,50.60231875534653,45.92231536541543,59.00496562261267,74.14329368110882,52.93796207007391,74.25479481410049,50.31727379553467,70.8319623971798,47.241379310344826,59.7336975076818,48.10126582278481,64.85805579451886,51.52056932427017,68.76436083891795,51.06144403980835,57.34333810216669,1.0367025530441882,50.0,46.808510638297875,50.00000000000002,33.33333333333333,50.00000000000002,49.275362318840585,49.999999999999986,26.262626262626267,49.99999999999999,45.0,50.000000000000014,40.13596651061961,63.636363636363626,88.07556080283354,50.000000000000014,87.16577540106951,50.000000000000014,87.40601503759399,50.0,88.02083333333334,49.999999999999986,84.03361344537815,52.72727272727273,86.94035960404172,51.363636363636374,63.538163057330664,1.0224831693488476
32.0,44.790465205690126,48.827374086889655,51.1461318051576,42.89398280802292,49.999999999999986,45.79945799457995,50.429502369668256,48.23755924170616,51.512605042016766,48.27731092436975,49.575740884506544,46.80713701111368,63.636363636363626,75.60569682418424,51.95649844637307,72.39901425050896,49.400705052878976,70.56874265569917,49.55786958006146,63.41413451689996,48.196509770185585,62.74425463930196,52.549589297172545,68.94636857731886,51.062665090839545,57.87675279421627,1.0357868562837096,50.0,46.808510638297875,50.00000000000002,33.333333333333336,50.00000000000002,50.0,49.999999999999986,26.262626262626267,49.99999999999999,44.16666666666667,50.000000000000014,40.11422738018483,75.97402597402596,88.31168831168831,50.000000000000014,87.34402852049911,50.000000000000014,87.21804511278195,50.0,88.15104166666666,49.999999999999986,84.24369747899159,55.1948051948052,87.05370021812551,52.597402597402606,63.58396379915517,1.0207124584676868
33.0,50.17301038062284,71.39561707035756,47.9297994269341,50.114613180515754,51.62601626016258,53.899427883167725,52.13270142180095,48.26718009478673,51.47058823529408,51.47058823529412,50.66642314496291,55.02948529282438,66.04278074866309,74.60711557350213,53.75441980070714,74.98767813136185,49.071680376028205,71.57931844888367,48.17855923523387,67.00921816319563,48.73417721518988,62.498463807299984,53.156323475164434,70.13635882484866,51.911373310063674,62.582922058836516,1.023578451142887,50.0,46.808510638297875,50.00000000000002,33.77192982456141,50.00000000000002,50.724637681159415,49.999999999999986,26.599326599326602,49.99999999999999,45.0,50.000000000000014,40.58088094866906,74.67532467532465,88.31168831168831,50.000000000000014,87.34402852049911,50.000000000000014,87.31203007518798,50.0,88.15104166666666,49.999999999999986,83.82352941176471,54.93506493506493,86.98846359716134,52.46753246753247,63.7846722729152,1.0183432403255757
34.0,50.34602076124568,38.216070742022296,50.573065902578804,45.95988538681948,47.51580849141824,40.891297801866905,49.62233412322276,44.5053317535545,50.8193277310924,44.579831932773104,49.77531140191157,42.83048352340726,60.8670741023682,76.19229509985813,53.26261652201861,76.71059680702881,50.0470035252644,71.19623971797886,47.639125981563666,66.74974393991123,47.95379132358363,59.67186923927736,51.9539222909597,70.10414896081087,50.86461684643564,56.467316242109064,1.0413843407352634,50.0,46.808510638297875,50.00000000000002,33.77192982456141,50.00000000000002,50.724637681159415,49.999999999999986,26.936026936026934,49.99999999999999,45.83333333333333,50.000000000000014,40.814887682675796,83.1168831168831,88.78394332939787,50.000000000000014,87.43315508021391,50.000000000000014,87.03007518796993,50.0,88.41145833333334,49.999999999999986,83.61344537815127,56.62337662337662,87.05441546181325,53.311688311688314,63.93465157224452,1.016433619562174
35.0,44.617454825067284,36.562860438292965,50.859598853868206,48.72492836676218,49.77416440831073,54.682324601023794,50.57020142180095,43.91291469194313,52.247899159663824,57.310924369747895,49.61386373374221,48.23879049355399,61.077158135981655,75.1691585725199,52.44508732454728,77.74349083895854,50.21151586368978,76.56874265569917,47.833731649026966,74.10378968931377,49.60980705419688,65.48482241612386,52.23546000548852,73.81400083452304,50.92466186961536,61.02639566403852,1.0212976266002878,50.0,46.808510638297875,50.00000000000002,33.77192982456141,50.00000000000002,50.724637681159415,49.999999999999986,27.27272727272727,49.99999999999999,45.83333333333333,50.000000000000014,40.882227750015865,81.81818181818178,89.13813459268005,50.000000000000014,87.5222816399287,50.000000000000014,86.93609022556392,50.0,88.41145833333334,49.999999999999986,83.61344537815127,56.36363636363636,87.12428203393145,53.18181818181819,64.00325489197365,1.0135923034844478
36.0,50.17301038062284,62.28373702422145,45.716332378223505,39.269340974212035,46.47696476964769,53.899427883167725,50.333234597156405,43.52784360189573,50.04201680672266,60.75630252100841,48.54831178647462,51.947330400901066,60.67608861726508,74.77900251009495,53.74799099967853,78.8985320904318,48.74853113983549,73.50646298472384,48.275862068965516,73.04199385455787,45.56962025316456,66.00712793412805,51.40361861578183,73.2466238747873,49.975965201128226,62.596977137844185,1.0155271748992274,50.0,46.808510638297875,50.00000000000002,33.77192982456141,50.00000000000002,50.724637681159415,49.999999999999986,27.609427609427605,49.99999999999999,45.83333333333333,50.000000000000014,40.94956781735592,79.87012987012984,89.13813459268005,50.000000000000014,87.78966131907309,50.000000000000014,87.21804511278195,50.0,88.41145833333334,49.999999999999986,83.61344537815127,55.97402597402597,87.23414894720395,52.98701298701299,64.09185838227994,1.0105481697456775
37.0,50.34602076124568,47.98154555940023,50.573065902578804,55.44412607449857,48.96115627822943,51.85185185185185,51.65876777251186,44.87559241706161,42.205882352941146,41.80672268907563,48.74897861350138,48.39196771837758,68.74522536287242,78.82789479428135,54.080145719489956,77.1648987463838,49.01880141010576,79.70387779083433,47.241379310344826,72.17138955274838,48.73417721518988,72.9875875629839,53.563945803600575,76.17112968944636,51.15646220855098,62.281548703911966,1.0202546133039976,50.0,46.808510638297875,50.00000000000002,33.333333333333336,50.00000000000002,50.724637681159415,49.999999999999986,28.28282828282828,49.99999999999999,45.83333333333333,50.000000000000014,40.99652865379045,78.57142857142854,89.37426210153482,52.272727272727295,87.87878787878788,50.000000000000014,87.21804511278195,50.0,88.28125,49.999999999999986,82.98319327731093,56.168831168831176,87.14710767408312,53.084415584415595,64.07181816393678,1.0079187608115776
38.0,50.34602076124568,44.828911956939635,47.92979942693411,42.72206303724928,48.328816621499534,45.739235170129476,48.770734597156405,50.08886255924171,48.61344537815122,49.411764705882355,48.79776335699739,46.55816748588849,65.28838808250572,81.76361453672378,53.75120540019284,79.34854816243437,48.854289071680384,76.03290246768509,48.275862068965516,74.96415158757256,48.10126582278481,67.34054319773873,52.85420208922585,75.8899519904309,50.82598272311162,61.224059738159696,1.0187578677376108,50.0,46.808510638297875,50.00000000000002,33.77192982456141,50.00000000000002,52.17391304347826,49.999999999999986,28.619528619528616,49.99999999999999,45.83333333333333,50.000000000000014,41.44144309183989,77.27272727272727,89.02007083825265,52.272727272727295,87.70053475935828,50.000000000000014,87.21804511278195,50.0,88.41145833333334,49.999999999999986,82.77310924369749,55.909090909090914,87.02464365748475,52.95454545454547,64.23304337466232,1.004673895720801
39.0,50.69204152249135,63.514033064206075,50.42979942693411,50.80229226361032,45.66395663956638,44.80578139114725,50.807168246445514,52.725118483412324,50.08403361344534,43.57142857142857,49.53539988977654,51.083730754760914,68.5064935064935,78.39135654261705,55.87485267330974,81.36719168541732,49.18331374853114,79.24794359576968,48.77091157391602,76.79071355411402,48.97689566179182,79.50104461103602,54.26249343280845,79.05964999779083,51.8989466612925,65.07169037627587,1.0060627951013774,50.0,46.808510638297875,50.00000000000002,33.77192982456141,50.00000000000002,52.17391304347826,49.999999999999986,28.619528619528616,49.99999999999999,45.83333333333333,50.000000000000014,41.44144309183989,81.16883116883116,89.02007083825265,52.272727272727295,87.96791443850267,50.000000000000014,87.03007518796993,50.0,88.54166666666666,49.999999999999986,82.3529411764706,56.68831168831169,86.9825336615725,53.34415584415585,64.2119883767062,1.0005455537958166
40.0,50.34602076124568,45.55940023068051,45.7163323782235,42.59312320916905,48.96115627822943,48.90093345377898,52.369668246445514,40.74348341232227,48.61344537815122,40.42016806722689,49.201324608459075,43.64342167463554,63.54087089381208,76.8798428462294,56.03985856637734,80.71573984785172,51.72737955346651,80.37367802585193,49.8053943325367,79.2762034824172,49.36708860759495,78.97259432223179,54.09611839075751,79.2436117049164,51.64872149960829,61.443516689775976,1.0138354809390804,50.0,46.808510638297875,50.00000000000002,33.77192982456141,50.00000000000002,52.17391304347826,49.999999999999986,28.28282828282828,49.99999999999999,45.83333333333333,50.000000000000014,41.37410302449983,84.41558441558439,89.02007083825265,54.545454545454554,87.96791443850267,50.000000000000014,86.74812030075188,50.0,88.80208333333334,49.999999999999986,82.56302521008404,57.7922077922078,87.02024282418492,53.89610389610391,64.19717292434237,0.9967348653076396
41.0,50.69204152249136,50.749711649365636,50.573065902578804,52.292263610315196,48.96115627822943,44.20355314664257,52.13270142180095,44.78672985781991,45.756302521008365,33.15126050420169,49.623053529221785,45.036703753668995,61.19174942704353,74.82538469933428,61.10146790956817,82.00150005357334,51.562867215041145,83.76968272620448,49.955616251280304,76.60635029020145,48.73417721518988,73.82942116259063,54.50917560362461,78.20646778638084,52.066114566423195,61.62158577002492,1.0106352785231025,50.0,46.808510638297875,50.00000000000002,33.77192982456141,50.00000000000002,53.623188405797094,49.999999999999986,28.619528619528616,49.99999999999999,47.5,50.000000000000014,42.064631497636995,81.16883116883116,89.25619834710744,64.92869875222817,88.05704099821747,50.000000000000014,86.74812030075188,50.0,88.80208333333334,49.999999999999986,82.3529411764706,59.219505984211864,87.04327683117614,54.60975299210594,64.55395416440658,0.9927476256234156
42.0,50.34602076124568,54.59438677431756,45.573065902578804,50.05730659025789,46.47696476964768,57.09123757904246,49.859300947867304,50.63684834123223,51.512605042016766,46.42857142857143,48.75359148467125,51.761670142684316,64.20932009167302,75.5811415475281,60.28179577842063,82.66366655951997,51.28672150411281,83.81198589894242,48.57630590645272,81.87435984977809,47.32087993117858,74.37016099299495,54.33500464236755,79.66026296975271,51.5442980635194,65.71096655621851,0.9948830265980005,50.0,46.808510638297875,50.00000000000002,33.77192982456141,50.00000000000002,54.347826086956516,49.999999999999986,28.28282828282828,49.99999999999999,47.5,50.000000000000014,42.14221896652882,79.2207792207792,89.728453364817,67.20142602495545,88.14616755793226,51.78571428571429,86.8421052631579,50.0,88.80208333333334,49.999999999999986,82.3529411764706,59.641583906289796,87.17435013914223,54.820791953144905,64.65828455283553,0.9874833903205216
43.0,51.38408304498271,61.39946174548251,43.7893982808023,49.68481375358166,51.21951219512193,52.33363444745558,49.481635071090054,54.76895734597156,51.512605042016766,48.65546218487395,49.477446726802754,53.36846589547305,64.79182582123758,75.89763177998472,62.404371584699426,83.18439944283725,52.855464159811994,83.8801410105758,48.23147832024581,80.79207920792079,48.10126582278481,78.6899348654295,55.276881141755915,80.48883726134962,52.37716393427934,66.92865157841133,0.9875361549802094,50.0,46.808510638297875,50.00000000000002,33.77192982456141,50.00000000000002,54.347826086956516,49.999999999999986,28.28282828282828,49.99999999999999,47.5,50.000000000000014,42.14221896652882,75.97402597402595,89.02007083825265,75.3119429590018,88.32442067736186,51.78571428571429,86.8421052631579,50.0,88.93229166666666,49.999999999999986,82.3529411764706,60.6143366437484,87.09436592438195,55.30716832187421,64.61829244545538,0.981820435336525
44.0,51.21107266435987,57.8239138792772,52.005730659025794,37.82234957020057,47.922312556458884,57.54290876242095,51.04413507109006,48.96327014218009,53.71848739495794,54.20168067226891,51.180347669178516,51.27082460526954,65.06875477463711,78.170359052712,58.807457409193155,83.1458266366656,55.28789659224442,83.56051703877793,50.600887674974395,81.32809832707409,44.9367088607595,74.57908320019664,54.94034106236171,80.15677685108525,53.06034436577011,65.7138007281774,0.9859718656909392,50.0,46.808510638297875,50.00000000000002,33.77192982456141,50.00000000000002,54.347826086956516,49.999999999999986,28.619528619528612,49.99999999999999,46.666666666666664,50.000000000000014,42.042892367202214,74.67532467532465,88.07556080283352,76.60427807486633,88.14616755793226,51.78571428571429,86.93609022556392,50.0,89.19270833333334,49.999999999999986,82.3529411764706,60.61306340718105,86.94069361922672,55.30653170359054,64.49179299321446,0.9761244944758237
45.0,45.309496347558635,62.82199154171473,51.86246418338109,37.50716332378224,47.51580849141824,51.731406202950915,50.19253554502371,42.83175355450236,52.247899159663824,56.9327731092437,49.4256407454091,50.36501754643879,66.81627196333078,78.1676306886391,63.54655523411547,84.07585985213757,55.61104582843714,83.54406580493537,50.55650392625469,83.06589279617617,47.95379132358363,78.56703944942853,56.896833655144334,81.48409771826334,53.161237200276716,65.92455763235107,0.9806722813585216,50.0,47.87234042553192,50.00000000000002,33.77192982456141,50.00000000000002,54.347826086956516,49.999999999999986,28.619528619528612,49.99999999999999,47.5,50.000000000000014,42.42232499131569,72.7272727272727,88.66587957497049,81.46167557932266,87.78966131907309,62.5,86.93609022556392,51.5625,89.32291666666666,49.999999999999986,82.14285714285714,63.65028966131907,86.97148098582625,56.82514483065954,64.69690298857097,0.9708986294214469
46.0,51.55709342560555,54.13302575932334,41.8624641833811,31.275071633237822,50.58717253839203,57.48268593797049,53.554502369668256,51.02191943127963,50.8193277310924,55.04201680672269,49.67611204962786,49.79094391370679,63.502673796791434,73.86772890974571,65.98842815814848,81.98649951783993,58.47238542890718,83.69917743830788,51.69682485489927,82.96346876066917,47.416123878579334,82.75777313506207,57.41528722346514,81.05492955232495,53.5456996365465,65.42293673301587,0.9799228673054363,50.0,48.93617021276596,50.00000000000002,33.77192982456141,50.00000000000002,54.347826086956516,49.999999999999986,28.282828282828277,49.99999999999999,47.5,50.000000000000014,42.567750881422434,70.77922077922076,88.90200708382527,80.48128342245991,87.96791443850267,66.07142857142858,87.12406015037595,51.5625,89.32291666666666,49.999999999999986,82.14285714285714,63.77888655462185,87.09195109644554,56.88944327731093,64.82985098893398,0.964944521440655
47.0,51.903114186851205,50.6728181468666,51.432664756447,52.80802292263611,50.58717253839203,48.41915085817525,53.55450236966826,46.4899289099526,49.39075630252097,50.84033613445378,51.37364203077588,49.84605139441686,65.64171122994652,73.3902651969879,70.5646630236794,85.08732454730527,61.175088131609876,86.29142185663925,50.56503926254694,84.66712188460225,48.68194666338946,83.26778911146616,59.325689662234446,82.54078451940015,55.34966584650516,66.1934179569085,0.9682531154326633,50.0,48.93617021276596,50.00000000000002,33.77192982456141,50.00000000000002,54.347826086956516,49.999999999999986,28.282828282828277,49.99999999999999,47.5,50.000000000000014,42.567750881422434,70.12987012987011,89.02007083825265,80.79322638146171,87.87878787878788,71.8984962406015,87.21804511278195,51.5625,89.453125,51.470588235294116,82.14285714285714,65.17093619744549,87.14257719453592,57.58546809872275,64.85516403797918,0.9587568277100825
48.0,51.90311418685122,59.092656670511346,49.93553008595989,37.148997134670495,51.80668473351398,64.13730803974707,49.5779028436019,43.2760663507109,48.613445378151226,46.9327731092437,50.36733544561564,50.1175602609767,70.244461420932,76.92622503546873,70.39537126325938,83.67084538733526,60.569917743830814,86.28907168037603,55.10925230454079,86.20006828269034,50.77116873540618,81.94666338945558,61.418034293593834,83.00657475506519,55.892684869604736,66.56206750802095,0.9656713170391804,50.0,48.93617021276596,50.00000000000002,33.77192982456141,50.00000000000002,55.072463768115945,49.999999999999986,28.282828282828277,49.99999999999999,47.5,50.000000000000014,42.71267841765432,68.83116883116881,89.13813459268005,80.12477718360074,88.23529411764706,71.8984962406015,87.12406015037595,57.8125,89.453125,51.470588235294116,82.14285714285714,66.02750609813305,87.21869420071205,58.01375304906653,64.96568630918318,0.952929509100392
49.0,51.21107266435987,40.753556324490575,49.9355300859599,40.04297994269341,50.18066847335139,52.84552845528455,49.71860189573461,34.90817535545024,50.08403361344534,42.94117647058823,50.22598134657022,42.298283309701404,67.31283422459893,72.29073447560843,64.17872066859529,81.70148933890495,65.05287896592246,85.12573443008226,55.71013997951519,86.04984636394674,51.351849576010835,88.2634877719061,60.721284682928534,82.6862584760897,55.47363301474938,62.492270892895554,0.9709566672897283,50.0,48.93617021276596,50.00000000000002,33.77192982456141,50.00000000000002,55.072463768115945,49.999999999999986,28.282828282828277,49.99999999999999,47.5,50.000000000000014,42.71267841765432,68.83116883116881,89.49232585596222,77.1836007130125,88.41354723707664,74.62406015037594,86.8421052631579,64.0625,89.453125,51.470588235294116,81.9327731092437,67.23438358597028,87.2267752930881,58.617191792985146,64.9697268553712,0.9473551782638017
50.0,53.63321799307958,56.24759707804691,50.365329512894,42.20630372492837,49.141824751580835,54.38121047877146,48.9632701421801,44.38684834123222,50.86134453781509,58.82352941176471,50.592997387509925,51.20909780694874,67.80939648586707,74.26334170031649,72.18900675024105,84.9587485267331,65.21739130434786,87.02232667450059,57.29259132809833,88.17343803345852,50.909426078407286,82.43210028265945,62.68356238939233,83.36999104353363,56.63827988845112,67.28954442524119,0.9512144222070475,50.0,48.93617021276596,50.00000000000002,33.333333333333336,50.00000000000002,55.072463768115945,49.999999999999986,28.282828282828277,49.99999999999999,47.5,50.000000000000014,42.6249591194087,67.53246753246752,89.728453364817,74.24242424242425,88.50267379679144,75.09398496240603,86.74812030075188,68.75,89.58333333333334,51.470588235294116,81.72268907563026,67.41789299451838,87.25705397426478,58.7089464972592,64.94100654683675,0.9399301438983336
51.0,52.07612456747406,51.24951941560938,51.368194842406886,48.69627507163324,49.954832881662135,52.09274314965372,52.2289691943128,41.11374407582938,50.86134453781509,42.18487394957983,51.2978932047342,47.06743113246111,68.89801375095492,75.2919349558005,69.88749598199934,81.15932711882566,69.42420681551117,86.34077555816685,58.39706384431547,88.16319562990782,48.03060095858425,85.7748555978862,62.92747627027304,83.3460177721174,57.11268473750362,65.20672445228925,0.9558057216667677,50.0,48.93617021276596,50.00000000000002,33.333333333333336,50.00000000000002,54.347826086956516,49.999999999999986,28.282828282828277,49.99999999999999,47.5,50.000000000000014,42.480031583176824,66.88311688311687,89.728453364817,76.51515151515152,87.96791443850267,80.45112781954887,86.9360902255639,69.79166666666666,89.71354166666666,58.823529411764696,81.72268907563026,70.49291845924972,87.21373775423608,60.24645922962487,64.84688466870645,0.9342021919254201
52.0,52.94117647058824,45.136485966935794,50.93839541547279,43.567335243553,47.47064137308039,57.813911472448055,46.64543838862561,45.20142180094786,50.21008403361341,49.78991596638656,49.64114713627609,48.30181409005426,64.51489686783805,72.2552657426607,75.28661737919208,82.98724954462658,71.80376028202117,87.2502937720329,66.05326049846364,89.5971321270058,53.37962394002705,88.85338576871084,66.2076317935084,84.18866539100736,57.92438946489224,66.2452397405308,0.9393453875616684,50.0,48.93617021276596,50.00000000000002,33.333333333333336,50.00000000000002,54.347826086956516,49.999999999999986,27.94612794612794,49.99999999999999,47.5,50.000000000000014,42.412691515836755,66.23376623376622,89.8465171192444,78.7878787878788,88.23529411764706,79.13533834586467,86.65413533834587,71.35416666666666,89.58333333333334,61.764705882352935,81.9327731092437,71.45517118330585,87.25041060356288,60.72758559165293,64.83155105969982,0.9271454022574879
53.0,41.484044598231456,38.90811226451365,42.86532951289399,40.97421203438396,49.096657633243,54.74254742547425,51.71060426540285,48.91883886255924,47.22689075630248,41.470588235294116,46.476705353214754,45.002859764445034,68.20091673032849,75.50747571755976,73.80477874209791,82.28436729883211,70.87544065804937,88.15981198589894,62.657903721406626,90.95937179924888,56.34447585105076,87.9132358363033,66.37670314058664,84.96485252756861,56.4267042469007,64.98385614600681,0.9453230194037101,50.0,48.93617021276596,50.00000000000002,33.771929824561404,50.00000000000002,54.347826086956516,49.999999999999986,28.282828282828277,49.99999999999999,47.5,50.000000000000014,42.567750881422434,65.58441558441557,89.8465171192444,76.82709447415331,88.23529411764707,80.07518796992481,86.8421052631579,76.04166666666666,89.58333333333334,64.07563025210084,81.9327731092437,72.52079898945223,87.2880045885253,61.26039949472612,64.92787773497386,0.9223992468675385
54.0,53.28719723183391,63.821607074202234,45.01432664756448,42.8080229226361,56.09756097560974,56.79012345679012,57.679206161137444,46.81575829383886,50.084033613445335,52.18487394957984,52.43246492591818,52.48407713940943,69.64285714285712,77.02990287023901,73.8037072752598,81.28361727204543,74.87661574618097,86.49823736780259,66.1676340047798,90.4472516217139,57.843799926262754,89.3511122035148,68.46692281906809,84.92202426706315,60.449693872493135,68.70305070323629,0.9305762856951728,50.0,48.93617021276596,50.00000000000002,33.771929824561404,50.00000000000002,55.072463768115945,49.999999999999986,28.282828282828277,49.99999999999999,47.5,50.000000000000014,42.71267841765432,65.58441558441557,89.7874852420307,76.82709447415331,88.50267379679144,78.7593984962406,86.46616541353383,76.04166666666666,89.58333333333334,68.48739495798318,82.14285714285714,73.13999403589187,87.29650298570928,61.569997017945944,65.00459070168179,0.9163786396689089
55.0,49.11572472126106,67.20492118415994,56.59025787965616,50.30085959885386,48.50948509485093,46.61246612466125,53.74703791469195,43.42417061611374,50.90336134453778,51.42857142857142,51.77317339099958,51.79419779047205,70.55958747135219,73.87591400196443,73.79942140790742,82.69366763098682,73.0317273795535,86.47708578143362,66.04301809491294,89.4639808808467,59.20486665847364,88.39867272950718,68.52772420243994,84.18186420494776,60.15044879671976,67.9880309977099,0.9290121463704026,50.0,48.93617021276596,50.00000000000002,33.771929824561404,50.00000000000002,55.072463768115945,49.999999999999986,28.282828282828277,49.99999999999999,47.5,50.000000000000014,42.71267841765432,65.58441558441557,89.8465171192444,74.86631016042782,88.41354723707666,78.7593984962406,86.04323308270676,77.60416666666666,89.58333333333334,68.48739495798318,82.14285714285714,73.06033717314676,87.20589758304365,61.53016858657339,64.95928800034898,0.9129097464896659
56.0,47.21261053440985,52.825836216839676,55.80945558739256,48.98280802292263,53.02619692863594,58.325805480277026,49.533471563981045,43.85367298578199,49.43277310924367,52.563025210084035,51.00290154473261,51.31022958318108,70.244461420932,74.96180290297939,74.61373620486444,82.07007393121184,73.98942420681553,85.41010575793186,71.41003755547969,89.36497097985661,59.733316947277885,87.00995452869607,69.99819526707391,83.76338162013516,60.50054840590326,67.53680560165813,0.9194515582588344,50.0,48.93617021276596,50.00000000000002,33.333333333333336,50.00000000000002,53.623188405797094,49.999999999999986,28.282828282828277,49.99999999999999,47.5,50.000000000000014,42.335104046944934,65.58441558441557,89.6103896103896,74.86631016042782,88.23529411764707,76.12781954887218,85.99624060150377,79.16666666666666,89.58333333333334,69.9579831932773,81.9327731092437,73.1406390307319,87.0716061544235,61.57031951536596,64.70335510068422,0.9072183302787258
57.0,49.11572472126105,49.86543637062668,46.73352435530087,41.63323782234957,48.69015356820234,56.72990063233966,57.679206161137444,59.70082938388626,55.18907563025206,46.09243697478991,51.48153688723075,50.80436823679842,71.79144385026738,75.03274036887483,73.95906996678451,81.64577306332369,75.11750881316101,85.78613396004701,71.92215773301469,89.8839194264254,65.51554627012412,89.81197001351849,71.66114532667034,84.43210736643788,61.57134110695054,67.61823780161815,0.9159084132062922,50.0,48.93617021276596,50.00000000000002,33.333333333333336,50.00000000000002,53.623188405797094,49.999999999999986,28.282828282828277,49.99999999999999,48.333333333333336,50.000000000000014,42.501770713611606,65.58441558441557,89.8465171192444,74.86631016042782,88.23529411764707,76.12781954887218,86.09022556390977,79.16666666666666,89.58333333333334,74.36974789915966,81.9327731092437,74.02299197190838,87.13762864867567,62.0114959859542,64.81969968114365,0.9020553395884964
58.0,49.288735101883894,55.40176855055747,50.157593123209175,42.306590257879655,54.832881662149944,62.18006624510689,56.353672985782,53.77665876777251,43.676470588235276,42.94117647058823,50.861870692252054,51.32125205838095,70.5118411000764,74.92087744188585,75.26090217507766,81.52362584378014,73.82491186839015,86.38542890716803,72.51451007169682,89.4571526118129,61.81332186309451,87.80262996190243,70.78509741566711,84.01794295330987,60.82348405395958,67.66959750584542,0.9171048724110988,50.0,48.93617021276596,50.00000000000002,33.333333333333336,50.00000000000002,52.89855072463768,49.999999999999986,28.282828282828277,49.99999999999999,48.333333333333336,50.000000000000014,42.356843177379716,65.58441558441557,89.728453364817,71.92513368983958,88.05704099821747,72.18045112781955,86.18421052631578,78.64583333333333,89.32291666666666,74.36974789915966,81.9327731092437,72.54111632691354,87.04507893305212,61.270558163456776,64.70096105521591,0.8988706793118814
59.0,51.36485966935794,59.438677431757014,56.52578796561606,59.2836676217765,41.282746160794936,42.30653417645288,53.18424170616115,49.67417061611375,52.49999999999996,53.61344537815126,50.971527100386005,52.86329904485028,70.1967150496562,72.04245334497436,74.77231329690343,79.11496839172828,74.45945945945948,85.34195064629847,73.89382041652442,91.1403209286446,65.02089222072016,87.9255253779034,71.66864008865274,83.11304373790982,61.320083594519375,67.98817139138005,0.9012759856673094,50.0,48.93617021276596,50.00000000000002,32.894736842105274,50.00000000000002,52.89855072463768,49.999999999999986,28.282828282828277,49.99999999999999,48.333333333333336,50.000000000000014,42.269123879134106,65.58441558441557,89.728453364817,71.92513368983958,87.87878787878788,73.96616541353383,86.09022556390977,80.20833333333333,89.32291666666666,74.36974789915966,82.14285714285714,73.2107591840564,87.03264812340767,61.60537959202821,64.65088600127089,0.8946373793354744
60.0,40.42675893886966,50.36524413687044,45.95272206303726,43.65329512893983,49.9096657633243,51.942186088527556,47.4526066350711,41.26184834123223,50.987394957983156,43.27731092436975,46.9458296716571,46.09997692398796,70.55003819709702,74.35610607879515,75.74949105325187,81.63934426229508,75.27614571092833,86.31492361927144,74.54762717651076,88.02321611471491,69.3990414157552,91.23141206832986,73.10446871070863,84.31300042868129,60.02514919118286,65.20648867633463,0.921693627236705,50.0,48.93617021276596,50.00000000000002,32.894736842105274,50.00000000000002,52.89855072463768,49.999999999999986,28.282828282828277,49.99999999999999,48.333333333333336,50.000000000000014,42.269123879134106,65.58441558441557,89.13813459268005,74.19786096256685,88.05704099821747,75.75187969924812,85.90225563909775,82.8125,89.453125,73.73949579831933,82.77310924369748,74.41723040890997,87.06473309473856,62.20861520445499,64.66692848693633,0.89323862780454
61.0,39.90772779700116,48.981161091887735,53.452722063037264,52.693409742120345,47.244805781391136,44.56489009334537,51.0515402843602,40.72867298578199,50.29411764705879,44.6218487394958,48.39018271456971,46.31799653052625,70.9893048128342,73.41209210957109,75.09589628201006,80.0750026786671,73.4253819036428,85.88484136310224,73.16831683168317,88.74018436326392,63.74585227970998,87.79648519110236,71.28495042197605,83.18172114114135,59.83756656827288,64.7498588358338,0.9224318449181416,50.0,47.87234042553192,50.00000000000002,32.894736842105274,50.00000000000002,52.89855072463768,49.999999999999986,27.946127946127948,49.99999999999999,47.5,50.000000000000014,41.82235118768056,65.58441558441557,89.13813459268005,74.19786096256685,87.87878787878788,76.2218045112782,85.71428571428572,82.8125,89.71354166666666,73.73949579831933,82.77310924369748,74.51121537131598,87.04357181922356,62.255607685658,64.43296150345206,0.8915784721513911
62.0,49.46174548250673,44.098423683198774,49.80659025787966,49.82808022922636,47.244805781391136,47.90725685034628,50.81457345971564,44.93483412322274,46.74369747899157,49.03361344537815,48.81428249209695,47.16044166627446,70.55003819709702,74.2878969769726,73.94835529840348,80.99003535840565,77.64982373678029,84.88366627497062,73.91942642540116,90.5428473881871,70.11797959936095,89.60304780631684,73.23712465140859,84.06149876097057,61.02570357175277,65.61097021362251,0.9086750938140492,50.0,47.87234042553192,50.00000000000002,32.894736842105274,50.00000000000002,52.89855072463768,49.999999999999986,27.946127946127948,49.99999999999999,47.5,50.000000000000014,41.82235118768056,65.58441558441557,89.02007083825265,74.19786096256685,87.78966131907309,77.5375939849624,85.80827067669172,82.8125,89.32291666666666,73.73949579831933,82.77310924369748,74.77437326605283,86.94280574887632,62.387186633026424,64.38257846827844,0.8874170107200768
63.0,39.21568627450981,49.51941560938101,48.02292263610317,45.54441260744985,51.94218608852753,57.45257452574526,49.8222748815166,45.74940758293838,50.29411764705879,52.94117647058824,47.85943750554318,50.24139735922055,70.65508021390374,74.02324566190113,75.09053894781954,80.71573984785172,73.03172737955347,84.74030552291423,76.13861386138613,90.1980198019802,63.74585227970998,87.24345581909795,71.73236253647458,83.38415333074906,59.795900021008876,66.8127753449848,0.9061891447086199,50.0,47.87234042553192,50.00000000000002,32.45614035087719,50.00000000000002,52.89855072463768,49.999999999999986,27.946127946127948,49.99999999999999,46.666666666666664,50.000000000000014,41.56796522276828,65.58441558441557,89.02007083825265,74.19786096256685,87.5222816399287,74.90601503759399,85.52631578947368,82.8125,89.32291666666666,73.10924369747899,82.77310924369748,74.12200705641108,86.83293883560384,62.061003528205546,64.20045202918607,0.8861144263522103
64.0,50.499807766243755,53.979238754325266,53.88252148997136,52.24928366762178,46.61246612466124,49.14182475158085,54.65047393364929,40.66943127962086,47.35294117647055,38.02521008403361,50.59964209819924,46.81299770743647,70.0248281130634,77.09265524391576,75.58555662702237,79.67641701489339,74.06580493537017,85.59811985898942,76.68658245134858,87.71935814271082,67.62934742534105,86.69042644709353,72.79842391042912,83.35539534152058,61.69903300431418,65.08419652447853,0.9123798747074209,50.0,46.808510638297875,50.00000000000002,32.45614035087719,50.00000000000002,53.623188405797094,49.999999999999986,28.282828282828277,49.99999999999999,46.666666666666664,50.000000000000014,41.56746686889342,65.58441558441557,88.78394332939787,74.19786096256685,87.25490196078431,74.90601503759399,85.6203007518797,80.72916666666666,89.32291666666666,73.10924369747899,82.77310924369748,73.7053403897444,86.75103439048522,61.85267019487221,64.15925062968932,0.8830759703168695
65.0,51.36485966935794,60.63052672049213,44.37679083094557,44.326647564469916,49.683830171635044,45.04667268894911,52.71030805687206,47.3489336492891,48.08823529411762,43.739495798319325,49.24480480458565,48.218455284303914,70.65508021390374,78.56597184328277,74.76588449587483,81.5771991856852,77.26792009400708,83.51586368977674,75.70501877773984,88.5831341754865,74.63438613739709,90.34656507312278,74.60565794378451,84.51774679347079,61.925231374185074,66.36810103888735,0.8962991725024739,50.0,45.744680851063826,50.00000000000002,32.45614035087719,50.00000000000002,53.623188405797094,49.999999999999986,28.282828282828277,49.99999999999999,45.83333333333333,50.000000000000014,41.18803424477994,65.58441558441557,88.54781582054308,74.19786096256685,87.34402852049911,74.90601503759399,85.52631578947367,80.72916666666666,89.453125,73.10924369747899,82.77310924369748,73.7053403897444,86.72887887484266,61.85267019487221,63.9584565598113,0.880763906319183
66.0,45.8093041138024,46.48212226066898,42.30659025787966,35.24355300859598,48.28364950316169,49.86449864498645,54.74674170616115,42.654028436018955,43.067226890756274,38.193277310924366,46.84270249435223,42.48749593223895,71.19938884644768,77.55102040816327,75.58341369334617,78.46994535519126,74.93537015276148,84.47003525264395,71.80607715944008,89.04062820075112,71.07963622956865,90.76440948752612,72.92077721631281,84.05920774085514,59.881739855332526,63.27335183654705,0.9111711965859856,50.0,45.744680851063826,50.00000000000002,32.45614035087719,50.00000000000002,52.89855072463767,49.999999999999986,28.282828282828277,49.99999999999999,45.83333333333333,50.000000000000014,41.04310670854805,64.93506493506491,88.4297520661157,74.19786096256685,87.34402852049911,75.37593984962406,85.52631578947368,80.72916666666666,89.32291666666666,74.5798319327731,82.56302521008404,73.96357286933912,86.63720765056783,61.981786434669566,63.84015717955794,0.8793348580752399
67.0,38.6966551326413,50.59592464436755,48.45272206303725,41.9054441260745,51.53568202348689,57.844022884673294,41.5358412322275,39.795616113744074,49.558823529411725,45.504201680672274,45.95594479616093,47.12904188990634,70.4640947288006,73.72858234202772,72.79974284795884,80.76288438872817,77.69095182138663,85.48061104582845,74.07818368043702,90.3209286445886,70.74167383556595,89.26508541231412,73.1549293828298,83.91161836669741,59.55543708949537,65.52033012830188,0.8979983785645959,50.0,45.744680851063826,50.00000000000002,32.89473684210527,50.00000000000002,51.449275362318836,49.999999999999986,27.609427609427605,49.99999999999999,45.83333333333333,50.000000000000014,40.70629079964978,64.93506493506491,88.19362455726092,74.19786096256685,87.34402852049911,75.37593984962406,85.71428571428571,80.72916666666666,89.453125,72.47899159663865,81.9327731092437,73.54340480211224,86.52756738025789,61.771702401056125,63.616929089953835,0.8761973405668193
68.0,40.253748558246826,37.254901960784316,50.74498567335244,47.97994269340975,44.76061427280939,51.09906654622102,46.2233412322275,36.09300947867299,50.2521008403361,53.109243697478995,46.446958115394445,45.107232875313414,69.30863254392666,73.51031321619557,74.92660452159004,78.94781956498447,74.76498237367805,83.83548766157462,77.28747012632299,89.4912939569819,73.16885830158536,89.61533734791692,73.89130957342061,83.0800503495307,60.169133844407526,64.09364161242206,0.9072270646179206,50.0,44.680851063829785,50.00000000000002,32.89473684210527,50.00000000000002,51.449275362318836,49.999999999999986,27.27272727272727,49.99999999999999,45.83333333333333,50.000000000000014,40.4261847748629,64.93506493506491,88.19362455726092,74.19786096256685,87.16577540106952,75.37593984962406,85.80827067669173,82.29166666666666,89.453125,72.47899159663865,82.56302521008404,73.85590480211224,86.63676416902125,61.927952401056125,63.531474471942076,0.8745036179304977
69.0,58.99653979238755,43.483275663206456,45.666189111747855,36.4756446991404,53.613369467027994,57.121348991267695,51.1033767772512,42.6095971563981,51.680672268907536,46.72268907563026,52.21202948346443,45.28251111712858,69.0794499618029,74.40794499618029,74.76588449587483,79.47712418300654,72.64982373678028,83.59341950646298,77.13724820757938,88.97575964493001,73.80176969399042,88.48469952070788,73.48683521920556,82.98778957025753,62.849432351335,64.13515034369306,0.8987954268248484,50.0,44.680851063829785,50.00000000000002,32.89473684210527,50.00000000000002,51.449275362318836,49.999999999999986,27.27272727272727,49.99999999999999,45.83333333333333,50.000000000000014,40.4261847748629,65.58441558441555,88.19362455726092,74.19786096256685,87.25490196078431,75.37593984962406,85.80827067669172,82.29166666666666,89.453125,72.47899159663865,82.77310924369748,73.98577493198235,86.69660628768689,61.99288746599118,63.5613955312749,0.87089017031792
70.0,51.018838908112265,51.941560938100736,52.528653295128954,55.55873925501432,47.24480578139115,48.41915085817525,51.48104265402844,54.90225118483413,52.45798319327728,55.504201680672274,50.946264766387614,53.26518078335935,69.18449197860961,75.36832914984176,74.59980713596912,79.15782706525233,76.98589894242072,85.6310223266745,74.67907135541141,89.3615568453397,77.11380115521692,90.32813076072263,74.51261411352554,83.96937322956617,62.72943943995658,68.61727700646276,0.875098927796126,50.0,44.680851063829785,50.00000000000002,32.45614035087719,50.00000000000002,51.449275362318836,49.999999999999986,27.27272727272727,49.99999999999999,45.83333333333333,50.000000000000014,40.33846547661729,66.88311688311687,88.19362455726092,74.19786096256685,87.07664884135473,75.37593984962406,85.71428571428572,80.72916666666666,89.453125,74.5798319327731,82.98319327731092,74.3531832589495,86.68417547804246,62.17659162947476,63.511320477329875,0.8672978089139367
71.0,45.290272971933874,50.94194540561323,53.674785100286535,49.842406876790825,44.941282746160795,48.78048780487804,54.272808056872044,42.62440758293839,56.05042016806719,51.38655462184873,50.84591380866409,48.71516045841385,70.14896867838043,75.08730765033286,75.74520518589947,81.70148933890495,73.90129259694478,84.8437132784959,76.058381700239,89.795151928986,72.14575396337717,89.82425955511859,73.59992042496816,84.25038435036767,62.22291711681613,66.48277240439076,0.8836846233928877,50.0,43.61702127659575,50.00000000000002,32.45614035087719,50.00000000000002,51.449275362318836,49.999999999999986,27.27272727272727,49.99999999999999,45.83333333333333,50.000000000000014,40.125699519170475,66.23376623376622,88.19362455726092,74.19786096256685,87.07664884135473,75.37593984962406,85.80827067669172,82.29166666666666,89.58333333333334,75.42016806722688,82.98319327731092,74.70388035597014,86.72901413719033,62.35194017798508,63.42735682818041,0.8656418098106534
72.0,52.22991157247213,43.75240292195309,46.669054441260755,42.55014326647565,44.35411020776874,51.79162902740138,46.5047393364929,35.470971563981045,58.17226890756299,56.05042016806723,49.586016893111506,45.923113389575676,70.4640947288006,75.77212703263123,75.58127075966996,82.95510553948355,74.81198589894244,86.12690951821386,73.54728576305907,89.58688972345512,67.62013026914097,89.36954651591495,72.40495348392261,84.76211566593975,60.99548518851706,65.34261452775772,0.892180445180264,50.0,43.61702127659575,50.00000000000002,32.45614035087719,50.00000000000002,50.72463768115942,49.999999999999986,27.27272727272727,49.99999999999999,45.83333333333333,50.000000000000014,39.9807719829386,66.23376623376622,88.07556080283354,74.19786096256685,86.98752228163993,75.37593984962406,85.90225563909775,82.29166666666666,89.71354166666666,75.42016806722688,82.98319327731092,74.70388035597014,86.73241473350976,62.35194017798508,63.356593358224174,0.8645781989283806
73.0,52.05690119184928,60.09227220299884,53.452722063037264,44.82808022922636,53.56820234869014,55.40499849442939,41.91350710900474,38.53672985781991,46.0504201680672,48.487394957983184,49.40835057612973,49.469895148491545,69.91978609625667,74.74353377714722,76.3998714239794,80.18857816350585,74.16568742655703,83.46650998824913,79.76271765107546,90.0068282690338,71.12264962516899,87.12056040309696,74.27414244460752,83.1052021202066,61.84124651036862,66.28754863434906,0.8830534323540723,50.0,43.61702127659575,50.00000000000002,32.45614035087719,50.00000000000002,50.72463768115942,49.999999999999986,27.27272727272727,49.99999999999999,45.83333333333333,50.000000000000014,39.9807719829386,66.23376623376622,88.07556080283354,74.19786096256685,86.89839572192514,75.37593984962406,85.90225563909775,83.33333333333333,89.58333333333334,75.42016806722688,82.98319327731093,74.91221368930346,86.68854775490014,62.456106844651735,63.334659868919374,0.8639773365723937
74.0,52.22991157247213,52.59515570934256,34.885386819484246,33.0945558739255,44.76061427280939,44.32399879554351,52.8065758293839,47.24526066350711,46.74369747899156,42.39495798319328,46.28523719462824,43.93078580510239,70.67417876241406,77.1745061661028,72.79652844744453,81.0928961748634,75.3055229142186,83.68507638072855,74.4844656879481,89.21474906111303,79.58399901683669,88.93941255991152,74.56893896577239,84.02132806854385,60.42708808020031,63.97605693682312,0.8925251184031399,50.0,43.61702127659575,50.00000000000002,32.45614035087719,50.00000000000002,50.72463768115942,49.999999999999986,27.27272727272727,49.99999999999999,45.83333333333333,50.000000000000014,39.9807719829386,66.23376623376622,88.07556080283354,74.19786096256685,86.89839572192514,75.37593984962406,85.80827067669172,83.33333333333333,89.58333333333334,75.42016806722688,82.98319327731093,74.91221368930346,86.66975076241894,62.456106844651735,63.32526137267877,0.8625632762134172
75.0,46.155324875048066,41.02268358323721,39.885386819484246,36.504297994269336,44.534778681120144,44.65522433002108,50.2962085308057,40.03258293838863,53.10924369747896,50.50420168067227,46.796188520787425,42.543798105317705,69.18449197860961,74.07235621521336,75.41626486660236,80.88931747562413,74.38895417156289,83.53231492361928,76.50904745646979,88.85626493683851,75.64827331940519,89.35725697431486,74.22940635852997,83.34150210512203,60.5127974396587,62.94265010521987,0.8845792353997046,50.0,43.61702127659575,50.00000000000002,32.45614035087719,50.00000000000002,50.72463768115942,49.999999999999986,27.27272727272727,49.99999999999999,45.83333333333333,50.000000000000014,39.9807719829386,66.23376623376622,88.07556080283354,74.19786096256685,86.80926916221034,75.37593984962406,85.71428571428571,83.33333333333333,89.58333333333334,76.890756302521,83.19327731092437,75.2063313363623,86.67514526471746,62.603165668181155,63.327958623828025,0.8608857957746507
76.0,45.46328335255671,41.86851211072665,43.244985673352446,36.23209169054441,44.534778681120144,45.377898223426676,56.07227488151659,45.48281990521327,50.336134453781476,49.78991596638656,47.93029140846547,43.750247579259515,70.67417876241406,74.45705554949254,72.95939140683593,82.10221793635486,74.37132784958875,85.47356051703878,77.89689313758961,90.49163537043358,74.03527098439228,86.9485068206956,73.98741242816412,83.89459523880308,60.95885191831479,63.82242140903129,0.8870013389846638,50.0,43.61702127659575,50.00000000000002,32.89473684210527,50.00000000000002,50.72463768115942,49.999999999999986,27.27272727272727,49.99999999999999,45.83333333333333,50.000000000000014,40.06849128118421,66.88311688311687,87.95749704840614,74.19786096256685,86.98752228163993,75.37593984962406,85.52631578947368,81.25,89.58333333333334,76.890756302521,83.19327731092437,74.91953479956575,86.6495891527555,62.45976739978288,63.35904021696985,0.8590727773687855
77.0,58.47750865051904,63.052672049211836,59.10458452722064,52.89398280802292,49.45799457994579,47.395362842517315,54.272808056872044,42.402251184834114,45.27310924369745,34.15966386554622,53.317201011650994,47.98078655002648,69.06035141329258,74.15966386554621,72.63473695489124,82.2972249008893,76.65687426556994,84.34782608695653,75.47456469784909,88.58996244452031,76.80963500061449,88.85953053951087,74.12723246644347,83.65084156748465,63.722216739047234,65.81581405875556,0.8796888980907484,50.0,43.61702127659575,50.00000000000002,32.45614035087719,50.00000000000002,50.72463768115942,49.999999999999986,27.27272727272727,49.99999999999999,45.83333333333333,50.000000000000014,39.9807719829386,66.88311688311687,87.83943329397876,74.19786096256685,86.89839572192514,75.37593984962406,85.43233082706767,81.25,89.58333333333334,76.890756302521,82.98319327731093,74.91953479956575,86.54733729072316,62.45976739978288,63.26405463683088,0.8567586645600729
78.0,59.16955017301038,71.43406382160707,53.67478510028655,50.071633237822354,49.45799457994579,45.55856669677808,49.72600710900474,43.5574644549763,46.008403361344506,48.57142857142858,51.607348064718394,51.83863135652248,70.76012223071045,77.61922950998581,75.90913961212897,80.82502946533803,76.44535840188017,84.31962397179788,74.6790713554114,88.61044725162171,74.57293842939659,86.8010323214944,74.47332600590552,83.63507250404757,63.04033703531196,67.73685193028503,0.872785641227229,50.0,43.61702127659575,50.00000000000002,32.45614035087719,50.00000000000002,50.72463768115942,49.999999999999986,26.936026936026934,49.99999999999999,45.83333333333333,50.000000000000014,39.91343191559853,66.88311688311687,87.83943329397876,74.19786096256685,86.89839572192514,75.37593984962406,85.6203007518797,81.25,89.71354166666666,73.31932773109243,82.56302521008404,74.20524908528003,86.52693932890688,62.10262454264002,63.2201856222527,0.8559707613508754
79.0,58.3044982698962,69.39638600538254,58.67478510028654,49.183381088825215,56.05239385727189,58.68714242697982,61.566943127962105,51.64395734597157,52.58403361344535,47.39495798319329,57.43653079377242,55.26116497007049,70.12987012987011,75.68209101822548,73.78120647165967,81.74434801242901,74.92361927144538,82.60399529964748,75.52748378286104,86.76681461249572,73.5498340911884,89.71365368071771,73.58240274940492,83.30218052470306,65.50946677158868,69.28167274738678,0.858502737521388,50.0,43.61702127659575,50.00000000000002,32.45614035087719,50.00000000000002,50.72463768115942,49.999999999999986,26.936026936026934,49.99999999999999,44.99999999999999,50.000000000000014,39.74676524893186,66.88311688311687,87.83943329397876,75.1782531194296,86.89839572192514,75.37593984962406,85.76127819548873,81.25,89.58333333333333,76.890756302521,82.98319327731093,75.11561323093831,86.61312676440738,62.55780661546916,63.179946006669624,0.8518516610989443
80.0,53.09496347558632,57.67012687427911,49.82091690544413,46.189111747850994,48.82565492321589,45.79945799457994,51.1033767772512,48.133886255924175,48.86554621848737,46.5126050420168,50.342091659996974,48.8610375829302,69.81474407944995,73.12561388191641,72.46758812814741,80.11571841851493,76.27497062279673,83.73207990599295,77.19870262888358,89.4366678047115,74.4254639301954,87.74732702470199,74.03629387789462,82.83148140716756,62.1891927689458,65.84625949504888,0.8718746799139737,50.0,43.61702127659575,50.00000000000002,32.45614035087719,50.00000000000002,50.72463768115942,49.999999999999986,26.936026936026934,49.99999999999999,44.99999999999999,50.000000000000014,39.74676524893186,66.88311688311687,87.83943329397876,75.1782531194296,87.07664884135473,75.37593984962406,85.80827067669172,81.25,89.58333333333334,76.890756302521,82.56302521008404,75.11561323093831,86.5741422710885,62.55780661546916,63.160453760010185,0.8506744066936446
81.0,41.81084198385237,38.0238369857747,57.034383954154734,49.326647564469916,47.83197831978319,45.95001505570611,45.51244075829384,47.334123222748815,50.29411764705879,47.268907563025216,48.496752532628584,45.58070607834495,70.23491214667685,73.72585397795481,75.25340190721094,80.60216436301296,74.43595769682729,84.97297297297297,77.49914646637077,90.76476613178559,74.96313137519971,89.7628118471181,74.47730991845712,83.96571385856889,61.48703122554285,64.77320996845692,0.8691894558094798,50.0,42.5531914893617,50.00000000000002,32.45614035087719,50.00000000000002,50.72463768115942,49.999999999999986,26.936026936026934,49.99999999999999,44.99999999999999,50.000000000000014,39.53399929148505,66.88311688311687,87.60330578512396,74.19786096256685,87.07664884135473,75.37593984962406,85.52631578947368,81.25,89.58333333333334,74.78991596638654,82.35294117647058,74.49936673233887,86.42850898515125,62.24968336616944,62.98125413831815,0.8502231739175645
82.0,54.652056901191855,64.12918108419838,55.74498567335245,49.72779369627507,45.79945799457994,38.87383318277627,51.28850710900474,41.92831753554502,50.29411764705879,48.4453781512605,51.55582506503756,48.62090073001106,69.49961802902979,76.82663974680781,73.61620057859209,78.4999464266581,76.33372502937722,85.04582843713278,75.1741208603619,89.06452714236941,76.27196755561019,91.14538527712917,74.17912641059422,84.11646540601944,62.867475737815894,66.36868306801526,0.8634658221216891,50.0,42.5531914893617,50.00000000000002,32.45614035087719,50.00000000000002,49.27536231884058,49.999999999999986,27.27272727272727,49.99999999999999,44.166666666666664,50.000000000000014,39.14481761969468,66.88311688311687,87.36717827626919,74.19786096256685,87.07664884135473,75.37593984962406,85.6203007518797,82.8125,89.58333333333334,71.21848739495796,82.14285714285714,74.09758101805315,86.35806366913883,62.04879050902658,62.75144064441675,0.8490615385666898
83.0,53.78700499807767,69.24259900038446,58.81805157593125,50.51575931232092,46.38663053297199,45.82956940680518,53.4212085308057,50.87381516587678,59.03361344537811,54.15966386554623,54.28930181663295,54.124281350186706,70.12987012987013,74.09691149186948,75.41519339976426,81.44219436408443,73.99529964747359,83.73678025851939,74.78490952543531,87.95834755889382,70.09032813076072,88.54000245790832,72.8831201666608,83.15484722625509,63.58621099164688,68.6395642882209,0.8491167681448609,50.0,42.5531914893617,50.00000000000002,32.45614035087719,50.00000000000002,49.27536231884058,49.999999999999986,26.599326599326602,49.99999999999999,43.333333333333336,50.000000000000014,38.84347081834788,66.88311688311687,87.2491145218418,75.1782531194296,87.25490196078431,75.37593984962406,85.71428571428572,81.25,89.58333333333334,74.78991596638654,82.56302521008404,74.69544516371141,86.47293214806585,62.34772258185571,62.65820148320687,0.8464248764837193
84.0,54.82506728181469,59.207996924259895,57.52865329512895,56.289398280802295,47.60614272809393,48.41915085817525,53.18424170616115,44.46090047393365,59.72689075630249,61.1764705882353,54.57419915350024,53.91078342508128,69.28953399541633,75.56204299901779,73.77692060430728,79.41712204007287,73.45475910693305,85.60517038777908,71.43393649709799,89.69614202799589,70.2378026299619,87.65515546270125,71.63859056674332,83.58712658351338,63.10639486012178,68.74895500429733,0.8533621743266135,50.0,42.5531914893617,50.00000000000002,32.89473684210527,50.00000000000002,49.27536231884058,49.999999999999986,26.599326599326602,49.99999999999999,43.333333333333336,50.000000000000014,38.9311901165935,66.88311688311687,87.01298701298703,75.1782531194296,87.07664884135473,75.37593984962406,85.71428571428572,82.8125,89.71354166666667,71.21848739495796,81.9327731092437,74.29365944942569,86.29004726890757,62.14682972471285,62.610618692750535,0.8452475135662627
85.0,60.207612456747405,74.35601691657054,51.604584527220645,49.240687679083095,49.27732610659439,51.068955133995786,52.6658767772512,44.32760663507109,54.74789915966384,55.25210084033614,53.700659805495505,54.84907344101133,70.21581359816653,76.80617701626105,74.76267009536053,81.2664738026358,77.36192714453585,83.94594594594594,76.32297712529875,89.3308296346876,74.80643971979846,86.95465159149563,74.69396553663202,83.6608155982052,64.19731267106377,69.25494451960827,0.8449155397216885,50.0,42.5531914893617,50.00000000000002,32.4561403508772,50.00000000000002,49.27536231884058,49.999999999999986,26.262626262626267,49.99999999999999,43.333333333333336,50.000000000000014,38.77613075100781,66.88311688311687,86.77685950413225,76.15864527629235,86.98752228163993,75.37593984962406,85.6203007518797,82.8125,89.84375,71.21848739495796,82.14285714285715,74.48973788079824,86.2742579361018,62.24486894039913,62.52519434355481,0.843785232049233
86.0,58.99653979238754,57.13187235678585,47.67191977077365,41.37535816618911,48.64498644986449,51.249623607347175,52.56960900473935,54.339454976303315,48.25630252100837,48.109243697479,51.22787150775467,50.441110560820896,69.70970206264325,75.70391793080869,71.81399335690558,79.09568198864245,74.59459459459462,83.82608695652175,77.40184363263913,87.51109593717993,75.24886321740199,87.96853877350375,73.75379937283692,82.82106431733132,62.4908354402958,66.63108743907611,0.8581508368451619,50.0,41.48936170212766,50.00000000000002,32.01754385964912,50.00000000000002,48.55072463768116,49.999999999999986,26.262626262626267,49.99999999999999,42.49999999999999,50.000000000000014,38.16405129241684,66.88311688311687,86.77685950413225,76.15864527629235,86.89839572192514,75.37593984962406,85.5263157894737,82.8125,89.58333333333334,71.21848739495796,82.3529411764706,74.48973788079824,86.227569105067,62.24486894039913,62.195810198741924,0.8422539161744429
87.0,54.47904652056902,57.97770088427527,51.604584527220645,47.53581661891118,50.27100271002709,53.53809093646491,50.05924170616115,42.31338862559242,51.764705882352914,52.14285714285714,51.63571626926616,50.70157084162018,70.12987012987013,75.13641820364509,73.45119468552446,82.1922211507554,73.94242068155114,83.02702702702703,77.01263229771254,87.86616592693753,74.95391421899964,88.46626520830773,73.89800640273158,83.33761950333455,62.76686133599887,67.01959517247737,0.85400717180836,50.0,41.48936170212766,50.00000000000002,32.01754385964912,50.00000000000002,49.27536231884058,49.999999999999986,26.262626262626267,49.99999999999999,42.49999999999999,50.000000000000014,38.308978828648726,66.88311688311687,86.77685950413225,76.15864527629235,86.80926916221033,75.37593984962406,85.62030075187971,82.8125,89.58333333333334,71.21848739495796,82.3529411764706,74.48973788079824,86.22854078560525,62.24486894039913,62.26875980712698,0.8417153587386694
88.0,47.193387158785086,50.51903114186851,52.38538681948426,45.401146131805156,50.90334236675699,53.74887082204155,50.9108412322275,37.88507109004739,46.659663865546186,43.78151260504202,49.61052428856,46.26712635816092,71.4094728800611,78.1676306886391,75.58127075966996,80.61287903139399,75.73443008225618,83.17273795534665,77.85250938886992,86.80778422669853,74.46847732579575,90.05161607472041,75.00923208733057,83.76252959535972,62.30987818794529,65.01482797676033,0.8612768715336578,50.0,41.48936170212766,50.00000000000002,32.01754385964912,50.00000000000002,48.55072463768116,49.999999999999986,26.262626262626267,49.99999999999999,41.666666666666664,50.000000000000014,37.99738462575017,68.83116883116881,86.42266824085006,76.15864527629235,86.72014260249554,75.37593984962406,85.52631578947368,82.8125,89.58333333333334,71.21848739495796,82.66806722689076,74.87934827040863,86.18410543860867,62.43967413520432,62.09074503217942,0.840078658763544
89.0,47.539407920030754,30.91118800461361,46.60458452722063,45.58739255014327,48.64498644986449,51.30984643179766,51.48104265402844,43.79443127962085,46.86974789915964,43.65546218487395,48.22795389006079,43.05166409020987,70.21581359816653,75.19917057732182,74.92553305475194,80.48858887817423,75.29964747356054,84.87661574618097,78.83407306247867,89.2079207920792,73.29789848838638,89.13604522551309,74.51459313546881,83.78166824385386,61.3712735127648,63.41666616703186,0.8654333664589153,50.0,41.48936170212766,50.00000000000002,31.578947368421055,50.00000000000002,48.55072463768116,49.999999999999986,25.925925925925924,49.99999999999999,41.666666666666664,50.000000000000014,37.842325260164486,68.18181818181816,86.42266824085006,76.15864527629235,86.80926916221034,75.37593984962406,85.62030075187971,82.8125,89.58333333333334,71.21848739495796,82.98319327731093,74.7494781405385,86.28375295311687,62.37473907026926,62.06303910664068,0.8395724638441532
90.0,51.71088043060361,50.59592464436755,49.96418338108883,42.14899713467049,50.90334236675699,47.72658837699488,57.257109004739334,50.22215639810427,54.09663865546216,48.36134453781513,52.78643076773019,47.81100221839047,71.07524828113063,74.48161082614865,74.92446158791383,80.55716275581271,77.46768507638076,86.00235017626322,74.54592010925232,89.01672925913282,72.27479415017821,90.07005038712057,74.05762184097115,84.02558068089562,63.422026304350666,65.91829144964305,0.8477758710849413,50.0,40.42553191489362,50.00000000000002,31.578947368421055,50.00000000000002,48.55072463768116,49.999999999999986,25.925925925925924,49.99999999999999,41.666666666666664,50.000000000000014,37.62955930271768,68.83116883116881,86.30460448642268,76.15864527629235,86.72014260249554,76.69172932330827,85.52631578947368,82.8125,89.58333333333334,71.21848739495796,82.98319327731093,75.14250616514548,86.22351789780724,62.571253082572746,61.92653860026246,0.8374419866491442
91.0,55.171088043060365,40.484429065743946,40.53724928366763,32.79369627507164,56.278229448961135,55.28455284552846,57.4940758293839,52.19194312796209,51.02941176470585,51.97478991596639,52.10201087395577,46.545882246054504,70.55003819709702,75.34377387318564,75.08839601414333,79.7621343619415,76.65687426556994,85.11398354876616,77.79959030385798,87.26186411744624,73.20265454098563,87.55683912990045,74.65951066433078,83.007719006248,63.38076076914328,64.77680062615124,0.8557789113956071,50.0,40.42553191489362,50.00000000000002,31.14035087719298,50.00000000000002,48.55072463768116,49.999999999999986,25.925925925925924,49.99999999999999,41.666666666666664,50.000000000000014,37.541840004472064,68.83116883116881,86.30460448642268,76.15864527629235,86.80926916221034,76.69172932330827,85.52631578947368,82.8125,89.58333333333334,71.21848739495796,82.98319327731093,75.14250616514548,86.24134320975018,62.571253082572746,61.891591607111124,0.8356323937545291
92.0,43.88696655132641,36.06305267204921,53.67478510028655,48.22349570200573,43.94760614272809,42.607648298705215,53.517476303317544,48.267180094786724,47.47899159663862,45.08403361344538,48.50116513885944,44.049082076198445,69.49961802902978,77.33275128233112,73.78013500482157,80.88074574091932,76.49236192714454,84.06580493537015,75.2355752816661,88.81188118811882,73.24566793658597,90.73983040432593,73.65067163584959,84.36620271021306,61.07591838735452,64.20764239320576,0.8584589999125077,50.0,40.42553191489362,50.00000000000002,31.140350877192986,50.00000000000002,48.55072463768116,49.999999999999986,25.925925925925924,49.99999999999999,41.666666666666664,50.000000000000014,37.541840004472064,68.83116883116881,86.30460448642268,76.15864527629235,86.80926916221034,75.37593984962406,85.52631578947368,82.8125,89.84374999999999,72.68907563025208,82.98319327731093,75.17346591746745,86.29342654308353,62.586732958733734,61.917633273777795,0.8348582737401664
93.0,49.961553248750484,53.17185697808535,51.74785100286534,46.3323782234957,50.49683830171635,54.44143330322192,55.4576421800948,49.64454976303318,53.23529411764702,47.05882352941176,52.1798357702148,50.129808359449584,70.32085561497327,78.02848412092109,72.95939140683593,79.71070395371262,73.0669800235018,83.96239717978848,73.9006486855582,88.3748719699556,71.83237065257467,87.624431608701,72.41604927668877,83.54017776661576,62.29794252345178,66.83499306303267,0.8445571509664276,50.0,40.42553191489362,50.00000000000002,30.701754385964914,50.00000000000002,48.55072463768116,49.999999999999986,25.925925925925924,49.99999999999999,41.666666666666664,50.000000000000014,37.45412070622645,68.83116883116881,86.30460448642268,76.15864527629235,86.72014260249554,76.69172932330827,85.52631578947368,82.8125,89.84374999999999,71.21848739495796,82.77310924369749,75.14250616514548,86.23358442441788,62.571253082572746,61.843852565322166,0.8324682089081217
94.0,52.22991157247212,58.323721645520955,57.893982808022926,46.66189111747851,47.19963866305329,46.73291177356218,50.62944312796209,45.497630331753555,50.29411764705879,42.016806722689076,51.64941876371385,47.84659231820085,70.32085561497325,72.57448433919022,74.4369441765777,79.77713489767491,74.21856639247946,84.64629847238542,73.60874018436327,88.9962444520314,76.8004178444144,87.29261398549833,73.87710484256161,82.65735522935606,62.76326180313772,65.25197377377845,0.8506922270374635,50.0,40.42553191489362,50.00000000000002,30.701754385964914,50.00000000000002,47.826086956521735,49.999999999999986,25.925925925925924,49.99999999999999,42.5,50.000000000000014,37.475859836661236,68.83116883116881,86.30460448642268,76.15864527629235,86.54188948306596,76.69172932330827,85.52631578947368,82.8125,90.234375,72.68907563025208,82.98319327731093,75.4366238122043,86.31807560725466,62.71831190610216,61.89696772195795,0.8309100829623668
95.0,62.11072664359861,66.66666666666666,54.104584527220645,42.83667621776504,46.341463414634134,51.821740439626616,59.38981042654028,49.57049763033176,47.52100840336132,42.64705882352941,53.89351868307101,50.708527955583904,70.42589763177997,76.66430208447015,76.07093110468229,80.93431908282437,76.38660399529967,83.3913043478261,75.8808467053602,87.63400477978833,75.23964606120192,88.23890868870592,74.80078509966481,83.37256779672298,64.3471518913679,67.04054787615344,0.8358725661495146,50.0,40.42553191489362,50.00000000000002,30.701754385964914,50.00000000000002,47.826086956521735,49.999999999999986,25.925925925925924,49.99999999999999,42.5,50.000000000000014,37.475859836661236,68.83116883116881,86.30460448642268,76.15864527629235,86.45276292335116,76.69172932330827,85.6203007518797,82.8125,90.10416666666666,72.68907563025208,83.40336134453781,75.4366238122043,86.3770392345716,62.71831190610216,61.92644953561641,0.8285379667334379
96.0,49.961553248750484,46.674356016916576,53.101719197707745,47.93696275071633,52.529358626919596,56.45889792231256,50.15550947867299,44.19431279620853,52.45798319327728,48.02521008403361,51.64122474906562,48.65794791403752,70.86516424751717,76.76252319109463,74.1069323904425,80.81645773063325,77.03877790834316,82.87191539365453,76.96824854899283,86.40491635370434,75.77731350620623,87.28032444389825,74.95128732030038,82.827227422597,63.296256034683,65.74258766831727,0.8394327887273133,50.0,40.42553191489362,50.00000000000002,30.701754385964914,50.00000000000002,47.10144927536232,49.999999999999986,25.589225589225588,49.99999999999999,42.5,50.000000000000014,37.263592233089284,68.83116883116881,86.18654073199528,76.15864527629235,86.36363636363636,76.69172932330827,85.6203007518797,82.8125,89.97395833333333,72.68907563025208,83.40336134453781,75.4366238122043,86.30955950507649,62.71831190610216,61.78657586908289,0.8269752778019932
97.0,54.8250672818147,63.39869281045751,56.03151862464184,51.69054441260745,46.97380307136403,43.54110207768744,56.5462085308057,49.12618483412322,46.74369747899157,50.588235294117645,52.22405899752357,51.66895188579865,70.5309396485867,76.46785987122122,74.92660452159004,80.93860495017678,74.85898942420684,85.13983548766159,75.58893820416526,88.94503243427792,74.65896522059727,88.00540739830404,74.11288740382922,83.8993480283283,63.168473200676395,67.78414995706348,0.8333747730771222,50.0,40.42553191489362,50.00000000000002,30.701754385964914,50.00000000000002,47.10144927536232,49.999999999999986,25.25252525252525,49.99999999999999,42.5,50.000000000000014,37.19625216574922,68.83116883116881,86.18654073199528,76.15864527629235,86.45276292335116,76.69172932330827,85.52631578947368,82.8125,89.97395833333333,74.15966386554621,83.40336134453781,75.73074145926311,86.30858782453825,62.865370729631564,61.75241999514374,0.8255427352416547
98.0,48.57747020376779,49.058054594386775,56.669054441260755,54.82808022922636,50.49683830171635,43.812104787714546,51.954976303317544,45.882701421800945,46.70168067226888,39.03361344537815,50.88000398446626,46.52291089570135,69.88158899923604,76.05860526028594,73.44905175184826,82.92510446801671,76.49236192714456,85.47356051703878,78.40047797883236,87.34038921133494,72.31780754577855,86.84404571709476,74.10825764056797,83.72834103475422,62.49413081251711,65.12562596522778,0.8381603322985789,50.0,39.361702127659576,50.00000000000002,30.263157894736846,50.00000000000002,47.10144927536232,49.999999999999986,24.915824915824913,49.99999999999999,41.666666666666664,50.000000000000014,36.661760176050066,68.83116883116881,86.18654073199528,76.15864527629235,86.45276292335116,76.69172932330827,85.52631578947368,82.8125,89.84374999999999,74.15966386554621,83.40336134453781,75.73074145926311,86.2825461578716,62.865370729631564,61.47215316696083,0.8239835563986918
99.0,49.61553248750482,60.89965397923876,42.60744985673353,36.41833810888252,53.16169828364949,51.15928937067149,61.329976303317544,58.07168246445498,54.663865546218446,49.20168067226891,52.27570449548476,51.15012891910333,70.32085561497327,74.74626214122011,73.77584913746918,80.60859316404158,74.42420681551118,84.5475910693302,80.66404916353704,88.02321611471491,73.19343738478555,88.90868870591127,74.47567962325526,83.36687023904362,63.37569205937001,67.25849957907347,0.8336839167118943,50.0,39.361702127659576,50.00000000000002,30.263157894736846,50.00000000000002,47.10144927536232,49.999999999999986,24.915824915824913,49.99999999999999,41.666666666666664,50.000000000000014,36.661760176050066,68.83116883116881,86.18654073199528,76.15864527629235,86.36363636363636,76.69172932330827,85.52631578947368,82.8125,89.97395833333334,74.15966386554621,83.40336134453781,75.73074145926311,86.2907625125953,62.865370729631564,61.47626134432268,0.8223128078376041
100.0,48.40445982314495,53.325643983083424,47.46418338108883,39.88538681948424,47.154471544715435,45.58867810900331,51.81427725118485,50.770142180094794,51.80672268907559,53.23529411764706,49.328822937841935,48.56102904186257,72.35485103132162,76.38873731310706,72.63152255437693,79.25854494803386,75.07638072855465,84.1316098707403,74.65175827927621,85.91328098327074,75.62983900700505,86.1619761582893,74.0688703201069,82.37082985468825,61.698846628974415,65.4659294482754,0.8312190383903112,50.0,39.361702127659576,50.00000000000002,30.263157894736846,50.00000000000002,47.10144927536232,49.999999999999986,25.25252525252525,49.99999999999999,41.666666666666664,50.000000000000014,36.729100243390135,68.83116883116881,86.06847697756788,77.1390374331551,86.36363636363636,76.69172932330827,85.6203007518797,82.8125,89.97395833333334,74.15966386554621,83.40336134453781,75.92681989063567,86.28594675419103,62.96340994531784,61.50752349879058,0.8199672126789294
101.0,48.750480584390615,44.059976931949244,47.17765042979944,41.20343839541547,49.23215898825654,54.290876242095756,51.48104265402844,49.437203791469194,55.31512605042014,41.68067226890756,50.391291741379035,46.134433525967445,70.00572956455309,76.07497544472335,72.62937962070072,83.5315546983821,74.37720329024678,82.93301997649823,75.93376579037214,88.78456811198362,82.24468477325796,91.6000983163328,75.03815260782615,84.58484330958402,62.71472217460259,65.35963841777573,0.8336320453441055,50.0,39.361702127659576,50.00000000000002,30.701754385964914,50.00000000000002,47.10144927536232,49.999999999999986,25.25252525252525,49.99999999999999,41.666666666666664,50.000000000000014,36.816819541635745,68.83116883116881,86.06847697756788,77.1390374331551,86.45276292335116,76.69172932330827,85.52631578947368,82.8125,89.97395833333334,74.15966386554621,83.61344537815127,75.92681989063567,86.32699188037547,62.96340994531784,61.57190571100561,0.8180502070252346
102.0,60.726643598615915,62.821991541714716,63.32378223495703,55.902578796561606,44.08310749774164,48.50948509485094,51.38477488151659,39.09952606635071,54.138655462184836,49.747899159663866,54.731392735003205,51.21629613182837,70.44499618029029,75.75302848412092,74.76052716168432,82.11293260473587,74.97062279670978,83.95064629847239,78.00273130761353,88.99624445203142,76.74818729261399,87.67973454590144,74.98541294778238,83.69851727705242,64.85840284139279,67.45740670444039,0.8237567242068133,50.0,39.361702127659576,50.00000000000002,30.701754385964914,50.00000000000002,47.10144927536232,49.999999999999986,25.25252525252525,49.99999999999999,41.666666666666664,50.000000000000014,36.816819541635745,69.48051948051946,86.18654073199528,77.1390374331551,86.45276292335116,76.69172932330827,85.71428571428571,82.8125,89.97395833333334,74.15966386554621,83.61344537815127,76.05669002050581,86.38819861622335,63.02834501025291,61.60250907892954,0.8152742545990459
103.0,60.38062283737023,67.78162245290274,44.820916905444136,39.39828080229227,46.79313459801263,42.27642276422765,55.4576421800948,49.20023696682465,48.1302521008403,45.378151260504204,51.116513724352416,48.80694284935031,70.76012223071045,77.16086434573829,75.25233044037284,81.02217936354869,75.23501762632199,82.03055229142186,77.41037896893138,87.98907476954592,76.93867518741551,87.50768096350005,75.11930489075044,83.14207034675096,63.11790930755143,65.97450659805062,0.8278449428477814,50.0,39.361702127659576,50.00000000000002,30.701754385964914,50.00000000000002,47.82608695652174,49.999999999999986,25.25252525252525,49.99999999999999,41.666666666666664,50.000000000000014,36.96174707786763,69.48051948051946,86.18654073199528,77.1390374331551,86.45276292335116,76.69172932330827,85.71428571428571,82.8125,89.97395833333334,74.15966386554621,83.61344537815127,76.05669002050581,86.38819861622335,63.02834501025291,61.67497284704549,0.8131737566033953
104.0,54.99807766243754,52.941176470588225,50.68051575931233,43.58166189111748,48.23848238482384,48.72026498042758,52.19194312796209,49.066943127962084,43.97058823529408,38.90756302521009,50.01592143396598,46.64352189906109,70.02482811306339,79.36538251664302,75.90699667845278,80.60216436301297,73.4958871915394,84.70505287896593,72.83031751451007,87.31990440423353,77.4241120806194,89.43099422391545,73.93642831563702,84.28469967735417,61.9761748748015,65.46411078820763,0.8261177920990141,50.0,39.361702127659576,50.00000000000002,30.701754385964914,50.00000000000002,47.10144927536232,49.999999999999986,25.25252525252525,49.99999999999999,41.666666666666664,50.000000000000014,36.816819541635745,69.48051948051946,86.18654073199528,76.15864527629235,86.45276292335116,76.69172932330827,85.6203007518797,82.8125,90.10416666666666,74.15966386554621,83.61344537815127,75.86061158913326,86.39544329040882,62.930305794566635,61.60613141602228,0.8102787734959
105.0,54.652056901191855,49.9038831218762,52.46418338108884,46.99140401146132,53.16169828364949,56.970791930141516,55.7908767772512,49.30390995260664,48.21428571428569,43.90756302521008,52.85662021149341,49.41551040825915,71.81054239877768,79.33809887591401,75.25233044037284,83.60441444337299,73.39012925969449,84.25146886016451,76.9153294639809,87.60669170365311,81.75924788005408,86.83790094629471,75.825515888576,84.32771496587986,64.3410680500347,66.8716126870695,0.8177361428049595,50.0,40.42553191489362,50.00000000000002,30.701754385964914,50.00000000000002,46.37681159420289,49.999999999999986,24.915824915824917,49.99999999999999,42.5,50.000000000000014,36.98398456217727,69.48051948051946,86.18654073199528,76.15864527629235,86.36363636363636,76.69172932330827,85.6203007518797,82.8125,89.97395833333334,74.15966386554621,83.82352941176471,75.86061158913326,86.39359311852186,62.930305794566635,61.68878884034957,0.8073515880400691
106.0,37.63936947327951,45.982314494425225,44.53438395415474,33.051575931232094,48.41915085817524,47.816922613670584,59.19727488151659,50.37026066350712,48.0882352941176,37.10084033613445,47.575682892248736,42.86438280779389,70.5309396485867,77.79111644657863,75.09053894781954,79.41926497374907,72.0329024676851,83.54406580493536,78.30317514510071,90.512120177535,75.18741550940152,86.08209413788866,74.22899434371871,83.46973230813734,60.90233861798372,63.16705755796561,0.8300129382244283,50.0,40.42553191489362,50.00000000000002,31.140350877192986,50.00000000000002,46.37681159420289,49.999999999999986,24.579124579124578,49.99999999999999,41.666666666666664,50.000000000000014,36.837697126416145,69.48051948051946,86.18654073199528,76.15864527629235,86.36363636363636,76.69172932330827,85.90225563909775,82.8125,90.10416666666666,74.15966386554621,84.03361344537815,75.86061158913326,86.51804256935483,62.930305794566635,61.67786984788549,0.8044049981390058
107.0,50.13456362937332,51.6724336793541,51.11031518624644,50.12893982808022,53.16169828364949,47.786811201445346,47.6451421800948,43.05390995260663,46.176470588235276,44.20168067226891,49.64563797351987,47.36875506675104,70.30175706646294,78.51686128997054,74.75945569484621,82.42151505410908,74.2596944770858,83.49706227967097,77.36599522021169,88.47729600546262,78.29974191962641,85.873171930687,74.99732887564662,83.75718131198005,62.32148342458324,65.56296818936555,0.8161836750389182,50.0,40.42553191489362,50.00000000000002,30.701754385964914,50.00000000000002,46.37681159420289,49.999999999999986,24.242424242424242,49.99999999999999,40.833333333333336,50.000000000000014,36.5159710941638,69.48051948051946,86.18654073199528,76.15864527629235,86.36363636363636,76.69172932330827,85.90225563909775,82.8125,90.10416666666666,74.15966386554621,84.03361344537815,75.86061158913326,86.51804256935483,62.930305794566635,61.51700683175932,0.8003966279577394
108.0,36.25528642829681,35.8323721645521,54.53438395415474,46.99140401146133,44.941282746160795,43.75188196326407,57.0201421800948,47.36374407582938,51.84873949579829,42.18487394957983,48.91996696090109,43.224855232937344,71.26623376623377,78.43228200371057,74.2687238829958,83.3836922747241,76.11045828437135,85.7508813160987,77.61351997268693,87.53840901331513,73.53139977878827,86.90549342509524,74.55806713701523,84.40215160658875,61.73901704895816,63.813503419763045,0.8188595213244739,50.0,40.42553191489362,50.00000000000002,30.701754385964914,50.00000000000002,44.20289855072464,49.999999999999986,24.242424242424242,49.99999999999999,40.833333333333336,50.000000000000014,36.081188485468154,69.48051948051946,86.18654073199528,77.1390374331551,86.54188948306596,76.69172932330827,85.99624060150376,82.8125,90.10416666666666,74.15966386554621,84.45378151260505,76.05669002050581,86.65652379916733,63.02834501025291,61.36885614231774,0.7958566161660144
109.0,55.690119184928875,51.05728565936178,44.39111747851004,38.79656160458453,53.9747064137308,55.40499849442939,53.04354265402844,51.59952606635072,45.357142857142826,38.82352941176471,50.491325717668204,47.13638024729822,70.55003819709702,78.17854414493071,74.1047894567663,83.39869281045752,74.64159811985903,84.00235017626322,78.25025606008876,87.10822806418574,75.18741550940152,90.1130637827209,74.54681946864252,84.56017579571161,62.519072593155364,65.84827802150491,0.8052695079215685,50.0,39.361702127659576,50.00000000000002,30.701754385964914,50.00000000000002,43.47826086956522,49.999999999999986,24.242424242424242,49.99999999999999,40.833333333333336,50.000000000000014,35.72349499178946,69.48051948051946,86.30460448642266,77.1390374331551,86.54188948306596,76.69172932330827,85.90225563909775,82.8125,90.23437500000001,74.15966386554621,84.24369747899159,76.05669002050581,86.6453644175156,63.02834501025291,61.18442970465253,0.7919454213056877
110.0,53.787004998077684,56.24759707804691,55.53724928366762,56.54727793696275,45.347786811201445,42.33664558867811,48.97067535545025,37.485189573459714,57.563025210083985,56.470588235294116,52.241148331696195,49.81745968248832,71.81054239877768,77.69562370402706,72.79438551376832,81.72506160934319,72.40893066980027,84.71210340775559,78.4533970638443,88.04028678729942,78.44721641882758,87.31104829789848,74.78289441300362,83.89682476126475,63.512021372349906,66.85714222187653,0.7993017576555714,50.0,39.361702127659576,50.00000000000002,30.263157894736842,50.00000000000002,44.20289855072463,49.999999999999986,24.242424242424242,49.99999999999999,40.833333333333336,50.000000000000014,35.78070322977573,69.48051948051946,86.30460448642266,77.1390374331551,86.72014260249556,76.69172932330827,85.99624060150376,82.8125,90.23437500000001,74.15966386554621,84.66386554621849,76.05669002050581,86.78384564732809,63.02834501025291,61.28227443855191,0.7873009246983954
111.0,37.985390234525184,36.25528642829681,50.74498567335244,47.14899713467049,49.63866305329719,43.781993375489314,60.715343601895746,59.10841232227489,43.676470588235254,40.378151260504204,48.55217063026116,45.33456810424714,70.88426279602751,80.73774964531266,73.28511732561874,80.79074252651881,75.61692126909522,83.80258519388954,76.67634004779788,87.15602594742232,75.23042890500186,90.85658104952685,74.33861406870824,84.66873687253403,61.4453923494847,65.00165248839059,0.8025229794224851,50.0,39.361702127659576,50.00000000000002,30.263157894736842,50.00000000000002,44.20289855072463,49.999999999999986,24.242424242424242,49.99999999999999,40.833333333333336,50.000000000000014,35.78070322977573,69.48051948051946,86.30460448642266,77.1390374331551,86.72014260249556,76.69172932330827,85.99624060150376,82.8125,90.23437500000001,74.15966386554621,84.66386554621849,76.05669002050581,86.78384564732809,63.02834501025291,61.28227443855191,0.7825316792396662
112.0,49.26951172625913,50.17301038062284,55.82378223495703,54.81375358166189,48.01264679313459,46.04034929238181,51.48104265402844,41.75059241706161,48.21428571428568,42.81512605042017,50.56025382453297,47.11856634442966,71.58135981665394,80.90145148968678,73.61298617807778,82.5093753348334,75.07638072855465,85.34900117508813,75.39433253670195,87.57937862751793,71.1472287083692,90.19294580312155,73.36245759367151,85.30643048604956,61.961355709102236,66.21249841523961,0.7873268465832726,50.0,39.361702127659576,50.00000000000002,30.701754385964918,50.00000000000002,43.47826086956521,49.999999999999986,23.569023569023567,49.99999999999999,40.833333333333336,50.000000000000014,35.58881485710932,69.48051948051946,86.30460448642266,77.1390374331551,86.80926916221034,76.69172932330827,85.99624060150376,82.8125,90.36458333333334,74.15966386554621,84.66386554621849,76.05669002050581,86.82771262593772,63.02834501025291,61.208263741523524,0.7766942120384581
113.0,58.99653979238755,54.97885428681276,50.39398280802293,41.66189111747851,51.445347786811205,51.791629027401385,54.2283767772512,49.73341232227488,54.01260504201677,52.310924369747895,53.81537044129793,50.09534222474309,71.8964858670741,78.39135654261705,75.74306225222327,83.95585556627023,73.98942420681553,83.33254994124559,78.9928303175145,89.3035165585524,79.95575765023966,88.53385768710828,76.11551205877342,84.7034272591587,64.96544125003567,67.3993847419509,0.775094767207525,50.0,39.361702127659576,50.00000000000002,30.701754385964918,50.00000000000002,43.47826086956521,49.999999999999986,23.569023569023567,49.99999999999999,41.666666666666664,50.000000000000014,35.755481523775984,69.48051948051946,86.30460448642266,77.1390374331551,86.80926916221034,76.69172932330827,85.99624060150376,82.8125,90.36458333333334,74.15966386554621,84.66386554621849,76.05669002050581,86.82771262593772,63.02834501025291,61.29159707485685,0.7708628482142947
114.0,51.172625913110345,46.059207996924265,53.753581661891126,44.2836676217765,58.31074977416439,58.95814513700692,55.55390995260664,51.777251184834114,53.8865546218487,50.50420168067227,54.535484384724235,50.31649472424281,71.07524828113063,79.88650005456729,74.4348012429015,82.58437801350048,76.21621621621624,84.85076380728556,78.10856947763742,88.6070331171048,75.47314735160379,88.83495145631069,75.06159651389791,84.95272528975377,64.79854044931108,67.63461000699829,0.7654382375561253,50.0,37.234042553191486,50.00000000000002,31.140350877192986,50.00000000000002,43.47826086956521,49.999999999999986,23.569023569023567,49.99999999999999,41.666666666666664,50.000000000000014,35.417668907127975,69.48051948051946,86.30460448642266,77.1390374331551,86.80926916221034,76.69172932330827,85.99624060150376,82.8125,90.36458333333334,74.15966386554621,84.87394957983193,76.05669002050581,86.86972943266039,63.02834501025291,61.143699169894184,0.7659305114507874
115.0,54.13302575932334,51.326412918108424,56.68338108882522,48.467048710601716,48.419150858175236,52.152965974104184,50.488744075829395,48.0154028436019,54.62184873949577,45.04201680672269,52.86923010432979,49.00076945062778,70.11077158135981,75.2864782276547,75.57912782599375,82.61866495231972,73.17273795534668,83.69917743830787,78.01126664390577,88.82212359166951,78.59469091802876,89.71979845151776,75.09371898492695,84.0292485322939,63.98147454462837,66.51500899146085,0.7753091116354875,50.0,38.297872340425535,50.00000000000002,29.824561403508774,50.00000000000002,43.47826086956521,49.999999999999986,23.569023569023567,49.99999999999999,40.833333333333336,50.000000000000014,35.20061030317128,69.48051948051946,86.42266824085006,77.1390374331551,86.80926916221034,76.69172932330827,85.99624060150376,82.8125,90.36458333333334,74.15966386554621,85.29411764705883,76.05669002050581,86.97737579699127,63.02834501025291,61.08899305008127,0.7607920503009314
116.0,48.750480584390615,40.5997693194925,56.68338108882522,54.82808022922636,51.716350496838295,53.02619692863595,50.392476303317544,46.475118483412324,51.197478991596604,54.24369747899159,51.748033492993656,49.834572487951746,70.61688311688312,78.29313543599258,73.28511732561876,82.70866816672024,75.235017626322,85.86603995299647,78.10856947763742,88.9586889723455,75.76809635000615,89.4371389947155,74.60273677929348,85.05273430455405,63.17538513614357,67.4436533962529,0.7625934174859822,50.0,38.297872340425535,50.00000000000002,29.824561403508774,50.00000000000002,43.47826086956521,49.999999999999986,23.569023569023567,49.99999999999999,40.833333333333336,50.000000000000014,35.20061030317128,69.48051948051946,86.42266824085006,77.1390374331551,87.07664884135473,76.69172932330827,85.99624060150376,82.8125,90.36458333333334,74.15966386554621,85.29411764705883,76.05669002050581,87.03085173282014,63.02834501025291,61.115731017995714,0.7565836290911722
117.0,60.55363321799309,60.47673971549404,54.39111747851003,44.97134670487106,53.11653116531164,55.37488708220415,44.00177725118484,45.43838862559242,50.2521008403361,50.63025210084034,52.46303199066714,51.378322845800405,70.76012223071045,79.35992578849722,72.96046287367403,83.04725168756026,74.09518213866043,85.36075205640424,74.85489928303176,86.45271423694093,76.93867518741553,89.30809880791448,73.92186834269845,84.70574851546343,63.19245016668279,68.04203568063191,0.7615974243723015,50.0,38.297872340425535,50.00000000000002,30.263157894736846,50.00000000000002,43.47826086956521,49.999999999999986,23.569023569023567,49.99999999999999,40.833333333333336,50.000000000000014,35.2883296014169,69.48051948051946,86.65879574970484,77.1390374331551,87.07664884135473,78.47744360902256,85.99624060150376,84.375,90.36458333333334,74.15966386554621,85.29411764705883,76.72633287764866,87.0780772345911,63.36316643882434,61.183203418004,0.7521835670194164
118.0,37.98539023452519,33.48712033833141,45.95272206303726,34.097421203438394,50.090334236675695,55.82655826558265,56.027843601895746,52.651066350710906,43.97058823529409,37.05882352941176,46.80537567428559,42.624197937495026,70.84606569900687,77.7638328058496,74.1058609236044,85.24375870566807,75.07050528789662,85.8683901292597,78.50631614885629,86.89996585865484,74.40702961779526,88.53385768710828,74.58715553543189,84.86196103730808,60.69626560485874,63.74307948740155,0.7760557507581979,50.0,38.297872340425535,50.00000000000002,30.263157894736846,50.00000000000002,43.47826086956521,49.999999999999986,23.569023569023567,49.99999999999999,40.833333333333336,50.000000000000014,35.2883296014169,69.48051948051946,86.65879574970484,77.1390374331551,87.16577540106952,76.69172932330827,86.09022556390977,82.8125,90.36458333333334,74.15966386554621,85.71428571428572,76.05669002050581,87.19873315246065,63.02834501025291,61.243531376938776,0.7506805632831924
119.0,47.36639753940792,42.90657439446367,53.674785100286535,49.04011461318051,52.529358626919596,47.034025895814516,59.38981042654028,55.287322274881525,55.52521008403358,58.991596638655466,53.69711235543758,50.65192676339914,70.93200916730329,77.53737858779876,73.61620057859209,82.86510232508304,72.09165687426558,85.85898942420683,80.02731307613521,91.02424035506999,74.01683667199215,89.8242595551186,74.13680327365766,85.42199404945544,63.91695781454762,68.03696040642728,0.7487546876663947,50.0,38.297872340425535,50.00000000000002,30.263157894736846,50.00000000000002,42.75362318840579,49.999999999999986,23.232323232323232,49.99999999999999,40.833333333333336,50.000000000000014,35.076061997844945,69.48051948051946,86.65879574970484,77.1390374331551,87.16577540106952,76.69172932330827,86.37218045112782,82.8125,90.62500000000001,74.15966386554621,85.71428571428572,76.05669002050581,87.30720746323757,63.02834501025291,61.19163473054126,0.7486282798830921
120.0,48.92349096501346,49.09650134563629,58.46704871060173,52.56446991404011,52.12285456187895,55.91689250225835,53.18424170616115,56.694312796208536,55.35714285714282,47.52100840336134,53.61095576015962,52.35863699230092,72.02062643239114,79.05980574047801,74.2687238829958,83.13296903460838,78.1668625146886,85.74853113983548,78.64800273130761,89.9453738477296,77.32886813321863,90.5247634263242,76.08661673892036,85.68228863779514,64.84878624953998,69.02046281504803,0.7401597402971944,50.0,38.297872340425535,50.00000000000002,29.824561403508774,50.00000000000002,42.75362318840579,49.999999999999986,23.232323232323232,49.99999999999999,40.833333333333336,50.000000000000014,34.988342699599336,69.48051948051946,86.65879574970484,77.1390374331551,87.16577540106952,76.69172932330827,86.2781954887218,82.8125,90.62500000000001,74.15966386554621,85.71428571428572,76.05669002050581,87.28841047075638,63.02834501025291,61.13837658517785,0.7460133174156979
121.0,43.19492502883507,46.40522875816994,58.96131805157595,50.53008595988538,50.09033423667568,42.51731406202951,57.3533767772512,46.282582938388614,56.13445378151256,56.092436974789905,53.1468815751701,48.365529738652675,72.02062643239114,78.35315944559642,74.92339012107573,83.48441015750564,77.29729729729732,86.08225616921268,76.63195629907818,89.62103106862412,76.01081479660809,87.81491950350252,75.37681698929009,85.07115526888829,64.26184928223009,66.71834250377049,0.7524461253888134,50.0,38.297872340425535,50.00000000000002,29.824561403508774,50.00000000000002,42.75362318840579,49.999999999999986,23.232323232323232,49.99999999999999,40.833333333333336,50.000000000000014,34.988342699599336,69.48051948051946,86.65879574970484,77.1390374331551,87.34402852049911,76.69172932330827,86.37218045112782,82.8125,90.75520833333334,74.15966386554621,85.71428571428572,76.05669002050581,87.36889975379016,63.02834501025291,61.178621226694744,0.7444858193012416
122.0,53.78700499807767,50.480584390619,59.964183381088844,60.74498567335244,51.49051490514904,48.810599217103274,55.41321090047394,51.45142180094787,54.663865546218446,50.21008403361344,55.063755946201596,52.3395350231272,70.84606569900687,79.90287023900468,74.59873566913102,83.15868423872281,74.58284371327852,84.85311398354877,76.331512461591,89.23523386821441,77.70984392282169,88.79808283151038,74.81380029316583,85.18959703220023,64.93877811968372,68.7645660276637,0.7404970754639747,50.0,39.361702127659576,50.00000000000002,29.824561403508774,50.00000000000002,42.75362318840579,49.999999999999986,23.232323232323232,49.99999999999999,41.666666666666664,50.000000000000014,35.367775323712806,69.48051948051946,86.89492325855961,77.1390374331551,87.43315508021391,76.69172932330827,86.65413533834587,82.8125,90.75520833333334,74.15966386554621,85.71428571428572,76.05669002050581,87.4903415449477,63.02834501025291,61.42905843433025,0.7440795806009776
123.0,48.750480584390615,56.978085351787776,44.820916905444136,45.7163323782235,55.82655826558264,53.29719963866306,53.8951421800948,48.11907582938389,45.31512605042014,40.88235294117647,49.72164479718647,48.998609227846934,70.21581359816653,80.37760558768963,73.61620057859207,82.7558127075967,74.8531139835488,83.69917743830788,72.38818709457153,89.1293956981905,72.21334644217771,89.74437753471794,72.65733233941133,85.14127379330054,61.1894885682989,67.06994151057374,0.7607388336925616,50.0,39.361702127659576,50.00000000000002,29.824561403508774,50.00000000000002,42.028985507246375,49.999999999999986,23.232323232323232,49.99999999999999,40.833333333333336,50.000000000000014,35.05618112081426,69.48051948051946,86.89492325855961,77.1390374331551,87.5222816399287,76.69172932330827,86.8421052631579,82.8125,90.75520833333334,74.15966386554621,85.71428571428572,76.05669002050581,87.54576084185307,63.02834501025291,61.30097098133366,0.7431974838610673
124.0,49.44252210688197,51.74932718185313,52.177650429799435,52.621776504298,47.78681120144533,48.991267690454684,51.718009478673,48.45971563981043,49.03361344537813,43.403361344537814,50.031721332435566,49.04508967219081,72.14476699770816,83.52613772781841,74.76052716168434,83.17154184078002,78.70740305522916,86.03995299647474,78.85114373506316,90.7681802663025,78.68993486542952,91.21912252672976,76.63075516302287,86.94498707162109,63.33123824772922,67.99503837190595,0.7368139886404379,50.0,38.297872340425535,50.00000000000002,29.385964912280706,50.00000000000002,42.028985507246375,49.999999999999986,22.895622895622893,49.99999999999999,40.833333333333336,50.000000000000014,34.68835579778177,69.48051948051946,86.89492325855961,77.1390374331551,87.5222816399287,76.69172932330827,86.93609022556392,82.8125,90.75520833333334,74.15966386554621,85.71428571428572,76.05669002050581,87.56455783433427,63.02834501025291,61.12645681605802,0.7424413468024116
125.0,53.787004998077656,65.09034986543638,49.82091690544413,45.573065902578804,50.4516711833785,50.587172538392046,55.07997630331756,49.985189573459714,53.277310924369715,51.176470588235304,52.483376062917515,52.482449693620445,71.37127578304049,77.72836407290188,73.9408550305368,83.01082181506482,75.72855464159815,86.18331374853115,74.4571526118129,86.60976442471832,76.25353324321004,88.92097824751137,74.35027426203968,84.49064846174551,63.416825162478595,68.48654907768298,0.7421490712382296,50.0,38.297872340425535,50.00000000000002,28.50877192982456,50.00000000000002,42.028985507246375,49.999999999999986,22.895622895622893,49.99999999999999,40.0,50.000000000000014,34.34625053462388,69.48051948051946,86.89492325855961,77.1390374331551,87.5222816399287,76.69172932330827,87.03007518796993,82.8125,90.75520833333334,74.15966386554621,85.71428571428572,76.05669002050581,87.58335482681547,63.02834501025291,60.96480268071967,0.7413004119167208
126.0,54.13302575932334,58.016147635524796,56.604584527220645,61.54727793696275,55.01355013550134,61.607949412827466,53.561907582938396,46.96386255924171,51.80672268907559,52.184873949579824,54.22395813881186,56.06402229882731,72.3357524828113,79.4827021717778,76.07200257152039,82.87153112611165,77.30317273795538,88.29847238542891,76.82656196654149,90.47115056333219,78.59469091802877,89.59690303551676,76.22643613537147,86.14415185643345,65.22519713709167,71.10408707763038,0.7281970295441014,50.0,37.23404255319149,50.00000000000002,28.50877192982456,50.00000000000002,42.028985507246375,49.999999999999986,22.558922558922557,49.99999999999999,39.166666666666664,50.000000000000014,33.899477843170324,69.48051948051946,86.89492325855961,77.1390374331551,87.5222816399287,76.69172932330827,87.03007518796993,82.8125,90.62500000000001,74.15966386554621,85.71428571428572,76.05669002050581,87.5573131601488,63.02834501025291,60.72839550165956,0.7401853700022205
127.0,47.36639753940793,42.40676662821991,49.10458452722064,52.34957020057306,46.567299006323395,39.86750978620897,54.2283767772512,53.37677725118483,51.071428571428534,47.81512605042017,49.66761728432634,47.16314998332138,73.17608861726508,81.52079013423553,75.74520518589947,85.00375013393335,75.61692126909522,86.67215041128085,76.18129054284739,88.96551724137932,73.4361558313875,89.78124615951826,74.83113228929892,86.38869081606947,62.24937478681263,66.77592039969542,0.7557234337252196,50.0,37.23404255319149,50.00000000000002,28.947368421052634,50.00000000000002,42.028985507246375,49.999999999999986,22.558922558922557,49.99999999999999,38.33333333333333,50.000000000000014,33.820530474749276,69.48051948051946,86.89492325855961,77.1390374331551,87.70053475935828,76.69172932330827,87.03007518796993,82.8125,91.01562500000001,74.15966386554621,85.71428571428572,76.05669002050581,87.67108878403471,63.02834501025291,60.74580962939199,0.7397325220031352
128.0,53.787004998077656,66.08996539792388,53.388252148997154,45.787965616045845,50.72267389340559,53.47786811201445,51.858708530805686,45.42357819905213,54.663865546218446,49.57983193277311,52.88410102350091,52.071841851561885,71.8964858670741,80.37760558768963,74.59980713596912,84.10371798992821,77.30317273795538,86.77790834312574,74.89928303175148,88.74701263229771,74.74499201179796,89.36340174511491,74.68874815690961,85.87392925963124,63.78642459020526,68.97288555559656,0.7349042097614537,50.0,37.23404255319149,50.00000000000002,28.947368421052634,50.00000000000002,42.028985507246375,49.999999999999986,22.558922558922557,49.99999999999999,38.33333333333333,50.000000000000014,33.820530474749276,69.48051948051946,87.01298701298701,77.1390374331551,87.70053475935828,76.69172932330827,87.03007518796993,82.8125,91.01562500000001,74.15966386554621,85.71428571428572,76.05669002050581,87.6947015349202,63.02834501025291,60.75761600483474,0.738709846321926
129.0,54.99807766243754,51.63398692810457,40.107449856733524,34.14040114613181,53.161698283649486,45.76934658235471,46.12707345971565,41.069312796208536,53.06722689075627,44.95798319327731,49.492305230658495,43.51420612921538,71.60045836516424,81.97369857033722,75.90699667845278,83.297974927676,75.94594594594597,85.89894242068155,76.67634004779788,89.32058723113691,74.94469706279958,89.52316578591618,75.0148876200321,86.00287378714957,62.25359642534529,64.75853995818247,0.7535463383314669,50.0,37.23404255319149,50.00000000000002,28.947368421052634,50.00000000000002,42.028985507246375,49.999999999999986,22.558922558922557,49.99999999999999,40.0,50.000000000000014,34.15386380808261,69.48051948051946,87.01298701298701,77.1390374331551,87.70053475935828,76.69172932330827,87.03007518796993,82.8125,91.01562500000001,74.15966386554621,85.71428571428572,76.05669002050581,87.6947015349202,63.02834501025291,60.9242826715014,0.7372476033482827
130.0,46.32833525567091,48.28911956939639,48.53151862464183,40.0,47.83197831978319,46.943691659138814,47.1712085308057,42.53554502369668,47.47899159663862,44.87394957983193,47.468406465508046,44.52846116641276,72.54583651642474,80.45399978173087,76.88953176899173,82.22865102325083,76.86839012925972,87.14218566392479,76.42881529532264,89.20792079207922,76.84343124001475,86.22956863708984,75.91520099000272,85.05246517961511,61.691803727755385,64.79046317301393,0.7538491987841415,50.0,37.23404255319149,50.00000000000002,28.947368421052634,50.00000000000002,42.028985507246375,49.999999999999986,22.558922558922557,49.99999999999999,40.0,50.000000000000014,34.15386380808261,69.48051948051946,87.1310507674144,77.1390374331551,87.87878787878788,76.69172932330827,87.03007518796993,82.8125,91.01562500000001,74.15966386554621,85.71428571428572,76.05669002050581,87.75396490969158,63.02834501025291,60.95391435888709,0.736880946598981
131.0,42.15686274509805,34.294502114571316,55.88825214899714,53.03724928366762,48.057813911472444,52.484191508581745,50.67387440758295,45.89751184834123,48.86554621848737,49.747899159663866,49.12846988632759,47.09227078296515,71.58135981665393,78.75968569245879,75.08839601414334,82.33579770706096,77.24441833137487,87.41010575793185,78.49778081256402,91.2393308296347,78.59469091802877,88.49698906230797,76.20132917855298,85.64838180987886,62.66489953244029,66.37032629642201,0.7451878770999295,50.0,37.23404255319149,50.00000000000002,28.947368421052634,50.00000000000002,42.028985507246375,49.999999999999986,22.558922558922557,49.99999999999999,40.0,50.000000000000014,34.15386380808261,69.48051948051946,87.24911452184179,77.1390374331551,87.87878787878788,76.69172932330827,87.03007518796993,82.8125,91.01562500000001,74.15966386554621,85.71428571428572,76.05669002050581,87.77757766057707,63.02834501025291,60.965720734329835,0.7357935578490787
132.0,48.058439061899264,58.16993464052288,54.39111747851004,42.46418338108882,48.599819331526646,47.66636555254441,54.65047393364929,46.26777251184834,53.928571428571395,45.294117647058826,51.925684246831324,47.97247474661266,73.28113063407181,76.96169376841647,75.58019929283186,85.16018429229615,77.41480611045831,85.54641598119859,79.24035506998976,90.1980198019802,77.81430502642252,92.41120806193929,76.66615922675484,86.05550438116614,64.29592173679308,67.0139895638894,0.7371244017256164,50.0,37.23404255319149,50.00000000000002,28.947368421052634,50.00000000000002,42.028985507246375,49.999999999999986,22.558922558922557,49.99999999999999,40.0,50.000000000000014,34.15386380808261,69.48051948051946,87.36717827626919,77.1390374331551,87.87878787878788,76.69172932330827,87.12406015037594,82.8125,91.01562500000001,74.15966386554621,85.71428571428572,76.05669002050581,87.81998740394374,63.02834501025291,60.98692560601317,0.7349871682831713
133.0,58.65051903114187,63.821607074202234,58.96131805157594,55.34383954154727,52.75519421860885,50.79795242396868,52.56960900473935,49.03732227488152,47.43697478991594,52.3109243697479,54.07472301919639,54.26232913686952,72.44079449961802,79.64367565207901,76.88953176899173,84.3287260259295,78.0082256169213,84.80376028202114,79.44349607374531,91.31785592352338,81.85449182745485,90.70910655032567,77.72730795734626,86.16062488677574,65.90101548827133,70.21147701182262,0.7193001965777694,50.0,37.23404255319149,50.00000000000002,28.947368421052634,50.00000000000002,42.028985507246375,49.999999999999986,22.22222222222222,49.99999999999999,40.0,50.000000000000014,34.08652374074255,69.48051948051946,87.24911452184179,77.1390374331551,87.96791443850267,76.69172932330827,87.12406015037594,82.8125,91.01562500000001,74.15966386554621,85.92436974789916,76.05669002050581,87.85621677172392,63.02834501025291,60.971370256233236,0.7348755229287262
134.0,44.059976931949265,43.637062668204535,52.95845272206304,42.277936962750715,48.41915085817524,50.37639265281542,52.6658767772512,43.11315165876778,55.315126050420126,58.15126050420169,50.68371666797177,47.51116088934803,72.00152788388083,80.99694423223835,76.07093110468229,83.43512268295295,78.16686251468863,87.4406580493537,78.20587231136908,90.0785250938887,77.4241120806194,89.45557330711564,76.37386117904805,86.28136467310986,63.52878892350991,66.89626278122894,0.7355016422138242,50.0,37.23404255319149,50.00000000000002,28.947368421052634,50.00000000000002,42.028985507246375,49.999999999999986,22.558922558922557,49.99999999999999,39.166666666666664,50.000000000000014,33.98719714141594,69.48051948051946,87.72136953955136,77.1390374331551,87.87878787878788,76.69172932330827,87.21804511278195,82.8125,91.01562500000001,74.15966386554621,85.92436974789916,76.05669002050581,87.95163945580407,63.02834501025291,60.96941829861001,0.7333896019747246
135.0,52.74894271434064,58.093041138023835,52.81518624641834,48.051575931232094,47.01897018970189,47.93736826257152,53.75444312796209,44.17950236966824,48.172268907562994,37.47899159663866,50.901962237197196,47.14809585962687,74.01642475171887,80.61497326203208,75.74520518589948,83.81656487731705,73.60752056404233,86.28907168037604,78.20587231136908,89.29668828951861,81.85449182745485,90.84429150792677,76.68590292809692,86.17231792343411,63.79393258264706,66.66020689153049,0.7352190815874493,50.0,37.23404255319149,50.00000000000002,28.947368421052634,50.00000000000002,42.028985507246375,49.999999999999986,22.22222222222222,49.99999999999999,39.166666666666664,50.000000000000014,33.91985707407588,69.48051948051946,87.83943329397876,77.1390374331551,87.87878787878788,76.69172932330827,87.31203007518798,82.8125,91.01562500000001,74.15966386554621,85.92436974789916,76.05669002050581,87.99404919917075,63.02834501025291,60.95695313662331,0.7326759415341348
136.0,48.40445982314495,46.98193002691273,60.744985673352446,56.661891117478504,48.64498644986449,51.27973501957241,49.91854265402844,43.48341232227488,46.74369747899157,42.142857142857146,50.891334415876386,48.10996512581914,72.00152788388083,79.51544254065263,75.25340190721094,84.0330011786135,75.18213866039957,86.84606345475912,80.57528166609765,89.08159781495391,74.89246651099916,90.0884846995207,75.58096332571763,85.91291793769997,63.23614887079701,67.01144153175956,0.7351937131783379,50.0,37.23404255319149,50.00000000000002,28.947368421052634,50.00000000000002,42.028985507246375,49.999999999999986,22.558922558922557,49.99999999999999,39.166666666666664,50.000000000000014,33.98719714141594,69.48051948051946,87.83943329397876,77.1390374331551,87.87878787878788,76.69172932330827,87.40601503759399,82.8125,91.01562500000001,74.15966386554621,86.1344537815126,76.05669002050581,88.05486299837465,63.02834501025291,61.02103006989529,0.7310380788861067
137.0,47.02037677816225,40.2153018069973,52.242120343839545,45.515759312320924,50.67750677506774,52.72508280638362,50.67387440758294,38.46267772511849,58.34033613445375,59.91596638655462,51.79084288782125,47.36695760747499,73.72039724980901,79.3544690603514,76.56380585020892,84.67373834779814,76.21621621621624,87.71797884841364,79.43496073745305,90.84329122567429,78.8374093646307,90.13149809512106,76.9545578836636,86.54419511547171,64.37270038574242,66.95557636147335,0.7292252462503986,50.0,38.297872340425535,50.00000000000002,29.385964912280706,50.00000000000002,42.028985507246375,49.999999999999986,22.22222222222222,49.99999999999999,40.0,50.000000000000014,34.38700899643497,69.48051948051946,87.83943329397876,77.1390374331551,87.96791443850267,76.69172932330827,87.31203007518798,82.8125,91.01562500000001,74.15966386554621,86.1344537815126,76.05669002050581,88.0538913178364,63.02834501025291,61.22045015713569,0.7305160566213247
138.0,47.88542868127644,48.75048058439062,46.812320916905456,46.246418338108874,45.39295392953929,46.19090635350797,54.13210900473935,52.47334123222749,50.37815126050417,52.73109243697479,48.92019275859294,49.27844778904195,72.52673796791443,77.7392775291935,76.06985963784419,83.7801350048216,78.38425381903646,87.56756756756756,78.05565039262548,87.83885285080231,76.69595674081357,90.37728892712302,76.34649171164683,85.46062437590159,62.63334223511988,67.36953608247177,0.7437950749236354,50.0,39.361702127659576,50.00000000000002,29.385964912280706,50.00000000000002,42.028985507246375,49.999999999999986,22.22222222222222,49.99999999999999,40.0,50.000000000000014,34.59977495388178,69.48051948051946,87.95749704840614,77.1390374331551,88.23529411764706,76.69172932330827,87.40601503759399,82.8125,91.01562500000001,74.15966386554621,86.1344537815126,76.05669002050581,88.14977699703196,63.02834501025291,61.37477597545687,0.729551421722191
139.0,50.6728181468666,56.05536332179931,55.02865329512895,55.55873925501432,44.94128274616079,39.5362842517314,52.710308056872044,50.414691943127956,53.27731092436972,55.54621848739495,51.32607463387963,51.42225945181359,72.88006111535525,81.25886718323693,74.59980713596912,84.98232079717133,77.13866039953,85.88719153936545,78.20587231136908,90.95937179924888,80.34595059604277,89.51087624431608,76.63407031165325,86.51972551266773,63.98007247276644,68.97099248224066,0.7294689400117943,50.0,39.361702127659576,50.00000000000002,29.385964912280706,50.00000000000002,42.028985507246375,49.999999999999986,21.885521885521886,49.99999999999999,40.0,50.000000000000014,34.53243488654171,69.48051948051946,87.95749704840614,77.1390374331551,88.23529411764706,76.69172932330827,87.5,82.8125,91.01562500000001,74.15966386554621,86.1344537815126,76.05669002050581,88.16857398951316,63.02834501025291,61.350504438027436,0.7292030630507467
140.0,58.65051903114187,54.632833525567094,53.818051575931236,53.89684813753581,47.83197831978319,45.34778681120144,52.710308056872044,52.05864928909952,49.55882352941174,44.74789915966386,52.51393610262801,50.13680338461354,73.59625668449196,78.58779875586599,74.76159862852244,83.76942033644059,76.92126909518218,87.43595769682726,74.35984977808127,89.4571526118129,79.41809020523534,89.10532137151284,75.81141287830265,85.67113015449192,64.16267449046532,67.90396676955274,0.7328151297813061,50.0,39.361702127659576,50.00000000000002,29.824561403508774,50.00000000000002,42.028985507246375,49.999999999999986,21.885521885521886,49.99999999999999,40.0,50.000000000000014,34.620154184787324,69.48051948051946,87.83943329397876,77.1390374331551,88.23529411764706,76.69172932330827,87.40601503759399,82.8125,91.27604166666666,74.15966386554621,86.1344537815126,76.05669002050581,88.17824757947982,63.02834501025291,61.39920088213357,0.7291776297705301
141.0,54.8250672818147,49.673202614379086,47.87965616045846,46.81948424068768,53.16169828364949,51.03884372177055,48.97067535545025,45.71978672985782,46.70168067226888,45.3781512605042,50.30775555072835,47.72589371343987,72.8418640183346,80.42944450507476,78.3660130718954,84.66516661309332,77.79083431257345,87.13513513513513,78.60361898258792,88.87674974393991,78.2997419196264,87.71045839990168,77.18041446100355,85.76339087942895,63.744085005865955,66.74464229643442,0.7316065916765787,50.0,39.361702127659576,50.00000000000002,29.824561403508774,50.00000000000002,42.028985507246375,49.999999999999986,21.885521885521886,49.99999999999999,40.0,50.000000000000014,34.620154184787324,69.48051948051946,87.83943329397876,77.1390374331551,88.23529411764706,76.69172932330827,87.40601503759399,82.8125,91.27604166666666,74.15966386554621,86.1344537815126,76.05669002050581,88.17824757947982,63.02834501025291,61.39920088213357,0.728305630750229
142.0,52.5759323337178,53.13341022683583,55.66618911174787,45.27220630372493,51.309846431797645,51.731406202950915,49.11137440758294,44.59419431279621,40.94537815126048,38.4873949579832,49.92174408722134,46.64372240085822,72.88006111535523,82.07191967696168,77.54634094074787,85.58234222650809,77.68507638072857,88.7027027027027,78.55069989757597,91.43052236258107,80.44119454344354,90.67838269632543,77.42067457557023,87.6931739330158,63.67120933139579,67.16844816693701,0.7307621116514343,50.0,39.361702127659576,50.00000000000002,29.824561403508774,50.00000000000002,42.028985507246375,49.999999999999986,21.885521885521886,49.99999999999999,39.16666666666666,50.000000000000014,34.45348751812065,69.48051948051946,88.07556080283354,77.1390374331551,88.23529411764706,76.69172932330827,87.68796992481202,82.8125,91.40625,74.15966386554621,86.1344537815126,76.05669002050581,88.30790572536105,63.02834501025291,61.38069662174085,0.7272955641631651
143.0,52.22991157247212,53.40253748558247,53.73925501432666,58.03724928366763,43.72177055103884,35.98313760915387,49.91854265402844,50.28139810426539,36.61764705882351,27.352941176470587,47.24542537013791,45.011452731827994,71.56226126814363,81.32434792098657,76.2359369977499,83.06010928961749,76.75675675675679,85.90834312573443,78.75384090133151,92.28064185728917,79.22760231043384,91.40346565073123,76.50727964688312,86.79538156887178,61.876352508510514,65.90341715034988,0.7332955818130009,50.0,39.361702127659576,50.00000000000002,29.824561403508774,50.00000000000002,42.028985507246375,49.999999999999986,21.885521885521886,49.99999999999999,39.16666666666666,50.000000000000014,34.45348751812065,69.48051948051946,88.07556080283354,77.1390374331551,88.32442067736186,76.69172932330827,87.59398496240601,82.8125,91.40625,74.15966386554621,86.34453781512606,76.05669002050581,88.34895085154548,63.02834501025291,61.40121918483307,0.7270879626974269
144.0,51.1918492887351,46.789696270665125,49.88538681948425,47.46418338108882,46.160794941282745,48.41915085817524,51.858708530805686,44.44609004739336,56.82773109243693,57.64705882352942,51.18489413454894,48.953235876170396,74.01642475171886,81.17701626104987,78.03707275259828,85.13018322082931,80.18213866039954,86.78025851938897,79.53226357118473,90.8330488221236,72.50829544058007,88.13444758510508,76.85523903529631,86.41099088169936,64.02006658492263,67.68211337893487,0.7234015602660705,50.0,39.361702127659576,50.00000000000002,29.824561403508774,50.00000000000002,42.028985507246375,49.999999999999986,21.885521885521886,49.99999999999999,39.16666666666666,50.000000000000014,34.45348751812065,69.48051948051946,88.07556080283354,77.1390374331551,88.41354723707666,76.69172932330827,87.59398496240601,82.8125,91.53645833333334,74.15966386554621,86.34453781512606,76.05669002050581,88.39281783015512,63.02834501025291,61.42315267413789,0.7262194746481209
145.0,57.43944636678201,61.70703575547866,46.38252148997136,37.56446991404011,51.53568202348689,42.96898524540801,59.19727488151659,49.70379146919431,48.25630252100837,41.38655462184874,52.56224545655304,46.66616740119397,73.07104660045837,80.16206482593037,76.72559734276221,84.28586735240545,78.8777908343126,88.1668625146886,79.78832365995221,89.1293956981905,76.64372618901317,88.82880668551063,77.02129692529972,86.11459941534511,64.79177119092638,66.39038340826954,0.7286295442403197,50.0,39.361702127659576,50.00000000000002,29.824561403508774,50.00000000000002,42.028985507246375,49.999999999999986,21.548821548821547,49.99999999999999,39.16666666666666,50.000000000000014,34.386147450780584,69.48051948051946,88.1936245572609,77.1390374331551,88.50267379679144,76.69172932330827,87.59398496240601,82.8125,91.79687499999999,74.15966386554621,86.5546218487395,76.05669002050581,88.52835603303957,63.02834501025291,61.45725174191008,0.7250639260059685
146.0,52.402921953094975,44.828911956939635,54.59885386819485,47.26361031518624,43.94760614272809,41.31285757302018,48.35604265402844,44.93483412322275,46.70168067226888,44.49579831932773,49.20142105806305,44.5672024575393,73.28113063407181,79.32172869147661,76.4009428908175,83.99014250508947,76.48648648648651,87.0716803760282,79.04574940252645,89.6756572208945,76.5484822416124,90.37114415632297,76.35255833110294,86.08607058996236,62.776989694582994,65.32663652375084,0.73847812858105,50.0,38.297872340425535,50.00000000000002,29.38596491228071,50.00000000000002,42.028985507246375,49.999999999999986,21.548821548821547,49.99999999999999,38.33333333333333,50.000000000000014,33.9189955284215,69.48051948051946,88.1936245572609,77.1390374331551,88.59180035650624,76.69172932330827,87.59398496240601,82.8125,91.92708333333334,74.15966386554621,86.5546218487395,76.05669002050581,88.57222301164919,63.02834501025291,61.245609270035345,0.7250912037166641
147.0,45.8093041138024,44.05997693194925,54.10458452722063,47.32091690544412,45.57362240289069,41.613971695272504,50.199940758293835,44.757109004739334,42.37394957983191,44.36974789915966,47.61228027640789,44.42434448731298,74.1214667685256,79.94106733602531,77.05668059573554,84.39087110253936,77.13866039953,87.53231492361927,81.1676340047798,90.21850460908159,77.57158657982058,92.25144402113801,77.41120566967831,86.86684039848072,62.5117429730431,65.64559244289686,0.7312346570521783,50.0,37.234042553191486,50.00000000000002,29.385964912280706,50.00000000000002,42.028985507246375,49.999999999999986,21.548821548821547,49.99999999999999,38.33333333333333,50.000000000000014,33.706229570974685,69.48051948051946,88.3116883116883,77.1390374331551,88.68092691622104,76.69172932330827,87.78195488721803,82.8125,91.92708333333334,74.15966386554621,86.5546218487395,76.05669002050581,88.65125505944005,63.02834501025291,61.178742315207366,0.7249348450687064
148.0,46.155324875048066,50.096116878123794,56.95558739255016,56.93409742120343,53.38753387533875,53.89942788316772,55.028139810426545,46.71208530805687,53.10924369747896,50.84033613445378,52.9271659301685,51.69641272500112,71.35217723453017,81.88366255593147,77.05560912889744,83.80799314261223,79.2596944770858,88.49823736780259,80.1331512461591,92.59815636736087,79.17537175863342,90.42644709352342,77.39520076906119,87.4428993054461,65.16118334961484,69.56965601522361,0.7117650623039404,50.0,37.234042553191486,50.00000000000002,28.947368421052637,50.00000000000002,42.028985507246375,49.999999999999986,21.548821548821547,49.99999999999999,38.33333333333333,50.000000000000014,33.618510272729075,69.48051948051946,88.4297520661157,77.1390374331551,88.68092691622104,76.69172932330827,87.78195488721803,82.8125,91.79687500000001,74.15966386554621,86.76470588235294,76.05669002050581,88.69084295038154,63.02834501025291,61.1546766115553,0.7236389439284558
149.0,53.787004998077656,61.2072279892349,53.818051575931236,52.550143266475644,44.71544715447154,41.644083107497735,51.71800947867299,46.83056872037915,53.8865546218487,45.04201680672269,51.58501356580043,49.45480797806203,73.28113063407181,77.22088835534213,75.41733633344046,85.34661952212579,78.38425381903646,87.43360752056404,79.83270740867191,88.74018436326392,80.97886198844783,91.61853262873295,77.57885803673369,86.07196647800576,64.58193580126706,67.76338722803389,0.7215943646126136,50.0,37.234042553191486,50.00000000000002,28.947368421052637,50.00000000000002,42.028985507246375,49.999999999999986,21.548821548821547,49.99999999999999,38.33333333333333,50.000000000000014,33.618510272729075,69.48051948051946,88.54781582054308,77.1390374331551,88.77005347593582,76.69172932330827,87.78195488721803,82.8125,91.79687500000001,74.15966386554621,87.18487394957984,76.05669002050581,88.81631462665534,63.02834501025291,61.217412449692205,0.7233524934898986
150.0,52.5759323337178,55.132641291810835,49.59885386819485,45.3295128939828,52.75519421860885,51.43029208069859,53.79887440758295,50.59241706161137,50.90336134453778,39.831932773109244,51.92644323452845,48.463359220242566,72.94690603514132,76.80890538033395,78.04028715311257,85.36376299153541,76.97414806110461,86.70035252643949,78.35609423011267,88.2656196654148,77.7620744746221,89.54160009831634,76.81590199081866,85.336048132408,64.37117261267355,66.89970367632529,0.7345189002693199,50.0,37.234042553191486,50.00000000000002,28.947368421052637,50.00000000000002,42.028985507246375,49.999999999999986,21.548821548821547,49.99999999999999,38.33333333333333,50.000000000000014,33.618510272729075,69.48051948051946,88.66587957497049,77.1390374331551,88.77005347593582,76.69172932330827,87.87593984962405,82.8125,91.79687500000001,74.15966386554621,87.18487394957984,76.05669002050581,88.85872437002203,63.02834501025291,61.23861732137556,0.72186635659839
151.0,52.402921953094975,44.136870434448284,57.09885386819485,57.5214899713467,45.79945799457994,43.330322192110806,56.686907582938396,50.59241706161137,53.15126050420164,53.78151260504202,53.02788038060196,49.87252245291184,73.3670741023682,80.9178216741242,75.74520518589947,84.75731276117003,77.30317273795538,87.12338425381904,80.86719016729259,90.69989757596448,75.37790340420302,91.39117610913114,76.53210911954373,86.97791847484179,64.77999475007285,68.42522046387681,0.7192115019689621,50.0,37.234042553191486,50.00000000000002,28.947368421052637,50.00000000000002,42.028985507246375,49.999999999999986,21.548821548821547,49.99999999999999,38.33333333333333,50.000000000000014,33.618510272729075,69.48051948051946,88.78394332939789,77.1390374331551,89.03743315508021,76.69172932330827,87.87593984962405,82.8125,91.79687500000001,74.15966386554621,86.97478991596638,76.05669002050581,88.89379625001371,63.02834501025291,61.256153261371395,0.720951575420763
152.0,46.50134563629375,48.058439061899264,49.88538681948425,46.01719197707737,47.42547425474254,41.342968985245406,57.397808056872044,52.39928909952607,55.315126050420126,55.714285714285715,51.30502816356254,48.70643496760677,72.75592055003818,78.91520244461421,76.40094289081749,84.23872281152899,75.50528789659228,86.32667450058754,79.83270740867191,88.94844656879482,75.95858424480767,91.6369669411331,76.09068859818551,86.01320265333172,63.697858380874024,67.35981881046925,0.7250661437404342,50.0,37.234042553191486,50.00000000000002,29.38596491228071,50.00000000000002,42.028985507246375,49.999999999999986,21.885521885521886,49.99999999999999,38.33333333333333,50.000000000000014,33.773569638314754,69.48051948051946,88.78394332939789,77.1390374331551,88.94830659536542,76.69172932330827,87.87593984962405,82.8125,91.79687500000001,74.15966386554621,87.18487394957984,76.05669002050581,88.91798774479344,63.02834501025291,61.345778691554095,0.7201226200705895
153.0,45.463283352556715,49.17339484813533,44.025787965616054,47.32091690544413,56.865401987353195,60.10237880156579,42.38744075829385,36.70023696682465,50.94537815126047,44.91596638655462,47.937458443016055,47.642578781704906,73.28113063407181,79.87285823420277,75.909139612129,86.00664309439622,78.22561692126911,85.9741480611046,79.29327415500173,91.93240013656538,77.12916308221706,90.19294580312155,76.76766488093774,86.7957990658781,62.3525616619769,67.2191889237915,0.7221817044798284,50.0,37.234042553191486,50.00000000000002,28.947368421052637,50.00000000000002,41.30434782608695,49.999999999999986,21.885521885521886,49.99999999999999,38.33333333333333,50.000000000000014,33.54092280383726,69.48051948051946,88.78394332939789,77.1390374331551,89.03743315508021,76.69172932330827,87.87593984962405,82.8125,91.79687500000001,74.15966386554621,87.39495798319328,76.05669002050581,88.97782986345908,63.02834501025291,61.25937633364817,0.7194207046353636
154.0,45.982314494425225,46.36678200692042,55.45845272206304,52.53581661891118,48.64498644986449,47.72658837699488,51.0515402843602,43.48341232227488,54.57983193277307,48.48739495798319,51.1434251766972,47.71999885661691,73.49121466768526,82.18651096802357,77.71027536697737,83.27011678988535,78.39012925969449,87.46886016451234,80.0273130761352,90.3823830658928,75.76809635000615,90.19294580312155,77.0774057440997,86.70016335828711,64.11041546039846,67.21008110745201,0.7264013750511237,50.0,37.234042553191486,50.00000000000002,29.38596491228071,50.00000000000002,41.30434782608695,49.999999999999986,21.885521885521886,49.99999999999999,38.33333333333333,50.000000000000014,33.62864210208287,69.48051948051946,88.66587957497049,77.1390374331551,89.03743315508021,76.69172932330827,88.06390977443608,82.8125,91.79687500000001,74.15966386554621,87.39495798319328,76.05669002050581,88.99181109753602,63.02834501025291,61.31022659980944,0.7181078584276858
155.0,57.78546712802769,65.97462514417532,53.38825214899714,45.77363896848138,51.35501355013549,56.79012345679012,52.37707345971565,46.86018957345971,48.86554621848736,46.680672268907564,52.75427050107267,52.41584988236282,74.52253628724216,76.74069627851141,76.89381763634412,83.41797921354335,78.39012925969449,89.78378378378378,78.10856947763743,90.9491293956982,81.41206832985131,90.70910655032567,77.8654241981539,86.32013904437248,65.30984734961328,69.36799446336765,0.7139481786261452,50.0,36.17021276595745,50.00000000000002,28.947368421052637,50.00000000000002,41.30434782608695,49.999999999999986,21.885521885521886,49.99999999999999,38.33333333333333,50.000000000000014,33.32815684639045,69.48051948051946,88.78394332939789,77.1390374331551,89.12655971479501,76.69172932330827,88.06390977443608,82.8125,91.79687500000001,74.15966386554621,87.60504201680672,76.05669002050581,89.07526596708715,63.02834501025291,61.201711406738795,0.7176603823856026
156.0,44.25221068819684,38.677431757016535,52.09885386819485,51.11747851002866,48.23848238482384,47.576031315868704,57.1608412322275,50.17772511848341,49.55882352941173,52.226890756302524,50.26184234057095,47.95511149153997,73.68220015278838,80.60405980574048,77.38240651451835,83.58727097396336,77.84371327849591,86.96592244418332,78.59508364629568,90.3448275862069,78.7851788128303,91.30514931793043,77.25771648098572,86.56144602560491,63.759779410778336,67.25827875857243,0.7195538321834931,50.0,36.17021276595745,50.00000000000002,28.947368421052637,50.00000000000002,41.30434782608695,49.999999999999986,21.885521885521886,49.99999999999999,38.33333333333333,50.000000000000014,33.32815684639045,69.48051948051946,88.78394332939789,77.1390374331551,89.3048128342246,76.69172932330827,87.87593984962405,82.8125,91.79687500000001,74.15966386554621,87.60504201680672,76.05669002050581,89.07332260601065,63.02834501025291,61.20073972620055,0.7174533231871119
157.0,58.13148788927336,56.47827758554402,50.45845272206304,41.418338108882516,41.28274616079493,37.75971093044264,52.23637440758294,50.148104265402836,50.33613445378149,39.91596638655462,50.489039126699154,45.14407945536532,75.40106951871657,80.31758157808578,75.74520518589948,84.69945355191257,78.66039952996478,86.88366627497062,79.487879822465,88.70262888357802,82.09721027405678,91.624677399533,78.27835286622053,86.445601537616,64.38369599645983,65.79484049649066,0.7232944406918536,50.0,36.17021276595745,50.00000000000002,28.508771929824565,50.00000000000002,41.30434782608695,49.999999999999986,21.885521885521886,49.99999999999999,38.33333333333333,50.000000000000014,33.24043754814484,69.48051948051946,88.78394332939789,77.1390374331551,89.3048128342246,76.69172932330827,88.06390977443608,82.8125,91.79687500000001,74.15966386554621,87.60504201680672,76.05669002050581,89.11091659097306,63.02834501025291,61.17567706955895,0.7167411882346401
158.0,51.1918492887351,48.827374086889655,48.73925501432665,42.96561604584527,50.90334236675699,44.02288467329117,49.155805687203795,38.13684834123222,44.4957983193277,39.20168067226891,48.89721013527004,42.630880763905445,73.05194805194805,83.36516424751719,76.72881174327652,85.2073288331726,78.98942420681554,87.70857814336075,83.18368043700923,91.55001707067258,75.82032690180657,89.66449551431731,77.5548382681712,87.4991167618081,63.22602420172062,65.06499876285677,0.7220591990632245,50.0,37.23404255319149,50.00000000000002,28.508771929824565,50.00000000000002,41.30434782608695,49.999999999999986,21.885521885521886,49.99999999999999,38.33333333333333,50.000000000000014,33.453203505591645,69.48051948051946,89.02007083825266,77.1390374331551,89.39393939393939,76.69172932330827,88.1578947368421,82.8125,91.79687500000001,74.15966386554621,87.60504201680672,76.05669002050581,89.19476439716819,63.02834501025291,61.323983951379915,0.7154250149354466
159.0,50.499807766243755,52.21068819684738,49.10458452722064,42.9512893982808,49.683830171635044,48.208370972598615,48.0672393364929,41.79502369668246,53.928571428571395,50.7563025210084,50.25680664603274,47.18433495708353,74.22650878533233,78.81970970206264,77.54955534126215,83.98157077038468,78.54876615746183,88.38307873090481,79.33765790372142,89.6756572208945,79.51333415263612,90.65380361312523,77.83516446808277,86.30276400747437,64.04598555705775,66.74354948227895,0.7199208523856865,50.0,37.23404255319149,50.00000000000002,28.508771929824565,50.00000000000002,41.30434782608695,49.999999999999986,21.885521885521886,49.99999999999999,38.33333333333333,50.000000000000014,33.453203505591645,69.48051948051946,89.02007083825266,77.1390374331551,89.48306595365419,76.69172932330827,88.25187969924812,82.8125,91.79687500000001,74.15966386554621,87.60504201680672,76.05669002050581,89.23138670159233,63.02834501025291,61.34229510359199,0.7143993405398558
160.0,57.43944636678202,52.32602845059593,57.95845272206305,49.928366762177646,55.465221318879834,55.947003914483595,49.8222748815166,53.258293838862556,51.07142857142855,52.43697478991596,54.351364772134005,52.77933355120714,74.33155080213903,81.05423987776929,77.21954355512695,83.08368156005572,78.17273795534668,87.6662749706228,77.66643905769888,91.11642198702629,79.67002580803737,91.34201794273073,77.41205943566979,86.85252726764097,65.88171210390189,69.81593040942406,0.7095671628897566,50.0,36.17021276595745,50.00000000000002,28.947368421052637,50.00000000000002,41.30434782608695,49.999999999999986,21.885521885521886,49.99999999999999,38.33333333333333,50.000000000000014,33.32815684639045,69.48051948051946,89.02007083825266,77.1390374331551,89.48306595365419,76.69172932330827,88.25187969924812,82.8125,91.92708333333334,74.15966386554621,87.60504201680672,76.05669002050581,89.257428368259,63.02834501025291,61.29279260732473,0.7138791449911528
161.0,47.712418300653596,34.17916186082276,54.88538681948425,50.98853868194843,45.57362240289069,41.0719662752183,43.5722748815166,42.31338862559242,53.8865546218487,50.92436974789917,49.12605140527877,43.895485038296215,74.33155080213903,80.53312233984504,76.56487731704702,84.86017357762778,77.13866039953,87.84018801410106,79.83270740867191,91.56025947422329,75.71586579820574,92.97038220474376,76.71673234511874,87.55282512210819,62.92139187519876,65.7241550802022,0.7150372141969301,50.0,35.1063829787234,50.00000000000002,28.508771929824565,50.00000000000002,40.57971014492754,49.999999999999986,21.21212121212121,49.99999999999999,38.33333333333333,50.000000000000014,32.74806391978601,69.48051948051946,89.02007083825266,77.1390374331551,89.48306595365419,76.69172932330827,88.1578947368421,82.8125,91.92708333333334,74.15966386554621,87.60504201680672,76.05669002050581,89.2386313757778,63.02834501025291,60.9933476477819,0.7132135815762906
162.0,47.88542868127645,55.82468281430219,55.95272206303725,47.75071633237822,52.75519421860885,47.425474254742554,55.4576421800948,57.02014218009478,50.29411764705879,46.30252100840336,52.469020958015236,50.86470731798422,74.10236822001526,81.54807377496454,77.38240651451835,85.17947069538198,79.95887191539369,88.46063454759107,77.86104472516217,91.54318880163879,79.51333415263612,92.42964237433944,77.76360510554511,87.83220203878315,65.11631303178018,69.34845467838369,0.6967926890331363,50.0,35.1063829787234,50.00000000000002,28.508771929824565,50.00000000000002,40.57971014492754,49.999999999999986,21.21212121212121,49.99999999999999,38.33333333333333,50.000000000000014,32.74806391978601,69.48051948051946,89.25619834710744,77.1390374331551,89.48306595365419,76.69172932330827,88.1578947368421,82.8125,91.92708333333334,74.15966386554621,87.60504201680672,76.05669002050581,89.28585687754875,63.02834501025291,61.01696039866738,0.7130892570932483
163.0,51.71088043060361,51.09573241061129,50.171919770773656,40.17191977077364,44.941282746160795,36.555254441433306,59.0565758293839,48.40047393364929,54.62184873949576,52.89915966386555,52.100501503283546,45.82450804406661,74.207410236822,82.18105423987777,77.05453766205935,84.90946105218045,77.95534665099885,87.51351351351352,82.19358142710823,89.3615568453397,80.58866904264472,92.53410347794028,78.39990900392664,87.29993782577034,65.25020525360509,66.56222293491848,0.7157685267814855,50.0,35.1063829787234,50.00000000000002,28.508771929824565,50.00000000000002,40.57971014492754,49.999999999999986,21.21212121212121,49.99999999999999,37.5,50.000000000000014,32.58139725311934,69.48051948051946,89.25619834710744,77.1390374331551,89.57219251336899,76.69172932330827,88.1578947368421,82.8125,91.92708333333334,74.15966386554621,87.60504201680672,76.05669002050581,89.3036821894917,63.02834501025291,60.94253972130552,0.7125724952040463
164.0,39.042675893886965,42.17608612072279,54.74212034383956,48.73925501432665,48.28364950316169,45.10689551339958,53.79887440758294,48.59300947867299,56.78571428571426,48.991596638655466,50.530606886837084,46.7213685531555,73.7012987012987,79.92196878751501,77.05560912889744,85.2694739097825,78.38425381903646,88.2867215041128,80.5223625810857,93.08979173779447,81.41206832985131,90.57392159272459,78.21511851203392,87.42837550638588,64.3728626994355,67.07487202977069,0.7072011808399001,50.0,36.17021276595745,50.00000000000002,28.508771929824565,50.00000000000002,41.30434782608695,49.999999999999986,21.548821548821547,49.99999999999999,38.33333333333333,50.000000000000014,33.17309748080477,69.48051948051946,89.37426210153482,77.1390374331551,89.66131907308377,76.69172932330827,88.25187969924812,82.8125,91.92708333333334,74.15966386554621,87.60504201680672,76.05669002050581,89.36391724480136,63.02834501025291,61.268507362803064,0.7117139987026413
165.0,51.1918492887351,63.93694732795079,38.166189111747855,33.00859598853868,51.94218608852754,58.86781090033122,48.400473933649295,45.43838862559242,51.680672268907536,46.84873949579832,48.27627413831347,49.620096467642284,74.1214667685256,82.87951544254064,77.05453766205933,85.76449158898531,78.93066980023504,88.37132784958871,78.25025606008876,91.6592693752134,80.97886198844783,91.2129777559297,77.8671584558713,87.97751640245156,63.07171629709239,68.79880643504691,0.7108348380080132,50.0,36.17021276595745,50.00000000000002,28.508771929824565,50.00000000000002,41.30434782608695,49.999999999999986,21.21212121212121,49.99999999999999,37.5,50.000000000000014,32.93909074679804,69.48051948051946,89.37426210153482,77.1390374331551,89.75044563279857,76.69172932330827,88.25187969924812,82.8125,91.92708333333334,74.15966386554621,87.60504201680672,76.05669002050581,89.38174255674433,63.02834501025291,61.160416651771186,0.7112963780854845
166.0,51.537870049980775,53.17185697808535,58.10171919770776,56.919770773638966,50.49683830171634,52.63474856970791,49.9629739336493,45.58649289099526,61.89075630252098,63.69747899159663,54.39803155711503,54.402069640804825,74.22650878533233,80.62315835425079,78.69495339119254,84.95017679202829,78.8777908343126,88.21151586368978,79.14305223625813,87.68521679754183,80.05100159764041,91.9380607103355,78.1986613689472,86.68162570356924,66.29834646303112,70.54184767218703,0.6963828686504431,50.0,36.17021276595745,50.00000000000002,28.508771929824565,50.00000000000002,41.30434782608695,49.999999999999986,21.548821548821547,49.99999999999999,37.5,50.000000000000014,33.006430814138106,69.48051948051946,89.37426210153482,77.1390374331551,89.75044563279857,76.69172932330827,88.34586466165413,82.8125,91.92708333333334,74.15966386554621,87.60504201680672,76.05669002050581,89.40053954922553,63.02834501025291,61.20348518168181,0.7102181388525288
167.0,46.67435601691659,61.01499423298732,54.025787965616054,37.97994269340975,50.316169828364956,52.87563986750978,54.74674170616115,48.47452606635071,48.86554621848737,41.63865546218487,50.92572034710922,48.39675166448849,74.01642475171886,79.39539452144496,76.56702025072323,84.55159112825457,79.20094007050531,88.12220916568742,78.40047797883237,89.78149539091841,77.66683052722135,91.40961042153128,77.17033871580023,86.65206012556732,64.04802953145472,67.52440589502791,0.7116258810114381,50.0,36.17021276595745,50.00000000000002,28.508771929824565,50.00000000000002,41.30434782608695,49.999999999999986,21.548821548821547,49.99999999999999,37.5,50.000000000000014,33.006430814138106,70.12987012987011,89.49232585596222,77.1390374331551,89.75044563279857,76.69172932330827,88.34586466165413,82.8125,91.92708333333334,74.15966386554621,87.60504201680672,76.18656015037593,89.42415230011099,63.09328007518797,61.215291557124544,0.709699519504183
168.0,57.09342560553633,40.907343329488654,51.52578796561607,43.39541547277937,45.57362240289069,42.72809394760614,42.05420616113745,37.82582938388626,48.21428571428569,46.72268907563025,48.89226556989324,42.315874241878134,73.7872421695951,80.00654807377497,78.203150112504,85.14304082288653,81.91539365452411,89.19388954171563,82.63571184704678,91.34516899965858,81.70701732825366,92.59555118594076,79.64970302238473,87.6568397247953,64.27098429613898,64.98635698333672,0.7133417700305951,50.0,36.17021276595745,50.00000000000002,28.508771929824565,50.00000000000002,42.391304347826086,49.999999999999986,21.548821548821547,49.99999999999999,36.666666666666664,50.000000000000014,33.05715545181926,69.48051948051946,89.49232585596222,77.1390374331551,89.92869875222816,76.69172932330827,88.43984962406014,82.8125,92.05729166666666,74.15966386554621,87.81512605042016,76.05669002050581,89.54665838986747,63.02834501025291,61.301906920843365,0.7098455552295307
169.0,51.01883890811227,46.05920799692426,53.388252148997154,49.383954154727796,54.83288166214994,48.90093345377898,52.09567535545025,51.95497630331754,53.8865546218487,50.0,53.044440539311665,49.259814381749706,74.45569136745608,82.57393866637564,76.07307403835848,85.82449373191899,78.11398354876619,89.20564042303172,80.27483782861047,91.56025947422329,81.26459383065013,90.27282782352218,78.03643612276827,87.88743202381436,65.54043833103997,68.57362320278203,0.7018368912321213,50.0,36.17021276595745,50.00000000000002,28.508771929824565,50.00000000000002,42.7536231884058,49.999999999999986,21.548821548821547,49.99999999999999,36.666666666666664,50.000000000000014,33.12961921993521,69.48051948051946,89.61038961038962,77.1390374331551,89.92869875222816,76.69172932330827,88.53383458646617,82.8125,92.05729166666666,74.15966386554621,87.81512605042016,76.05669002050581,89.58906813323415,63.02834501025291,61.35934367658468,0.7091910122485106
170.0,52.74894271434063,44.482891195693966,47.24212034383955,42.79369627507164,49.72899728997288,51.008732309545316,53.465639810426545,47.97097156398104,54.57983193277307,48.655462184873954,51.55310641827053,46.982350705833184,74.87585943468297,80.84688420822874,78.85674488374582,84.50230365370193,79.80023501762633,89.03172737955347,78.55069989757598,91.55343120518948,78.7851788128303,88.38638318790709,78.17374360929227,86.86414592691614,64.86342501378141,66.92324831637467,0.7125414099061186,50.0,37.23404255319149,50.00000000000002,28.508771929824565,50.00000000000002,42.028985507246375,49.999999999999986,21.21212121212121,49.99999999999999,36.666666666666664,50.000000000000014,33.13011757381006,70.12987012987011,89.728453364817,77.1390374331551,89.92869875222816,76.69172932330827,88.53383458646617,82.8125,92.18750000000001,74.15966386554621,87.81512605042016,76.18656015037593,89.6387225507863,63.09328007518797,61.384420062298176,0.7083000185207575
171.0,56.40138408304498,56.47827758554402,56.09598853868195,50.50143266475645,50.045167118337844,54.23065341764528,49.86670616113745,47.67476303317536,53.2773109243697,48.65546218487395,53.137311365114385,51.50811777719902,73.57715813598166,79.95743752046273,78.52994749812493,84.76802742955105,78.27849588719157,88.3196239717979,82.93615568453396,91.0822806418573,83.3108025070665,91.79058621113433,79.32651194257973,87.18359115496065,66.23191165384705,69.34585446607983,0.6973683439060931,50.0,37.23404255319149,50.00000000000002,28.508771929824565,50.00000000000002,42.028985507246375,49.999999999999986,21.21212121212121,49.99999999999999,36.666666666666664,50.000000000000014,33.13011757381006,70.12987012987011,89.728453364817,77.1390374331551,89.92869875222817,76.69172932330827,88.43984962406014,82.8125,92.18750000000001,74.15966386554621,88.02521008403362,76.18656015037593,89.66194236502778,63.09328007518797,61.39602996941892,0.7079535312122232
172.0,45.29027297193387,47.020376778162245,50.52292263610316,47.32091690544413,52.9810298102981,48.569707919301415,48.541172985782,44.149881516587676,51.07142857142855,49.28571428571429,49.68136539510914,47.269319481041954,75.59205500381971,81.55080213903743,78.53209043180111,85.1151826850959,78.39012925969449,88.08460634547592,80.08023216114715,89.9965858654831,84.09118839867273,92.00565318913605,79.33713905102704,87.35056604484569,64.50925222306809,67.30994276294382,0.7040100517481895,50.0,37.23404255319149,50.00000000000002,28.508771929824565,50.00000000000002,42.028985507246375,49.999999999999986,20.875420875420872,49.99999999999999,36.666666666666664,50.000000000000014,33.06277750647,69.48051948051946,89.728453364817,77.1390374331551,89.92869875222817,76.69172932330827,88.62781954887218,82.8125,92.31770833333334,74.15966386554621,88.4453781512605,76.05669002050581,89.80961163010224,63.02834501025291,61.43619456828612,0.7080462209334752
173.0,47.193387158785086,42.945021145713184,49.45558739255014,48.123209169054434,55.420054200541976,46.25112917795845,50.05924170616115,50.547985781990526,48.78151260504199,47.39495798319327,50.18195661261607,47.05246065158197,74.22650878533233,78.42682527556477,77.05453766205935,85.03589413907639,77.84371327849591,88.78025851938895,81.26493683851143,92.66643905769887,80.44119454344354,90.50632911392405,78.16617822156852,87.0831492211306,64.17406741709229,67.06780493635628,0.7069872191594083,50.0,37.23404255319149,50.00000000000002,28.508771929824565,50.00000000000002,44.927536231884055,49.999999999999986,47.13804713804714,49.99999999999999,45.83333333333333,50.000000000000014,40.72834623725612,69.48051948051946,89.728453364817,77.1390374331551,89.92869875222817,76.69172932330827,88.62781954887218,82.8125,92.31770833333334,74.15966386554621,88.4453781512605,76.05669002050581,89.80961163010224,63.02834501025291,65.26897893367918,0.7069606234730546
174.0,46.8473663975394,54.47904652056902,51.23925501432666,43.022922636103154,59.123757904245686,55.61577838000602,57.73104265402844,52.710308056872044,51.113445378151226,49.91596638655462,53.21097346965828,51.14880439602097,74.6466768525592,79.68187274909965,76.89060323582983,84.39301403621558,78.76615746180966,88.61104582843713,80.92010925230456,89.9624445203141,81.80226127565443,93.13014624554505,78.60516161563153,87.1557046759223,65.9080675426449,69.15225453597164,0.7004051435450072,50.0,37.23404255319149,50.00000000000002,28.508771929824565,50.00000000000002,42.75362318840579,49.999999999999986,43.09764309764309,49.99999999999999,44.166666666666664,50.000000000000014,39.152149487146325,69.48051948051946,89.728453364817,77.1390374331551,90.01782531194296,76.69172932330827,88.72180451127821,82.8125,92.44791666666666,74.15966386554621,88.4453781512605,76.05669002050581,89.87227560119308,63.02834501025291,64.5122125441697,0.706636208337603
175.0,52.05690119184928,46.75124951941561,44.742120343839545,36.63323782234957,47.01897018970189,41.252634748569704,53.32494075829385,53.90995260663507,54.57983193277308,39.411764705882355,50.34455288329153,43.59176788057046,73.7872421695951,82.12375859434682,78.03814421943639,83.50155362691525,78.39012925969449,87.7508813160987,81.41515875725503,91.64902697166268,77.37188152881899,91.56937446233256,77.80051118696001,87.31891899427121,64.07253203512576,65.45534343742084,0.70789336660278,50.0,37.23404255319149,50.00000000000002,28.508771929824565,50.00000000000002,42.028985507246375,49.999999999999986,34.34343434343434,49.99999999999999,43.33333333333333,50.000000000000014,37.08971353340602,70.12987012987011,89.84651711924438,77.1390374331551,90.01782531194296,76.69172932330827,88.72180451127821,82.8125,92.44791666666666,74.15966386554621,88.4453781512605,76.18656015037593,89.89588835207854,63.09328007518797,63.49280094274228,0.7057846947299151
176.0,47.36639753940792,41.21491733948482,56.669054441260755,49.269340974212035,40.42457091237579,38.572719060523944,49.11137440758294,42.06161137440758,58.86554621848735,65.71428571428571,50.48738870382296,47.36657489258282,74.54163483575248,80.81414383935393,77.55062680810026,83.54441230043929,79.84723854289074,88.19741480611046,80.6725844998293,92.01775349948788,79.1753717586334,92.44807668673958,78.35749128904123,87.40436022642623,64.4224399964321,67.38546755950452,0.7089597809856967,50.0,36.17021276595745,50.00000000000002,28.508771929824565,50.00000000000002,42.028985507246375,49.999999999999986,47.138047138047135,49.99999999999999,47.5,50.000000000000014,40.26920346821511,70.12987012987011,89.84651711924438,77.1390374331551,90.01782531194296,76.69172932330827,88.81578947368422,82.8125,92.44791666666666,74.15966386554621,88.4453781512605,76.18656015037593,89.91468534455974,63.09328007518797,65.09194440638743,0.705257497645183
177.0,47.71241830065361,45.597846981930026,57.16332378223497,57.32091690544413,49.05149051490514,45.07678410117435,52.23637440758294,46.07523696682465,54.62184873949576,47.773109243697476,52.15709114897449,48.36877883981413,74.22650878533231,81.60809778456837,77.71134683381547,86.57880638594236,79.3066980023502,89.1539365452409,79.54079890747695,90.57357459883919,79.27061570603416,91.2375568391299,78.01119364700182,87.83039443074412,65.08414239798816,68.09958663527912,0.6991202075548681,50.0,36.17021276595745,50.00000000000002,33.333333333333336,50.00000000000002,44.92753623188406,49.999999999999986,47.81144781144781,49.99999999999999,49.99999999999999,50.000000000000014,42.448506028524534,70.12987012987011,89.84651711924438,77.1390374331551,90.01782531194296,76.69172932330827,88.81578947368422,82.8125,92.44791666666666,74.15966386554621,88.4453781512605,76.18656015037593,89.91468534455974,63.09328007518797,66.18159568654214,0.7044653196937077
178.0,45.290272971933874,39.29257977700884,50.02865329512895,44.4269340974212,50.49683830171635,49.683830171635044,53.561907582938396,47.926540284360186,50.987394957983156,42.60504201680672,50.073013421940146,44.7869852694464,74.96180290297937,80.75275564771364,77.71027536697737,85.11089681774348,80.6169212690952,88.0705052878966,84.61590986684875,92.92249914646638,78.24751136782598,90.67223792552538,79.23048415474534,87.5057789650691,64.65174878834274,66.14638211725774,0.702337356255248,50.0,37.23404255319149,50.00000000000002,47.36842105263158,50.00000000000002,45.28985507246377,49.999999999999986,48.484848484848484,49.99999999999999,48.33333333333333,50.000000000000014,45.342100099293724,70.12987012987011,89.96458087367178,77.1390374331551,90.10695187165776,76.69172932330827,88.81578947368422,82.8125,92.44791666666666,74.15966386554621,88.65546218487394,76.18656015037593,89.99814021411086,63.09328007518797,67.6701201567023,0.7041321297132912
179.0,52.40292195309496,46.981930026912735,56.812320916905456,51.21776504297995,53.38753387533875,48.90093345377898,56.116706161137444,50.770142180094794,54.53781512605038,50.63025210084034,54.6514596065054,49.700204560921364,73.47211611917494,82.27381861835643,77.22061502196505,85.85020893603344,79.35957696827263,87.18213866039953,80.5223625810857,90.5872311369068,81.80226127565443,90.03318176232027,78.47538639323054,87.18531582280329,66.56342299986797,68.44276019186233,0.7010695890400509,50.0,36.17021276595745,50.00000000000002,48.684210526315795,50.00000000000002,44.20289855072464,49.999999999999986,48.484848484848484,49.99999999999999,44.99999999999999,50.000000000000014,44.50843406556928,70.12987012987011,89.96458087367178,77.1390374331551,90.10695187165776,76.69172932330827,88.81578947368422,82.8125,92.578125,74.15966386554621,88.65546218487394,76.18656015037593,90.02418188077755,63.09328007518797,67.26630797317341,0.7036129219834372
180.0,47.02037677816225,39.13879277201077,45.31518624641835,46.647564469914045,51.129177958446235,49.89461005721168,50.81457345971564,53.450829383886266,46.050420168067205,45.46218487394958,48.065946922161935,46.918796311394466,73.13789152024445,80.40761759249155,77.21954355512695,86.10736097717775,77.30317273795538,87.41245593419507,78.45339706384432,89.4230112666439,76.40100774241122,90.1990905739216,76.50300252391646,86.70990726888597,62.284474723039196,66.81435179014022,0.713683909589014,50.0,37.23404255319149,50.00000000000002,45.175438596491226,50.00000000000002,44.20289855072464,49.999999999999986,48.484848484848484,49.99999999999999,47.5,50.000000000000014,44.51944563705117,70.12987012987011,89.96458087367178,77.1390374331551,90.19607843137256,76.69172932330827,88.90977443609023,82.8125,92.578125,74.15966386554621,88.65546218487394,76.18656015037593,90.0608041852017,63.09328007518797,67.29012491112644,0.7025768832778533
181.0,52.74894271434064,53.8638985005767,55.45845272206304,56.66189111747851,51.716350496838295,53.417645287563985,43.61670616113745,49.46682464454976,38.739495798319304,39.24369747899159,48.45598957853974,50.53079140583211,73.17608861726508,83.17690712648695,78.3649416050573,85.09803921568628,79.52996474735608,88.07755581668626,81.75998634346195,92.35233868214408,80.29372004424235,91.44033427553153,78.62494027147655,88.02903502330702,63.540464925008145,69.27991321456956,0.696649863568707,50.0,37.23404255319149,50.00000000000002,46.92982456140351,50.00000000000002,44.20289855072464,49.999999999999986,48.484848484848484,49.99999999999999,48.33333333333333,50.000000000000014,45.036989496700286,70.12987012987011,90.08264462809917,77.1390374331551,90.28520499108734,76.69172932330827,88.7218045112782,82.8125,92.578125,74.15966386554621,88.65546218487394,76.18656015037593,90.06464826306774,63.09328007518797,67.55081887988402,0.7025665397467652
182.0,51.53787004998078,50.59592464436755,48.73925501432665,43.71060171919771,47.244805781391136,49.11171333935561,56.21297393364929,48.50414691943128,49.51680672268905,47.52100840336135,50.65034230040738,47.888679005142706,75.71619556913674,81.44712430426716,75.58341369334617,85.53305475195543,78.8190364277321,87.91304347826087,82.64424718333905,91.71048139296688,82.38294211625906,92.14698291753717,79.02916699796262,87.7501373689975,64.839754649185,67.81940818707011,0.6972877127873914,50.0,37.23404255319149,50.00000000000002,48.684210526315795,50.00000000000002,44.20289855072463,49.999999999999986,49.15824915824916,49.99999999999999,41.666666666666664,50.000000000000014,44.18921349102955,70.12987012987011,90.08264462809917,77.1390374331551,90.37433155080214,76.69172932330827,88.90977443609023,82.8125,92.578125,74.15966386554621,88.8655462184874,76.18656015037593,90.16208436669578,63.09328007518797,67.17564892886267,0.7014126764204643
183.0,53.61399461745483,61.43790849673203,45.52292263610316,46.99140401146131,49.50316169828364,50.67750677506775,56.40550947867299,57.81990521327014,47.43697478991594,41.344537815126046,50.49651264408611,51.654252462331456,73.7012987012987,80.6422569027611,78.85781635058393,85.32090431801136,77.67332549941247,87.65922444183315,76.82656196654149,92.37965175827927,76.83421408381467,89.12375568391299,76.77864332033025,87.02515862095957,63.63757798220818,69.33970554164551,0.701491334631124,50.0,37.23404255319149,50.00000000000002,41.2280701754386,50.00000000000002,47.10144927536232,49.999999999999986,48.821548821548824,49.99999999999999,47.49999999999999,50.000000000000014,44.377022165108244,70.12987012987011,90.08264462809917,77.1390374331551,90.37433155080214,76.69172932330827,88.90977443609023,82.8125,92.578125,74.15966386554621,88.8655462184874,76.18656015037593,90.16208436669578,63.09328007518797,67.269553265902,0.7007563199452017
184.0,50.6728181468666,46.943483275663205,53.739255014326645,57.24928366762177,44.12827461607948,40.951520626317375,54.36907582938388,50.93305687203791,46.6176470588235,46.80672268907563,49.905414133096016,48.576813426143175,76.13636363636364,80.43762959729347,77.22168648880316,86.10950391085396,80.66980023501765,88.213866039953,80.31922157733015,90.36872652782519,79.90352709843924,91.81516529433452,78.85011980719078,87.38897827405202,64.3777669701434,67.9828958500976,0.7025496086817781,50.0,37.23404255319149,50.00000000000002,29.385964912280706,50.00000000000002,44.927536231884055,49.999999999999986,48.821548821548824,49.99999999999999,48.33333333333333,50.000000000000014,41.74048517044768,70.12987012987011,90.20070838252656,77.1390374331551,90.28520499108734,76.69172932330827,88.90977443609023,82.8125,92.578125,74.15966386554621,88.8655462184874,76.18656015037593,90.1678718056383,63.09328007518797,65.95417848804298,0.7005501520833651
185.0,38.52364475201846,37.44713571703191,45.95272206303726,38.4240687679083,48.46431797651309,50.07527853056308,49.25207345971565,41.88388625592417,48.823529411764675,42.983193277310924,46.203257532609825,42.16271250974768,73.57715813598166,81.13881916402926,79.18461373620485,87.19382835101254,80.18213866039954,87.99999999999999,79.24035506998976,90.21509047456469,76.8864446356151,91.82131006513457,77.81414204763819,87.67380961094821,62.008699790124005,64.91826106034794,0.7068401619082044,50.0,37.23404255319149,50.00000000000002,34.64912280701755,50.00000000000002,47.82608695652174,49.999999999999986,49.158249158249156,49.99999999999999,51.66666666666666,50.000000000000014,44.10683362832932,70.12987012987011,90.20070838252656,77.1390374331551,90.28520499108734,76.69172932330827,88.81578947368422,82.8125,92.70833333333334,74.15966386554621,88.8655462184874,76.18656015037593,90.17511647982377,63.09328007518797,67.14097505407655,0.7002169256110135
186.0,52.921953094963484,55.132641291810835,50.95272206303726,39.26934097421203,45.39295392953929,48.870822041553744,55.739040284360186,52.16232227488151,53.06722689075627,55.714285714285715,51.6147792525313,50.229882459348765,75.69709702062643,83.89173851358724,78.3660130718954,85.90163934426229,80.28789659224445,88.70035252643949,81.99897575964495,91.43052236258107,81.31682438245055,91.60624308713284,79.53336136537236,88.30609916680058,65.57407030895183,69.26799081307468,0.6919513605656274,50.0,37.23404255319149,50.00000000000002,42.982456140350884,50.00000000000002,46.3768115942029,49.999999999999986,49.158249158249156,49.99999999999999,48.33333333333333,50.000000000000014,44.81697855586556,70.12987012987011,90.20070838252656,77.1390374331551,90.28520499108734,76.69172932330827,88.81578947368422,82.8125,92.70833333333334,74.15966386554621,88.8655462184874,76.18656015037593,90.17511647982377,63.09328007518797,67.49604751784466,0.6995365680482789
187.0,57.26643598615918,53.63321799307958,54.598853868194865,49.84240687679083,46.20596205962059,46.49202047576031,51.999407582938396,46.4010663507109,61.071428571428534,61.260504201680675,54.22841761366832,51.52584317960445,74.85676088617264,82.01462403143076,78.19993571198968,86.81881495767706,80.34077555816688,89.5229142185664,80.08023216114715,92.90542847388188,82.82536561386262,93.24689689074597,79.2606139862678,88.90173571446043,66.74451579996806,70.21378944703244,0.6824761944794695,50.0,37.23404255319149,50.00000000000002,47.80701754385965,50.00000000000002,44.20289855072464,49.999999999999986,48.821548821548824,49.99999999999999,46.666666666666664,50.000000000000014,44.94643482719825,70.12987012987011,90.20070838252656,77.1390374331551,90.28520499108734,76.69172932330827,88.81578947368422,82.8125,92.70833333333334,74.15966386554621,88.8655462184874,76.18656015037593,90.17511647982377,63.09328007518797,67.56077565351102,0.6994837682052963
188.0,57.78546712802769,51.74932718185313,52.38538681948426,42.67908309455587,48.23848238482384,48.35892803372478,49.0151066350711,39.78080568720379,48.86554621848737,42.39495798319327,51.25799783717885,44.992620396106176,75.27692895339953,80.3585070391793,78.69281045751633,85.64877317047038,80.06462984723855,86.29847238542891,82.05189484465689,90.9286445885968,80.5364384908443,90.93031829912745,79.32454051873113,86.83294309656057,65.29126917795499,65.91278174633337,0.6993571469278113,50.0,37.23404255319149,50.00000000000002,49.56140350877193,50.00000000000002,45.652173913043484,49.999999999999986,49.158249158249156,49.99999999999999,43.33333333333333,50.000000000000014,44.987840493317876,70.12987012987011,90.31877213695397,77.1390374331551,90.46345811051694,76.69172932330827,88.81578947368422,82.8125,92.70833333333334,74.15966386554621,88.8655462184874,76.18656015037593,90.23437985459518,63.09328007518797,67.61111017395652,0.699025238116253
189.0,47.193387158785086,43.71395617070357,51.09598853868197,46.53295128939827,53.613369467027994,56.187895212285454,55.835308056872044,53.90995260663507,52.3739495798319,46.30252100840336,52.022400560239795,49.329455257485144,74.6466768525592,82.36385463276218,77.05560912889744,86.21450766098789,78.93066980023504,87.52056404230318,81.60976442471834,91.43735063161488,79.27061570603418,91.9380607103355,78.30266718248883,87.89486753560072,65.16253387136432,68.61216139654293,0.6926345900216718,50.0,43.61702127659575,50.00000000000002,40.78947368421053,50.00000000000002,36.231884057971016,49.999999999999986,50.16835016835017,49.99999999999999,40.833333333333336,50.000000000000014,42.328012504092165,70.12987012987011,90.43683589138134,77.1390374331551,90.46345811051694,76.69172932330827,88.90977443609025,82.8125,92.70833333333334,74.15966386554621,88.8655462184874,76.18656015037593,90.27678959796184,63.09328007518797,66.302401051027,0.6982456980950114
190.0,47.36639753940792,42.02229911572472,59.534383954154734,58.266475644699135,51.309846431797645,43.84221619993978,56.07227488151659,46.94905213270142,50.29411764705879,42.68907563025209,52.915404090787135,46.75382374466342,74.77081741787624,82.9586380006548,76.72881174327652,86.00021429336762,79.80023501762633,87.19388954171563,81.06179583475588,90.6896551724138,81.41206832985131,92.3989185203392,78.75474566867726,87.84826310569821,65.83507487973219,67.30104342518081,0.6924209282025195,50.0,44.680851063829785,50.00000000000002,40.35087719298246,50.00000000000002,33.33333333333333,49.999999999999986,52.52525252525253,49.99999999999999,39.16666666666667,50.000000000000014,42.01139615641296,70.12987012987011,90.43683589138134,77.1390374331551,90.46345811051694,76.69172932330827,88.81578947368422,82.8125,92.70833333333334,74.15966386554621,88.8655462184874,76.18656015037593,90.25799260548064,63.09328007518797,66.1346943809468,0.6975598003353306
191.0,45.982314494425225,60.553633217993074,58.166189111747855,52.5214899713467,48.46431797651309,44.80578139114725,50.05924170616115,39.89928909952607,54.705882352941146,51.09243697478991,51.4755891283577,49.7745261309606,74.31245225362872,79.61639201134999,78.69388192435441,86.49308903889425,79.57696827262048,88.91186839012926,80.96449300102425,91.72413793103449,78.39498586702717,91.9380607103355,78.38855626373102,87.73670961634869,64.93207269604436,68.75561787365464,0.6916790979889866,50.0,43.61702127659575,50.00000000000002,40.35087719298246,50.00000000000002,35.507246376811594,49.999999999999986,50.841750841750844,49.99999999999999,40.833333333333336,50.000000000000014,42.2300458042948,70.12987012987011,90.43683589138134,77.1390374331551,90.55258467023172,76.69172932330827,89.00375939849626,82.8125,92.70833333333334,74.15966386554621,88.8655462184874,76.18656015037593,90.31341190238601,63.09328007518797,66.2717288533404,0.6972369873029528
192.0,57.95847750865052,77.00884275278739,49.59885386819485,47.306590257879655,46.61246612466125,39.716952725082805,52.94727488151659,48.40047393364929,54.53781512605038,43.23529411764706,52.33097750181472,51.13363075740924,75.0859434682964,82.69398668558333,78.20315011250399,85.49233901210758,80.7226792009401,88.8813160987074,81.51246159098669,91.55001707067258,80.92663143664743,90.59235590512475,79.29017316187492,87.84200295443914,65.81057533184482,69.4878168559242,0.6887982715701353,50.0,47.87234042553192,50.00000000000002,39.47368421052632,50.00000000000002,31.159420289855067,49.999999999999986,55.21885521885521,49.99999999999999,40.833333333333336,50.000000000000014,42.91152669562037,70.12987012987011,90.43683589138134,77.1390374331551,90.64171122994654,76.69172932330827,89.09774436090227,82.8125,92.70833333333334,74.15966386554621,88.8655462184874,76.18656015037593,90.35003420681018,63.09328007518797,66.63078045121527,0.6964268326753752
193.0,57.43944636678201,68.28143021914647,54.169054441260755,47.550143266475644,58.49141824751579,64.98042758205361,57.634774881516606,52.22156398104265,51.68067226890752,49.53781512605042,55.88307324119654,56.51427603495377,74.01642475171887,82.45389064716795,76.72988321011462,84.73374049073182,78.66039952996478,89.19623971797886,81.45954250597474,91.14714919767839,81.02187538404819,91.21912252672976,78.37762507636424,87.75002851605737,67.13034915878039,72.13215227550558,0.679681912848179,50.0,50.0,50.00000000000002,38.15789473684211,50.00000000000002,33.33333333333333,49.999999999999986,59.93265993265994,49.99999999999999,41.666666666666664,50.000000000000014,44.61811093390041,70.12987012987011,90.55489964580875,77.1390374331551,90.64171122994654,76.69172932330827,89.00375939849626,82.8125,92.83854166666666,74.15966386554621,88.8655462184874,76.18656015037593,90.38089163188111,63.09328007518797,67.49950128289076,0.6960400386586847
194.0,53.61399461745484,51.59554017685506,57.177650429799456,53.68194842406876,52.75519421860885,54.47154471544715,59.29354265402844,47.186018957345965,45.231092436974755,39.78991596638656,53.61429487137326,49.3449936480207,74.207410236822,82.953181272509,77.21954355512695,83.64941605057324,79.03642773207994,89.6780258519389,79.54079890747695,90.92181631956299,81.02187538404819,92.06095612633649,78.20521116311082,87.85267912418412,65.90975301724204,68.5988363861024,0.6908111502088473,50.0,46.808510638297875,50.00000000000002,39.47368421052632,50.00000000000002,31.88405797101449,49.999999999999986,52.18855218855219,49.99999999999999,40.833333333333336,50.000000000000014,42.23762766834484,70.12987012987011,90.55489964580875,77.1390374331551,90.73083778966132,76.69172932330827,88.90977443609023,82.8125,92.83854166666666,74.15966386554621,88.8655462184874,76.18656015037593,90.37991995134288,63.09328007518797,66.30877380984387,0.6958014735725921
195.0,53.61399461745483,46.71280276816609,51.95558739255015,50.673352435530084,50.49683830171635,53.77898223426678,51.762440758293835,52.75473933649288,52.415966386554594,53.109243697478995,52.04896549131396,51.40582409438697,75.71619556913673,83.20964749536178,78.52780456444872,85.7452051858995,79.58284371327852,88.15746180963573,83.04199385455787,93.34243769204507,81.31682438245055,92.06095612633649,79.63713241677448,88.50314166185572,65.84304895404422,69.95448287812135,0.6795136986078953,50.0,54.255319148936174,50.00000000000002,35.96491228070175,50.00000000000002,34.05797101449275,49.999999999999986,64.64646464646464,49.99999999999999,44.166666666666664,50.000000000000014,46.618266751452396,70.12987012987011,90.55489964580875,77.1390374331551,90.73083778966132,76.69172932330827,88.90977443609023,82.8125,92.83854166666666,74.15966386554621,88.8655462184874,76.18656015037593,90.37991995134288,63.09328007518797,68.49909335139765,0.6952122258679854
196.0,57.43944636678201,36.67820069204152,55.02865329512895,53.710601719197705,52.34869015356819,48.900933453778975,57.257109004739334,51.2292654028436,52.415966386554594,51.42857142857142,54.89797304135461,48.389514539286644,73.89228418640184,81.42529739168396,77.05453766205933,84.88160291438979,77.9494712103408,89.06227967097531,80.47797883236599,91.18129054284739,81.02187538404819,92.66928843554136,78.07922945504323,87.84395179108756,66.48860124819892,68.1167331651871,0.6897831076508518,50.0,56.38297872340425,50.00000000000002,36.40350877192983,50.00000000000002,36.23188405797101,49.999999999999986,65.31986531986531,49.99999999999999,44.166666666666664,50.000000000000014,47.70098070796741,70.12987012987011,90.55489964580875,77.1390374331551,90.73083778966132,76.69172932330827,89.00375939849626,82.8125,92.96875,74.15966386554621,88.8655462184874,76.18656015037593,90.42475861049074,63.09328007518797,69.06286965922908,0.6946194651842734
197.0,51.36485966935794,58.05459438677432,59.820916905444136,53.853868194842406,47.65130984643179,37.48870822041553,54.272808056872044,45.95675355450236,43.109243697478966,45.67226890756303,51.24382763511697,48.20523865281953,74.85676088617264,84.29826476044964,77.38347798135645,85.9787849566056,76.69800235017628,89.19153936545241,82.3523386821441,91.37589621031069,76.49625168981197,90.37728892712302,77.55736631793228,88.24435484398828,64.40059697652462,68.2247967484039,0.6911439739709929,50.0,54.255319148936174,50.00000000000002,36.40350877192983,50.00000000000002,36.23188405797102,49.999999999999986,68.01346801346801,49.99999999999999,46.666666666666664,50.000000000000014,48.31416933179434,70.12987012987011,90.55489964580875,77.1390374331551,90.73083778966132,76.69172932330827,89.09774436090227,82.8125,92.96875,74.15966386554621,89.07563025210084,76.18656015037593,90.48557240969464,63.09328007518797,69.3998708707445,0.6940568311004921
198.0,52.5759323337178,48.7120338331411,54.74212034383955,51.91977077363896,47.01897018970189,44.59500150557061,51.999407582938396,44.43127962085308,52.415966386554594,48.36134453781513,51.750479367350444,47.603886054203784,74.33155080213902,81.18247298919569,78.52887603128681,84.9630343940855,81.42185663924796,88.08460634547592,80.1331512461591,91.11983612154319,80.05100159764041,90.25439351112203,78.89328726329465,87.12086867228446,65.32188331532255,67.36237736324412,0.692373618950701,50.0,55.319148936170215,50.00000000000002,36.40350877192983,50.00000000000002,37.68115942028986,49.999999999999986,69.6969696969697,49.99999999999999,48.33333333333334,50.000000000000014,49.486824031738585,70.12987012987011,90.55489964580875,77.1390374331551,90.9090909090909,76.69172932330827,89.00375939849626,82.8125,92.96875,74.15966386554621,89.28571428571428,76.18656015037593,90.54444284782204,63.09328007518797,70.01563343978032,0.6933603300427148
199.0,56.05536332179932,49.94232987312572,46.669054441260755,33.62464183381089,48.46431797651309,51.58084914182475,49.11137440758294,50.78495260663507,50.90336134453778,46.470588235294116,50.240694298338774,46.48067233813811,73.99732620320856,80.37760558768963,76.89381763634412,85.57162755812708,79.08930669800237,88.74500587544067,81.07033117104817,91.35199726869239,81.02187538404819,91.91962639793536,78.41453141853029,87.59317253757703,64.32761285843453,67.03692243785757,0.6916554211381601,50.0,55.319148936170215,50.00000000000002,36.8421052631579,50.00000000000002,37.68115942028986,49.999999999999986,65.993265993266,49.99999999999999,43.333333333333336,50.000000000000014,47.83380258924346,70.12987012987011,90.55489964580875,77.1390374331551,90.9982174688057,76.69172932330827,89.00375939849626,82.8125,92.96875,74.15966386554621,89.07563025210084,76.18656015037593,90.52025135304231,63.09328007518797,69.17702697114288,0.6933374346361746
200.0,52.402921953094975,49.55786236063052,55.66618911174787,57.02005730659025,49.909665763324284,49.32249322493225,55.55390995260664,52.62144549763034,55.357142857142826,56.09243697478992,53.77796592758332,52.92285907291466,74.20741023682199,80.36669213139801,77.05775206257364,84.85803064395157,79.62984723854292,90.48413631022328,78.40047797883237,90.45066575623079,78.49022981442792,89.8611281799189,77.55714346623976,87.2041306043445,65.66755469691154,70.06349483862958,0.6923456244816374,50.0,55.319148936170215,50.00000000000002,35.96491228070175,50.00000000000002,34.78260869565217,49.999999999999986,60.94276094276094,49.99999999999999,41.66666666666667,50.000000000000014,45.73521950439035,70.12987012987011,90.67296340023613,77.1390374331551,90.90909090909092,76.69172932330827,89.09774436090227,82.8125,92.96875,74.15966386554621,89.07563025210084,76.18656015037593,90.54483578446603,63.09328007518797,68.14002764442819,0.692984584854692
201.0,46.50134563629374,54.709727028066126,49.88538681948425,42.13467048710602,52.57452574525744,52.423968684131275,41.6765402843602,38.01836492890995,53.19327731092434,52.85714285714286,48.766215159264,48.02877479707125,74.85676088617265,82.5166430208447,79.51033965498766,85.40876459873566,80.49941245593422,89.11398354876616,80.03584841242746,91.26322977125298,80.48420793904388,91.89504731473517,79.07731386971317,88.03953365086693,63.921764514488586,68.0341542239691,0.6887650458927721,50.0,53.191489361702125,50.00000000000002,35.52631578947369,50.00000000000002,36.95652173913043,49.999999999999986,68.68686868686868,49.99999999999999,47.5,50.000000000000014,48.372239115434986,70.12987012987011,90.67296340023613,77.1390374331551,90.90909090909092,76.69172932330827,89.00375939849626,82.8125,92.96875,74.15966386554621,89.49579831932773,76.18656015037593,90.6100724054302,63.09328007518797,69.49115576043259,0.6920028649030566
202.0,48.05843906189928,40.330642060745866,49.45558739255016,48.20916905444126,54.20054200542004,55.07377295995182,56.30924170616115,47.68957345971564,53.8865546218487,44.07563025210084,52.38207295757586,47.07575755739108,74.75171886936593,81.84000873076504,79.67641701489336,87.48098146362369,78.93066980023504,88.40893066980023,78.85114373506316,90.88767497439399,84.03895784687232,95.2623817131621,79.24978145328596,88.775995510349,65.81592720543091,67.92587653387004,0.6833102839413746,50.0,50.0,50.00000000000002,39.03508771929825,50.00000000000002,39.85507246376812,49.999999999999986,72.39057239057239,49.99999999999999,48.33333333333334,50.000000000000014,49.922813181394424,70.12987012987011,90.67296340023613,77.1390374331551,90.9982174688057,76.69172932330827,89.09774436090227,82.8125,92.96875,74.15966386554621,89.49579831932773,76.18656015037593,90.64669470985436,63.09328007518797,70.28475394562439,0.6915470877950743
203.0,57.95847750865052,73.89465590157631,50.60171919770774,48.108882521489974,52.9810298102981,45.95001505570611,58.01244075829385,55.154028436018955,58.17226890756299,56.97478991596638,55.545187236502635,56.01647436615154,74.31245225362872,80.15933646185746,77.54634094074785,84.39087110253936,77.4030552291422,88.8225616921269,82.7415500170707,91.35882553772619,80.63168243824505,91.73528327393389,78.52701617576689,87.29337561363675,67.03610170613476,71.65492498989414,0.6831026028848626,50.0,46.808510638297875,50.00000000000002,44.736842105263165,50.00000000000002,43.47826086956522,49.999999999999986,75.75757575757575,49.99999999999999,49.16666666666667,50.000000000000014,51.98957120747374,70.12987012987011,90.67296340023613,77.1390374331551,90.90909090909092,76.69172932330827,89.09774436090227,82.8125,92.96875,74.15966386554621,89.49579831932773,76.18656015037593,90.62886939791142,63.09328007518797,71.30922030269258,0.6911289290475656
204.0,57.95847750865052,50.55747789311803,54.18338108882522,46.96275071633238,52.755194218608835,52.78530563083409,50.05924170616115,41.187796208530806,57.56302521008399,54.32773109243697,54.503863946465934,49.164212308250455,74.96180290297937,81.59172760013095,76.72881174327652,87.28383156541305,81.75088131609873,88.42303172737957,81.6626835097303,92.12700580402867,77.85731842202287,89.81811478431855,78.59229957882155,87.84874229625416,66.54808176264375,68.5064773022523,0.6849254372669842,50.0,46.808510638297875,50.00000000000002,40.78947368421053,50.00000000000002,42.7536231884058,49.999999999999986,75.75757575757576,49.99999999999999,48.33333333333333,50.000000000000014,50.888503320364656,70.12987012987011,90.67296340023613,77.1390374331551,91.0873440285205,76.69172932330827,89.19172932330828,82.8125,92.96875,74.15966386554621,89.49579831932773,76.18656015037593,90.68331701427851,63.09328007518797,70.78591016732159,0.6907407877054577
205.0,51.88389081122645,44.02153018069973,56.17478510028654,51.146131805157594,44.76061427280939,37.85004516711833,51.0515402843602,53.19905213270142,48.823529411764675,43.23529411764706,50.53887197608945,45.89041068066482,75.5061115355233,83.14689512168503,76.39987142397942,87.13168327440266,81.97414806110461,89.39365452408931,82.39672243086378,92.71082280641856,76.44402113801155,91.50792675433206,78.54417491789653,88.77819649618553,64.54152344699298,67.33430358842517,0.6858394787845956,50.0,50.0,50.00000000000002,38.15789473684211,50.00000000000002,39.85507246376812,49.999999999999986,72.05387205387206,49.99999999999999,49.16666666666667,50.000000000000014,49.84670118422979,70.12987012987011,90.67296340023613,77.1390374331551,91.0873440285205,76.69172932330827,89.19172932330828,82.8125,92.96875,74.15966386554621,89.49579831932773,76.18656015037593,90.68331701427851,63.09328007518797,70.26500909925414,0.6902343049214084
206.0,51.537870049980775,49.75009611687812,46.17478510028655,46.389684813753576,48.23848238482385,52.183077386329416,51.5254739336493,37.692535545023695,50.16806722689072,47.39495798319328,49.52893573912623,46.68207036903562,75.48701298701297,81.77725635708829,76.2380799314261,85.37233472624021,79.6886016451234,89.58166862514689,80.08023216114715,92.02116763400477,83.16332800786532,94.86911638195896,78.931450946515,88.72430874488784,64.23019334282061,67.70318955696173,0.6862533637072253,50.0,50.0,50.00000000000002,36.8421052631579,50.00000000000002,39.13043478260869,49.999999999999986,70.70707070707071,49.99999999999999,48.33333333333334,50.000000000000014,49.00258881723413,70.12987012987011,90.79102715466351,77.1390374331551,90.9982174688057,76.69172932330827,89.09774436090225,82.8125,92.96875,74.15966386554621,89.49579831932773,76.18656015037593,90.67030746073983,63.09328007518797,69.83644813898698,0.6901873186437454
207.0,60.38062283737025,66.35909265667051,55.74498567335245,55.48710601719198,48.6449864498645,52.54441433303222,54.88744075829385,45.89751184834123,46.00840336134451,43.69747899159664,53.13328781604512,52.797120769366515,74.54163483575246,82.03372257994107,78.3649416050573,84.74445515911283,79.41833137485315,88.42303172737955,82.59986343461932,94.38716285421646,77.7620744746221,90.11920855352095,78.53736914498086,87.94151617483416,65.83532848051298,70.36931847210033,0.6797687876130591,50.0,45.74468085106383,50.00000000000002,44.29824561403509,50.00000000000002,46.3768115942029,49.999999999999986,76.43097643097644,49.99999999999999,49.16666666666667,50.000000000000014,52.40347623138899,70.12987012987011,90.79102715466351,77.1390374331551,90.9982174688057,76.69172932330827,89.28571428571429,82.8125,92.96875,74.15966386554621,89.49579831932773,76.18656015037593,90.70790144570225,63.09328007518797,71.55568883854562,0.68929674601579
208.0,46.15532487504805,43.02191464821223,49.88538681948425,50.38681948424069,51.94218608852753,52.36374585968082,52.37707345971565,44.28317535545024,47.35294117647056,50.08403361344538,49.54258248384921,48.02793779220587,75.82123758594346,83.34606569900687,78.2010071788278,86.95596271295403,80.44653349001179,89.03172737955347,80.6282007511096,91.90508706043018,77.46712547621975,93.51112203514809,78.51282089642248,88.94999297741853,64.02770169013584,68.4889653848122,0.6802409867973037,50.0,46.808510638297875,50.00000000000002,41.2280701754386,50.00000000000002,43.47826086956522,49.999999999999986,75.75757575757576,49.99999999999999,48.33333333333333,50.000000000000014,51.121150154842155,70.12987012987011,90.79102715466351,77.1390374331551,90.9982174688057,76.69172932330827,89.2857142857143,82.8125,92.96875,74.15966386554621,89.49579831932773,76.18656015037593,90.70790144570225,63.09328007518797,70.9145258002722,0.6893427930297332
209.0,50.32679738562093,42.1760861207228,57.95845272206305,56.59025787965616,46.20596205962059,41.46341463414634,54.88744075829385,51.64395734597156,60.46218487394955,57.26890756302521,53.9681675599096,49.828524708704414,74.75171886936592,83.58616173742223,78.3660130718954,84.11014679095682,80.82843713278498,90.01880141010575,83.33390235575283,91.56708774325708,82.04497972225637,92.28216787513826,79.8650102304111,88.31287311137604,66.91658889516034,69.07069891004022,0.675794830103801,50.0,48.93617021276596,50.00000000000002,49.56140350877193,50.00000000000002,50.0,49.999999999999986,78.7878787878788,49.99999999999999,55.00000000000001,50.000000000000014,56.45709050188334,70.12987012987011,90.90909090909092,77.1390374331551,90.9982174688057,76.69172932330827,89.3796992481203,82.8125,92.96875,74.15966386554621,89.70588235294117,76.18656015037593,90.79232799579162,63.09328007518797,73.62470924883749,0.6889038374316838
210.0,53.09496347558632,67.12802768166091,52.67191977077365,48.166189111747855,48.870822041553744,47.003914483589284,55.124407582938396,47.067535545023695,50.2521008403361,55.92436974789916,52.00284274223765,53.058007313984184,76.55653170359052,84.08272399869038,78.03814421943638,87.4788385299475,79.63572267920098,88.09400705052879,82.14919767838852,92.01775349948788,80.77915693744625,93.21617303674573,79.43175064361253,88.97789922308004,65.71729669292509,71.01795326853211,0.6760672696750609,50.0,45.74468085106383,50.00000000000002,45.6140350877193,50.00000000000002,48.55072463768116,49.999999999999986,77.77777777777779,49.99999999999999,52.5,50.000000000000014,54.03744367084842,70.12987012987011,90.90909090909092,77.1390374331551,90.9982174688057,76.69172932330827,89.3796992481203,82.8125,92.96875,74.15966386554621,89.49579831932773,76.18656015037593,90.75031118906892,63.09328007518797,72.39387742995868,0.6886401458785464
211.0,51.537870049980775,48.9042675893887,46.95558739255015,39.58452722063037,53.16169828364949,48.509485094850945,48.16350710900475,44.17950236966824,49.60084033613442,54.579831932773104,49.88390063426392,47.15152284146227,74.96180290297937,80.96147549929063,77.70920390013927,85.82449373191899,79.95887191539369,88.86721504112808,82.49402526459544,91.49539091840218,79.90352709843923,91.5263610667322,79.0054862163094,87.7349872514944,64.44469342528666,67.44325504647833,0.6866143427062253,50.0,44.680851063829785,50.00000000000002,42.98245614035088,50.00000000000002,46.3768115942029,49.999999999999986,76.76767676767678,49.99999999999999,51.66666666666666,50.000000000000014,52.49489244654539,70.12987012987011,90.90909090909092,77.1390374331551,90.9982174688057,76.69172932330827,89.3796992481203,82.8125,92.96875,74.15966386554621,89.49579831932773,76.18656015037593,90.75031118906892,63.09328007518797,71.62260181780715,0.688225190863304
212.0,56.228373702422154,40.023068050749714,49.94985673352437,46.79083094555874,48.46431797651309,48.41915085817525,55.36137440758294,47.36374407582938,51.554621848739465,47.14285714285714,52.31170893375641,45.94793021463404,75.61115355233002,80.73502128123977,77.71348976749167,83.82299367834565,80.99294947121038,89.15393654524088,79.7883236599522,90.58723113690678,83.94371389947155,92.47880054073984,79.60992607009118,87.35559663649458,65.9608175019238,66.65176342556431,0.6894634947133402,50.0,44.680851063829785,50.00000000000002,42.54385964912281,50.00000000000002,45.652173913043484,49.999999999999986,76.76767676767678,49.99999999999999,48.33333333333333,50.000000000000014,51.595578945401236,70.12987012987011,90.79102715466351,77.1390374331551,90.9982174688057,76.69172932330827,89.3796992481203,82.8125,92.96875,74.15966386554621,89.70588235294117,76.18656015037593,90.76871524490613,63.09328007518797,71.18214709515368,0.6873540067247443
213.0,40.59976931949251,42.945021145713184,50.107449856733545,51.948424068767906,52.9810298102981,46.37157482685938,59.90817535545025,53.46563981042654,44.41176470588232,41.26050420168067,49.60163780957135,47.19823281068954,75.59205500381971,81.69540543490123,77.71134683381547,87.13811207543125,78.4958871915394,86.95417156286722,82.29941959713214,91.14373506316149,76.34877719061079,92.52181393634018,78.08949716338351,87.89064761454028,63.845567486477435,67.54444021261492,0.6890825763104854,50.0,44.680851063829785,50.00000000000002,47.36842105263158,50.00000000000002,48.55072463768116,49.999999999999986,77.44107744107744,49.99999999999999,52.49999999999999,50.000000000000014,54.10821483904399,70.12987012987011,90.79102715466351,77.1390374331551,91.17647058823529,76.69172932330827,89.3796992481203,82.8125,92.96875,74.15966386554621,89.70588235294117,76.18656015037593,90.80436586879205,63.09328007518797,72.45629035391802,0.6864454500444616
214.0,56.401384083044995,38.83121876201461,55.02865329512895,47.14899713467049,52.12285456187895,47.21469436916592,56.686907582938396,54.19135071090048,48.1302521008403,44.11764705882353,53.67401032476632,46.300781607115006,75.50611153552329,83.62163047036996,77.21847208828885,86.94310511089682,80.82843713278498,88.68155111633372,82.64424718333902,91.09252304540799,83.01585350866414,93.28376551554626,79.84262428972005,88.72451505171095,66.75831730724319,67.51264832941298,0.678797912771506,50.0,44.680851063829785,50.00000000000002,47.80701754385965,50.00000000000002,48.55072463768116,49.999999999999986,77.44107744107744,49.99999999999999,53.333333333333336,50.000000000000014,54.36260080395626,70.12987012987011,90.79102715466351,77.1390374331551,91.0873440285205,76.69172932330827,89.3796992481203,82.8125,92.96875,74.15966386554621,89.70588235294117,76.18656015037593,90.78654055684909,63.09328007518797,72.57457068040267,0.6862099158050179
215.0,51.018838908112265,47.98154555940023,53.961318051575944,57.02005730659025,51.53568202348689,58.747365251430296,46.2233412322275,47.49703791469194,44.4957983193277,38.991596638655466,49.446995706946055,50.047520534153634,73.99732620320857,82.72672705445815,76.07200257152039,85.54376942033645,80.01762632197418,88.72385428907168,82.00751109593719,91.54660293615568,79.95575765023966,90.74597517512598,78.410044768576,87.85738577502958,63.92852023776103,68.95245315459161,0.6804195710254003,50.0,48.93617021276596,50.00000000000002,48.245614035087726,50.00000000000002,50.0,49.999999999999986,78.45117845117846,49.99999999999999,54.16666666666667,50.000000000000014,55.95992587313977,70.12987012987011,90.79102715466351,77.1390374331551,91.17647058823529,76.69172932330827,89.3796992481203,82.8125,92.96875,74.15966386554621,89.70588235294117,76.18656015037593,90.80436586879205,63.09328007518797,73.3821458709659,0.6858160288684294
216.0,52.22991157247212,57.631680123029604,52.38538681948426,46.80515759312321,51.761517615176146,53.89942788316772,47.49703791469195,40.269549763033176,48.823529411764675,42.142857142857146,50.539476666717825,48.149734501042175,73.24293353705119,80.9341918585616,77.21954355512695,84.5730204650166,79.62984723854292,89.50411280846063,81.85728917719358,93.11710481392967,83.45827700626768,93.52955634754822,79.08157810283646,88.33159725870334,64.81052738477715,68.24066587987275,0.6781947075133855,50.0,48.93617021276596,50.00000000000002,48.245614035087726,50.00000000000002,50.0,49.999999999999986,77.44107744107744,49.99999999999999,52.5,50.000000000000014,55.424572337786216,70.12987012987011,90.79102715466351,77.1390374331551,91.17647058823529,76.69172932330827,89.3796992481203,82.8125,92.96875,74.15966386554621,89.70588235294117,76.18656015037593,90.80436586879205,63.09328007518797,73.11446910328914,0.685628981299084
217.0,52.22991157247212,58.90042291426375,54.74212034383956,50.343839541547275,53.613369467027994,53.83920505871724,55.55390995260664,47.55627962085308,50.94537815126048,36.1344537815126,53.41693789744136,49.35484018337878,75.59205500381971,81.84819382298375,77.87420979320687,85.1923282974392,80.01175088131612,90.70975323149236,80.9286445885968,91.36906794127688,79.90352709843924,89.95944451271967,78.86203747307574,87.81575756118237,66.13948768525856,68.58529887228057,0.6773332083003585,50.0,48.93617021276596,50.00000000000002,48.245614035087726,50.00000000000002,50.0,49.999999999999986,78.45117845117846,49.99999999999999,53.333333333333336,50.000000000000014,55.79325920647309,70.12987012987011,90.90909090909092,77.1390374331551,91.17647058823528,76.69172932330827,89.3796992481203,82.8125,93.09895833333334,74.15966386554621,89.91596638655463,76.18656015037593,90.8960370930669,63.09328007518797,73.34464814977,0.6854643241861599
218.0,33.66013071895426,35.60169165705497,52.87965616045845,52.2349570200573,46.79313459801264,49.62360734718458,57.39780805687206,56.82760663507109,45.84033613445376,40.50420168067227,47.314213133750236,46.95841286800804,75.69709702062643,80.67772563570882,77.22168648880316,85.36590592521162,79.8531139835488,87.40305522914218,83.48412427449642,91.55343120518948,76.49625168981198,93.20388349514563,78.55045469145736,87.64080029807955,62.932333912603795,67.2996065830438,0.686597838455132,50.0,44.680851063829785,50.00000000000002,41.66666666666667,50.00000000000002,42.028985507246375,49.999999999999986,74.41077441077442,49.99999999999999,50.0,50.000000000000014,50.557455529703454,70.12987012987011,90.90909090909092,77.1390374331551,91.17647058823529,76.69172932330827,89.28571428571429,82.8125,93.09895833333334,74.15966386554621,90.12605042016807,76.18656015037593,90.91925690730838,63.09328007518797,70.73835621850591,0.6853498775083845
219.0,52.402921953094975,47.36639753940792,53.02292263610317,44.15472779369628,47.24480578139115,42.125865703101475,49.91854265402844,51.70319905213271,53.8865546218487,46.470588235294116,51.29514952929328,46.3641556647265,75.1718869365928,78.68056313434465,79.34854816243435,85.87378120647166,80.55229142185667,88.90481786133961,81.07033117104817,90.65892796176169,79.55634754823645,90.8381467371267,79.13988104803369,86.99124738020886,65.21751528866349,66.67770152246769,0.6810292084443437,50.0,44.680851063829785,50.00000000000002,46.05263157894737,50.00000000000002,48.55072463768116,49.999999999999986,77.10437710437711,49.99999999999999,51.66666666666666,50.000000000000014,53.61105021030041,70.12987012987011,90.90909090909092,77.1390374331551,91.08734402852049,76.69172932330827,89.2857142857143,82.8125,93.09895833333334,74.15966386554621,90.12605042016807,76.18656015037593,90.90143159536544,63.09328007518797,72.25624090283293,0.6846248810241513
220.0,46.501345636293735,47.82775855440215,45.52292263610316,45.18624641833811,48.28364950316169,46.85335742246311,55.835308056872044,49.61492890995261,46.659663865546186,38.193277310924366,48.56057793959536,45.53511372321607,74.73262032085562,82.02008075957656,79.18568520304294,86.57880638594236,79.90599294947123,89.40540540540542,82.3523386821441,91.29395698190508,79.95575765023966,90.56163205112449,79.2264789611507,87.97197631679077,63.89352845037303,66.75354502000343,0.6881027912843988,50.0,48.93617021276596,50.00000000000002,49.122807017543856,50.00000000000002,50.72463768115942,49.999999999999986,79.12457912457913,49.99999999999999,55.833333333333336,50.000000000000014,56.748305473876336,70.12987012987011,90.90909090909092,77.1390374331551,91.17647058823529,76.69172932330827,89.2857142857143,82.8125,93.09895833333334,74.15966386554621,90.12605042016807,76.18656015037593,90.91925690730838,63.09328007518797,73.83378119059236,0.6838095753612333
221.0,49.46174548250673,57.40099961553249,48.88252148997135,46.07449856733524,46.61246612466124,42.69798253538091,48.73370853080569,41.66172985781991,48.088235294117624,42.35294117647059,48.355735384412526,46.037630350507825,74.54163483575249,82.43752046273055,77.71027536697737,87.88813886210222,81.85663924794362,89.53701527614571,82.3523386821441,91.75486514168658,83.01585350866414,92.78603908074228,79.89534832829634,88.88071576468147,64.12554185635443,67.45917305759465,0.6801213167568615,50.0,45.744680851063826,50.00000000000002,43.42105263157895,50.00000000000002,47.82608695652174,49.999999999999986,76.76767676767678,49.99999999999999,51.66666666666666,50.000000000000014,53.08523277470158,70.12987012987011,91.02715466351829,77.1390374331551,91.26559714795009,76.69172932330827,89.3796992481203,82.8125,93.09895833333334,74.15966386554621,90.12605042016807,76.18656015037593,90.97949196261803,63.09328007518797,72.0323623686598,0.6834755986518998
222.0,51.018838908112265,40.099961553248754,51.23925501432666,54.09742120343839,51.12917795844625,51.18940078289672,56.30924170616114,50.07405213270142,56.743697478991564,51.932773109243705,53.288042213207575,49.478721756305795,76.01222307104659,84.77300010913457,77.54526947390976,85.86092360441444,82.13278495887194,89.74853113983549,82.50256060088769,92.04848071013998,80.14624554504118,92.66314366474131,79.66781672995144,89.01881584565317,66.4779294715795,69.24876880097948,0.6683808442796143,50.0,48.93617021276596,50.00000000000002,49.56140350877193,50.00000000000002,51.44927536231884,49.999999999999986,79.7979797979798,49.99999999999999,55.833333333333336,50.000000000000014,57.115632443033974,70.12987012987011,91.02715466351829,77.1390374331551,91.35472370766489,76.69172932330827,89.28571428571429,82.8125,93.09895833333334,74.15966386554621,90.12605042016807,76.18656015037593,90.97852028207978,63.09328007518797,74.04707636255688,0.6833627639566079
223.0,57.78546712802769,40.75355632449058,49.16905444126075,50.88825214899714,46.20596205962059,40.951520626317375,53.79887440758294,46.72689573459715,55.31512605042014,44.49579831932773,52.45489681738242,44.763204630745996,74.41749427043544,83.40608970861072,78.53101896496301,85.70663237972784,80.88131609870743,89.8566392479436,81.85728917719358,90.2799590303858,81.50731227725207,90.97333169472779,79.4388861577103,88.04453041227916,65.94689148754637,66.40386752151258,0.6830236297962067,50.0,48.93617021276596,50.00000000000002,53.50877192982456,50.00000000000002,55.79710144927537,49.999999999999986,79.7979797979798,49.99999999999999,55.833333333333336,50.000000000000014,58.774671344635806,70.12987012987011,91.26328217237308,77.1390374331551,91.53297682709447,76.69172932330827,89.47368421052632,82.8125,93.09895833333334,74.15966386554621,90.12605042016807,76.18656015037593,91.09899039269905,63.09328007518797,74.93683086866743,0.6831504396551753
224.0,46.32833525567089,53.90234525182622,49.59885386819485,39.91404011461318,45.39295392953929,51.12917795844625,60.1451421800948,60.08590047393365,45.18907563025208,44.36974789915966,49.33087217275039,49.880242339595796,76.0313216195569,82.34748444832478,78.19993571198968,84.7273116897032,80.06462984723855,90.25616921269095,85.01365653806761,92.37282348924548,82.38294211625906,92.3374708123387,80.33849716662237,88.40825193046062,64.83468466968638,69.14424713502821,0.6765434709921216,50.0,51.06382978723405,50.00000000000002,54.824561403508774,50.00000000000002,56.52173913043478,49.999999999999986,79.7979797979798,49.99999999999999,57.49999999999999,50.000000000000014,59.941622023831485,70.12987012987011,91.26328217237308,77.1390374331551,91.44385026737967,76.69172932330827,89.3796992481203,82.8125,93.09895833333334,74.15966386554621,90.12605042016807,76.18656015037593,91.0623680882749,63.09328007518797,75.50199505605319,0.6825440812394534
225.0,46.674356016916576,50.63437139561707,49.169054441260755,45.8595988538682,57.09123757904244,52.42396868413128,53.228672985782,52.42890995260663,53.84453781512602,47.436974789915965,52.001571767625556,49.75676473522783,74.75171886936593,82.90952744734257,78.3660130718954,86.1352191149684,80.66980023501765,89.34430082256168,82.54694434960737,89.9248890406282,85.15730613248125,93.04411945434435,80.29835653167352,88.27161117596904,66.14996414964953,69.01418795559843,0.6736123754595442,50.0,47.87234042553192,50.00000000000002,53.0701754385965,50.00000000000002,55.79710144927537,49.999999999999986,79.7979797979798,49.99999999999999,55.833333333333336,50.000000000000014,58.474186088943384,70.12987012987011,91.26328217237308,77.1390374331551,91.53297682709447,76.69172932330827,89.47368421052632,82.8125,93.09895833333334,74.15966386554621,90.12605042016807,76.18656015037593,91.09899039269905,63.09328007518797,74.78658824082122,0.682180020077106
226.0,50.845828527489424,48.5198000768935,46.95558739255015,54.7134670487106,47.01897018970189,42.06564287865101,55.124407582938396,53.36196682464455,52.3739495798319,46.17647058823528,50.46374865450235,48.96746948342699,75.82123758594346,82.05827785659719,78.03814421943639,85.92306868102432,81.25734430082258,90.3572267920094,77.66643905769888,89.4400819392284,77.76207447462211,91.04092417352832,78.1090479277047,87.76391588847753,64.28639829110352,68.36569268595225,0.6831479886380468,50.0,48.93617021276596,50.00000000000002,54.385964912280706,50.00000000000002,55.79710144927537,49.999999999999986,80.13468013468015,49.99999999999999,55.833333333333336,50.000000000000014,59.017450008467094,70.12987012987011,91.38134592680048,77.1390374331551,91.53297682709447,76.69172932330827,89.47368421052632,82.8125,93.09895833333334,74.15966386554621,90.12605042016807,76.18656015037593,91.12260314358454,63.09328007518797,75.07002657602581,0.6816447376503494
227.0,50.84582852748943,51.364859669357934,46.09598853868195,41.84813753581661,55.64588979223125,50.34628124059019,54.88744075829385,47.67476303317535,48.004201680672246,44.285714285714285,51.09586985947375,47.10395115293087,74.52253628724218,81.51533340608971,79.18354226936674,84.9587485267331,80.38777908343128,89.56521739130434,82.15773301468079,92.38989416182997,84.42915079267544,92.3251812707386,80.13614828947928,88.15087495133913,65.61600907447652,67.627413052135,0.673042880419425,50.0,47.87234042553191,50.00000000000002,53.50877192982456,50.00000000000002,54.347826086956516,49.999999999999986,80.13468013468015,49.99999999999999,55.833333333333336,50.000000000000014,58.33939038206529,70.12987012987011,91.61747343565526,77.1390374331551,91.62210338680927,76.69172932330827,89.3796992481203,82.8125,93.09895833333334,74.15966386554621,90.12605042016807,76.18656015037593,91.16885696481725,63.09328007518797,74.75412367344127,0.6813136782109858
228.0,51.88389081122645,56.132256824298345,48.452722063037264,40.429799426934096,50.542005420054195,45.98012646793135,47.4526066350711,50.82197867298578,48.78151260504199,47.77310924369748,49.422547506886204,48.22745412716941,74.92360580595874,82.97500818509222,76.72774027643841,85.40662166505946,80.34077555816688,88.94712103407755,81.60976442471835,92.70399453738477,77.70984392282169,91.11466142312892,78.26234599762081,88.22948136894858,63.84244675225351,68.22846774805899,0.678853726453557,50.0,51.06382978723405,50.00000000000002,61.8421052631579,50.00000000000002,60.14492753623188,49.999999999999986,83.16498316498317,49.99999999999999,64.16666666666666,50.000000000000014,64.07650248365474,70.12987012987011,91.61747343565526,77.1390374331551,91.62210338680927,76.69172932330827,89.3796992481203,82.8125,93.09895833333334,74.15966386554621,90.12605042016807,76.18656015037593,91.16885696481725,63.09328007518797,77.622679724236,0.6806697152013756
229.0,40.08073817762399,33.0642060745867,51.669054441260755,50.01432664756447,51.12917795844625,50.01505570611262,54.272808056872044,54.76895734597156,46.00840336134451,42.983193277310924,48.63203639910951,46.169147810309255,75.40106951871657,81.09789370293572,77.05453766205935,84.84731597557055,78.93066980023504,87.65687426556991,82.05189484465689,91.4714919767839,76.98168858301587,90.73368563352587,78.08397208173673,87.1614523108772,63.35800424042312,66.66530006059322,0.6852221786060071,50.0,52.12765957446809,50.00000000000002,61.8421052631579,50.00000000000002,59.42028985507246,49.999999999999986,82.82828282828282,49.99999999999999,64.16666666666666,50.000000000000014,64.0770008375296,70.12987012987011,91.61747343565526,77.1390374331551,91.62210338680927,76.69172932330827,89.3796992481203,82.8125,93.09895833333334,74.15966386554621,90.12605042016807,76.18656015037593,91.16885696481725,63.09328007518797,77.62292890117342,0.6801247319710876
230.0,46.15532487504805,60.976547481737796,49.88538681948425,50.88825214899714,45.79945799457994,42.005420054200535,48.97067535545025,44.90521327014218,54.62184873949576,53.109243697478995,49.086538756811656,50.37693533051133,74.54163483575248,78.05849612572302,77.05668059573554,86.97953498339226,81.1515863689777,90.737955346651,82.65278251963127,92.47183339023557,80.38896399164312,91.31129408873049,79.15832966234802,87.91182278694647,64.12243420957984,69.1443790587289,0.6743653010785424,50.0,53.191489361702125,50.00000000000002,62.71929824561404,50.00000000000002,63.76811594202898,49.999999999999986,82.49158249158249,49.99999999999999,63.33333333333333,50.000000000000014,65.10076387485219,70.12987012987011,91.61747343565526,77.1390374331551,91.71122994652407,76.69172932330827,89.3796992481203,82.8125,93.09895833333334,74.15966386554621,90.12605042016807,76.18656015037593,91.18668227676021,63.09328007518797,78.14372307580621,0.6802220470939827
231.0,51.537870049980775,65.359477124183,53.452722063037264,49.31232091690544,45.618789521228535,41.644083107497735,56.92387440758295,48.237559241706165,48.046218487394924,41.97478991596639,51.11589490584489,49.30564606125175,74.96180290297937,82.77310924369748,78.3670845387335,85.5223400835744,80.88131609870743,88.41363102232667,81.66268350973029,89.96585865483101,82.14022366965712,91.07164802752857,79.60262214396155,87.54931740639162,65.35925852490323,68.42748173382168,0.6781885322418831,50.0,55.31914893617022,50.00000000000002,63.596491228070185,50.00000000000002,62.31884057971014,49.999999999999986,82.82828282828282,49.99999999999999,64.16666666666666,50.000000000000014,65.64588604778001,70.12987012987011,91.61747343565526,77.1390374331551,91.71122994652407,76.69172932330827,89.3796992481203,82.8125,93.09895833333334,74.15966386554621,90.12605042016807,76.18656015037593,91.18668227676021,63.09328007518797,78.4162841622701,0.6796529520677773
232.0,56.22837370242214,57.09342560553634,50.66618911174786,47.779369627507165,56.63956639566394,54.742547425474264,48.496741706161146,43.63151658767772,61.84873949579829,62.3109243697479,54.77592208235867,53.11155672318868,74.6466768525592,83.56160646076614,78.03814421943639,86.45451623272258,81.36897767332553,88.68155111633374,80.47797883236602,90.6008876749744,82.14022366965712,90.77055425832617,79.33440024946886,88.01382314862461,67.05516116591376,70.56268993590665,0.673199154370393,50.0,55.319148936170215,50.00000000000002,64.91228070175438,50.00000000000002,65.94202898550724,49.999999999999986,81.81818181818181,49.99999999999999,62.5,50.000000000000014,66.09832808832273,70.12987012987011,91.61747343565526,77.1390374331551,91.62210338680927,76.69172932330827,89.3796992481203,82.8125,93.09895833333334,74.15966386554621,90.12605042016807,76.18656015037593,91.16885696481725,63.09328007518797,78.63359252657,0.6793376964134107
233.0,51.364859669357934,51.4801999231065,52.67191977077365,46.69054441260745,55.64588979223125,49.382716049382715,60.4783767772512,57.257109004739334,47.39495798319325,44.87394957983194,53.51120079856146,49.93690379393358,76.8716577540107,82.03917930808687,79.02175077681342,85.9123540126433,81.1515863689777,90.07990599294948,79.58518265619666,91.53977466712189,82.38294211625907,90.78284379992627,79.8026239344515,88.07081155614556,66.65691236650648,69.00385767503957,0.6720118868102358,50.0,55.319148936170215,50.00000000000002,65.35087719298247,50.00000000000002,65.94202898550724,49.999999999999986,81.81818181818181,49.99999999999999,62.5,50.000000000000014,66.18604738656835,70.12987012987011,91.61747343565526,77.1390374331551,91.71122994652407,76.69172932330827,89.3796992481203,82.8125,93.09895833333334,74.15966386554621,90.12605042016807,76.18656015037593,91.18668227676021,63.09328007518797,78.68636483166428,0.6790601794898187
234.0,40.5997693194925,47.94309880815071,54.312320916905456,50.41547277936962,52.800361336946686,53.74887082204155,48.541172985782,42.89099526066351,52.3739495798319,54.495798319327726,49.72551482779171,49.89884719791063,75.48701298701297,81.44166757612136,77.54741240758595,85.6637737062038,78.27849588719157,89.49471210340776,81.80437009218163,90.8330488221236,81.26459383065011,91.21912252672976,78.87637704092444,87.73046494691725,64.30094593435808,68.81465607241394,0.6771041321488159,50.0,53.191489361702125,50.00000000000002,64.03508771929825,50.00000000000002,65.94202898550724,49.999999999999986,82.49158249158249,49.99999999999999,62.5,50.000000000000014,65.63203771161803,70.12987012987011,91.61747343565526,77.1390374331551,91.71122994652407,78.00751879699249,89.3796992481203,82.8125,93.09895833333334,74.15966386554621,90.33613445378151,76.44971804511279,91.2286990834829,63.2248590225564,78.43036839755047,0.6785404997527419
235.0,57.09342560553634,59.015763168012306,51.09598853868196,49.455587392550136,52.34869015356819,50.76784101174346,54.50977488151659,53.16943127962086,48.823529411764675,42.3109243697479,52.774281718213544,50.943909444334935,75.48701298701297,82.95590963658191,79.51248258866386,85.06589521054325,79.95887191539369,89.1186839012926,80.38067599863435,90.614544213042,81.89750522305519,94.07029617795257,79.44730974255201,88.36506582788246,66.11079573038278,69.6544876361087,0.6689275555597733,50.0,53.19148936170214,50.00000000000002,64.91228070175438,50.00000000000002,65.94202898550724,49.999999999999986,82.49158249158249,49.99999999999999,62.5,50.000000000000014,65.80747630810926,70.12987012987011,91.61747343565526,77.1390374331551,91.71122994652407,76.69172932330827,89.3796992481203,82.8125,93.09895833333334,74.15966386554621,90.33613445378151,76.18656015037593,91.2286990834829,63.09328007518797,78.51808769579608,0.6783360602665136
236.0,50.6728181468666,49.63475586312956,56.52578796561606,55.98853868194842,48.69015356820234,48.208370972598615,53.18424170616115,52.29561611374407,54.62184873949577,45.54621848739496,52.73897002526839,50.33470002376312,76.32734912146675,83.91902215431628,79.02067930997532,85.57805635915568,79.7943595769683,88.70975323149236,81.75998634346195,91.85046090815977,82.28769816885831,91.2375568391299,79.83801450414612,88.2589698984508,66.28849226470726,69.29683496110695,0.6704535388932589,50.0,54.255319148936174,50.00000000000002,64.03508771929826,50.00000000000002,61.59420289855072,49.999999999999986,82.49158249158249,49.99999999999999,63.33333333333333,50.000000000000014,65.14190511834019,70.12987012987011,91.61747343565526,77.1390374331551,91.80035650623886,76.69172932330827,89.28571428571429,82.8125,93.09895833333334,74.15966386554621,90.12605042016807,76.18656015037593,91.18571059622198,63.09328007518797,78.16380785728109,0.6781126554494326
237.0,52.921953094963484,54.517493271818516,49.169054441260755,43.33810888252149,50.09033423667568,43.601324902137904,56.5462085308057,47.689573459715646,48.1302521008403,49.495798319327726,51.37156048090918,47.728459767104255,75.38197097020627,82.71854196223944,79.83820850744667,86.89596057002036,81.42773207990602,89.43595769682727,81.56538067599864,91.24957323318539,81.75003072385401,92.74302568514194,79.99266459148234,88.6086118294829,65.68211253619576,68.16853579829358,0.6686315845239172,50.0,53.19148936170214,50.00000000000002,64.03508771929826,50.00000000000002,62.31884057971014,49.999999999999986,82.82828282828282,49.99999999999999,61.66666666666667,50.000000000000014,64.808073431132,70.12987012987011,91.61747343565526,77.1390374331551,91.80035650623886,76.69172932330827,89.3796992481203,82.8125,93.09895833333334,74.15966386554621,90.12605042016807,76.18656015037593,91.20450758870318,63.09328007518797,78.00629050991759,0.6779038698691039
238.0,51.88389081122645,51.44175317185697,45.80945558739256,42.72206303724928,56.458897922312545,52.54441433303221,51.903139810426545,50.429502369668235,50.336134453781476,45.33613445378152,51.27830371702792,48.49477347311763,75.40106951871657,82.21652297282549,79.18139933569053,84.7958855673417,80.88131609870743,89.22914218566393,82.84738818709457,92.07579378627518,84.91458768587931,92.07324566793659,80.6451521652177,88.07811803600859,65.9617279411228,68.28644575456312,0.6672654141167996,50.0,53.191489361702125,50.00000000000002,64.91228070175438,50.00000000000002,65.94202898550724,49.999999999999986,82.82828282828282,49.99999999999999,63.33333333333333,50.000000000000014,66.04148304211597,70.12987012987011,91.61747343565526,77.1390374331551,91.88948306595366,76.69172932330827,89.3796992481203,82.8125,92.96874999999999,74.15966386554621,90.33613445378151,76.18656015037593,91.23830804070215,63.09328007518797,78.63989554140906,0.6774112420005874
239.0,44.252210688196854,42.522106881968476,50.66618911174787,46.43266475644699,49.2773261065944,58.77747666365553,56.87944312796209,53.06575829383886,51.638655462184836,44.957983193277315,50.5427648993372,49.151197957837425,74.22650878533233,83.88628178544145,78.52887603128681,86.00664309439622,79.52408930669802,88.6439482961222,80.92010925230456,91.9904404233527,82.92060956126338,91.92577116873541,79.22403858737702,88.49061695360959,64.88340174335711,68.8209074557235,0.673560142820359,50.0,58.51063829787234,50.00000000000002,67.98245614035089,50.00000000000002,64.4927536231884,49.999999999999986,81.81818181818181,49.99999999999999,63.33333333333333,50.000000000000014,67.22747264258535,70.12987012987011,91.61747343565526,77.1390374331551,91.97860962566847,78.00751879699249,89.28571428571429,82.8125,92.96874999999999,74.15966386554621,90.33613445378151,76.44971804511279,91.23733636016391,63.2248590225564,79.23240450137463,0.6769459511268556
240.0,45.463283352556715,44.71357170319108,55.02865329512895,53.581661891117484,51.761517615176146,57.78380006022282,51.903139810426545,49.09656398104265,51.80672268907559,45.33613445378151,51.19266335247279,50.10234641787111,74.08326967150497,82.48117428789698,78.52887603128681,86.8466730954677,80.76968272620448,89.59811985898942,81.60976442471835,91.52953226357118,86.23264102248986,92.54639301954037,80.2448467752409,88.60037850509313,65.71875506385685,69.35136246148213,0.6671467060701481,50.0,55.319148936170215,50.00000000000002,66.22807017543862,50.00000000000002,65.94202898550724,49.999999999999986,82.82828282828282,49.99999999999999,62.5,50.000000000000014,66.56350618507977,70.12987012987011,91.61747343565526,77.1390374331551,92.06773618538324,76.69172932330827,89.56766917293234,82.8125,92.96874999999999,74.15966386554621,90.33613445378151,76.18656015037593,91.31155264955046,63.09328007518797,78.93752941731512,0.6762816208991331
241.0,51.53787004998078,52.74894271434064,53.02292263610317,46.77650429799427,52.39385727190603,52.63474856970791,55.265106635071106,48.45971563981043,45.14705882352937,50.08403361344538,51.47336308331809,50.14078896705973,75.69709702062643,81.90821783258758,78.85567341690772,86.18236365584485,81.1515863689777,88.63689776733256,83.78456811198363,91.87435984977807,82.7731350620622,91.45876858793167,80.45241199611152,88.01212153869494,65.96288753971481,69.07645525287734,0.6705757868638899,50.0,55.319148936170215,50.00000000000002,66.66666666666667,50.00000000000002,65.94202898550724,49.999999999999986,82.82828282828282,49.99999999999999,62.5,50.000000000000014,66.65122548332538,70.12987012987011,91.73553719008265,77.1390374331551,92.15686274509804,76.69172932330827,89.56766917293234,82.8125,92.96874999999999,74.15966386554621,90.33613445378151,76.18656015037593,91.35299071237891,63.09328007518797,79.00210809785214,0.6759906047624445
242.0,52.22991157247213,51.326412918108424,50.95272206303726,48.739255014326645,47.651309846431786,40.13851249623607,55.36137440758294,52.56220379146919,45.231092436974755,44.99999999999999,50.285282065299775,47.55327684402807,74.41749427043544,81.39255702280911,78.203150112504,85.92521161470053,81.90951821386606,89.7978848413631,84.07647661317857,91.77193581427109,79.123141206833,90.56163205112449,79.54595608336341,87.88984426885366,64.91561907433159,67.72156055644086,0.6742090343284669,50.0,53.191489361702125,50.00000000000002,66.22807017543862,50.00000000000002,65.94202898550724,49.999999999999986,82.82828282828282,49.99999999999999,63.33333333333333,50.000000000000014,66.30464093685283,70.12987012987011,91.73553719008265,77.1390374331551,92.24598930481284,76.69172932330827,89.56766917293234,82.8125,92.96874999999999,74.15966386554621,90.33613445378151,76.18656015037593,91.37081602432185,63.09328007518797,78.83772848058734,0.6757052868891408
243.0,56.05536332179931,70.319108035371,58.73925501432665,50.931232091690546,51.355013550135496,53.89942788316772,53.4212085308057,53.71741706161137,51.638655462184836,50.042016806722685,54.241899175850406,55.78184037571266,75.69709702062643,84.64203863363527,80.00214293367618,86.3795135540555,79.35957696827263,90.12690951821386,84.3240013656538,90.91840218504609,81.89750522305519,92.98267174634385,80.25606470225685,89.00990712745892,67.24898193905364,72.39587375158578,0.6566863643819031,50.0,58.51063829787234,50.00000000000002,71.05263157894737,50.00000000000002,63.76811594202898,49.999999999999986,82.49158249158249,49.99999999999999,62.5,50.000000000000014,67.66459366208623,70.12987012987011,91.73553719008265,77.1390374331551,92.15686274509804,76.69172932330827,89.56766917293234,82.8125,92.96874999999999,74.15966386554621,90.33613445378151,76.18656015037593,91.35299071237891,63.09328007518797,79.50879218723257,0.6753547499878392
244.0,57.61245674740485,58.20838139177239,48.24498567335244,43.55300859598854,54.42637759710929,47.60614272809395,52.8065758293839,47.1563981042654,47.39495798319325,43.99159663865546,52.09707076608875,48.10310549175515,75.1718869365928,79.85648804976536,77.87420979320687,85.83949426765243,79.41833137485315,89.64747356051703,81.3178559235234,92.37965175827927,81.11711933144895,92.27602310433821,78.97988067192503,87.99982614811046,65.5384757190069,68.0514658199328,0.668783453901438,50.0,59.57446808510638,50.00000000000002,71.49122807017545,50.00000000000002,63.76811594202898,49.999999999999986,83.83838383838385,49.99999999999999,64.16666666666666,50.000000000000014,68.56777252047227,70.12987012987011,91.73553719008265,77.1390374331551,92.24598930481284,78.00751879699249,89.56766917293234,82.8125,92.96874999999999,74.15966386554621,90.33613445378151,76.44971804511279,91.37081602432185,63.2248590225564,79.96929427239706,0.6749858223051761
245.0,47.193387158785086,52.0953479430988,50.171919770773656,49.01146131805157,49.27732610659439,43.39054501656128,48.97067535545025,42.09123222748815,53.151260504201645,51.344537815126046,49.752913779161005,47.58662486406517,75.46791443850267,84.02269998908655,77.54634094074785,87.93956927033109,79.52408930669802,89.60282021151588,81.07033117104814,92.18504609081599,86.4231289172914,92.6631436647413,80.00636095485761,89.28265584529817,64.87963736700931,68.43464035468168,0.6672207307163251,50.0,58.510638297872354,50.00000000000002,68.85964912280703,50.00000000000002,63.76811594202898,49.999999999999986,83.16498316498317,49.99999999999999,63.33333333333333,50.000000000000014,67.52734397220496,70.12987012987011,91.73553719008265,77.1390374331551,92.24598930481284,78.00751879699249,89.66165413533835,82.8125,92.96874999999999,74.15966386554621,90.33613445378151,76.44971804511279,91.38961301680305,63.2248590225564,79.458478494504,0.6749190394767183
246.0,57.26643598615918,78.04690503652441,54.025787965616054,47.20630372492837,60.16260162601624,58.95814513700692,51.999407582938396,47.09715639810427,55.357142857142826,46.76470588235294,55.76227520357454,55.61464323578339,75.61115355233002,82.41023682200152,78.69388192435443,85.92735454837673,81.20446533490014,90.86251468860165,82.64424718333905,93.32536701946056,82.14022366965712,92.19614108393756,80.05879433291615,88.94432283247559,67.91053476824534,72.2794830341295,0.654155215553349,50.0,59.57446808510638,50.00000000000002,71.49122807017545,50.00000000000002,65.21739130434783,49.999999999999986,83.83838383838385,49.99999999999999,66.66666666666666,50.000000000000014,69.35762759293603,70.77922077922076,91.73553719008265,77.1390374331551,92.24598930481284,78.00751879699249,89.66165413533835,82.8125,93.09895833333334,74.15966386554621,90.33613445378151,76.5795881749829,91.41565468346974,63.28979408749146,80.38664113820289,0.67469565131993
247.0,40.42675893886966,43.94463667820069,57.67191977077365,54.770773638968485,47.24480578139115,49.05149051490515,48.59300947867299,44.80154028436019,46.74369747899157,37.47899159663866,48.13603828973981,46.00948654261463,74.73262032085562,86.33635272290734,79.18461373620485,87.70170363227258,81.2103407755582,87.86133960047003,81.21201775349948,92.34209627859337,84.03895784687232,92.91507926754332,80.0757100865981,89.43131430035733,64.10587418816895,67.72040042148598,0.6696479691434822,50.0,58.51063829787234,50.00000000000002,71.49122807017545,50.00000000000002,64.4927536231884,49.999999999999986,83.16498316498317,49.99999999999999,64.16666666666666,50.000000000000014,68.3652539645772,70.12987012987011,91.73553719008265,77.1390374331551,92.15686274509804,78.00751879699249,89.56766917293234,82.8125,93.22916666666666,74.15966386554621,90.33613445378151,76.44971804511279,91.40507404571224,63.2248590225564,79.88516400514473,0.674078645388734
248.0,51.018838908112265,52.441368704344484,45.95272206303726,43.69627507163323,51.35501355013549,59.47003914483589,47.4526066350711,43.187203791469194,55.35714285714282,55.96638655462185,50.22726480269979,50.95225465338093,75.92627960275018,83.50431081523519,78.203150112504,86.23807993142613,81.20446533490014,89.6427732079906,82.25503584841243,92.99761010583816,84.5243947400762,93.87366351235099,80.4226651277286,89.2512875145682,65.3249649652142,70.10177108397457,0.663451648290779,50.0,58.510638297872354,50.00000000000002,68.85964912280703,50.00000000000002,63.76811594202898,49.999999999999986,83.50168350168352,49.99999999999999,62.5,50.000000000000014,67.42801737287837,70.12987012987011,91.73553719008265,77.1390374331551,92.24598930481285,78.00751879699249,89.47368421052633,82.8125,93.359375,74.15966386554621,90.33613445378151,76.44971804511279,91.43014403184065,63.2248590225564,79.42908070235951,0.673824944945012
249.0,57.61245674740485,49.01960784313726,53.388252148997154,48.61031518624642,51.53568202348689,43.96266184884071,51.903139810426545,48.80035545023697,54.57983193277307,50.50420168067227,53.80387253261771,48.179428401826726,75.1527883880825,82.09920331769072,78.03921568627449,88.01671488267438,82.77908343125736,89.22444183313748,83.8289518607033,91.82997610105839,78.63770431362911,92.85977633034288,79.68754873598935,88.80602249298076,66.74571063430353,68.49272544740374,0.6652679069506875,50.0,57.446808510638306,50.00000000000002,71.05263157894738,50.00000000000002,63.76811594202898,49.999999999999986,83.16498316498317,49.99999999999999,62.5,50.000000000000014,67.58650783931957,70.12987012987011,91.73553719008265,77.1390374331551,92.33511586452764,78.00751879699249,89.66165413533835,82.8125,93.359375,74.15966386554621,90.33613445378151,76.44971804511279,91.48556332874603,63.2248590225564,79.53603558403279,0.6732173120360342
250.0,56.57439446366783,58.362168396770464,55.02865329512895,55.63037249283668,52.57452574525744,49.56338452273412,50.2962085308057,51.895734597156405,52.415966386554594,44.45378151260505,53.377949684282896,51.98108830442054,75.25783040488922,80.21117537924259,78.20100717882778,85.10875388406728,80.55229142185667,90.39012925969448,82.00751109593719,92.86104472516217,80.24148949244193,91.58166400393264,79.25202591879057,88.03055345041983,66.31498780153673,70.00582087742018,0.6646608054946872,50.0,59.57446808510638,50.00000000000002,71.49122807017545,50.00000000000002,65.94202898550725,49.999999999999986,84.17508417508418,49.99999999999999,66.66666666666667,50.000000000000014,69.56989519650799,70.77922077922076,91.73553719008265,77.1390374331551,92.33511586452764,78.00751879699249,89.66165413533835,84.89583333333333,93.09895833333334,74.15966386554621,90.54621848739495,76.99625484164957,91.4754968021354,63.498127420824794,80.52269599932168,0.67270589322231
251.0,58.82352941176471,68.43521722414457,59.88538681948425,52.07736389684814,55.01355013550134,56.91056910569105,56.92387440758294,55.07997630331754,50.86134453781509,49.45378151260505,56.30153706242967,56.39138160852126,76.76661573720396,82.15104223507585,77.87528126004497,86.15879138540662,80.60517038777911,91.34900117508813,82.59986343461932,93.41413451689998,82.53041661546025,93.36364753594691,80.07546948702152,89.2873233696835,68.18850327472559,72.83935248910238,0.6512817622627235,50.0,62.76595744680851,50.00000000000002,75.43859649122808,50.00000000000002,66.66666666666666,49.999999999999986,84.17508417508418,49.99999999999999,66.66666666666667,50.000000000000014,71.14259428929083,70.77922077922076,91.85360094451002,77.1390374331551,92.33511586452764,78.00751879699249,89.56766917293234,82.8125,93.48958333333334,74.15966386554621,90.54621848739495,76.5795881749829,91.55843756053966,63.28979408749146,81.35051592491524,0.6728479312326155
252.0,46.674356016916576,54.82506728181469,48.961318051575944,43.63896848137536,53.16169828364949,48.75037639265282,55.22067535545025,48.32642180094787,55.357142857142826,58.445378151260506,51.87503811294702,50.79724242161025,75.90718105423987,82.05009276437848,78.19993571198968,86.5359477124183,80.12338425381907,89.27849588719154,85.60600887674974,94.45544554455445,81.89750522305519,92.3006021875384,80.34680302397071,88.92411681921622,66.11092056845887,69.86067962041324,0.6587667283848152,50.0,63.829787234042556,50.00000000000002,75.43859649122808,50.00000000000002,66.66666666666666,49.999999999999986,84.17508417508418,49.99999999999999,66.66666666666667,50.000000000000014,71.35536024673763,70.77922077922076,91.73553719008265,77.1390374331551,92.42424242424244,78.00751879699249,89.56766917293233,82.8125,93.48958333333334,74.15966386554621,90.54621848739495,76.5795881749829,91.55265012159714,63.28979408749146,81.45400518416739,0.6722918512414081
253.0,49.8077662437524,45.44405997693195,43.38825214899714,44.871060171919765,50.72267389340559,38.75338753387534,43.2390402843602,38.95142180094787,53.84453781512602,51.30252100840336,48.20045407712827,43.86449009841565,75.71619556913674,83.91083706209757,77.54741240758595,85.56519875709847,79.19506462984727,90.40188014101058,83.53704335950837,92.61181290542847,80.874400884847,93.86751874155095,79.37402337018507,89.2714495214372,63.78723872365667,66.56796980992642,0.6676879194188494,50.0,60.63829787234043,50.00000000000002,71.92982456140352,50.00000000000002,65.21739130434783,49.999999999999986,84.17508417508418,49.99999999999999,63.33333333333333,50.000000000000014,69.05878624930185,70.77922077922076,91.73553719008265,77.1390374331551,92.42424242424244,78.00751879699249,89.66165413533835,82.8125,93.48958333333334,74.15966386554621,90.54621848739495,76.5795881749829,91.57144711407837,63.28979408749146,80.31511668169011,0.6721328285784993
254.0,55.882352941176485,51.787773933102656,52.38538681948426,48.32378223495702,43.94760614272809,38.392050587172534,55.22067535545023,48.93364928909952,52.45798319327728,57.10084033613445,51.97880089042327,48.907619276093236,74.64667685255921,82.43479209865764,78.3681560055716,84.10371798992821,81.90951821386606,89.1774383078731,82.10481392966882,91.63195629907818,83.3108025070665,93.65245176354921,80.06799350174644,88.20007129181727,66.02339719608486,68.55384528395525,0.6649633654998354,50.0,59.57446808510638,50.00000000000002,71.05263157894738,50.00000000000002,65.21739130434783,49.999999999999986,83.83838383838385,49.99999999999999,61.66666666666667,50.000000000000014,68.26990829469042,70.77922077922076,91.85360094451002,77.1390374331551,92.42424242424244,76.69172932330827,89.75563909774436,82.8125,93.48958333333334,74.15966386554621,90.54621848739495,76.31643028024607,91.61385685744503,63.15821514012304,79.94188257606773,0.6721321044388228
255.0,56.747404844290664,45.25182622068436,49.169054441260755,47.00573065902579,47.651309846431786,44.08310749774165,56.5462085308057,55.938981042654035,49.64285714285711,51.470588235294116,51.9513669611292,48.75004673107999,74.73262032085562,82.07191967696168,77.54526947390976,85.41305046608807,82.40305522914223,88.39012925969449,83.88187094571525,92.02458176852167,78.68071770922946,94.51886444635616,79.44870673577046,88.4837091235244,65.70003684844983,68.6168779273022,0.6631255034928761,50.0,61.702127659574465,50.00000000000002,71.92982456140352,50.00000000000002,65.94202898550725,49.999999999999986,84.17508417508418,49.99999999999999,64.16666666666667,50.000000000000014,69.58314640964721,70.77922077922076,91.85360094451002,77.1390374331551,92.42424242424244,78.00751879699249,89.75563909774436,82.8125,93.61979166666667,74.15966386554621,90.54621848739495,76.5795881749829,91.63989852411169,63.28979408749146,80.61152246687945,0.6717274670559783
256.0,46.501345636293735,34.98654363706267,59.31232091690545,54.32664756446992,48.057813911472444,43.99277326106594,45.03850710900475,42.38744075829384,51.55462184873946,51.30252100840336,50.09292188448317,45.399185245859144,74.6275783040489,82.22470806504421,78.203150112504,85.32519018536377,78.92479435957699,90.97767332549942,83.43974052577671,92.93274155001706,81.11711933144893,90.75826471672606,79.26247652667111,88.44371556853011,64.67769920557714,66.92145040719463,0.6702727135510276,50.0,59.57446808510638,50.00000000000002,71.05263157894738,50.00000000000002,64.4927536231884,49.999999999999986,83.83838383838385,49.99999999999999,63.33333333333333,50.000000000000014,68.45831409179186,70.77922077922076,91.97166469893743,77.1390374331551,92.33511586452764,78.00751879699249,89.75563909774436,82.8125,93.61979166666667,74.15966386554621,90.54621848739495,76.5795881749829,91.6456859630542,63.28979408749146,80.05200002742303,0.6715563692105502
257.0,39.56170703575549,42.791234140715105,54.74212034383956,47.7650429799427,52.1680216802168,50.978620897320084,58.204976303317544,51.051540284360186,43.193277310924344,36.51260504201681,49.57402053481075,45.81980866887098,74.29335370511839,79.87558659827567,77.38240651451834,84.7101682202936,80.55229142185667,89.91304347826087,81.1232502560601,93.75554796858995,81.35983777805089,92.51566916554013,78.94222793512088,88.15400308619205,64.25812423496582,66.98690587753151,0.6696651357463081,50.0,59.57446808510638,50.00000000000002,71.49122807017545,50.00000000000002,65.21739130434783,49.999999999999986,84.17508417508418,49.99999999999999,65.0,50.000000000000014,69.09163432694277,70.77922077922076,91.97166469893743,77.1390374331551,92.33511586452764,78.00751879699249,89.75563909774436,82.8125,93.61979166666667,74.15966386554621,90.96638655462185,76.5795881749829,91.7297195764996,63.28979408749146,80.41067695172119,0.6709611425353668
258.0,51.883890811226465,71.81853133410226,54.025787965616054,53.26647564469914,53.79403794037938,57.78380006022281,55.8797393364929,54.75414691943128,47.31092436974787,40.0,52.57887608469254,55.5245907916911,76.76661573720396,82.60667903525048,76.89274616950603,87.0738240651452,81.42185663924796,90.06815511163337,81.22055308979175,92.40696483441447,81.02187538404819,93.22231780754578,79.46472940395958,89.07558817079786,66.02180274432607,72.30008948124447,0.6560599744735435,50.0,62.76595744680851,50.00000000000002,72.36842105263158,50.00000000000002,66.66666666666667,49.999999999999986,84.17508417508418,49.99999999999999,65.83333333333333,50.000000000000014,70.36189253490485,70.77922077922076,91.97166469893743,77.1390374331551,92.24598930481285,78.00751879699249,89.75563909774436,82.8125,93.61979166666667,74.15966386554621,90.75630252100841,76.5795881749829,91.66987745783395,63.28979408749146,81.01588499636941,0.6710130556257635
259.0,44.59823144944252,35.10188389081123,57.52865329512894,43.5243553008596,47.651309846431786,44.80578139114724,49.72600710900474,45.86789099526066,49.47478991596635,38.78151260504201,49.795798323194866,41.61628483662415,74.41749427043544,82.3665829968351,78.3660130718954,86.87453123325832,79.95887191539369,88.92361927144536,83.53704335950837,90.82622055308978,79.21838515423374,92.84748678874278,79.09956155429332,88.36768816867428,64.44767993874409,64.99198650264921,0.6785289562675104,50.0,59.57446808510638,50.00000000000002,71.9298245614035,50.00000000000002,65.21739130434783,49.999999999999986,83.83838383838385,49.99999999999999,63.33333333333333,50.000000000000014,68.77868022451497,70.77922077922076,91.97166469893743,77.1390374331551,92.24598930481285,78.00751879699249,89.94360902255639,82.8125,93.75,74.15966386554621,90.54621848739495,76.5795881749829,91.69149630274032,63.28979408749146,80.23508826362765,0.6703731521358106
260.0,45.80930411380238,43.52172241445598,57.09885386819485,56.41833810888252,49.096657633243,41.70430593194821,55.316943127962105,54.91706161137441,62.54201680672266,64.87394957983193,53.972755109984995,52.28707552929861,75.92627960275018,85.01309614754993,77.54526947390976,86.07093110468232,80.44653349001179,89.97884841363101,80.23045407989075,91.4202799590304,81.84527467125477,93.08098807914466,79.19876226356345,89.11282874080766,66.58575868677423,70.69995213505314,0.6548281029660487,50.0,62.76595744680851,50.00000000000002,72.36842105263158,50.00000000000002,65.94202898550725,49.999999999999986,84.17508417508418,49.99999999999999,64.16666666666667,50.000000000000014,69.88363166533965,70.77922077922076,91.97166469893743,77.1390374331551,92.24598930481285,78.00751879699249,90.0375939849624,82.8125,93.75,74.15966386554621,90.54621848739495,76.5795881749829,91.71029329522153,63.28979408749146,80.7969624802806,0.6702233572021575
261.0,53.440984236832,39.33102652825836,50.31518624641835,56.54727793696275,53.613369467027994,48.931044866004214,60.004443127962105,57.375592417061604,52.373949579831894,48.193277310924366,53.949586531614464,50.075643811842255,75.27692895339953,82.00643893921205,78.85674488374582,86.88953176899174,81.3160987074031,90.11280846063455,82.69716626835098,93.02833731649028,82.92060956126338,91.39117610913112,80.21350967483257,88.68565851889196,67.08154810322351,69.38065116536711,0.659630284569171,50.0,65.95744680851064,50.00000000000002,75.0,50.00000000000002,66.66666666666667,49.999999999999986,84.17508417508418,49.99999999999999,66.66666666666667,50.000000000000014,71.69317286338563,70.77922077922076,91.97166469893743,77.1390374331551,92.24598930481285,78.00751879699249,89.94360902255639,82.8125,93.75,74.15966386554621,90.54621848739495,76.5795881749829,91.69149630274032,63.28979408749146,81.69233458306297,0.6698808154663118
262.0,52.5759323337178,32.410611303344865,53.88252148997136,49.25501432664756,52.34869015356819,55.91689250225835,51.0515402843602,47.808056872037916,56.05042016806719,54.537815126050425,53.18182088593695,47.98567802606782,75.69709702062643,83.93266397468078,78.5299474981249,87.38454944819458,81.31609870740307,87.93654524089307,84.07647661317857,93.92966882895186,83.89148334767114,93.21002826594568,80.70222063740081,89.27869115173318,66.94202076166889,68.6321845889005,0.6572118809754565,50.0,63.829787234042556,50.00000000000002,72.36842105263158,50.00000000000002,65.94202898550725,49.999999999999986,84.17508417508418,49.99999999999999,64.16666666666667,50.000000000000014,70.09639762278644,70.77922077922076,91.97166469893743,77.1390374331551,92.24598930481285,78.00751879699249,90.0375939849624,82.8125,93.75,74.15966386554621,90.75630252100841,76.5795881749829,91.75231010194422,63.28979408749146,80.92435386236534,0.6695125657281064
263.0,53.26797385620915,57.24721261053441,50.02865329512895,51.16045845272207,48.870822041553744,44.65522433002108,56.07227488151659,48.91883886255924,57.43697478991593,50.0,53.13533977286487,50.39634685116736,75.2387318563789,80.97511731965513,77.87420979320687,86.26808100289296,81.42185663924796,91.05052878965923,86.54318880163879,91.37589621031069,85.40002457908321,93.83065011675065,81.29560233391115,88.70005468785372,67.215471053388,69.54820076951054,0.659650145688879,50.0,63.829787234042556,50.00000000000002,73.6842105263158,50.00000000000002,66.66666666666667,49.999999999999986,83.83838383838385,49.99999999999999,65.83333333333333,50.000000000000014,70.77047631974844,70.77922077922076,92.08972845336481,77.1390374331551,92.24598930481285,78.00751879699249,90.0375939849624,82.8125,93.75,74.15966386554621,90.75630252100841,76.5795881749829,91.77592285282971,63.28979408749146,81.27319958628908,0.6694155797533797
264.0,41.983852364475204,46.98193002691273,56.812320916905456,51.69054441260745,47.8319783197832,49.95483288166215,52.6140402843602,50.97748815165877,57.52100840336131,60.75630252100841,51.352640057777066,52.072219598769905,73.45301757066461,83.65709920331769,77.87420979320687,86.2295081967213,80.49941245593422,89.37015276145712,81.02594742232844,92.46841925571869,83.1110974560649,90.875015361927,79.19273693963981,88.52003895582837,65.27268849870845,70.29612927729914,0.6606982219222649,50.0,67.02127659574468,50.00000000000002,75.0,50.00000000000002,68.1159420289855,49.999999999999986,84.17508417508418,49.99999999999999,66.66666666666667,50.000000000000014,72.19579389329621,70.77922077922076,92.08972845336481,77.1390374331551,92.24598930481285,78.00751879699249,90.0375939849624,84.89583333333333,93.75,74.15966386554621,90.54621848739495,76.99625484164957,91.73390604610702,63.498127420824794,81.96484996970162,0.668867877846218
265.0,47.36639753940792,47.05882352941176,54.59885386819485,47.92263610315186,56.278229448961135,51.460403492923824,60.004443127962084,57.84952606635071,55.357142857142826,44.45378151260505,54.721013368333765,49.74903414088864,76.34644766997707,82.4920877441886,77.54634094074787,86.79309975356263,80.88131609870743,89.15158636897768,84.4742232843974,93.83407306247867,82.67789111466143,91.77215189873418,80.38524382169824,88.80859976558835,67.553128595016,69.2788169532385,0.6633789139814428,50.0,67.02127659574468,50.00000000000002,75.0,50.00000000000002,67.3913043478261,49.999999999999986,83.83838383838385,49.99999999999999,65.83333333333333,50.000000000000014,71.81685962305758,70.77922077922076,92.08972845336481,77.1390374331551,92.24598930481285,78.00751879699249,90.0375939849624,82.8125,93.75,74.15966386554621,90.96638655462185,76.5795881749829,91.8179396595524,63.28979408749146,81.81739964130499,0.6683399197941525
266.0,34.00615148019993,23.952326028450592,56.23925501432666,64.82808022922636,47.42547425474254,42.45709123757904,56.40550947867299,56.94609004739337,57.436974789915936,54.768907563025216,50.30267300357161,48.59049902113492,75.90718105423987,82.64214776819819,78.3660130718954,84.5601628629594,80.44653349001177,88.15511163337251,83.9791737794469,92.90542847388188,80.48420793904388,94.72164188275778,79.83662186692756,88.59689852423396,65.06964743524958,68.59369877268443,0.6599278542530295,50.0,65.95744680851064,50.00000000000002,74.12280701754386,50.00000000000002,66.66666666666667,49.999999999999986,83.83838383838385,49.99999999999999,64.16666666666667,50.000000000000014,70.95039419955434,70.77922077922076,92.08972845336481,77.1390374331551,92.24598930481285,78.00751879699249,89.94360902255639,82.8125,93.75,74.15966386554621,90.75630252100841,76.5795881749829,91.75712586034851,63.28979408749146,81.35376002995142,0.6679808039170688
267.0,55.017301038062286,58.93886966551326,52.95845272206306,56.891117478510026,53.20686540198734,57.27190605239385,54.60604265402844,55.62796208530805,50.336134453781476,44.32773109243698,53.22495925398452,54.61151727483243,73.47211611917494,84.5274473425734,78.69281045751633,88.25243758705669,79.57696827262048,88.90951821386604,81.37077500853535,92.80300443837488,80.96964483224775,91.91348162713531,78.81646293801897,89.28117784180127,66.02071109600175,71.94634755831684,0.6544297634485583,50.0,68.08510638297874,50.00000000000002,75.87719298245614,50.00000000000002,67.3913043478261,49.999999999999986,83.83838383838385,49.99999999999999,65.83333333333333,50.000000000000014,72.20506417699563,70.77922077922076,92.08972845336481,77.1390374331551,92.24598930481285,78.00751879699249,89.94360902255639,82.8125,93.75,74.15966386554621,90.75630252100841,76.5795881749829,91.75712586034851,63.28979408749146,81.98109501867208,0.6677584803384126
268.0,56.747404844290664,46.55901576316801,57.52865329512895,49.19770773638968,50.09033423667568,52.54441433303221,48.022808056872044,42.802132701421804,50.98739495798317,44.32773109243697,52.6753190781901,47.08620032528974,75.1527883880825,82.6557895885627,79.18354226936674,86.80595735561984,79.24794359576971,88.86016451233843,81.8129054284739,92.83714578354387,83.89148334767114,94.8506820695588,79.8577326058728,89.20194786192472,66.26652584203146,68.14407409360723,0.6601737732730871,50.0,65.95744680851064,50.00000000000002,74.56140350877193,50.00000000000002,66.66666666666667,49.999999999999986,83.83838383838385,49.99999999999999,65.0,50.000000000000014,71.20478016446661,70.77922077922076,92.08972845336481,77.1390374331551,92.24598930481285,78.00751879699249,90.0375939849624,82.8125,93.75,74.15966386554621,90.96638655462185,76.5795881749829,91.8179396595524,63.28979408749146,81.51135991200951,0.6676968693490707
269.0,57.61245674740485,43.75240292195309,55.952722063037264,51.91977077363896,49.68383017163504,48.29870520927432,47.07494075829384,45.67535545023697,53.10924369747896,50.33613445378151,52.686638687569996,47.99647376177697,74.50343773873186,81.29160755211176,80.98682095789133,88.31886853101896,80.88131609870743,89.81433607520563,82.50256060088769,94.40081939228405,81.60255622465283,91.79673098193437,80.09533832417424,89.12447250651095,66.39098850587212,68.56047313414396,0.6533872254347132,50.0,69.14893617021278,50.00000000000002,75.43859649122807,50.00000000000002,68.1159420289855,49.999999999999986,83.5016835016835,49.99999999999999,65.0,50.000000000000014,72.24103163842196,70.77922077922076,92.08972845336481,77.1390374331551,92.24598930481285,78.00751879699249,90.13157894736842,82.8125,93.75,74.15966386554621,90.96638655462185,76.5795881749829,91.8367366520336,63.28979408749146,82.03888414522777,0.6674586102557132
270.0,57.95847750865053,40.984236831987694,54.45558739255015,52.65042979942693,52.34869015356819,61.12616681722373,46.978672985782,43.58708530805687,51.680672268907536,49.87394957983193,52.684420061891686,49.64437366730543,76.43239113827349,80.22754556368001,78.52887603128681,88.04457302046501,81.75088131609873,89.70387779083431,83.93479003072721,93.68385114373505,80.09401499324076,92.31903649993856,80.14819070192542,88.79577680373059,66.41630538190856,69.22007523551801,0.6565186508058276,50.0,68.08510638297874,50.00000000000002,75.87719298245614,50.00000000000002,68.1159420289855,49.999999999999986,83.83838383838385,49.99999999999999,65.83333333333333,50.000000000000014,72.34999171322751,70.77922077922076,92.08972845336481,77.1390374331551,92.24598930481285,78.00751879699249,90.0375939849624,82.8125,93.75,74.15966386554621,90.96638655462185,76.5795881749829,91.8179396595524,63.28979408749146,82.08396568638994,0.6670102984488845
271.0,53.9600153787005,52.24913494809689,54.59885386819485,52.148997134670495,42.50225835591689,39.686841312857574,53.65817535545025,47.02310426540284,48.08823529411762,38.529411764705884,50.561507650476024,45.927497885146735,76.13636363636364,83.41427480082942,79.18568520304294,84.62445087324546,81.96827262044656,88.55229142185664,80.53089791737796,90.6008876749744,84.13420179427308,95.31768465036254,80.39108423430085,88.50191788425369,65.47629594238843,67.2147078847002,0.6638261246402098,50.0,68.08510638297874,50.00000000000002,75.0,50.00000000000002,68.1159420289855,49.999999999999986,83.83838383838385,49.99999999999999,65.83333333333333,50.000000000000014,72.17455311673628,71.4285714285714,92.08972845336481,77.1390374331551,92.24598930481285,78.00751879699249,89.94360902255639,84.89583333333333,93.75,74.15966386554621,90.96638655462185,77.1261249715197,91.7991426670712,63.56306248575986,81.98684789190374,0.6666991741462539
272.0,47.193387158785086,35.486351403306415,50.02865329512895,49.985673352435526,52.9810298102981,40.831074977416435,55.124407582938396,51.17002369668246,53.10924369747896,47.18487394957983,51.6873443089259,44.931599475884134,75.69709702062643,83.99541634835752,79.18461373620485,87.46169506053786,82.23854289071681,88.77555816686252,82.06043018094913,91.84021850460908,85.0098316332801,92.3989185203392,80.83810309235547,88.89436132014124,66.26272370064069,66.91298039801269,0.6619324676164196,50.0,68.08510638297874,50.00000000000002,75.87719298245614,50.00000000000002,68.1159420289855,49.999999999999986,83.83838383838385,49.99999999999999,66.66666666666667,50.000000000000014,72.51665837989418,71.4285714285714,92.08972845336481,77.1390374331551,92.24598930481285,78.00751879699249,90.0375939849624,84.89583333333333,93.75,74.15966386554621,90.96638655462185,77.1261249715197,91.8179396595524,63.56306248575986,82.16729901972329,0.6661639903175279
273.0,51.018838908112265,56.17070357554786,51.38252148997137,49.598853868194844,48.28364950316169,43.23998795543511,51.903139810426545,44.53495260663507,54.62184873949576,52.22689075630251,51.44199969023352,49.154277752423084,74.6466768525592,81.62719633307869,78.03921568627449,87.46383799421409,81.15158636897772,90.01880141010577,84.22669853192217,92.78251963127347,82.86837900946297,93.4496743271476,80.1865112898393,89.06840593916392,65.81425549003642,69.1113418457935,0.6562242058474789,50.0,68.08510638297874,50.00000000000002,75.87719298245614,50.00000000000002,68.1159420289855,49.999999999999986,83.83838383838385,49.99999999999999,66.66666666666667,50.000000000000014,72.51665837989418,71.4285714285714,92.08972845336481,77.1390374331551,92.24598930481285,78.00751879699249,90.13157894736842,84.89583333333333,93.75,74.15966386554621,90.96638655462185,77.1261249715197,91.8367366520336,63.56306248575986,82.1766975159639,0.6661476433639285
274.0,58.47750865051904,56.59361783929258,55.31518624641835,54.81375358166189,52.9810298102981,52.69497139415837,54.88744075829385,46.60841232227488,48.1302521008403,48.78151260504202,53.95828351327393,51.89845354848594,74.29335370511842,80.59587471352177,79.51462552234007,86.58952105432337,80.34077555816688,88.48648648648648,84.76613178559236,91.35882553772619,83.40604645446726,92.35590512473884,80.464186605137,87.87732258335933,67.21123505920546,69.88788806592264,0.6599208505761911,50.0,68.08510638297874,50.00000000000002,75.87719298245614,50.00000000000002,68.1159420289855,49.999999999999986,83.83838383838385,49.99999999999999,66.66666666666667,50.000000000000014,72.51665837989418,71.4285714285714,92.08972845336481,77.1390374331551,92.24598930481285,78.00751879699249,90.0375939849624,84.89583333333333,93.75,74.15966386554621,90.96638655462185,77.1261249715197,91.8179396595524,63.56306248575986,82.16729901972329,0.6656400793173647
275.0,57.26643598615918,53.17185697808535,51.09598853868196,46.71919770773639,49.50316169828364,47.48569707919301,52.710308056872044,43.24644549763033,49.55882352941173,47.14285714285714,52.02694356188171,47.55321088110044,75.67799847211612,82.99683509767544,77.54848387442406,84.47444551591128,81.26321974148064,89.38425381903643,82.79446910208263,92.52987367702288,83.89148334767114,92.19614108393756,80.23513090755492,88.3163098387167,66.13103723471832,67.93476035990858,0.6602870525587549,50.0,69.14893617021278,50.00000000000002,76.31578947368422,50.00000000000002,68.1159420289855,49.999999999999986,84.84848484848484,49.99999999999999,66.66666666666667,50.000000000000014,73.0191638376068,70.77922077922076,92.08972845336481,77.1390374331551,92.24598930481285,78.00751879699249,90.13157894736842,84.89583333333333,93.75,74.15966386554621,90.96638655462185,76.99625484164957,91.8367366520336,63.498127420824794,82.4279502448202,0.6651685654135747
276.0,53.09496347558632,37.06266820453671,51.74785100286533,51.891117478510026,49.9096657633243,51.24962360734718,52.94727488151659,58.07168246445498,55.39915966386552,59.49579831932773,52.61978295743162,51.55417801483533,77.60695187165774,83.18782058277856,79.18247080252866,86.0666452373299,78.924794359577,90.21856639247943,85.60600887674977,93.49607374530557,79.99877104584,92.7123018311417,80.26379939127062,89.13628155780704,66.44179117435112,70.34522978632118,0.6527183554676651,50.0,70.2127659574468,50.00000000000002,76.31578947368422,50.00000000000002,68.84057971014492,49.999999999999986,85.18518518518519,49.99999999999999,68.33333333333333,50.000000000000014,73.77753073195889,71.4285714285714,92.20779220779221,77.1390374331551,92.33511586452762,78.00751879699249,90.13157894736842,84.89583333333333,93.75,74.15966386554621,90.96638655462185,77.1261249715197,91.87817471486203,63.56306248575986,82.82785272341046,0.6647966217177654
277.0,59.169550173010386,55.594002306805066,43.53151862464184,46.633237822349564,61.382113821138184,60.76482987052092,50.9108412322275,51.8957345971564,48.86554621848736,45.25210084033613,52.77191401390105,52.027981087433616,76.53743315508021,82.17832587580487,78.6949533911925,86.55309118182791,80.39365452408934,89.58636897767333,81.81290542847388,94.36326391259814,85.54749907828439,94.31608700995453,80.59728911542406,89.39942739157175,66.68460156466256,70.71370423950268,0.6507257133089968,50.0,70.2127659574468,50.00000000000002,76.75438596491229,50.00000000000002,68.11594202898551,49.999999999999986,84.17508417508418,49.99999999999999,67.5,50.000000000000014,73.35163562528575,72.07792207792205,92.20779220779221,77.1390374331551,92.33511586452762,78.00751879699249,90.13157894736842,84.89583333333333,93.75,77.73109243697478,90.96638655462185,77.97028081567555,91.87817471486203,63.98514040783778,82.61490517007388,0.6640467685830187
278.0,48.40445982314495,51.44175317185697,53.452722063037264,50.64469914040115,47.42547425474254,43.51099066546221,58.249407582938396,56.82760663507109,54.62184873949577,51.008403361344534,52.43078249267179,50.6866905948272,77.92207792207792,83.57251991705773,78.8567448837458,86.3752276867031,80.33490011750885,89.9059929494712,83.97917377944692,92.21577330146809,82.7731350620622,91.90119208553523,80.77320635296834,88.79414118804706,66.60199442282007,69.74041589143712,0.654733436037149,50.0,70.2127659574468,50.00000000000002,76.31578947368422,50.00000000000002,68.84057971014492,49.999999999999986,84.84848484848484,49.99999999999999,67.5,50.000000000000014,73.54352399795216,71.4285714285714,92.20779220779221,77.1390374331551,92.33511586452762,78.00751879699249,90.13157894736842,84.89583333333333,93.75,74.15966386554621,90.96638655462185,77.1261249715197,91.87817471486203,63.56306248575986,82.7108493564071,0.6641877752319885
279.0,56.92041522491351,55.632449058054604,54.74212034383954,51.81948424068767,50.49683830171635,56.278229448961156,53.324940758293835,49.77784360189574,53.8865546218487,49.28571428571429,53.87417385012238,52.558744127062695,76.13636363636364,81.44439594019425,78.03814421943639,86.09450337512055,79.1421856639248,89.82138660399531,81.37077500853535,91.92557186753156,81.99274917045595,91.67998033673344,79.33604353974323,88.19316762471502,66.60510869493281,70.37595587588885,0.6553747903145566,50.0,71.27659574468086,50.00000000000002,76.31578947368422,50.00000000000002,69.56521739130434,49.999999999999986,84.84848484848484,49.99999999999999,68.33333333333333,50.000000000000014,74.06788415829752,71.4285714285714,92.20779220779221,77.1390374331551,92.33511586452764,78.00751879699249,90.13157894736842,84.89583333333333,93.75,74.15966386554621,90.96638655462185,77.1261249715197,91.87817471486203,63.56306248575986,82.97302943657976,0.6639577902390067
280.0,54.13302575932335,52.902729719338716,56.747851002865346,49.45558739255014,48.23848238482384,49.65371875940981,54.60604265402844,54.280213270142184,56.050420168067184,59.705882352941174,53.95516439382163,53.19962629887641,74.94270435446904,83.07322929171669,79.18247080252866,86.57023465123754,80.93419506462986,88.6298472385429,80.38067599863436,92.07920792079207,80.24148949244194,92.13469337593708,79.13630714254077,88.49744249564526,66.5457357681812,70.84853439726083,0.6587676256408298,50.0,72.3404255319149,50.00000000000002,76.31578947368422,50.00000000000002,68.84057971014492,49.999999999999986,84.84848484848484,49.99999999999999,68.33333333333333,50.000000000000014,74.13572257951245,71.4285714285714,92.20779220779221,77.1390374331551,92.33511586452764,78.00751879699249,90.13157894736842,84.89583333333333,93.75,74.15966386554621,90.96638655462185,77.1261249715197,91.87817471486203,63.56306248575986,83.00694864718724,0.663557205904829
281.0,47.88542868127644,39.869281045751634,55.02865329512895,58.45272206303724,46.61246612466124,45.648900933453774,53.4212085308057,48.69668246445498,53.15126050420164,47.26890756302521,51.219803427214785,47.98729881394456,76.4514896867838,81.13063407181053,79.34854816243435,87.30097503482267,81.69212690951824,87.81903642773207,82.34380334585184,92.64936838511437,86.9607963622957,93.38208184834706,81.35935289337678,88.45641915356535,66.28957816029578,68.22185898375496,0.6582284308430804,50.0,71.27659574468086,50.00000000000002,76.75438596491229,50.00000000000002,68.84057971014492,49.999999999999986,84.84848484848484,49.99999999999999,68.33333333333333,50.000000000000014,74.01067592031126,71.4285714285714,92.20779220779221,77.1390374331551,92.42424242424244,78.00751879699249,90.13157894736842,84.89583333333333,93.75,74.15966386554621,90.96638655462185,77.1261249715197,91.89600002680498,63.56306248575986,82.95333797355812,0.6629384222277235
282.0,52.92195309496347,54.017685505574775,53.53151862464184,55.014326647564474,46.61246612466124,44.835892803372474,57.73104265402844,49.68898104265403,48.823529411764675,46.63865546218487,51.92410198201194,50.03910829227012,76.4514896867838,83.92447888246208,79.34854816243435,85.15375549126755,80.93419506462986,89.94359576968273,84.07647661317857,93.78627517924207,83.6487649010692,92.94580312154356,80.89189488561915,89.1507816888396,66.40799843381555,69.59494499055486,0.6548054640814671,50.0,71.27659574468086,50.00000000000002,76.75438596491229,50.00000000000002,68.84057971014492,49.999999999999986,84.84848484848484,49.99999999999999,68.33333333333333,50.000000000000014,74.01067592031126,72.07792207792205,92.20779220779221,77.1390374331551,92.5133689839572,78.00751879699249,90.13157894736842,84.89583333333333,93.75,74.15966386554621,90.96638655462185,77.25599510138984,91.91382533874794,63.62799755069493,82.96225062952959,0.6626750800552879
283.0,52.74894271434064,43.483275663206456,49.94985673352437,48.9971346704871,51.53568202348689,56.09756097560976,50.577606635071106,42.387440758293835,51.7647058823529,47.81512605042016,51.315358797755174,47.756107623603455,76.24140565317035,82.73764051074976,77.05453766205933,85.52662595092681,81.63924794359579,90.32432432432432,81.02594742232844,91.67634004779788,82.47818606365983,92.6016959567408,79.68786494896275,88.57332535810791,65.50161187335897,68.16471649085568,0.6621403523275371,50.0,68.08510638297874,50.00000000000002,76.31578947368422,50.00000000000002,69.56521739130434,49.999999999999986,84.84848484848484,49.99999999999999,67.5,50.000000000000014,73.26291961929043,72.07792207792205,92.20779220779221,77.1390374331551,92.42424242424244,78.00751879699249,90.22556390977444,84.89583333333333,93.75,74.15966386554621,90.96638655462185,77.25599510138984,91.91479701928618,63.62799755069493,82.5888583192883,0.6620445254233492
284.0,56.401384083044995,52.55670895809303,51.52578796561607,48.03724928366763,53.20686540198734,50.04516711833785,45.23104265402844,42.46149289099526,55.27310924369745,48.99159663865545,52.32763786967486,48.41844297794985,75.69709702062643,83.71166648477572,77.87528126004497,87.20454301939355,81.37485311398358,89.27614571092832,83.73164902697167,92.74837828610447,83.74400884846995,93.88595305395108,80.48457785401932,89.36533731103063,66.40610786184709,68.89189014449025,0.6566106956003217,50.0,68.08510638297874,50.00000000000002,76.31578947368422,50.00000000000002,68.84057971014492,49.999999999999986,85.18518518518519,49.99999999999999,67.5,50.000000000000014,73.18533215039861,72.07792207792205,92.20779220779221,77.1390374331551,92.42424242424244,78.00751879699249,90.22556390977444,84.89583333333333,93.75,74.15966386554621,90.96638655462185,77.25599510138984,91.91479701928618,63.62799755069493,82.5500645848424,0.6613964527880147
285.0,57.26643598615918,47.67397154940408,54.169054441260755,62.12034383954155,52.98102981029808,48.991267690454684,51.52547393364929,46.63803317535545,49.55882352941173,49.66386554621849,53.10016354015581,51.01749636019485,76.24140565317035,80.21936047146131,79.02175077681343,87.27311689703204,81.79788484136313,89.59106933019976,82.35233868214408,91.24957323318539,85.40002457908321,94.06415140715252,80.96268090651485,88.4794542678062,67.03142222333533,69.74847531400053,0.6555219680531893,50.0,71.27659574468086,50.00000000000002,76.75438596491229,50.00000000000002,68.84057971014492,49.999999999999986,85.18518518518519,49.99999999999999,68.33333333333333,50.000000000000014,74.07801598765133,72.07792207792205,92.20779220779221,77.1390374331551,92.42424242424244,78.00751879699249,90.22556390977444,84.89583333333333,93.75,74.15966386554621,90.96638655462185,77.25599510138984,91.91479701928618,63.62799755069493,82.99640650346876,0.6610859983363024
286.0,60.72664359861592,67.24336793540945,49.88538681948425,48.524355300859604,51.94218608852754,50.19572417946401,58.1087085308057,55.39099526066351,52.49999999999996,52.3109243697479,54.63258500748667,54.73307340922889,76.32734912146675,82.50845792862599,79.18354226936674,87.80885031608273,81.31609870740307,90.83901292596946,84.4742232843974,93.16831683168316,84.61963868747695,93.28991028634633,81.18417041402218,89.52290965774155,67.90837771075442,72.12799153348521,0.6430383763272323,50.0,72.3404255319149,50.00000000000002,77.19298245614036,50.00000000000002,68.84057971014492,49.999999999999986,84.84848484848484,49.99999999999999,68.33333333333333,50.000000000000014,74.31116117600367,72.07792207792205,92.20779220779221,77.1390374331551,92.42424242424244,78.00751879699249,90.22556390977444,84.89583333333333,93.75,77.73109243697478,90.96638655462185,77.97028081567555,91.91479701928618,63.98514040783778,83.11297909764492,0.660859322508614
287.0,54.30603613994618,53.67166474432911,63.753581661891126,73.12320916905443,51.716350496838295,56.06744956338452,53.04354265402844,52.11789099526065,49.51680672268905,51.218487394957975,54.46726353507862,57.23974037339733,76.13636363636364,81.26432391138275,79.84035144112288,85.64234436944177,80.06462984723855,90.20916568742656,83.48412427449642,93.06930693069306,81.50731227725207,93.57256974314858,80.20655629529472,88.75154212841855,67.33690991518667,72.99564125090794,0.6454739673565896,50.0,72.3404255319149,50.00000000000002,77.63157894736842,50.00000000000002,68.84057971014492,49.999999999999986,84.84848484848484,49.99999999999999,68.33333333333333,50.000000000000014,74.39888047424928,72.07792207792205,92.20779220779221,77.1390374331551,92.42424242424244,78.00751879699249,90.22556390977444,84.89583333333333,93.75,74.15966386554621,90.96638655462185,77.25599510138984,91.91479701928618,63.62799755069493,83.15683874676773,0.6608123841889632
288.0,53.96001537870051,45.82852748942714,58.53151862464184,59.57020057306589,46.61246612466124,39.355615778380006,54.50977488151659,48.252369668246445,58.94957983193273,53.403361344537814,54.51267096829058,49.28201497073146,74.94270435446904,82.97773654916513,78.3638701382192,86.66880960034288,79.35957696827263,89.37250293772033,81.75998634346195,92.39330829634687,78.73294826102988,90.91802875752734,78.63181721309054,88.46607722822051,66.57224409069056,68.87404609947599,0.6633433802836289,50.0,72.3404255319149,50.00000000000002,78.0701754385965,50.00000000000002,68.84057971014492,49.999999999999986,84.84848484848484,49.99999999999999,68.33333333333333,50.000000000000014,74.48659977249488,72.07792207792205,92.20779220779221,77.1390374331551,92.5133689839572,78.00751879699249,90.13157894736842,84.89583333333333,94.01041666666666,74.15966386554621,90.96638655462185,77.25599510138984,91.96590867208127,63.62799755069493,83.22625422228808,0.6604931406255758
289.0,53.09496347558632,43.90618992695117,47.95845272206304,44.684813753581665,52.34869015356819,50.94850948509485,56.78317535545025,52.177132701421804,53.8865546218487,47.89915966386554,52.8143672657033,47.923161106183,77.08174178762414,82.05282112845138,79.67641701489335,86.23807993142613,81.25734430082258,90.55699177438308,84.42130419938546,91.42710822806418,79.70382204743764,93.57871451394864,80.42812587003263,88.77074311525469,66.62124656786796,68.34695211071885,0.6532239403316655,50.0,72.3404255319149,50.00000000000002,78.0701754385965,50.00000000000002,68.84057971014492,49.999999999999986,84.84848484848484,49.99999999999999,68.33333333333333,50.000000000000014,74.48659977249488,72.07792207792205,92.3258559622196,77.1390374331551,92.5133689839572,78.00751879699249,90.13157894736842,84.89583333333333,93.88020833333334,74.15966386554621,90.96638655462185,77.25599510138984,91.96347975630007,63.62799755069493,83.22503976439748,0.6601312934040869
290.0,55.34409842368321,58.05459438677432,58.81805157593125,63.86819484240688,49.096657633243,37.609153869316465,53.79887440758295,52.976895734597164,58.90756302521005,55.16806722689076,55.193049013130086,53.53538121199712,74.39839572192513,79.85103132161954,79.51462552234007,87.06096646308798,81.42185663924796,89.20564042303172,84.624445203141,93.01468077842266,78.73294826102988,92.76760476834215,79.73845426953682,88.3799847509008,67.46575164133345,70.95768298144895,0.6500548156207467,50.0,73.40425531914893,50.00000000000002,78.0701754385965,50.00000000000002,68.84057971014492,49.999999999999986,84.84848484848484,49.99999999999999,68.33333333333333,50.000000000000014,74.69936572994172,72.07792207792205,92.20779220779221,78.11942959001784,92.5133689839572,78.00751879699249,90.22556390977444,84.89583333333333,94.01041666666666,74.15966386554621,90.96638655462185,77.4520735327624,91.98470566456247,63.726036766381206,83.3420356972521,0.6599078428110448
291.0,53.96001537870051,56.78585159554017,56.03151862464184,56.41833810888252,53.38753387533875,55.344775669978915,54.13210900473935,55.00592417061612,46.0084033613445,46.134453781512605,52.70391604895299,53.93786866530606,76.66157372039723,83.55614973262031,78.3649416050573,87.10811100396442,82.72620446533493,89.58401880141011,83.38682144076478,92.72447934448618,82.08799311785671,93.19773872434558,80.64550686988218,89.23409952136532,66.67471145941758,71.5859840933357,0.6463854954468307,50.0,76.06382978723406,50.00000000000002,77.63157894736842,50.00000000000002,68.84057971014492,49.999999999999986,84.51178451178451,49.99999999999999,68.33333333333333,50.000000000000014,75.07622125797306,72.07792207792205,92.3258559622196,78.11942959001784,92.5133689839572,78.00751879699249,90.13157894736842,84.89583333333333,94.01041666666666,77.73109243697478,90.96638655462185,78.1663592470481,91.98952142296676,64.08317962352406,83.53287134046991,0.6598780582268307
292.0,49.442522106881974,47.94309880815071,58.53151862464184,55.15759312320917,50.49683830171635,52.574525745257446,53.8951421800948,58.70853080568721,53.19327731092434,54.32773109243697,53.11185970485186,53.74229591494829,75.78304048892284,82.85496016588453,79.67641701489335,87.4831243972999,79.52408930669802,89.13278495887191,82.79446910208263,93.37316490269717,84.03895784687231,93.02568514194421,80.36339475189382,89.17394391333956,66.73762722837284,71.45811991414392,0.6508409312600217,50.0,73.40425531914893,50.00000000000002,78.50877192982455,50.00000000000002,69.56521739130434,49.999999999999986,84.84848484848484,49.99999999999999,68.33333333333333,50.000000000000014,74.9320125644192,72.07792207792205,92.3258559622196,78.11942959001784,92.5133689839572,78.00751879699249,90.31954887218046,84.89583333333333,94.140625,77.73109243697478,90.96638655462185,78.1663592470481,92.05315707459583,64.08317962352406,83.49258481950751,0.6593047049441396
293.0,53.26797385620916,36.75509419454056,59.24785100286534,63.19484240687678,53.161698283649486,52.996085516410716,58.96030805687206,53.76184834123223,47.39495798319325,41.05042016806723,54.406557836557866,49.551658125425504,76.30825057295645,83.50703917930808,78.03921568627449,86.5252330440373,81.20446533490014,88.54289071680375,81.56538067599864,92.96688289518607,78.73294826102988,91.73528327393387,79.17005210623192,88.65546582185382,66.7883049713949,69.10356197363967,0.6597671968438386,50.0,73.40425531914893,50.00000000000002,78.94736842105263,50.00000000000002,69.56521739130434,49.999999999999986,85.52188552188552,49.99999999999999,68.33333333333333,50.000000000000014,75.15441199734495,72.07792207792205,92.3258559622196,78.11942959001784,92.5133689839572,78.00751879699249,90.22556390977444,84.89583333333333,94.140625,74.15966386554621,90.96638655462185,77.4520735327624,92.03436008211462,63.726036766381206,83.59438603972978,0.6587215225407634
294.0,47.539407920030754,48.94271434063822,55.02865329512895,52.77936962750716,52.93586269196023,49.141824751580856,53.08797393364929,51.1404028436019,48.130252100840316,42.016806722689076,51.344429988321906,48.80422365720344,76.53743315508021,81.85910727927535,77.54526947390976,87.54098360655738,80.98707403055232,90.3572267920094,84.07647661317857,93.04882212359166,84.13420179427308,92.76145999754209,80.65609101339878,89.11351995979518,66.00026050086035,68.95887180849931,0.6526556321434825,50.0,73.40425531914893,50.00000000000002,79.3859649122807,50.00000000000002,69.56521739130434,49.999999999999986,85.52188552188552,49.99999999999999,68.33333333333333,50.000000000000014,75.24213129559055,72.07792207792205,92.3258559622196,78.11942959001784,92.5133689839572,78.00751879699249,90.31954887218046,84.89583333333333,94.140625,74.15966386554621,90.96638655462185,77.4520735327624,92.05315707459583,63.726036766381206,83.64764418509318,0.6583103487525147
295.0,47.712418300653596,60.13071895424837,49.39111747851004,51.44699140401146,51.94218608852754,52.81541704305932,53.465639810426545,50.72571090047393,59.03361344537812,54.957983193277315,52.30899502469917,54.01536429901408,76.43239113827349,83.98995962021172,78.69388192435441,86.51237544198007,84.78848413631025,89.13748531139835,80.53089791737796,92.36258108569477,84.37692024087501,93.89824259555118,80.96451507143821,89.18012881096722,66.6367550480687,71.59774655499065,0.6429879922578001,50.0,73.40425531914893,50.00000000000002,78.94736842105263,50.00000000000002,69.56521739130434,49.999999999999986,85.85858585858585,49.99999999999999,68.33333333333333,50.000000000000014,75.22175206468502,72.07792207792205,92.3258559622196,77.1390374331551,92.5133689839572,78.00751879699249,90.22556390977444,84.89583333333333,94.27083333333334,74.15966386554621,90.96638655462185,77.25599510138984,92.06040174878129,63.62799755069493,83.64107690673316,0.6580462035411997
296.0,60.034602076124564,44.52133794694348,47.75071633237823,44.240687679083095,59.1237579042457,59.771153267088216,53.280509478673,54.10248815165877,54.663865546218446,52.94117647058824,54.97069026752799,51.115368703072356,73.76814362108479,85.58332423878643,77.38454944819455,85.14518375656273,81.42185663924796,90.06110458284371,82.59986343461932,92.99078183680437,84.03895784687234,91.39732087993117,79.84267419800378,89.03554305898568,67.40668223276589,70.07545588102901,0.6529287679109601,50.0,76.59574468085107,50.00000000000002,78.94736842105263,50.00000000000002,68.84057971014492,49.999999999999986,85.52188552188552,49.99999999999999,68.33333333333333,50.000000000000014,75.64778233345349,72.07792207792205,92.3258559622196,78.11942959001784,92.5133689839572,78.00751879699249,90.22556390977444,84.89583333333333,94.27083333333334,77.73109243697478,90.96638655462185,78.1663592470481,92.06040174878129,64.08317962352406,83.85409204111738,0.6578690992873677
297.0,54.82506728181469,38.2160707420223,57.24212034383955,56.38968481375357,53.16169828364949,50.25594700391448,55.457642180094794,59.241706161137444,58.298319327731065,62.6890756302521,55.79696948342591,53.35849687021598,76.01222307104658,82.8113063407181,78.3649416050573,87.83456552019715,82.12690951821389,92.09400705052879,82.54694434960737,91.07203823830659,82.86837900946294,95.13334152636106,80.38387951067762,89.78905173522233,68.09042449705177,71.57377430271916,0.6402569623596354,50.0,76.59574468085107,50.00000000000002,79.3859649122807,50.00000000000002,69.56521739130434,49.999999999999986,85.52188552188552,49.99999999999999,69.16666666666667,50.000000000000014,76.04709583459767,72.07792207792205,92.3258559622196,78.11942959001784,92.60249554367202,78.00751879699249,90.22556390977444,84.89583333333333,94.40104166666666,74.15966386554621,91.17647058823529,77.4520735327624,92.14628553411362,63.726036766381206,84.09669068435565,0.6582138848520721
298.0,40.253748558246826,40.17685505574779,55.25071633237823,58.88252148997134,54.20054200542004,54.01987353206865,50.67387440758294,47.48222748815166,56.008403361344506,59.20168067226891,51.277456932994504,51.95263164764167,74.25515660809778,80.38579067990833,77.87420979320689,86.72238294224793,80.17038777908347,89.94359576968273,81.91020826220554,93.02492318197336,80.87440088484699,92.47880054073984,79.01687266548814,88.51109862291044,65.14716479924132,70.23186513527605,0.6540979026904736,50.0,76.59574468085107,50.00000000000002,79.82456140350878,50.00000000000002,71.01449275362319,49.999999999999986,85.52188552188552,49.99999999999999,69.16666666666667,50.000000000000014,76.42467020530705,72.07792207792205,92.3258559622196,78.11942959001784,92.51336898395722,78.00751879699249,90.22556390977444,82.8125,94.27083333333334,74.15966386554621,91.17647058823529,77.03540686609571,92.10241855550399,63.51770343304786,84.26354438040552,0.6580153393274346
299.0,46.674356016916576,51.864667435601696,50.171919770773656,48.46704871060172,51.761517615176146,43.05931948208371,52.09567535545025,47.03791469194313,53.84453781512602,42.41596638655462,50.90960131468853,46.56898334135697,76.22230710466005,84.45923824075085,78.69495339119254,87.0845387335262,82.07403055229146,89.05757931844889,82.65278251963127,91.80949129395698,81.60255622465283,93.08098807914465,80.24932595848563,89.09836713316551,65.57946363658708,67.83367523726125,0.6581086889973217,50.0,73.40425531914893,50.00000000000002,79.82456140350878,50.00000000000002,71.01449275362319,49.999999999999986,85.85858585858585,49.99999999999999,68.33333333333333,50.000000000000014,75.68704573364002,72.07792207792205,92.3258559622196,77.1390374331551,92.51336898395722,78.00751879699249,90.22556390977444,82.8125,94.40104166666666,75.63025210084034,91.17647058823529,77.133446081782,92.12846022217065,63.566723040891006,83.90775297790533,0.6575810446835857
300.0,52.05690119184928,37.40868896578239,53.24498567335244,48.93982808022923,53.16169828364949,47.003914483589284,55.7390402843602,55.154028436018955,43.109243697478966,39.6218487394958,51.46237382613807,45.62566174102314,77.18678380443086,82.8113063407181,80.33001178613519,86.3687988856745,81.20446533490014,90.99647473560518,82.94469102082623,91.73779446910208,86.51837286469215,93.08098807914465,81.63686496219691,88.9990725020489,66.5496193941675,67.31236712153603,0.6541522736838715,50.0,73.40425531914893,50.00000000000002,79.82456140350878,50.00000000000002,71.01449275362319,49.999999999999986,85.52188552188552,49.99999999999999,69.16666666666667,50.000000000000014,75.78637233296662,72.07792207792205,92.44391971664699,78.11942959001784,92.60249554367202,78.00751879699249,90.22556390977444,84.89583333333333,94.40104166666666,74.15966386554621,91.17647058823529,77.4520735327624,92.16989828499908,63.726036766381206,83.97813530898284,0.6571786622744592
301.0,58.99653979238755,51.4801999231065,55.74498567335245,58.03724928366763,47.83197831978319,51.67118337850045,53.28050947867299,46.99348341232227,50.987394957983156,55.21008403361345,53.36828164443587,52.678440006242056,75.36287242169595,82.36112626868929,78.52994749812493,87.13811207543127,81.63924794359579,90.49353701527616,81.71560259474225,92.92932741550017,81.75003072385401,93.57871451394864,79.79954023640259,89.3001634577691,66.58391094041923,70.98930173200557,0.6454105590540286,50.0,76.59574468085107,50.00000000000002,79.3859649122807,50.00000000000002,71.01449275362319,49.999999999999986,85.52188552188552,49.99999999999999,69.16666666666667,50.000000000000014,76.33695090706144,72.07792207792205,92.44391971664699,78.11942959001784,92.60249554367202,78.00751879699249,90.22556390977444,84.89583333333333,94.40104166666666,74.15966386554621,91.17647058823529,77.4520735327624,92.16989828499908,63.726036766381206,84.25342459603026,0.6568905019192705
302.0,46.501345636293735,43.44482891195693,51.17478510028655,49.39828080229226,49.68383017163504,50.436615477265875,52.09567535545025,52.04383886255924,48.130252100840295,41.97478991596638,49.51717767290118,47.45967079400814,76.11726508785331,83.11415475281021,77.21954355512695,86.65166613093325,82.35017626321977,89.27849588719154,80.2833731649027,93.09320587231139,84.61963868747696,95.42214575396338,80.11799935171594,89.51193367944195,64.81758851230856,68.48580223672505,0.650564017436752,50.0,73.40425531914893,50.00000000000002,79.82456140350878,50.00000000000002,71.01449275362319,49.999999999999986,85.85858585858585,49.99999999999999,69.16666666666667,50.000000000000014,75.85371240030669,72.07792207792205,92.44391971664699,78.11942959001784,92.60249554367202,78.00751879699249,90.31954887218046,82.8125,94.40104166666666,75.63025210084034,91.17647058823529,77.32952451315454,92.18869527748028,63.664762256577276,84.02120383889348,0.6560113217768383
303.0,52.57593233371781,53.59477124183007,56.17478510028654,57.148997134670495,46.838301716350486,41.704305931948205,49.86670616113745,53.56931279620852,52.373949579831894,50.50420168067227,51.56593497826483,51.3043177570659,75.5729564553094,82.10466004583651,78.69173899067822,89.12675452694738,81.42185663924796,89.96474735605172,83.19221577330147,93.40047797883237,81.75003072385401,91.73528327393387,80.12575971647821,89.26638463632037,65.84584734737152,70.28535119669314,0.6544123946725229,50.0,74.46808510638297,50.00000000000002,79.82456140350878,50.00000000000002,71.01449275362319,49.999999999999986,85.52188552188552,49.99999999999999,68.33333333333333,50.000000000000014,75.83247162374676,72.07792207792205,92.44391971664699,78.11942959001784,92.60249554367202,78.00751879699249,90.41353383458647,84.89583333333333,94.53125,74.15966386554621,91.17647058823529,77.4520735327624,92.23353393662816,63.726036766381206,84.03300278018746,0.6556822785569354
304.0,58.3044982698962,50.096116878123794,58.531518624641855,68.30945558739255,55.64588979223125,49.141824751580856,53.75444312796209,51.969786729857816,50.29411764705879,51.30252100840337,55.30609349235804,54.16394099107167,76.76661573720396,84.00360144057623,78.3660130718954,86.6152362584378,80.71680376028205,91.15393654524088,83.19221577330147,92.66643905769887,83.9867272950719,92.96423743394371,80.60567512755095,89.4806901471795,67.9558843099545,71.82231556912558,0.6387787350651504,50.0,76.59574468085107,50.00000000000002,79.3859649122807,50.00000000000002,70.28985507246377,49.999999999999986,85.52188552188552,49.99999999999999,68.33333333333333,50.000000000000014,76.02535670416287,72.07792207792205,92.44391971664699,78.11942959001784,92.8698752228164,78.00751879699249,90.41353383458647,84.89583333333333,94.40104166666666,74.15966386554621,91.17647058823529,77.4520735327624,92.26096820579036,63.726036766381206,84.14316245497662,0.655700191419723
305.0,52.40292195309496,47.635524798154556,58.32378223495702,59.484240687679076,45.79945799457994,40.409515206263166,60.1451421800948,57.18305687203791,48.172268907562994,49.32773109243697,52.968714654057955,50.80801373131434,75.5729564553094,83.44701516970426,79.02175077681342,87.60955748419586,81.80376028202117,90.19271445358402,82.65278251963127,93.51997268692386,79.70382204743764,94.11330957355291,79.75101441624258,89.77651387359217,66.35986453515027,70.29226380245325,0.6452299964754457,50.0,76.59574468085107,50.00000000000002,79.82456140350878,50.00000000000002,71.01449275362319,49.999999999999986,85.52188552188552,49.99999999999999,68.33333333333333,50.000000000000014,76.25800353864038,72.07792207792205,92.44391971664699,78.11942959001784,92.9590017825312,78.00751879699249,90.31954887218046,82.8125,94.53125,75.63025210084034,91.17647058823529,77.32952451315454,92.28603819191879,63.664762256577276,84.27202086527959,0.6554939081762302
306.0,58.47750865051904,62.86043829296424,51.17478510028655,44.713467048710605,52.57452574525744,49.804275820535985,49.91854265402845,46.38625592417062,52.415966386554594,55.21008403361345,52.91226570732921,51.794904223998984,76.4514896867838,85.23682200152788,79.67534554805526,87.3288331726133,83.04935370152764,89.55346650998825,83.43974052577671,92.14749061113008,84.76711318667813,93.4619638687477,81.4766085297643,89.54571523280144,67.19443711854676,70.67030972840021,0.6413234451901606,50.0,76.59574468085107,50.00000000000002,79.3859649122807,50.00000000000002,70.28985507246377,49.999999999999986,85.85858585858585,49.99999999999999,69.16666666666667,50.000000000000014,76.25936343816961,72.07792207792205,92.44391971664699,78.11942959001784,92.9590017825312,78.00751879699249,90.31954887218046,82.8125,94.53125,74.15966386554621,91.38655462184873,77.03540686609571,92.32805499864148,63.51770343304786,84.29370921840555,0.6551996023142426
307.0,51.71088043060361,44.63667820069204,53.101719197707745,47.607449856733524,53.9747064137308,54.38121047877145,58.67890995260664,56.13151658767772,60.42016806722684,62.857142857142854,55.577276812375125,53.122799596203514,76.11726508785331,84.9803557786751,79.18461373620482,88.44958748526733,80.55229142185667,90.85311398354877,82.40525776715603,92.26357118470467,84.37692024087501,91.69841464913358,80.52726965078917,89.6490086162659,68.05227323158215,71.3859041062347,0.6430968759984088,50.0,76.59574468085107,50.00000000000002,79.82456140350878,50.00000000000002,70.28985507246377,49.999999999999986,85.52188552188552,49.99999999999999,69.16666666666667,50.000000000000014,76.27974266907516,72.07792207792205,92.44391971664699,78.11942959001784,92.9590017825312,78.00751879699249,90.31954887218046,84.89583333333333,94.40104166666666,77.73109243697478,91.17647058823529,78.1663592470481,92.25999652525212,64.08317962352406,84.26986959716365,0.6552104372010598
308.0,53.44098423683198,39.600153787005,45.60171919770775,40.65902578796561,49.27732610659439,49.05149051490515,51.8587085308057,50.99229857819905,53.844537815126024,49.15966386554622,50.80465517741317,45.892526506724195,76.76661573720396,83.26694314089272,80.1671488267438,88.21815064823744,80.93419506462988,91.06462984723855,83.04199385455787,92.78251963127347,82.625660562861,93.44967432714759,80.7071228091993,89.75638351895796,65.75588899330623,67.82445501284107,0.6513769439800051,50.0,76.59574468085107,50.00000000000002,79.82456140350878,50.00000000000002,71.01449275362319,49.999999999999986,85.52188552188552,49.99999999999999,69.16666666666667,50.000000000000014,76.42467020530705,72.07792207792205,92.44391971664699,78.11942959001784,92.9590017825312,78.00751879699249,90.31954887218046,82.8125,94.40104166666666,74.15966386554621,91.38655462184873,77.03540686609571,92.3020133319748,63.51770343304786,84.36334176864094,0.6547324889212732
309.0,46.674356016916576,29.181084198385232,51.03151862464185,47.60744985673353,43.541102077687434,43.05931948208371,50.05924170616114,52.62144549763034,56.13445378151257,64.2016806722689,49.48813444138391,47.33419594142034,76.97669977081742,83.46884208228747,78.85567341690772,88.32529733204757,80.82256169212692,90.63454759106932,82.65278251963127,91.81973369750767,85.25255007988203,92.20843062553766,80.91205349587307,89.29137026568995,65.2000939686285,68.31278310355515,0.6488885045819499,50.0,76.59574468085107,50.00000000000002,80.26315789473685,50.00000000000002,71.73913043478262,49.999999999999986,85.52188552188552,49.99999999999999,69.16666666666667,50.000000000000014,76.65731703978454,72.07792207792205,92.56198347107438,78.11942959001784,92.9590017825312,78.00751879699249,90.41353383458647,84.89583333333333,94.53125,77.73109243697478,91.38655462184873,78.1663592470481,92.37046474200817,64.08317962352406,84.51389089089636,0.6544792635946928
310.0,57.266435986159166,48.981161091887735,51.17478510028655,47.335243553008596,49.86449864498644,47.335140018066845,64.41054502369668,65.82494075829383,59.60084033613442,58.655462184873954,56.46342101825265,53.62638952122619,76.85255920550037,83.03776055876895,79.18461373620485,87.43812279009965,81.3160987074031,90.54994124559343,85.11095937179927,92.61181290542847,81.99274917045595,93.00725082954406,80.8913960382727,89.32897766588692,68.67740852826267,71.47768359355655,0.6418321375644697,50.0,76.59574468085107,50.00000000000002,80.26315789473685,50.00000000000002,70.28985507246377,49.999999999999986,84.84848484848484,49.99999999999999,69.16666666666667,50.000000000000014,76.23278183264064,72.07792207792205,92.56198347107438,78.11942959001784,92.9590017825312,78.00751879699249,90.41353383458647,84.89583333333333,94.66145833333334,77.73109243697478,91.17647058823529,78.1663592470481,92.35448960195214,64.08317962352406,84.29363571729638,0.6551007405601168
311.0,57.26643598615918,52.441368704344484,53.388252148997154,52.17765042979943,46.38663053297199,52.18307738632942,58.1087085308057,46.91943127962085,57.56302521008399,53.0672268907563,54.54261048180361,51.3577509381701,75.88808250572957,81.14427589217506,79.18568520304294,88.29101039322833,81.31609870740307,89.20564042303172,83.09491293956984,92.97029702970296,83.25857195526606,92.79218385154233,80.5486702622023,88.8806815179361,67.54564037200295,70.11921622805309,0.6467302230571274,50.0,76.59574468085107,50.00000000000002,80.26315789473685,50.00000000000002,71.01449275362319,49.999999999999986,85.52188552188552,49.99999999999999,69.16666666666667,50.000000000000014,76.51238950355267,72.07792207792205,92.56198347107438,78.11942959001784,92.9590017825312,78.00751879699249,90.41353383458647,84.89583333333333,94.66145833333334,77.73109243697478,91.38655462184873,78.1663592470481,92.39650640867482,64.08317962352406,84.45444795611374,0.6542946787502164
312.0,53.26797385620915,47.63552479815455,53.101719197707745,52.148997134670495,56.233062330623284,50.135501355013545,55.9315758293839,57.80509478672986,60.46218487394954,52.983193277310924,55.79930321757472,52.141662270375875,76.66157372039723,81.69267707082832,78.2010071788278,85.94664095146256,81.63924794359579,92.20681551116334,84.3240013656538,92.73472174803688,79.99877104584,92.67543320634141,80.16492025086292,89.05125769756651,67.98211173421882,70.59645998397119,0.6452035985942728,50.0,77.65957446808511,50.00000000000002,80.26315789473685,50.00000000000002,71.01449275362319,49.999999999999986,84.84848484848484,49.99999999999999,69.16666666666667,50.000000000000014,76.59047532631934,72.07792207792205,92.56198347107438,78.11942959001784,92.9590017825312,78.00751879699249,90.50751879699249,84.89583333333333,94.53125,77.73109243697478,91.38655462184873,78.1663592470481,92.38926173448937,64.08317962352406,84.48986853040435,0.6537225895233414
313.0,47.539407920030754,36.29373317954633,60.31518624641835,58.53868194842406,50.090334236675695,52.725082806383625,59.811907582938396,56.56101895734598,59.726890756302474,61.34453781512605,55.496745348473134,53.09261094136521,74.69442322383499,82.27109025428354,79.67534554805526,86.99667845280187,80.2820211515864,89.41480611045827,83.78456811198362,93.28098327074088,83.79623940027038,92.20843062553766,80.44651948714613,88.83439774276444,67.97163241780963,70.96350434206482,0.6492368933537244,50.0,77.65957446808511,50.00000000000002,80.26315789473685,50.00000000000002,71.01449275362319,49.999999999999986,85.18518518518519,49.99999999999999,69.16666666666667,50.000000000000014,76.6578153936594,72.07792207792205,92.56198347107438,78.11942959001784,92.9590017825312,78.00751879699249,90.50751879699249,84.89583333333333,94.66145833333334,77.73109243697478,91.38655462184873,78.1663592470481,92.41530340115602,64.08317962352406,84.53655939740771,0.6534741724807736
314.0,43.02191464821223,48.05843906189927,52.528653295128954,49.02578796561605,55.64588979223123,46.100572116832275,51.62174170616115,53.524881516587676,56.82773109243694,59.91596638655462,51.929186106834095,51.32512940949797,77.16768525592055,81.92458801702499,79.67534554805526,88.47530268938178,81.09870740305526,90.27027027027027,83.97917377944692,93.55752816660977,84.5243947400762,93.31448936954652,81.28906134531084,89.50843570256666,66.60912372607247,70.41678255603232,0.6448721430940844,50.0,77.65957446808511,50.00000000000002,80.26315789473685,50.00000000000002,71.01449275362319,49.999999999999986,84.84848484848484,49.99999999999999,69.16666666666667,50.000000000000014,76.59047532631934,72.07792207792205,92.68004722550177,78.11942959001784,92.9590017825312,78.00751879699249,90.50751879699249,84.89583333333333,94.66145833333334,77.73109243697478,91.38655462184873,78.1663592470481,92.43891615204151,64.08317962352406,84.51469573918042,0.6531602258248929
315.0,54.652056901191855,53.787004998077656,51.81232091690546,50.25787965616046,48.870822041553744,49.864498644986455,53.0879739336493,52.44372037914692,48.1302521008403,42.60504201680673,51.31068517882814,49.79162913903564,77.18678380443086,83.99814471243043,77.71027536697737,86.54237651344691,80.11750881316101,90.3689776733255,84.22669853192217,93.92625469443496,85.4000245790832,93.49883249354798,80.92825821911492,89.66691721743716,66.11947169897152,69.7292731782364,0.6485148681789749,50.0,77.65957446808511,50.00000000000002,80.7017543859649,50.00000000000002,71.73913043478262,49.999999999999986,85.52188552188552,49.99999999999999,70.0,50.000000000000014,77.12446896214364,72.07792207792205,92.68004722550177,78.11942959001784,93.04812834224599,78.00751879699249,90.31954887218046,82.8125,94.66145833333334,75.63025210084034,91.38655462184873,77.32952451315454,92.41914747902206,63.664762256577276,84.77180822058284,0.6524945230727979
316.0,48.05843906189928,48.01999231064975,55.60171919770775,60.0,43.94760614272809,41.94519722975008,60.00444312796209,59.8489336492891,54.62184873949577,57.857142857142854,52.44681125395859,53.534253209366355,76.85255920550037,85.01582451162282,81.47648130290366,86.95596271295403,78.71327849588722,89.76733254994124,82.94469102082623,92.54011608057357,82.2354676170579,92.63856458154112,80.44449552843507,89.38356008732657,66.44565339119683,71.45890664834647,0.6430214766298523,50.0,77.65957446808511,50.00000000000002,80.7017543859649,50.00000000000002,71.01449275362319,49.999999999999986,85.18518518518519,49.99999999999999,70.0,50.000000000000014,76.91220135857168,72.07792207792205,92.68004722550177,78.11942959001784,92.9590017825312,78.00751879699249,90.31954887218046,82.8125,94.66145833333334,77.73109243697478,91.38655462184873,77.74969258038143,92.40132216707912,63.874846290190725,84.6567617628254,0.6520301754898795
317.0,53.09496347558632,51.4801999231065,48.388252148997154,47.97994269340974,54.78771454381209,55.10388437217705,57.49407582938388,55.98341232227489,52.45798319327727,46.63865546218487,53.24459783821135,51.43721895463061,75.46791443850267,84.5219906144276,78.20100717882778,88.7431693989071,81.20446533490014,90.52878965922444,84.07647661317857,93.55069989757595,84.13420179427308,93.69546515914958,80.61681307193643,90.20802294585694,66.93070545507389,70.82262095024377,0.6427777159883132,50.0,77.65957446808511,50.00000000000002,80.7017543859649,50.00000000000002,71.01449275362319,49.999999999999986,85.85858585858585,49.99999999999999,70.0,50.000000000000014,77.04688149325182,72.07792207792205,92.79811097992916,78.11942959001784,92.9590017825312,78.00751879699249,90.31954887218046,82.8125,94.66145833333334,75.63025210084034,91.38655462184873,77.32952451315454,92.42493491796458,63.664762256577276,84.7359082056082,0.6515198680070781
318.0,54.13302575932334,50.59592464436755,57.034383954154734,62.29226361031519,46.61246612466124,48.90093345377898,56.21297393364929,58.51599526066351,55.35714285714282,46.9327731092437,53.869998525786286,53.447578015673784,75.71619556913673,82.93135435992578,79.02067930997532,86.54880531447553,82.17978848413632,90.94477085781433,83.97917377944691,92.31478320245817,81.60255622465283,94.74622096595797,80.49967867346963,89.49718694012635,67.18483859962797,71.47238247790007,0.6425280541537067,50.0,77.65957446808511,50.00000000000002,80.7017543859649,50.00000000000002,71.73913043478262,49.999999999999986,85.85858585858585,49.99999999999999,70.0,50.000000000000014,77.1918090294837,72.07792207792205,92.79811097992916,78.11942959001784,92.9590017825312,78.00751879699249,90.31954887218046,82.8125,94.53125,75.63025210084034,91.59663865546219,77.32952451315454,92.44091005802059,63.664762256577276,84.81635954375214,0.6510275796937698
319.0,53.61399461745482,49.98077662437523,53.388252148997154,56.56160458452722,51.129177958446235,45.88979223125564,57.73104265402844,56.84241706161137,46.0504201680672,42.52100840336135,52.382577509398764,50.35911978102616,76.01222307104659,84.87122121575904,79.67641701489336,87.24525875924141,81.25734430082258,89.67332549941246,81.75998634346195,92.94981222260157,81.2123632788497,94.39596903035516,79.98366680181483,89.82711734547392,66.1831221556068,70.09311856325004,0.6457069984181194,50.0,77.65957446808511,50.00000000000002,80.7017543859649,50.00000000000002,72.46376811594203,49.999999999999986,85.85858585858585,49.99999999999999,70.0,50.000000000000014,77.33673656571558,72.07792207792205,92.79811097992916,78.11942959001784,92.9590017825312,78.00751879699249,90.31954887218046,82.8125,94.53125,75.63025210084034,91.59663865546219,77.32952451315454,92.44091005802059,63.664762256577276,84.8888233118681,0.6506111054725229
320.0,55.34409842368321,61.82237600922722,57.67191977077365,57.43553008595988,48.64498644986449,56.00722673893406,50.01481042654029,50.770142180094794,50.2521008403361,48.61344537815127,52.38558318223954,54.92974407847345,78.13216195569136,83.07322929171669,79.34747669559626,87.87099539269259,81.36897767332552,89.40775558166862,85.06657562307954,93.19221577330147,81.99274917045595,89.63377166031707,81.18158822362973,88.6355935399393,66.78358570293463,71.78266880920637,0.6455866509567229,50.0,77.65957446808511,50.00000000000002,80.7017543859649,50.00000000000002,72.46376811594203,49.999999999999986,85.85858585858585,49.99999999999999,69.16666666666667,50.000000000000014,77.17006989904891,72.07792207792205,92.79811097992916,78.11942959001784,92.9590017825312,78.00751879699249,90.31954887218046,82.8125,94.53125,75.63025210084034,91.59663865546219,77.32952451315454,92.44091005802059,63.664762256577276,84.80548997853475,0.6502186708349256
321.0,55.34409842368321,52.55670895809303,59.10458452722064,55.21489971346705,47.83197831978319,47.66636555254441,53.28050947867299,49.88151658767773,50.2521008403361,53.19327731092437,53.16265431793922,51.702553624541316,75.82123758594346,82.16468405544035,79.34747669559626,86.5316618450659,79.35957696827263,88.58519388954171,81.37077500853535,92.66643905769887,81.84527467125477,91.85203391913483,79.5488681859205,88.36000255337633,66.35576125192986,70.03127808895883,0.647460478869046,50.0,77.65957446808511,50.00000000000002,80.7017543859649,50.00000000000002,72.46376811594203,49.999999999999986,85.18518518518519,49.99999999999999,70.0,50.000000000000014,77.20205643103546,72.07792207792205,92.79811097992916,78.11942959001784,92.9590017825312,78.00751879699249,90.41353383458647,82.8125,94.53125,75.63025210084034,91.59663865546219,77.32952451315454,92.4597070505018,63.664762256577276,84.83088174076863,0.6496601871050387
322.0,57.95847750865053,55.97846981930027,51.17478510028655,52.00573065902579,56.865401987353195,60.403492923818135,49.91854265402844,40.965639810426545,53.19327731092434,50.46218487394958,53.822096912248604,51.96310361730407,76.85255920550038,84.08545236276328,80.00214293367618,85.95521268616737,83.53701527614574,90.77790834312573,81.07033117104814,93.18538750426767,82.62566056286103,91.95649502273565,80.81754182984629,89.19209118381193,67.31981937104744,70.577597400558,0.6467660938404186,50.0,77.65957446808511,50.00000000000002,80.26315789473684,50.00000000000002,72.46376811594203,49.999999999999986,85.18518518518519,49.99999999999999,70.0,50.000000000000014,77.11433713278983,72.07792207792205,92.79811097992916,78.11942959001784,92.9590017825312,78.00751879699249,90.50751879699249,84.89583333333333,94.53125,77.73109243697478,91.59663865546219,78.1663592470481,92.478504042983,64.08317962352406,84.79642058788642,0.6496390054116666
323.0,59.688581314878896,73.93310265282584,54.53438395415474,49.84240687679083,53.38753387533875,55.07377295995182,54.60604265402844,50.14810426540285,51.02941176470585,52.563025210084035,54.64919071262134,56.312082393011075,76.098166539343,83.14143839353923,78.52994749812493,87.66098789242473,83.213866039953,90.8813160987074,81.91020826220554,92.12359166951178,82.86837900946294,94.46356150915571,80.52411346981789,89.65417911266778,67.58665209121962,72.98313075283943,0.6375481580718728,50.0,76.59574468085107,50.00000000000002,80.26315789473684,50.00000000000002,72.46376811594203,49.999999999999986,85.18518518518519,49.99999999999999,70.0,50.000000000000014,76.90157117534302,72.07792207792205,92.79811097992916,78.11942959001784,92.9590017825312,78.00751879699249,90.41353383458647,84.89583333333333,94.53125,77.73109243697478,91.59663865546219,78.1663592470481,92.4597070505018,64.08317962352406,84.68063911292242,0.6493452294974766
324.0,53.26797385620915,53.13341022683583,60.10744985673353,52.96561604584527,48.6449864498645,43.63143631436314,55.97600710900474,55.1095971563981,55.35714285714282,52.22689075630251,54.67071202579094,51.41339009994897,75.69709702062643,80.61224489795919,78.03600128576018,86.28951033965498,80.82843713278498,90.60164512338426,83.97917377944692,94.24718333902355,85.15730613248125,93.97197984515178,80.73960307021996,89.14451270903474,67.70515754800545,70.27895140449186,0.6421374238932139,50.0,76.59574468085107,50.00000000000002,80.26315789473684,50.00000000000002,72.46376811594203,49.999999999999986,85.52188552188552,49.99999999999999,70.0,50.000000000000014,76.96891124268309,72.07792207792205,92.79811097992916,78.11942959001784,93.04812834224599,78.00751879699249,90.41353383458647,82.8125,94.53125,75.63025210084034,91.59663865546219,77.32952451315454,92.47753236244476,63.664762256577276,84.72322180256393,0.6481066021233004
325.0,61.591695501730115,57.36255286428297,51.17478510028655,54.41260744985673,52.12285456187895,49.713941583860276,55.316943127962105,53.465639810426545,50.94537815126048,48.235294117647065,54.230331288623645,52.63800716521472,76.8716577540107,85.89708610717014,78.85567341690772,88.46244508732455,80.98707403055234,90.04465334900118,81.6626835097303,94.44861727552065,83.11109745606491,93.22231780754578,80.29763723345319,90.41502392531245,67.26398426103842,71.52651554526358,0.6372675948677436,50.0,76.59574468085107,50.00000000000002,80.26315789473684,50.00000000000002,72.46376811594203,49.999999999999986,85.52188552188552,49.99999999999999,70.0,50.000000000000014,76.96891124268309,72.07792207792205,92.79811097992916,78.11942959001784,93.04812834224599,76.69172932330827,90.41353383458647,82.8125,94.66145833333334,75.63025210084034,91.59663865546219,77.0663666184177,92.50357402911143,63.53318330920886,84.73624263589727,0.6475279311616409
326.0,57.420222991157246,56.36293733179546,55.329512893982816,52.97994269340974,50.09033423667568,52.54441433303222,60.715343601895746,59.55272511848341,52.54201680672266,50.67226890756302,55.21948610608683,54.422457676856766,76.97669977081742,83.14962348575794,79.84035144112286,87.26668809600343,82.39717978848417,92.58049353701527,82.90030727210653,92.51621713895528,79.46110360083568,90.44488140592357,80.31512837467332,89.1915807327311,67.76730724038008,71.80701920479393,0.6354772807176161,50.0,76.59574468085107,50.00000000000002,80.26315789473684,50.00000000000002,72.46376811594203,49.999999999999986,85.52188552188552,49.99999999999999,70.0,50.000000000000014,76.96891124268309,72.07792207792205,92.79811097992916,78.11942959001784,93.04812834224599,78.00751879699249,90.41353383458647,82.8125,94.66145833333334,77.73109243697478,91.59663865546219,77.74969258038143,92.50357402911143,63.874846290190725,84.73624263589727,0.6479286464537518
327.0,54.47904652056902,57.785467128027676,59.39111747851003,66.30372492836678,49.683830171635044,52.60463715748269,55.4576421800948,53.82109004739336,50.94537815126047,42.983193277310924,53.99140290041388,54.699622507716285,77.3968678380443,83.36516424751719,78.20315011250399,88.53101896496305,80.44065804935371,90.78730904817863,80.4335950836463,92.90542847388187,80.72692638564583,92.44193191593953,79.44023949383883,89.60617053009608,66.71582119712636,72.15289651890618,0.6386900391004184,50.0,76.59574468085107,50.00000000000002,80.26315789473684,50.00000000000002,72.46376811594203,49.999999999999986,85.52188552188552,49.99999999999999,70.0,50.000000000000014,76.96891124268309,72.07792207792205,92.79811097992916,78.11942959001784,93.04812834224599,76.69172932330827,90.41353383458647,82.8125,94.66145833333334,79.20168067226889,91.59663865546219,77.78065233270341,92.50357402911143,63.89032616635171,84.73624263589727,0.6468103797755279
328.0,57.93925413302576,70.81891580161476,58.32378223495702,57.836676217765046,51.535682023486885,54.591990364348085,57.397808056872044,51.8957345971564,56.092436974789884,62.60504201680672,56.25779268462632,59.5496717995382,76.85255920550038,83.99268798428463,77.38454944819456,87.54955534126219,80.06462984723855,89.91304347826086,83.34243769204507,92.85080232161147,86.03293597148826,93.22846257834583,80.73542243289336,89.506910340753,68.49660755875983,74.5282910701456,0.6335676654840184,50.0,76.59574468085107,50.00000000000002,80.26315789473684,50.00000000000002,72.46376811594203,49.999999999999986,85.52188552188552,49.99999999999999,70.0,50.000000000000014,76.96891124268309,72.07792207792205,92.79811097992916,78.11942959001784,93.04812834224599,76.69172932330827,90.41353383458647,82.8125,94.66145833333334,79.20168067226889,91.59663865546219,77.78065233270341,92.50357402911143,63.89032616635171,84.73624263589727,0.6465684171853816
329.0,57.76624375240292,60.93810073048827,51.31805157593124,49.01146131805157,56.2330623306233,53.59831376091538,55.22067535545023,52.577014218009474,53.19327731092434,52.689075630252105,54.746262065066404,53.76279313154337,76.24140565317036,81.91094619666049,76.2348655309118,85.1130397514197,80.82256169212692,90.47238542890717,82.94469102082623,94.11744622738136,83.74400884846996,93.28376551554626,79.99750654910106,88.979516623983,67.37188430708373,71.37115487776319,0.6405829122367536,50.0,76.59574468085107,50.00000000000002,80.26315789473684,50.00000000000002,72.46376811594203,49.999999999999986,85.52188552188552,49.99999999999999,70.0,50.000000000000014,76.96891124268309,72.07792207792205,92.91617473435655,78.11942959001784,93.04812834224599,76.69172932330827,90.50751879699249,82.8125,94.66145833333334,75.63025210084034,91.59663865546219,77.0663666184177,92.54598377247811,63.53318330920886,84.7574475075806,0.6462794917886168
330.0,54.82506728181469,44.25221068819685,56.17478510028655,54.78510028653295,45.16711833785004,52.574525745257446,53.4212085308057,46.06042654028436,60.336134453781476,61.260504201680675,53.984862740907694,51.78655349239045,75.99312452253629,83.13325330132054,78.5299474981249,86.83381549341048,82.56169212690955,89.88954171562867,82.69716626835098,92.40013656538069,85.25255007988201,94.20548113555365,81.00689609916074,89.29244564225881,67.49587942003421,70.53949956732464,0.6395251743992046,50.0,76.59574468085107,50.00000000000002,80.26315789473684,50.00000000000002,72.46376811594203,49.999999999999986,86.19528619528619,49.99999999999999,70.0,50.000000000000014,77.10359137736323,72.07792207792205,92.91617473435655,78.11942959001784,92.95900178253119,76.69172932330827,90.50751879699249,84.375,94.66145833333334,75.63025210084034,91.59663865546219,77.3788666184177,92.52815846053514,63.68943330920886,84.81587491894919,0.6459600453291212
331.0,51.51864667435602,56.978085351787776,60.88825214899715,60.24355300859598,48.64498644986449,44.74555856669677,54.228376777251185,51.08116113744076,53.8865546218487,54.957983193277315,53.83336333446351,53.601268251559716,76.85255920550038,83.57251991705773,78.69173899067822,88.48173149041038,80.00587544065807,90.427732079906,82.30795493342438,93.11027654489587,85.4000245790832,93.7876367211503,80.65163062986886,89.87597935068406,67.24249698216619,71.73862380112189,0.6349931678471874,50.0,76.59574468085107,50.00000000000002,80.26315789473684,50.00000000000002,72.46376811594203,49.999999999999986,85.52188552188552,49.99999999999999,70.0,50.000000000000014,76.96891124268309,72.07792207792205,92.91617473435655,78.11942959001784,92.95900178253119,78.00751879699249,90.50751879699249,82.8125,94.66145833333334,79.20168067226889,91.59663865546219,78.04381022744025,92.52815846053514,64.02190511372012,84.74853485160912,0.6457791202285943
332.0,41.09957708573626,37.10111495578624,59.04011461318053,63.68194842406877,57.04607046070458,56.97079193014153,52.94727488151659,54.05805687203791,54.663865546218446,54.87394957983193,52.959380517471274,53.33717235237327,75.44881588999235,83.2560296846011,79.02175077681343,88.00814314796956,81.47473560517042,90.46768507638072,81.3178559235234,92.86787299419598,81.65478677645326,92.51566916554013,79.78358899439057,89.4230800137375,66.37148475593092,71.38012618305538,0.6435666067751007,50.0,76.59574468085107,50.00000000000002,80.26315789473684,50.00000000000002,72.46376811594203,49.999999999999986,86.19528619528619,49.99999999999999,70.0,50.000000000000014,77.10359137736323,72.07792207792205,92.91617473435655,78.11942959001784,92.95900178253119,76.69172932330827,90.50751879699249,84.375,94.66145833333334,75.63025210084034,91.59663865546219,77.3788666184177,92.52815846053514,63.68943330920886,84.81587491894919,0.6449394182393964
333.0,59.86159169550174,60.89965397923876,57.46418338108884,60.88825214899713,51.53568202348689,48.087925323697675,44.520142180094794,45.42357819905213,56.00840336134449,51.89075630252101,53.87800052830336,53.43803319070135,76.13636363636364,83.54250791225581,78.53101896496301,85.36697739204972,82.77908343125738,91.3207990599295,82.50256060088769,93.65653806759985,80.82217033304659,92.77374953914219,80.15423939330367,89.3321143941954,67.01611996080351,71.38507379244837,0.6394975190458546,50.0,76.59574468085107,50.00000000000002,80.7017543859649,50.00000000000002,72.46376811594203,49.999999999999986,86.19528619528619,49.99999999999999,69.16666666666667,50.000000000000014,77.02464400894218,72.07792207792205,92.91617473435655,78.11942959001784,93.04812834224599,76.69172932330827,90.50751879699249,84.375,94.66145833333334,75.63025210084034,91.59663865546219,77.3788666184177,92.54598377247811,63.68943330920886,84.78531389071014,0.644553675971887
334.0,59.68858131487889,63.744713571703194,58.61031518624643,58.56733524355301,55.01355013550134,62.60162601626017,48.829976303317544,48.28199052132702,53.928571428571395,51.008403361344534,55.21419887370312,56.840813742837575,75.36287242169594,85.28320419076721,80.4939462123647,88.0274295510554,79.68272620446535,89.32549941245594,82.84738818709457,92.55035848412427,82.86837900946294,92.81061816394248,80.2510624070167,89.59942196046907,67.73263064035991,73.22011785165333,0.6332740428482376,50.0,76.59574468085107,50.00000000000002,80.26315789473684,50.00000000000002,72.46376811594203,49.999999999999986,85.52188552188552,49.99999999999999,70.0,50.000000000000014,76.96891124268309,72.07792207792205,92.91617473435655,78.11942959001784,93.04812834224599,76.69172932330827,90.50751879699249,84.375,94.66145833333334,75.63025210084034,91.59663865546219,77.3788666184177,92.54598377247811,63.68943330920886,84.7574475075806,0.6435661406859418
335.0,52.210688196847364,57.43944636678201,58.89684813753583,61.432664756447,55.82655826558264,64.10719662752183,57.11640995260664,61.92239336492891,60.46218487394955,53.90756302521008,56.9025378853044,59.761852828177965,75.82123758594346,83.01866201025865,78.8567448837458,85.67663130826101,80.60517038777911,90.58284371327849,83.93479003072721,93.68726527825196,82.38294211625906,93.08098807914465,80.32017700089094,89.20927807783895,68.61135744309766,74.48556545300846,0.6296848545055345,50.0,76.59574468085107,50.00000000000002,80.7017543859649,50.00000000000002,72.46376811594203,49.999999999999986,85.52188552188552,49.99999999999999,70.0,50.000000000000014,77.05663054092871,72.07792207792205,92.91617473435655,78.11942959001784,93.04812834224599,76.69172932330827,90.41353383458647,84.375,94.66145833333334,75.63025210084034,91.59663865546219,77.3788666184177,92.52718677999691,63.68943330920886,84.79190866046281,0.6432369154664798
336.0,44.7520184544406,44.482891195693966,60.25071633237824,59.06876790830946,49.86449864498644,46.46190906353508,54.56161137440759,54.14691943127961,57.56302521008401,57.352941176470594,53.39837400325938,52.302685755057745,76.4514896867838,85.65971843282767,79.34747669559624,87.11882567234544,82.614571092832,91.71797884841362,82.50256060088769,92.93274155001707,78.5854737618287,92.06095612633649,79.90031436758568,89.89804412598805,66.64934418542254,71.1003649405229,0.639003646255748,50.0,76.59574468085107,50.00000000000002,80.7017543859649,50.00000000000002,72.46376811594203,49.999999999999986,85.52188552188552,49.99999999999999,70.0,50.000000000000014,77.05663054092871,72.07792207792205,93.03423848878396,78.11942959001784,93.04812834224599,76.69172932330827,90.50751879699249,84.375,94.66145833333334,79.20168067226889,91.59663865546219,78.09315233270341,92.5695965233636,64.04657616635171,84.81311353214616,0.6429581939659097
337.0,45.96309111880046,36.17839292579777,60.32951289398283,62.34957020057307,50.22583559168925,47.72658837699488,56.73874407582938,57.71623222748815,59.894957983193244,59.66386554621849,54.63042833269903,52.72692985541448,76.20320855614973,82.88224380661356,77.54634094074785,85.64234436944177,78.92479435957698,89.79318448883666,81.56538067599864,94.28473881870946,84.76711318667816,94.68477325795747,79.80136754383028,89.45745694831179,67.21589793826466,71.09219340186314,0.6420645477257754,50.0,77.65957446808511,50.00000000000002,81.14035087719299,50.00000000000002,72.46376811594203,49.999999999999986,85.52188552188552,49.99999999999999,70.0,50.000000000000014,77.35711579662113,72.07792207792205,92.91617473435655,78.11942959001784,92.95900178253119,76.69172932330827,90.50751879699249,84.375,94.66145833333334,75.63025210084034,91.59663865546219,77.3788666184177,92.52815846053514,63.68943330920886,84.94263712857813,0.6420215992493844
338.0,61.591695501730115,70.54978854286813,60.82378223495704,58.63896848137535,55.64588979223125,59.741041854862985,56.73874407582938,60.21919431279621,46.008403361344506,48.4873949579832,56.161702993218455,59.52727762997718,76.32734912146675,81.85637891520244,78.03707275259828,86.10950391085396,79.78848413631025,88.99177438307873,82.75008535336292,93.53021509047457,83.6487649010692,93.25918643234607,80.11035125296148,88.74941174639116,68.13602712308997,74.13834468818416,0.6327986938056074,50.0,77.65957446808511,50.00000000000002,81.14035087719299,50.00000000000002,72.46376811594203,49.999999999999986,85.85858585858585,49.99999999999999,70.0,50.000000000000014,77.4244558639612,72.07792207792205,93.03423848878396,78.11942959001784,93.04812834224599,76.69172932330827,90.50751879699249,84.375,94.66145833333334,75.63025210084034,91.59663865546219,77.3788666184177,92.5695965233636,63.68943330920886,84.9970261936624,0.6415972843744963
339.0,64.01384083044984,60.515186466743565,57.89398280802294,57.73638968481376,53.3423667570009,48.05781391147245,57.07197867298579,58.66409952606635,55.315126050420126,58.36134453781513,57.52745902377592,56.66696682538225,76.01222307104659,82.92862599585288,79.18354226936674,87.64598735669131,82.29142185663927,89.99764982373677,82.11334926596109,92.42403550699898,82.86837900946294,92.58326164434067,80.49378309449533,89.11591206552411,69.01062105913562,72.89143944545319,0.6314132357911626,50.0,78.72340425531914,50.00000000000002,81.14035087719299,50.00000000000002,71.73913043478261,49.999999999999986,85.85858585858585,49.99999999999999,70.0,50.000000000000014,77.49229428517611,72.07792207792205,93.03423848878396,78.11942959001784,93.04812834224599,76.69172932330827,90.50751879699249,84.375,94.66145833333334,79.20168067226889,91.59663865546219,78.09315233270341,92.5695965233636,64.04657616635171,85.03094540426986,0.6413449462410111
340.0,57.59323337178009,60.66897347174164,66.61891117478513,68.95415472779369,55.55555555555555,58.68714242697983,56.642476303317544,54.45793838862559,55.357142857142826,50.0,58.35346385251622,58.55364180302816,76.64247517188694,81.80999672596312,78.3638701382192,89.19532840458588,81.52761457109285,90.08930669800236,81.9631273472175,92.86104472516217,79.16615460243334,95.80926631436647,79.53264836616997,89.95298857361601,68.94305610934309,74.25331518832209,0.6280935434695648,50.0,78.72340425531914,50.00000000000002,81.14035087719299,50.00000000000002,71.01449275362319,49.999999999999986,85.85858585858585,49.99999999999999,70.0,50.000000000000014,77.34736674894422,72.07792207792205,93.03423848878396,78.11942959001784,93.04812834224599,78.00751879699249,90.50751879699249,82.8125,94.66145833333334,79.20168067226889,91.59663865546219,78.04381022744025,92.5695965233636,64.02190511372012,84.95848163615392,0.6410102196679909
341.0,65.57093425605535,85.92848904267589,59.04011461318053,61.346704871060176,55.239385727190594,51.821740439626616,53.23607819905215,57.464454976303315,56.05042016806719,60.042016806722685,57.82738659270916,63.32068122727774,75.48701298701297,85.73884099094184,78.03600128576018,87.15954141219329,81.3160987074031,91.30904817861341,85.8091498805053,93.39364970979858,82.7731350620622,93.22846257834583,80.68427958454875,90.1659085739786,69.25583308862895,76.74329490062817,0.6207248457378587,50.0,78.72340425531914,50.00000000000002,81.14035087719299,50.00000000000002,71.01449275362319,49.999999999999986,86.19528619528619,49.99999999999999,70.0,50.000000000000014,77.4147068162843,72.07792207792205,93.03423848878396,78.11942959001784,93.04812834224599,76.69172932330827,90.6015037593985,84.375,94.66145833333334,79.20168067226889,91.59663865546219,78.09315233270341,92.5883935158448,64.04657616635171,85.00155016606455,0.6400817954561208
342.0,59.84236831987697,54.94040753556324,54.40544412607451,56.3753581661891,56.00722673893404,55.435109906654624,50.86640995260664,56.30924170616114,58.991596638655416,63.15126050420168,56.02260915522951,57.24227556375396,76.01222307104659,82.55756848193823,78.52887603128681,87.26668809600342,80.11750881316101,89.95064629847239,84.47422328439743,94.19597132127006,78.4379992626275,91.75986235713408,79.51416609250387,89.14614731096364,67.76838762386669,73.1942114373588,0.6350375037791965,50.0,78.72340425531914,50.00000000000002,81.14035087719299,50.00000000000002,71.01449275362319,49.999999999999986,86.19528619528619,49.99999999999999,70.0,50.000000000000014,77.4147068162843,72.07792207792205,93.03423848878396,78.11942959001784,92.95900178253119,76.69172932330827,90.6015037593985,84.375,94.66145833333334,75.63025210084034,91.59663865546219,77.3788666184177,92.57056820390184,63.68943330920886,84.99263751009306,0.6394130922171227
343.0,54.30603613994618,52.36447520184544,54.1189111747851,56.919770773638966,52.303523035230334,47.696476964769644,62.0408767772512,66.60248815165876,48.21428571428569,47.89915966386554,54.196726568299695,54.296474151155664,75.34377387318564,84.4101276874386,78.85781635058393,87.59669988213865,81.20446533490014,89.60282021151586,81.61829976101058,92.70740867190167,83.74400884846996,93.7384785547499,80.15367283363005,89.61110700154893,67.17519970096487,71.9537905763523,0.6353023538342804,50.0,79.7872340425532,50.00000000000002,81.14035087719299,50.00000000000002,71.73913043478262,49.999999999999986,86.53198653198653,49.99999999999999,70.83333333333333,50.000000000000014,78.00640704396973,72.07792207792205,93.03423848878396,78.11942959001784,92.95900178253119,76.69172932330827,90.31954887218046,84.375,94.66145833333334,75.63025210084034,91.59663865546219,77.3788666184177,92.51417722645823,63.68943330920886,85.26029213521397,0.6386929813439005
344.0,57.074202229911585,58.70818915801615,50.82378223495703,51.876790830945566,54.381210478771436,58.35591689250226,53.13981042654029,54.828199052132696,58.25630252100837,53.403361344537814,54.73506157823774,55.434491455626905,74.94270435446904,83.27239986903852,78.19993571198968,88.75174113361193,81.20446533490014,90.30552291421857,83.58996244452032,93.32878115397747,77.65761337102127,92.41735283273933,79.11893624338009,89.61515958071716,66.92699891080892,72.52482551817204,0.6371480683317177,50.0,79.7872340425532,50.00000000000002,81.14035087719299,50.00000000000002,73.18840579710145,49.999999999999986,86.53198653198653,49.99999999999999,70.83333333333333,50.000000000000014,78.2962621164335,72.07792207792205,93.03423848878396,78.11942959001784,92.95900178253119,76.69172932330827,90.50751879699249,84.375,94.66145833333334,79.20168067226889,91.59663865546219,78.09315233270341,92.55177121142063,64.04657616635171,85.42401666392706,0.638235454152134
345.0,53.7677816224529,53.13341022683583,48.46704871060173,51.189111747851,59.25925925925923,58.20535983137609,59.38981042654029,57.508886255924175,54.57983193277308,46.5126050420168,55.092746390325445,53.309874620800784,76.11726508785333,84.90668994870676,79.67534554805526,87.76384870888245,83.64864864864867,89.93889541715629,83.97917377944692,93.96039603960395,83.8392527958707,93.51112203514809,81.45193717197499,90.01619042989951,68.27234178115022,71.66303252535015,0.6301610078573849,50.0,79.7872340425532,50.00000000000002,81.14035087719299,50.00000000000002,72.46376811594203,49.999999999999986,86.53198653198653,49.99999999999999,70.83333333333333,50.000000000000014,78.15133458020162,72.07792207792205,93.03423848878396,78.11942959001784,92.95900178253119,76.69172932330827,90.6015037593985,84.375,94.66145833333334,79.20168067226889,91.59663865546219,78.09315233270341,92.57056820390184,64.04657616635171,85.36095139205173,0.6380783612808355
346.0,58.63129565551712,50.82660515186467,60.61604584527222,60.071633237822354,55.194218608852744,48.90093345377898,54.84300947867299,52.94727488151659,46.827731092436956,53.02521008403362,55.2224601361504,53.154331361803244,75.90718105423987,83.16872203426826,79.67641701489336,86.87453123325834,81.79788484136313,91.3701527614571,83.24513485831342,94.17207237965177,81.11711933144893,92.00565318913605,80.34874742005175,89.51822631955432,67.78560377810108,71.33627884067877,0.6337493742279943,50.0,79.7872340425532,50.00000000000002,81.14035087719299,50.00000000000002,73.18840579710144,49.999999999999986,86.53198653198653,49.99999999999999,70.83333333333333,50.000000000000014,78.2962621164335,72.07792207792205,93.03423848878396,78.11942959001784,92.95900178253119,76.69172932330827,90.6015037593985,84.375,94.66145833333334,79.20168067226889,91.59663865546219,78.09315233270341,92.57056820390184,64.04657616635171,85.43341516016767,0.6376176771955337
347.0,61.591695501730115,50.6728181468666,53.11604584527222,53.22349570200573,59.259259259259245,58.44625112917795,56.50177725118485,56.753554502369674,59.03361344537812,55.714285714285715,57.90047826056491,54.96208103894113,75.92627960275018,85.17134126377825,79.18247080252866,86.11807564555876,79.68272620446535,91.1562867215041,80.87572550358485,92.45817685216797,84.28167629347426,93.1485805579452,79.98977568136067,89.61049220819085,68.94512697096279,72.28628662356599,0.6374029103510781,50.0,79.7872340425532,50.00000000000002,81.14035087719299,50.00000000000002,73.18840579710144,49.999999999999986,86.53198653198653,49.99999999999999,70.83333333333333,50.000000000000014,78.2962621164335,72.07792207792205,93.03423848878396,78.11942959001784,93.04812834224599,76.69172932330827,90.50751879699249,84.375,94.66145833333334,79.20168067226889,91.59663865546219,78.09315233270341,92.5695965233636,64.04657616635171,85.43292931989855,0.6368757040468441
348.0,65.74394463667821,73.93310265282584,61.47564469914042,58.69627507163324,57.859078590785906,56.970791930141516,60.19697867298579,61.80390995260663,59.68487394957979,67.6470588235294,60.99210410983403,63.81022768614732,74.71352177234529,83.18236385463275,78.19993571198968,86.58737812064716,82.72620446533493,92.25381903642773,82.30795493342438,93.54728576305907,79.70382204743764,94.36524517635493,79.53028778610638,89.98721839022433,70.26119594797021,76.89872303818582,0.6180563559339507,50.0,79.7872340425532,50.00000000000002,81.14035087719299,50.00000000000002,73.18840579710144,49.999999999999986,86.53198653198653,49.99999999999999,70.83333333333333,50.000000000000014,78.2962621164335,72.07792207792205,93.03423848878396,78.11942959001784,93.04812834224599,76.69172932330827,90.41353383458647,84.375,94.79166666666666,79.20168067226889,91.59663865546219,78.09315233270341,92.57684119754904,64.04657616635171,85.43655165699127,0.6363937763793801
349.0,59.150326797385624,51.787773933102656,56.3323782234957,55.05730659025787,48.78048780487804,53.688647997591076,57.545912322274894,59.834123222748815,56.86974789915963,53.0672268907563,55.73577060943878,54.68701572689135,75.48701298701297,86.24358834442867,78.5278045644487,88.54173363334405,81.52761457109287,90.60164512338424,83.43974052577671,93.91259815636735,80.82217033304659,92.28216787513826,79.96086859627556,90.31634662653252,67.84831960285717,72.50168117671194,0.6308904118684404,50.0,79.7872340425532,50.00000000000002,82.01754385964912,50.00000000000002,74.63768115942028,49.999999999999986,86.86868686868688,49.99999999999999,70.83333333333333,50.000000000000014,78.82889585272855,72.07792207792205,93.03423848878396,78.11942959001784,93.04812834224599,76.69172932330827,90.31954887218046,84.375,94.79166666666666,75.63025210084034,91.59663865546219,77.3788666184177,92.55804420506784,63.68943330920886,85.69347002889819,0.6360231933060242
350.0,56.901191849288736,67.05113417916186,60.32951289398283,55.6160458452722,50.90334236675699,53.14664257753689,56.16854265402844,57.494075829383874,55.315126050420126,55.672268907563016,55.92354316289542,57.79603346778357,73.76814362108479,84.47288006111535,79.51141112182574,88.0274295510554,81.31022326674504,90.89071680376028,83.05052919085011,93.18880163878455,84.37692024087502,96.07963622956865,80.40344548827613,90.53189285685684,68.16349432558577,74.16396316232021,0.6264989088517454,50.0,79.7872340425532,50.00000000000002,82.01754385964912,50.00000000000002,74.63768115942028,49.999999999999986,87.20538720538721,49.99999999999999,70.83333333333333,50.000000000000014,78.89623592006862,72.07792207792205,93.03423848878396,78.11942959001784,93.13725490196079,76.69172932330827,90.31954887218046,84.375,94.79166666666666,79.20168067226889,91.59663865546219,78.09315233270341,92.57586951701082,64.04657616635171,85.73605271853972,0.6356618129295429
351.0,46.309111880046146,45.09803921568628,56.54011461318053,43.882521489971346,54.96838301716349,50.978620897320084,59.530509478673,57.10900473933649,61.15546218487391,62.05882352941177,55.70071623478741,51.82540197434518,76.97669977081742,86.72105205718651,77.70920390013927,88.91246115932712,80.11750881316101,89.6063454759107,83.58996244452032,93.25708432912256,80.57945188644464,95.48359346196386,79.79456536301653,90.79610729670215,67.74764079890197,71.31075463552367,0.6277763585077752,50.0,79.7872340425532,50.00000000000002,82.01754385964912,50.00000000000002,75.36231884057972,49.999999999999986,87.20538720538721,49.99999999999999,70.83333333333333,50.000000000000014,79.04116345630051,72.07792207792205,93.15230224321134,78.11942959001784,93.22638146167557,76.69172932330827,90.31954887218046,84.375,94.79166666666666,79.20168067226889,91.59663865546219,78.09315233270341,92.61730757983925,64.04657616635171,85.82923551806988,0.6352246914167309
352.0,50.82660515186467,43.86774317570165,60.04297994269343,63.524355300859604,59.93676603432699,61.63806082505269,52.19194312796209,52.10308056872039,64.91596638655459,67.56302521008404,57.58285212868035,57.73925301608367,76.53743315508021,84.64203863363528,79.18461373620485,89.09246758812816,82.66745005875443,90.62749706227967,84.37692045066576,93.27074086719016,82.47818606365985,92.81676293474253,81.04892069287301,90.08990141719516,69.31588641077668,73.91457721663942,0.6314423197567668,50.0,79.7872340425532,50.00000000000002,82.01754385964912,50.00000000000002,76.08695652173913,49.999999999999986,87.20538720538721,49.99999999999999,70.83333333333333,50.000000000000014,79.18609099253239,72.07792207792205,93.15230224321134,78.11942959001784,93.04812834224599,76.69172932330827,90.31954887218046,84.375,94.79166666666666,79.20168067226889,91.59663865546219,78.09315233270341,92.58165695595332,64.04657616635171,85.88387397424285,0.6345665152114038
353.0,58.285274894271446,65.1672433679354,59.26217765042981,59.08309455587393,54.561878952122846,52.664859981933155,56.26481042654029,52.23637440758294,62.626050420168035,61.72268907563026,58.20003846870649,58.17485227779114,75.90718105423987,85.45236276328714,77.05239472838313,87.15525554484087,80.710928319624,92.24441833137486,84.62444520314101,93.50973028337316,83.59653434926877,93.498832493548,80.37829673093135,90.3721198832848,69.28916759981892,74.27348608053796,0.6224124619369081,50.0,79.7872340425532,50.00000000000002,82.01754385964912,50.00000000000002,76.08695652173913,49.999999999999986,87.20538720538721,49.99999999999999,70.83333333333333,50.000000000000014,79.18609099253239,72.07792207792205,93.03423848878396,78.11942959001784,93.13725490196079,76.69172932330827,90.31954887218046,84.375,94.79166666666666,79.20168067226889,91.59663865546219,78.09315233270341,92.57586951701082,64.04657616635171,85.8809802547716,0.6338666462072704
354.0,62.437524029219524,66.66666666666666,55.90257879656162,55.95988538681949,57.226738934056,56.66967780788919,60.86344786729858,60.08590047393365,58.29831932773105,55.33613445378152,58.94572179097336,58.943652957818095,77.08174178762414,84.83302411873841,79.18139933569054,87.240972891889,79.62984723854292,91.13278495887191,81.02594742232844,94.55445544554455,77.95256236942363,93.26533120314613,78.97429963072193,90.205313723638,68.96001071084764,74.57448334072805,0.6224294566254592,50.0,79.7872340425532,50.00000000000002,82.89473684210526,50.00000000000002,76.81159420289855,49.999999999999986,87.20538720538721,49.99999999999999,70.83333333333333,50.000000000000014,79.50645712525551,72.07792207792205,93.15230224321134,78.11942959001784,93.22638146167557,76.69172932330827,90.31954887218046,84.375,94.79166666666666,79.20168067226889,91.59663865546219,78.09315233270341,92.61730757983925,64.04657616635171,86.06188235254737,0.6334348580164468
355.0,54.113802383698584,55.094194540561325,57.76504297994271,54.2836676217765,61.29177958446251,61.939174947305034,47.741409952606645,47.65995260663507,49.600840336134425,50.71428571428571,54.10257504736897,53.938255086112726,75.71619556913674,83.17145039834115,79.83820850744667,89.1288974606236,82.66745005875444,90.9541715628672,85.21679754182314,93.64288152953226,81.45508172545165,94.04571709475236,80.97874668052252,90.18862360922331,67.54066086394575,72.06343934766802,0.6287365699802218,50.0,79.7872340425532,50.00000000000002,82.89473684210526,50.00000000000002,76.81159420289855,49.999999999999986,87.20538720538721,49.99999999999999,70.83333333333333,50.000000000000014,79.50645712525551,72.07792207792205,93.15230224321134,78.11942959001784,93.13725490196079,78.00751879699249,90.31954887218046,84.375,94.79166666666666,79.20168067226889,91.59663865546219,78.35631022744025,92.59948226789628,64.17815511372012,86.0529696965759,0.633073745695353
356.0,64.3598615916955,65.28258362168397,53.11604584527221,56.46131805157594,55.78139114724478,57.121348991267695,51.76244075829385,49.91113744075829,56.092436974789884,57.60504201680672,56.222435263459246,57.276286024418525,76.87165775401068,85.20135326858016,78.85995928426011,88.54387656702025,80.44065804935371,90.43478260869566,81.86582451348585,93.41754865141687,85.88546147228709,92.98881651714392,80.7847122146795,90.11727552257136,68.50357373906937,73.69678077349494,0.6291727625286055,50.0,80.85106382978724,50.00000000000002,82.89473684210526,50.00000000000002,76.81159420289855,49.999999999999986,87.20538720538721,49.99999999999999,70.83333333333333,50.000000000000014,79.71922308270231,72.07792207792205,93.15230224321134,78.11942959001784,93.22638146167557,76.69172932330827,90.31954887218046,84.375,94.79166666666666,79.20168067226889,91.59663865546219,78.09315233270341,92.61730757983925,64.04657616635171,86.16826533127079,0.6324305545078645
357.0,51.34563629373318,62.24529027297193,61.045845272206314,65.4297994269341,49.81933152664861,52.965974104185484,54.74674170616115,58.323459715639814,56.13445378151257,55.96638655462185,54.61840171605237,58.986182014870636,76.4514896867838,84.14001964422133,79.51355405550196,87.73384763741564,81.5334900117509,91.94124559341951,82.90030727210653,94.88904062820076,80.18925894064152,93.20388349514563,80.11761999335695,90.38160739968058,67.36801085470466,74.68389470727561,0.62490275792971,50.0,80.85106382978724,50.00000000000002,82.89473684210526,50.00000000000002,76.81159420289855,49.999999999999986,87.54208754208754,49.99999999999999,71.66666666666667,50.000000000000014,79.95322981670905,72.07792207792205,93.27036599763872,78.11942959001784,93.22638146167557,78.00751879699249,90.31954887218046,84.375,94.79166666666666,79.20168067226889,91.59663865546219,78.35631022744025,92.64092033072471,64.17815511372012,86.29707507371688,0.6319461878775042
358.0,62.45674740484431,65.82083813917723,59.262177650429805,63.19484240687678,50.4516711833785,58.86781090033122,61.04857819905214,60.15995260663507,54.74789915966384,52.01680672268908,57.59341471947372,60.01205015514188,76.66157372039723,81.32434792098657,78.52887603128681,88.12600450016072,82.83196239717981,91.96239717978848,84.96927278934791,94.46910208262204,83.40604645446726,94.43898242595552,81.2795462785358,90.06416682190266,69.43648049900476,75.03810848852227,0.6219377909943198,50.0,80.85106382978724,50.00000000000002,82.89473684210526,50.00000000000002,77.53623188405797,49.999999999999986,87.54208754208754,49.99999999999999,71.66666666666667,50.000000000000014,80.09815735294094,72.07792207792205,93.27036599763872,78.11942959001784,93.13725490196079,78.00751879699249,90.41353383458647,84.375,94.79166666666666,79.20168067226889,91.80672268907563,78.35631022744025,92.68390881798567,64.17815511372012,86.3910330854633,0.6313543678336102
359.0,54.45982314494425,51.018838908112265,64.1977077363897,58.911174785100286,54.968383017163504,56.06744956338452,62.848045023696685,62.396327014218,55.52521008403358,53.48739495798319,58.39983380124554,56.37623704575965,76.34644766997708,84.68023573065588,78.85781635058393,87.79599271402549,80.82843713278498,91.23619271445358,83.09491293956984,93.52680095595767,80.57945188644463,94.56802261275654,79.9414131958721,90.36144894556983,69.17062349855883,73.36884299566475,0.6252005451423088,50.0,80.85106382978724,50.00000000000002,82.89473684210526,50.00000000000002,77.53623188405797,49.999999999999986,87.54208754208754,49.99999999999999,71.66666666666667,50.000000000000014,80.09815735294094,72.07792207792205,93.27036599763872,78.11942959001784,93.13725490196079,78.00751879699249,90.6015037593985,84.375,94.79166666666666,79.20168067226889,91.80672268907563,78.35631022744025,92.72150280294807,64.17815511372012,86.4098300779445,0.6307939811411866
360.0,59.66935793925414,59.207996924259895,53.97564469914041,59.326647564469916,48.37398373983739,47.72658837699487,55.413210900473956,57.301540284360186,58.34033613445375,49.075630252100844,55.154506682631926,54.52768068043714,76.87165775401068,85.31867292371493,80.49287474552659,89.49962498660666,82.39717978848417,91.60282021151586,82.11334926596109,94.18572891771936,83.9867272950719,95.20707877596166,81.17235776981087,91.16278516310369,68.1634322262214,72.84523292177042,0.6216216807502014,50.0,80.85106382978724,50.00000000000002,83.33333333333334,50.00000000000002,77.53623188405797,49.999999999999986,87.20538720538721,49.99999999999999,71.66666666666667,50.000000000000014,80.11853658384649,72.07792207792205,93.27036599763872,78.11942959001784,93.13725490196079,78.00751879699249,90.41353383458647,84.375,94.79166666666666,79.20168067226889,91.80672268907563,78.35631022744025,92.68390881798567,64.17815511372012,86.40122270091608,0.6301601944798193
361.0,52.383698577470206,47.40484429065744,57.478510028653304,58.86819484240687,56.36856368563684,58.08491418247517,60.433945497630326,63.83293838862559,51.89075630252098,50.882352941176464,55.711094818382335,55.81464892906831,77.08174178762414,85.1113172541744,78.69709632486871,86.4566591663988,80.87544065804938,91.07873090481786,83.34243769204508,94.29156708774326,87.00380975789605,95.42214575396338,81.40010524409668,90.47208403341953,68.5556000312395,73.14336648124393,0.6248821797457036,50.0,81.91489361702126,50.00000000000002,83.33333333333334,50.00000000000002,78.26086956521739,49.999999999999986,87.20538720538721,49.99999999999999,71.66666666666667,50.000000000000014,80.47623007752517,72.07792207792205,93.27036599763872,78.11942959001784,93.22638146167557,78.00751879699249,90.41353383458647,84.375,94.79166666666666,79.20168067226889,91.80672268907563,78.35631022744025,92.70173412992861,64.17815511372012,86.58898210372689,0.6301098621347735
362.0,47.174163783160324,50.28835063437139,50.90257879656161,53.30945558739255,54.74254742547424,50.49683830171634,60.95231042654028,59.597156398104254,61.15546218487391,58.90756302521009,54.985412523322076,54.51987278935892,74.96180290297937,84.99672596311252,78.2010071788278,88.69602485803065,80.39365452408933,90.0,82.11334926596109,93.88528508023217,82.72090451026178,92.58326164434067,79.67814367642387,90.0322595091432,67.33177809987298,72.27606614925106,0.6300096040948997,50.0,82.97872340425532,50.00000000000002,83.33333333333334,50.00000000000002,78.26086956521739,49.999999999999986,87.20538720538721,49.99999999999999,72.5,50.000000000000014,80.85566270163865,72.07792207792205,93.38842975206612,78.11942959001784,93.31550802139037,78.00751879699249,90.50751879699249,84.375,94.66145833333334,79.20168067226889,92.01680672268907,78.35631022744025,92.77794432529427,64.17815511372012,86.81680351346645,0.6294978483308065
363.0,59.32333717800846,61.7839292579777,65.75931232091693,56.9054441260745,60.2981029810298,57.45257452574525,61.85574644549764,64.64751184834124,57.605042016806685,54.74789915966387,60.9683081884519,59.10747178356051,74.18831168831169,83.87536832914984,77.70920390013927,87.97814207650273,82.17978848413635,91.92479435957698,83.43974052577674,94.24376920450666,83.74400884846996,93.54184588914833,80.2522106893668,90.31278397177691,70.61025943890935,74.71012787766871,0.6223702024696711,50.0,82.97872340425532,50.00000000000002,83.33333333333334,50.00000000000002,78.98550724637681,49.999999999999986,87.54208754208754,49.99999999999999,72.5,50.000000000000014,81.0679303052106,72.07792207792205,93.38842975206612,78.11942959001784,93.31550802139037,78.00751879699249,90.41353383458647,84.375,94.66145833333334,79.20168067226889,92.01680672268907,78.35631022744025,92.75914733281307,64.17815511372012,86.91353881901183,0.628347330245443
364.0,61.22645136485968,62.668204536716644,61.90544412607451,62.378223495702,54.516711833784996,49.95483288166215,60.337677725118496,57.612559241706165,48.99159663865543,41.84873949579832,57.39557633769863,54.89251193031706,76.55653170359052,84.22459893048129,78.85567341690772,86.3902282224365,80.38777908343128,89.77673325499413,82.75008535336292,93.55411403209285,82.86837900946296,93.01339560034411,80.28368971335108,89.39181400806977,68.83963302552485,72.14216296919342,0.6317161804285479,50.0,82.97872340425532,50.00000000000002,82.89473684210526,50.00000000000002,78.98550724637681,49.999999999999986,87.54208754208754,49.99999999999999,72.5,50.000000000000014,80.98021100696499,72.07792207792205,93.38842975206612,77.1390374331551,93.31550802139037,78.00751879699249,90.41353383458647,84.375,94.66145833333334,79.20168067226889,92.01680672268907,78.1602317960677,92.75914733281307,64.08011589803385,86.86967916988903,0.6273698356757028
365.0,58.28527489427143,65.24413687043445,50.32951289398282,49.756446991404005,52.303523035230334,53.50797952423969,60.81161137440759,60.470971563981045,52.54201680672266,46.38655462184874,54.85438780092297,55.07321791438159,75.02864782276546,84.29553639637672,78.69066752384012,86.7716704168006,81.0928319623972,91.26909518213866,83.34243769204507,94.27449641515877,83.11109745606491,92.66314366474131,80.25313649142255,89.8547884150432,67.55376214617276,72.4640031647124,0.6285425417762508,50.0,84.04255319148936,50.00000000000002,82.89473684210526,50.00000000000002,78.98550724637681,49.999999999999986,87.20538720538721,49.99999999999999,72.5,50.000000000000014,81.12563689707173,72.07792207792205,93.50649350649351,77.1390374331551,93.31550802139037,78.00751879699249,90.41353383458647,84.375,94.79166666666666,79.20168067226889,92.22689075630251,78.1602317960677,92.8508185570879,64.08011589803385,86.98822772707982,0.6265988992608306
366.0,65.91695501730104,68.58900422914263,54.978510028653304,56.69054441260746,54.11020776874436,56.12767238783499,62.233412322274894,63.74407582938388,54.663865546218446,60.7983193277311,58.38059013663841,61.18992323734002,76.66157372039723,84.92306013314416,78.69281045751632,87.18418514946961,81.42185663924796,90.11045828437133,81.52099692727894,91.37589621031069,84.37692024087502,92.01794273073614,80.53483159706309,89.1223085016064,69.45771086685075,75.15611586947321,0.6232935330593026,50.0,84.04255319148936,50.00000000000002,83.33333333333334,50.00000000000002,78.98550724637681,49.999999999999986,87.54208754208754,49.99999999999999,72.5,50.000000000000014,81.28069626265741,72.07792207792205,93.50649350649351,78.11942959001784,93.31550802139037,78.00751879699249,90.41353383458647,84.375,94.79166666666666,79.20168067226889,92.22689075630251,78.35631022744025,92.8508185570879,64.17815511372012,87.06575740987266,0.6261680347805003
367.0,54.113802383698584,57.439446366782,57.1919770773639,54.88538681948424,54.968383017163504,57.69346582354712,63.085011848341246,62.100118483412324,52.54201680672266,52.73109243697479,56.38023822665798,56.9699019860401,76.43239113827349,83.58343337334935,79.34747669559624,85.7430622522233,82.29142185663927,91.02702702702703,81.17616934107204,94.36667804711506,81.2123632788497,93.87366351235099,80.09196446208614,89.71877284241313,68.23610134437206,73.34433741422662,0.6283771058185114,50.0,84.04255319148936,50.00000000000002,83.33333333333334,50.00000000000002,78.98550724637681,49.999999999999986,87.54208754208754,49.99999999999999,72.5,50.000000000000014,81.28069626265741,72.07792207792205,93.50649350649351,78.11942959001784,93.31550802139037,78.00751879699249,90.41353383458647,84.375,94.79166666666666,79.20168067226889,92.22689075630251,78.35631022744025,92.8508185570879,64.17815511372012,87.06575740987266,0.6249233684856474
368.0,57.57400999615534,64.05228758169935,59.1977077363897,62.63610315186248,54.33604336043361,61.33694670280037,56.598045023696685,57.12381516587677,56.13445378151256,57.81512605042016,56.768051979637576,60.592855730531824,76.43239113827349,83.94630579504529,77.38240651451834,88.67245258759242,78.54289071680378,91.4994124559342,80.87572550358485,93.09320587231136,83.35381590266682,92.34361558313876,79.31744595516946,89.91099845880441,68.04274896740353,75.25192709466812,0.6232998912599342,50.0,84.04255319148936,50.00000000000002,83.33333333333334,50.00000000000002,78.98550724637681,49.999999999999986,87.54208754208754,49.99999999999999,71.66666666666667,50.000000000000014,81.11402959599074,72.07792207792205,93.50649350649351,77.1390374331551,93.31550802139037,78.00751879699249,90.50751879699249,84.375,94.79166666666666,79.20168067226889,92.01680672268907,78.1602317960677,92.82759874284642,64.08011589803385,86.97081416941859,0.6241544231298333
369.0,55.67089580930411,57.36255286428297,60.40830945558741,66.86246418338109,52.710027100271006,55.284552845528445,50.72571090047394,51.273696682464454,51.11344537815123,45.378151260504204,54.125677728757545,55.23228356723223,76.22230710466003,84.70751937138492,77.54634094074785,87.0845387335262,80.33490011750885,90.11045828437133,82.94469102082623,93.34243769204507,84.37692024087502,92.0978247511368,80.2850318849236,89.46855576649287,67.20535480684057,72.35041966686255,0.6295676308284182,50.0,84.04255319148936,50.00000000000002,83.33333333333334,50.00000000000002,78.98550724637681,51.5151515151515,87.54208754208754,49.99999999999999,71.66666666666667,50.30303030303031,81.11402959599074,72.07792207792205,93.50649350649351,78.11942959001784,93.49376114081997,79.79323308270678,90.50751879699249,84.375,94.79166666666666,79.20168067226889,92.01680672268907,78.71345308458311,92.86324936673233,64.50824169380671,86.98863948136153,0.6232847935413298
370.0,60.53440984236832,65.24413687043445,53.40257879656162,57.106017191977074,56.9557362240289,55.736224028906946,56.598045023696685,52.073459715639814,59.768907563025174,61.21848739495799,57.45193548993613,58.27566504038325,76.01222307104659,84.62021172105206,78.03492981892207,88.89746062359369,80.55229142185667,91.72972972972973,82.90030727210653,93.25708432912256,81.99274917045597,94.5987464667568,79.89850015087757,90.62064657405097,68.67521782040686,74.4481558072171,0.6210320403359002,50.0,84.04255319148936,50.00000000000002,83.33333333333334,50.00000000000002,78.98550724637681,49.999999999999986,87.54208754208754,49.99999999999999,71.66666666666667,50.000000000000014,81.11402959599074,72.07792207792205,93.50649350649351,78.11942959001784,93.40463458110517,78.00751879699249,90.50751879699249,84.375,94.79166666666666,79.20168067226889,92.43697478991596,78.35631022744025,92.92945766823476,64.17815511372012,87.02174363211276,0.6228203539671482
371.0,63.475586312956565,63.70626682045367,58.91117478510029,63.00859598853869,60.2981029810298,61.72839506172839,57.07197867298579,53.49526066350712,52.58403361344535,52.43697478991597,58.468175273103554,58.87509866482876,75.69709702062643,83.99541634835752,78.2010071788278,86.42451516125575,80.44065804935371,89.97884841363101,83.78456811198362,92.91225674291567,82.5734300110606,94.83839252795872,80.13935207437044,89.62988583882372,69.303763673737,74.25249225182624,0.6256906594242797,50.0,85.10638297872339,50.00000000000002,83.33333333333334,50.00000000000002,78.98550724637681,51.5151515151515,87.54208754208754,49.99999999999999,71.66666666666667,50.30303030303031,81.32679555343756,72.07792207792205,93.50649350649351,78.11942959001784,93.31550802139037,78.00751879699249,90.60150375939851,84.375,94.79166666666666,79.20168067226889,92.43697478991596,78.35631022744025,92.930429348773,64.32967026523528,87.12861245110528,0.6221623161709338
372.0,57.05497885428682,51.326412918108424,65.27936962750717,68.53868194842406,56.187895212285454,61.60794941282746,64.17357819905214,59.95260663507109,59.642857142857096,56.51260504201681,60.46773580719774,59.58765119128956,75.02864782276546,85.67608861726508,77.05239472838313,87.83670845387334,82.83783783783787,90.75910693301998,81.37077500853535,93.29805394332537,82.86837900946296,95.48973823276393,79.83160688139695,90.61193923604954,70.14967134429735,75.09979521366955,0.6196185018125528,54.25531914893617,85.10638297872339,54.38596491228073,83.33333333333334,50.00000000000002,78.98550724637681,56.060606060606055,87.54208754208754,54.16666666666665,71.66666666666667,53.77371135769793,81.32679555343756,72.07792207792205,93.50649350649351,78.11942959001784,93.49376114081997,78.00751879699249,90.50751879699249,84.375,94.79166666666666,79.20168067226889,92.43697478991596,78.35631022744025,92.9472829801777,66.06501079256908,87.13703926680763,0.6210476258794534
373.0,61.22645136485968,61.93771626297577,62.2707736389685,74.08309455587393,52.935862691960246,62.63173742848538,59.915580568720394,63.74407582938388,54.78991596638652,54.07563025210084,58.227716846179064,63.29445086576395,74.62757830404888,85.29684601113172,77.38026358084214,87.26883102967963,78.49001175088135,90.41128084606346,81.12325025606008,93.11710481392966,82.96362295686372,96.23940027036991,78.91694536973924,90.46669259423487,68.57233110795914,76.88057172999942,0.615614063811256,54.25531914893617,85.10638297872339,54.38596491228073,83.33333333333334,50.00000000000002,79.71014492753623,56.060606060606055,87.54208754208754,54.16666666666665,73.33333333333334,53.77371135769793,81.80505642300277,72.07792207792205,93.50649350649351,78.11942959001784,93.40463458110517,79.79323308270678,90.60150375939851,84.375,94.921875,79.20168067226889,92.43697478991596,78.71345308458311,92.97429632738263,66.24358222114051,87.38967637519269,0.6202250611963559
374.0,56.0169165705498,61.43790849673203,63.62464183381089,69.8137535816619,58.62691960252935,60.73471845829569,51.71800947867299,51.02191943127963,59.07563025210082,57.647058823529406,57.812423547532774,60.13107175829973,75.38197097020625,84.78118520135327,78.6928104575163,87.21525768777455,81.7450058754407,90.92361927144536,84.3240013656538,93.35268009559576,83.40604645446726,94.08873049035272,80.70996702465686,90.07229454930433,69.26119528609482,75.10168315380203,0.6223672086610208,58.51063829787233,85.10638297872339,57.894736842105274,83.33333333333334,50.00000000000002,79.71014492753623,62.121212121212125,87.54208754208754,54.16666666666665,74.16666666666667,56.53865078557128,81.97172308966944,72.07792207792205,93.50649350649351,78.11942959001784,93.40463458110517,78.00751879699249,90.50751879699249,84.375,94.921875,79.20168067226889,92.43697478991596,78.35631022744025,92.95549933490142,67.44748050650577,87.46361121228543,0.6191421024830235
375.0,62.43752402921954,72.01076509034988,59.054441260744994,66.61891117478508,62.917795844625104,62.96296296296296,58.77517772511849,61.4484597156398,53.27731092436972,48.90756302521009,59.292449956815574,62.389732393789565,75.82123758594346,83.35425079122558,77.05453766205935,88.38101360762884,79.35957696827266,90.46063454759107,80.7784226698532,93.91601229088427,82.72090451026178,93.70160992994961,79.14693587927809,89.96270423345587,69.21969291804683,76.17621831362271,0.6187174369226581,58.51063829787233,85.10638297872339,58.77192982456142,83.77192982456141,54.347826086956545,80.43478260869566,62.121212121212125,87.87878787878788,54.16666666666665,74.16666666666667,57.583654599453816,82.27170999148701,72.07792207792205,93.50649350649351,78.11942959001784,93.40463458110517,79.79323308270678,90.50751879699249,84.375,94.921875,79.20168067226889,92.43697478991596,78.71345308458311,92.95549933490142,68.14855384201846,87.61360466319422,0.6181081328583975
376.0,65.37870049980778,70.04998077662437,62.55730659025789,59.69914040114613,54.33604336043359,58.566696778078885,61.952014218009474,63.862559241706165,53.3193277310924,58.487394957983184,59.50867847992023,62.133154431107755,76.24140565317035,84.46196660482373,77.87313832636879,88.88460302153648,81.0928319623972,89.05052878965924,83.43974052577674,93.78968931375896,79.94654049403958,93.32063414034657,79.71873139235053,89.90148437402499,69.61370493613538,76.01731940256637,0.6181898844022047,62.76595744680851,85.10638297872339,60.526315789473706,84.21052631578947,54.347826086956545,80.43478260869566,63.63636363636363,87.87878787878788,54.16666666666665,74.16666666666667,59.0886259252538,82.35942928973262,72.07792207792205,93.50649350649351,78.11942959001784,93.31550802139037,79.79323308270678,90.50751879699249,84.375,94.921875,79.20168067226889,92.43697478991596,78.71345308458311,92.93767402295848,68.90103950491846,87.64855165634555,0.6170359982309293
377.0,63.475586312956565,70.31910803537102,65.48710601719199,71.48997134670488,54.15537488708221,54.68232460102378,57.78287914691944,55.30213270142179,58.34033613445375,54.15966386554623,59.8482564997208,61.19064011001353,76.24140565317035,84.63658190548946,78.03385835208397,86.81238615664846,81.25734430082258,90.83666274970624,83.49265961078869,93.89552748378286,82.72090451026178,93.66474130514932,80.34923448542547,89.96917992015527,70.09874549257313,75.57991001508441,0.6150561722634453,62.76595744680851,86.17021276595744,63.15789473684211,84.21052631578947,54.347826086956545,80.43478260869566,66.66666666666666,88.21548821548821,58.33333333333333,74.16666666666667,61.05433565412143,82.63953531451949,72.07792207792205,93.50649350649351,78.11942959001784,93.31550802139037,79.79323308270678,90.50751879699249,84.375,94.921875,79.20168067226889,92.6470588235294,78.71345308458311,92.97969082968116,69.88389436935228,87.80961307210032,0.6160132786237512
378.0,65.72472126105346,62.20684352172241,56.34670487106017,63.61031518624641,59.3947606142728,57.90424570912376,58.35308056872039,56.072274881516584,55.567226890756274,60.54621848739497,59.07729884117261,60.06797955720083,75.88808250572956,84.468787515006,77.54634094074787,86.70952534019072,80.22914218566393,90.27497062279672,82.55547968589964,94.35643564356435,81.45508172545165,94.06415140715252,79.53482540869852,89.97477410574206,69.30606212493556,75.02137683147144,0.6231839340371208,62.76595744680851,86.17021276595744,61.40350877192985,84.21052631578947,54.347826086956545,80.43478260869566,63.63636363636363,88.21548821548821,54.16666666666665,74.16666666666667,59.264064521745034,82.63953531451949,72.7272727272727,93.50649350649351,78.11942959001784,93.40463458110517,79.79323308270678,90.50751879699249,84.375,94.921875,79.20168067226889,92.6470588235294,78.84332321445325,92.99751614162412,69.05369386809915,87.8185257280718,0.6157833524303654
379.0,59.996155324875055,59.32333717800846,53.338108882521496,55.78796561604585,55.55555555555555,56.57934357121348,60.15254739336494,58.33827014218009,62.01680672268905,64.11764705882354,58.21183477580122,58.82931271325428,77.3968678380443,85.25046382189238,77.38026358084214,89.11603985856638,78.76028202115162,90.04230317273796,82.99761010583818,94.38716285421646,83.9867272950719,93.91667690795134,80.10435016818963,90.5425293230729,69.15809247199542,74.68592101816358,0.6207775000218045,59.57446808510638,86.17021276595744,58.77192982456142,84.64912280701753,54.347826086956545,80.43478260869566,62.121212121212125,88.21548821548821,54.16666666666665,74.16666666666667,57.79642055690063,82.72725461276511,72.7272727272727,93.6245572609209,78.11942959001784,93.40463458110517,79.79323308270678,90.50751879699249,84.375,94.921875,79.20168067226889,92.6470588235294,78.84332321445325,93.0211288925096,68.31987188567695,87.87419175263736,0.6152719988186071
380.0,63.99461745482506,68.97347174163784,59.99283667621776,60.97421203438395,60.252935862691935,60.614272809394755,55.36877962085308,56.22037914691944,57.64705882352937,59.705882352941174,59.45124568762344,61.29764361705543,75.04774637127578,82.97227982101931,77.22061502196505,88.88567448837459,82.72620446533493,91.16803760282022,85.21679754182315,94.33253670194605,83.83925279587072,94.43283765515547,80.81012323925393,90.35827325386313,70.13068446343868,75.82795843545928,0.6088914176954515,62.76595744680851,86.17021276595744,63.15789473684211,84.21052631578947,54.347826086956545,80.43478260869566,66.66666666666666,88.21548821548821,54.16666666666665,74.16666666666667,60.22100232078809,82.63953531451949,72.7272727272727,93.86068476977569,78.11942959001784,93.40463458110517,78.00751879699249,90.60150375939851,84.375,94.921875,79.20168067226889,92.6470588235294,78.48618035731039,93.08715138676175,69.35359133904925,87.86334335064062,0.6145305782590018
381.0,48.71203383314111,50.86505190311419,59.48424068767909,62.59312320916906,53.0713640469738,54.01987353206865,64.50681279620855,68.57227488151658,56.17647058823526,58.27731092436974,56.390184390447565,58.86552689004763,74.39839572192513,85.59969442322384,77.70706096646306,88.2802957248473,80.55229142185667,91.5229142185664,81.61829976101059,94.49641515875726,82.33071156445865,94.99815656875998,79.32135188714282,90.97949521883098,67.8557681387952,74.9225110544393,0.6166660384954592,62.76595744680851,87.2340425531915,61.40350877192985,84.64912280701753,54.347826086956545,80.43478260869566,63.63636363636363,88.21548821548821,54.16666666666665,75.0,59.264064521745034,83.10668723687857,72.7272727272727,93.86068476977569,78.11942959001784,93.49376114081997,79.79323308270678,90.60150375939851,84.375,94.921875,79.20168067226889,92.6470588235294,78.84332321445325,93.1049766987047,69.05369386809915,88.10583196779163,0.6140020955159845
382.0,59.304113802383704,71.12648981161091,51.26790830945559,54.36962750716332,63.279132791327896,63.80608250526949,61.71504739336494,60.38210900473933,63.487394957983156,65.96638655462185,59.81071945090306,63.13013907668098,76.97669977081742,85.91072792753465,79.84035144112286,88.8974606235937,82.40305522914223,89.72972972972973,83.49265961078868,95.21679754182315,82.08799311785671,93.70160992994961,80.96015183394559,90.69126515052616,70.38543564242433,76.91070211360358,0.6105621803903792,62.76595744680851,87.2340425531915,63.15789473684211,84.64912280701753,54.347826086956545,80.43478260869566,63.63636363636363,88.21548821548821,54.16666666666665,75.0,59.61494171472748,83.10668723687857,72.7272727272727,93.86068476977569,78.11942959001784,93.49376114081997,79.79323308270678,90.60150375939851,84.375,94.921875,79.20168067226889,92.6470588235294,78.84332321445325,93.1049766987047,69.22913246459036,88.10583196779163,0.6132947647746944
383.0,59.996155324875055,62.47597078046905,53.76790830945559,55.54441260744986,54.69738030713641,59.018367961457386,55.131812796208536,59.922985781990526,59.726890756302474,50.882352941176464,56.66402949879561,57.56881801450866,76.43239113827349,85.5587689621303,77.38240651451834,87.30097503482268,82.17978848413632,89.99529964747354,83.19221577330147,93.21952884943666,82.72090451026178,93.14243578714513,80.38154128409829,89.84340165620166,68.52278539144694,73.70610983535516,0.6216662444369149,62.76595744680851,87.2340425531915,62.280701754385994,85.52631578947368,54.347826086956545,80.43478260869566,63.63636363636363,88.55218855218855,54.16666666666665,75.0,59.43950311823626,83.34946590070987,72.7272727272727,93.97874852420307,78.11942959001784,93.49376114081997,79.79323308270678,90.60150375939851,86.45833333333333,95.05208333333334,79.20168067226889,92.85714285714285,79.2599898811199,93.19664792297955,69.34974649967808,88.27305691184472,0.6125886021600331
384.0,57.920030757400994,65.70549788542867,53.4813753581662,54.38395415472779,59.84643179765129,63.535079795242396,64.36611374407583,66.97274881516589,62.626050420168035,67.85714285714286,59.64800041549247,63.69088470154152,76.32734912146675,83.94630579504529,74.92874745526623,87.83456552019716,81.5804935370153,90.70740305522915,82.99761010583818,94.67053601911915,83.01585350866414,93.4742534103478,79.77001074565013,90.1266127599877,69.7090055805713,76.90874873076461,0.6116839064177746,63.82978723404255,87.2340425531915,64.9122807017544,85.52631578947368,60.86956521739132,80.43478260869566,68.18181818181819,88.55218855218855,58.33333333333333,75.0,63.22535693366795,83.34946590070987,72.7272727272727,94.09681227863045,78.11942959001784,93.49376114081997,79.79323308270678,90.60150375939851,84.375,95.05208333333334,79.20168067226889,92.85714285714285,78.84332321445325,93.22026067386501,71.0343400740606,88.28486328728744,0.6112039473866785
385.0,65.03267973856211,68.9350249903883,65.6948424068768,65.30085959885388,59.2140921409214,62.691960252935864,59.915580568720394,59.582345971563974,64.8739495798319,68.02521008403362,62.946228886982524,64.90708017955514,75.71619556913674,84.07181054239878,77.21740062145074,88.31458266366656,80.44653349001179,90.41598119858989,83.83748719699557,94.14475930351655,80.18925894064152,93.7999262627504,79.48137516364729,90.14941199418442,71.2138020253149,77.52824608686979,0.609875279911405,64.89361702127658,87.2340425531915,66.66666666666669,86.40350877192984,60.86956521739132,81.15942028985508,69.6969696969697,88.55218855218855,62.499999999999986,75.0,64.92536372046087,83.669832033433,72.7272727272727,94.09681227863045,78.11942959001784,93.49376114081997,79.79323308270678,90.60150375939851,84.375,95.05208333333334,79.20168067226889,93.06722689075629,78.84332321445325,93.2622774805877,71.88434346745706,88.46605475701034,0.6100663228055795
386.0,56.86274509803923,51.94156093810073,65.0573065902579,68.28080229226362,54.33604336043359,53.77898223426678,61.85574644549764,64.69194312796209,72.14285714285715,65.54621848739495,62.050939727417095,60.847901415997626,74.92360580595874,86.28451380552221,78.3638701382192,87.78099217829208,79.13631022326678,91.69917743830787,82.99761010583818,94.65687948105155,80.48420793904388,93.4250952439474,79.18112084246535,90.76933162942422,70.61603028494122,75.80861652271092,0.6177306240846988,65.95744680851064,87.2340425531915,68.42105263157897,86.40350877192984,63.04347826086958,81.15942028985508,72.72727272727272,88.55218855218855,62.499999999999986,75.0,66.52985008564637,83.669832033433,72.7272727272727,94.09681227863045,78.11942959001784,93.49376114081997,79.79323308270678,90.60150375939851,84.375,95.05208333333334,79.20168067226889,93.06722689075629,78.84332321445325,93.2622774805877,72.6865866500498,88.46605475701034,0.6091286778073449
387.0,58.78508266051519,67.24336793540945,58.41690544412609,62.7650429799427,56.9557362240289,64.07708521529658,61.71504739336494,62.040876777251185,62.62605042016804,64.45378151260505,59.69976442844063,64.116030884101,75.59205500381971,87.00207355669541,78.03385835208398,88.32529733204758,81.74500587544067,90.94007050528789,82.06043018094913,93.27415500170706,79.55634754823645,94.7646552783581,79.39753939210598,90.86125033481922,69.5486519102733,77.4886406094601,0.6085162123422083,68.08510638297871,87.2340425531915,71.0526315789474,86.8421052631579,63.04347826086958,81.15942028985508,74.24242424242425,88.88888888888889,66.66666666666666,75.0,68.61806142637731,83.82489139901868,74.02597402597398,94.09681227863045,78.11942959001784,93.49376114081997,79.79323308270678,90.69548872180451,86.45833333333333,95.05208333333334,79.20168067226889,93.06722689075629,79.51973014086016,93.28107447306891,74.06889578361873,88.5529829360438,0.6080774926799232
388.0,69.53094963475587,72.31833910034602,67.34957020057307,73.99713467048711,52.0776874435411,55.52544414333032,57.07197867298579,54.2654028436019,70.67226890756302,71.84873949579833,63.34049097188377,65.59101205071275,75.38197097020625,84.54381752701082,76.88953176899173,88.52244723025822,80.38777908343128,91.59106933019976,82.55547968589964,94.76954592010925,81.06488877964854,94.03957232395231,79.25593005763548,90.69329046630608,71.29821051475963,78.14215125850941,0.609540978488599,68.08510638297871,88.29787234042553,71.92982456140352,86.8421052631579,63.04347826086958,80.43478260869566,74.24242424242425,88.88888888888889,66.66666666666666,75.83333333333333,68.79350002286853,84.05939648690025,74.67532467532465,94.09681227863045,78.11942959001784,93.49376114081997,79.79323308270678,90.69548872180451,86.45833333333333,95.05208333333334,79.20168067226889,93.06722689075629,79.64960027073029,93.28107447306891,74.22155014679942,88.67023547998458,0.6069384971011919
389.0,61.034217608612074,74.77893118031527,60.34383954154728,65.25787965616047,55.91689250225835,60.82505269497139,56.55361374407584,56.679502369668235,57.64705882352937,55.504201680672274,58.29912444400459,62.60911351635754,74.52253628724216,83.86445487285823,79.83927997428478,89.51033965498767,79.03055229142188,90.94712103407755,83.49265961078868,93.19904404233526,82.96362295686372,94.35295563475484,79.96973022412024,90.37478304780271,69.13442733406242,76.49194828208013,0.6135391715290108,68.08510638297871,88.29787234042553,71.92982456140352,86.8421052631579,65.21739130434784,80.43478260869566,75.75757575757575,88.55218855218855,66.66666666666666,75.83333333333333,69.53131293459448,83.99205641956019,74.67532467532465,94.09681227863045,78.11942959001784,93.49376114081997,78.00751879699249,90.69548872180451,86.45833333333333,95.05208333333334,79.20168067226889,93.06722689075629,79.29245741358743,93.28107447306891,74.41188517409095,88.63656544631455,0.6059375852523352
390.0,61.38023836985774,64.55209534794311,64.21203438395416,68.5243553008596,62.285456187895214,71.00271002710026,54.65787914691943,53.539691943127956,63.487394957983156,60.50420168067227,61.204600609321936,63.62461085994064,76.11726508785331,85.57241078249483,76.88953176899173,88.99174970534662,81.42185663924796,91.64982373678026,85.75623079549337,94.11744622738136,82.08799311785671,94.16861251075335,80.45457548188861,90.90000859255129,70.82958804560528,77.26230972624596,0.6065006716049336,68.08510638297871,89.36170212765958,71.92982456140352,86.8421052631579,63.04347826086958,78.98550724637681,74.24242424242425,88.88888888888889,66.66666666666666,75.83333333333333,68.79350002286853,83.9823073718833,74.67532467532465,94.21487603305785,78.11942959001784,93.40463458110517,79.79323308270678,90.69548872180451,86.45833333333333,95.05208333333334,79.20168067226889,93.06722689075629,79.64960027073029,93.28686191201143,74.22155014679942,88.63458464194736,0.6050492616029803
391.0,61.38023836985775,60.13071895424837,63.92550143266475,65.83094555873924,57.994579945799444,54.74254742547425,58.967713270142184,61.937203791469194,59.93697478991593,55.79831932773109,60.44100156167601,59.68794701153242,75.78304048892282,85.9680235730656,78.85460195006961,88.83317261330761,80.60517038777911,90.88836662749706,81.86582451348585,93.66678047115056,82.38294211625906,94.5495883003564,79.89831589130328,90.78118631707545,70.16965872648964,75.23456666430394,0.6119433344504621,68.08510638297871,89.36170212765958,71.0526315789474,86.8421052631579,63.04347826086958,79.71014492753623,71.21212121212122,88.8888888888889,62.499999999999986,76.66666666666666,67.17866748698339,84.29390157478186,74.02597402597398,94.33293978748523,78.11942959001784,93.49376114081997,79.79323308270678,90.50751879699249,84.375,95.05208333333334,79.20168067226889,92.85714285714285,79.10306347419349,93.24868918315477,73.14086548058845,88.77129537896832,0.6046318191274658
392.0,55.478662053056524,55.17108804306036,50.34383954154728,52.421203438395416,60.885275519421846,61.276723878349905,66.1655805687204,63.433056872037916,56.91176470588232,57.56302521008403,57.95702447772567,57.973019488385525,75.88808250572956,83.1086980246644,78.6906675238401,89.26175934854817,80.710928319624,91.92244418331374,84.624445203141,94.47251621713895,82.38294211625906,93.74462332554995,80.45941313371875,90.50200821984303,69.20821880572221,74.23751385411428,0.6133845644567371,68.08510638297871,89.36170212765958,71.0526315789474,87.28070175438597,63.04347826086958,81.88405797101449,71.21212121212122,88.88888888888889,62.499999999999986,76.66666666666666,67.17866748698339,84.81640348172311,74.02597402597398,94.21487603305785,78.11942959001784,93.49376114081997,79.79323308270678,90.50751879699249,86.45833333333333,95.05208333333334,79.20168067226889,93.06722689075629,79.51973014086016,93.26709323899199,73.34919881392177,89.04174836035756,0.6040571257725375
393.0,68.14686658977315,66.05151864667435,64.70630372492838,70.11461318051575,66.84733514001805,61.336946702800354,51.05894549763035,55.61315165876777,65.08403361344536,68.0672268907563,63.16869691315905,64.23669141590291,76.4514896867838,85.43326421477683,78.20207864566588,88.44958748526733,81.96239717978851,92.1668625146886,83.58996244452032,93.85114373506316,85.73798697308591,94.45127196755561,81.18878298596888,90.87042598347031,72.17873994956398,77.55355869968662,0.6008313597137944,69.14893617021276,89.36170212765958,72.80701754385966,87.28070175438597,67.3913043478261,82.6086956521739,77.27272727272727,89.22558922558922,66.66666666666666,76.66666666666666,70.65733040025847,85.02867108529506,74.67532467532465,94.21487603305785,78.11942959001784,93.49376114081997,78.00751879699249,90.6015037593985,86.45833333333333,95.05208333333334,79.20168067226889,93.06722689075629,79.29245741358743,93.28589023147319,74.97489390692294,89.15728065838412,0.6024842857924464
394.0,67.8008458285275,76.54748173779315,65.56590257879657,66.83381088825216,59.62059620596204,66.15477265883769,63.27754739336494,64.82523696682465,61.32352941176467,61.72268907563026,63.51768428368314,67.21679826546759,75.69709702062643,83.65437083924479,78.03707275259826,86.97096324868745,81.0928319623972,91.90364277320799,83.78456811198362,94.49982929327416,83.89148334767114,93.84908442915079,80.50061063905532,90.17557811671304,72.00914746136922,78.69618819109031,0.6043259396451391,70.2127659574468,89.36170212765958,72.80701754385966,87.28070175438597,67.3913043478261,81.88405797101449,77.27272727272727,89.56228956228955,66.66666666666666,76.66666666666666,70.87009635770531,84.95108361640325,74.02597402597398,94.45100354191263,78.11942959001784,93.58288770053477,79.79323308270678,90.50751879699249,86.45833333333333,95.05208333333334,79.20168067226889,93.27731092436974,79.51973014086016,93.3741608594286,75.19491324928273,89.16262223791593,0.6014873465439518
395.0,64.66743560169166,70.66512879661668,63.92550143266477,62.10601719197708,64.13730803974705,70.8521529659741,53.56931279620854,55.65758293838863,59.93697478991594,61.1764705882353,61.24730653204559,64.09147049623836,73.99732620320856,83.81261595547309,76.72559734276221,88.78602807243115,79.68272620446535,90.55699177438308,80.68111983612157,92.16797541823148,81.75003072385401,93.53570111834829,78.56736006208234,89.77186246777342,69.90733329706397,76.93166648200588,0.6110509699458203,71.27659574468083,89.36170212765958,73.68421052631581,87.28070175438597,67.3913043478261,81.88405797101449,78.78787878787877,89.56228956228955,70.83333333333331,76.66666666666666,72.39466454800696,84.95108361640325,72.7272727272727,94.21487603305785,78.11942959001784,93.49376114081997,79.79323308270678,90.50751879699249,86.45833333333333,95.05208333333334,79.20168067226889,93.27731092436974,79.2599898811199,93.30911004571469,75.82732721456344,89.13009683105898,0.6001694210389195
396.0,68.8389081122645,71.66474432910418,63.14469914040115,62.62177650429799,58.17524841915084,60.373381511592896,62.47037914691943,62.51481042654028,56.86974789915963,59.411764705882355,61.899796543579114,63.31729549548354,74.08326967150497,85.13041580268471,78.19886424515158,89.18675666988108,79.84723854289074,92.8225616921269,85.5087060430181,96.01229088426084,83.9867272950719,94.58031215435663,80.32496115952746,91.54646744066204,71.11237885155329,77.43188146807279,0.6042815566643158,70.2127659574468,89.36170212765958,73.68421052631581,87.28070175438597,67.3913043478261,81.88405797101449,77.27272727272727,89.56228956228955,66.66666666666666,76.66666666666666,71.04553495419653,84.95108361640325,74.02597402597398,94.33293978748523,78.11942959001784,93.49376114081997,78.00751879699249,90.50751879699249,86.45833333333333,95.05208333333334,82.77310924369746,93.27731092436974,79.87687299800302,93.33272279660017,75.46120397609977,89.14190320650171,0.6000678048760731
397.0,69.87697039600154,76.20146097654748,64.78510028653297,65.3868194842407,51.6260162601626,52.72508280638362,63.23311611374409,68.23163507109005,63.44537815126047,63.02521008403361,62.593316241540336,65.1140416844591,76.20320855614972,84.93670195350866,77.54634094074785,87.97385620915033,80.60517038777911,91.1562867215041,82.3523386821441,94.02867872994196,81.45508172545165,94.12559911515301,79.63242805845448,90.4442245458516,71.1128721499974,77.77913311515535,0.6063110600128344,72.34042553191487,89.36170212765958,73.68421052631581,87.71929824561403,67.3913043478261,82.6086956521739,78.78787878787877,89.56228956228955,66.66666666666666,76.66666666666666,71.77409717212045,85.18373045088074,72.7272727272727,94.33293978748523,78.11942959001784,93.49376114081997,79.79323308270678,90.50751879699249,86.45833333333333,95.05208333333334,79.20168067226889,93.06722689075629,79.2599898811199,93.29070598987747,75.51704352662017,89.2372182203791,0.5990087779054828
398.0,64.321414840446,76.08612072279892,60.99570200573067,66.11747851002865,63.098464317976486,62.8124059018368,61.24111374407584,67.53554502369667,57.079831932773075,53.27731092436975,61.34730536820042,65.16577221654616,74.96180290297937,83.50158245116229,76.07200257152039,86.57880638594236,81.52761457109285,91.88719153936546,83.43974052577674,93.32878115397747,83.89148334767114,94.1870468231535,79.97852878380812,89.89668167072021,70.66291707600428,77.53122694363319,0.6048116664760659,74.46808510638296,90.42553191489363,73.68421052631581,88.1578947368421,67.3913043478261,83.33333333333333,78.78787878787877,89.8989898989899,70.83333333333331,77.49999999999999,73.03296242034739,85.8631499768118,73.37662337662336,94.33293978748523,77.1390374331551,93.49376114081997,79.79323308270678,90.50751879699249,86.45833333333333,95.18229166666667,82.77310924369746,93.27731092436974,79.9080672939032,93.35876446326681,76.4705148571253,89.6109572200393,0.5975736098720015
399.0,71.79930795847751,66.01307189542483,59.35530085959887,59.957020057306586,60.478771454381196,66.63655525444143,65.31398104265405,79.10248815165876,59.15966386554617,59.57983193277312,63.22140503613156,66.25779345832095,75.27692895339953,85.52330022918258,76.5605914496946,85.5930568948891,80.33490011750885,91.05992949471211,82.80300443837487,95.30215090474564,78.92343615583141,92.89050018434313,78.77977222296185,90.0737875415745,71.00058862954671,78.16579049994772,0.6130174461466684,74.46808510638296,90.42553191489363,73.68421052631581,89.03508771929825,67.3913043478261,83.33333333333333,77.27272727272727,90.23569023569023,66.66666666666666,76.66666666666666,71.89659878398376,85.93926197397641,73.37662337662336,94.33293978748523,78.11942959001784,93.49376114081997,79.79323308270678,90.50751879699249,86.45833333333333,95.18229166666667,79.20168067226889,93.06722689075629,79.38986001099003,93.31674765654412,75.64322939748689,89.62800481526027,0.5969545507724916
400.0,72.49134948096886,74.12533640907344,66.56876790830947,66.96275071633238,58.17524841915086,61.24661246612466,65.2695497630332,69.2239336492891,50.42016806722685,52.77310924369748,62.585016727737845,64.86634849690341,76.22230710466005,84.62021172105206,77.38240651451835,87.8731383263688,82.614571092832,92.01645123384255,80.6282007511096,94.57152611812906,84.61963868747695,95.83384539756668,80.29342483011939,90.98303455939183,71.43922077892861,77.92469152814762,0.6006066577748661,77.6595744680851,90.42553191489363,76.31578947368423,88.59649122807018,69.56521739130437,83.33333333333333,78.78787878787877,90.23569023569023,70.83333333333331,75.83333333333333,74.63235869085716,85.68487600906414,73.37662337662336,94.33293978748523,77.1390374331551,93.49376114081997,79.79323308270678,90.60150375939851,86.45833333333333,95.18229166666667,79.20168067226889,93.27731092436974,79.19378157961748,93.37756145574804,76.91307013523732,89.53121873240609,0.5955154984737925
401.0,70.39600153787006,72.66435986159169,59.641833810888265,68.56733524355302,61.06594399277324,58.95814513700692,59.67861374407584,62.026066350710906,56.13445378151257,64.07563025210085,61.383369373424,65.25830736899266,75.48701298701297,85.14678598712212,78.19993571198968,89.14389799635701,80.17038777908347,90.87426556991774,83.58996244452032,95.12803004438375,82.72090451026178,93.35750276514686,80.03364068657365,90.7300964725855,70.70850502999883,77.99420192078908,0.6011442134324572,81.91489361702125,90.42553191489363,80.70175438596495,88.59649122807018,73.9130434782609,83.33333333333333,80.3030303030303,90.23569023569023,70.83333333333331,75.83333333333333,77.53321102352214,85.68487600906414,72.7272727272727,94.45100354191263,76.15864527629235,93.49376114081997,79.79323308270678,90.60150375939851,86.45833333333333,95.18229166666667,79.20168067226889,93.06722689075629,78.8678330183748,93.35915739991081,78.20052202094847,89.52201670448747,0.5944029882229708
402.0,58.41983852364475,66.51287966166859,61.217765042979956,66.1461318051576,51.58084914182475,54.682324601023794,66.12114928909952,69.04620853080569,60.50420168067223,60.88235294117648,59.56876073564424,63.45397950796642,72.71772345301757,84.73753137618684,77.38240651451835,87.50026786670952,81.79788484136313,90.47473560517038,80.83134175486515,95.47968589962443,80.33673343984272,93.71389947154971,78.61321800072139,90.38122404384818,69.09098936818282,76.9176017759073,0.612876774358208,75.531914893617,90.42553191489363,73.68421052631581,89.03508771929825,67.3913043478261,84.78260869565217,77.27272727272727,90.23569023569023,66.66666666666666,74.16666666666667,72.10936474143057,85.7291170464402,73.37662337662336,94.56906729634002,78.11942959001784,93.49376114081997,79.79323308270678,90.60150375939851,86.45833333333333,95.3125,79.20168067226889,92.85714285714285,79.38986001099003,93.36679501074028,75.74961237621031,89.54795602859024,0.5947107201745389
403.0,48.34678969627067,56.82429834678969,71.56876790830947,73.30945558739255,66.6214995483288,73.17073170731707,64.55864928909953,66.92831753554502,57.64705882352937,61.76470588235294,61.74855305310757,66.39950181187945,76.97669977081742,85.01036778347704,80.00214293367618,87.19382835101254,81.31022326674504,92.54994124559342,81.8129054284739,94.04916353704336,80.96964483224775,93.0502642251444,80.21432324639206,90.37071302845415,70.9814381497498,78.3851074201668,0.5995468937856416,80.85106382978722,90.42553191489363,77.19298245614038,89.03508771929825,71.73913043478262,84.78260869565217,78.78787878787877,90.23569023569023,70.83333333333331,75.83333333333333,75.88087776838447,86.06245037977352,74.02597402597401,94.56906729634002,77.1390374331551,93.49376114081997,79.79323308270678,90.60150375939851,86.45833333333333,95.44270833333334,82.77310924369746,93.06722689075629,80.03793742377334,93.43485348412962,77.9594075960789,89.74865193195157,0.5924152526400389
404.0,59.976931949250286,66.62821991541715,67.85816618911174,65.38681948424069,57.949412827461586,62.81240590183679,65.41024881516589,66.06931279620854,62.7521008403361,61.84873949579832,62.789372124265114,64.5490995187003,76.22230710466003,85.60515115136964,78.85460195006961,89.01317904210865,80.17626321974151,89.67097532314924,84.03209286445886,93.60532604984637,85.4000245790832,93.70775470074966,80.93705794360264,90.32047725344472,71.86321503393387,77.43478838607251,0.6044974028304203,81.91489361702125,90.42553191489363,80.70175438596495,89.03508771929825,73.9130434782609,86.23188405797102,80.3030303030303,90.23569023569023,70.83333333333331,76.66666666666666,77.53321102352214,86.51897211890396,74.02597402597401,94.56906729634002,76.15864527629235,93.49376114081997,79.79323308270678,90.60150375939851,86.45833333333333,95.44270833333334,82.77310924369746,93.06722689075629,79.84185899240079,93.43485348412962,78.68753500796146,89.97691280151679,0.5913173817815128
405.0,64.8404459823145,69.0888119953864,64.35530085959886,70.30085959885388,61.60794941282746,60.82505269497139,59.160248815165886,65.0622037914692,53.277310924369715,52.60504201680673,60.64825119885529,63.57639401949753,73.87318563789151,83.18782058277856,80.16607735990569,88.86960248580307,82.12690951821389,91.9294947121034,82.8473881870946,94.65346534653465,81.99274917045597,94.47585105075581,80.20126197471232,90.6232468355951,70.42475658678381,77.09982042754632,0.6031492143093011,84.04255319148935,90.42553191489363,83.33333333333336,89.47368421052633,73.9130434782609,86.95652173913044,80.3030303030303,90.23569023569023,70.83333333333331,76.66666666666666,78.48505872788944,86.75161895338147,72.7272727272727,94.45100354191263,76.15864527629235,93.49376114081997,79.79323308270678,90.60150375939851,86.45833333333333,95.44270833333334,82.77310924369746,92.85714285714285,79.58211873266052,93.36922392652147,79.03358873027497,90.06042143995147,0.5903352444961789
406.0,58.07381776239908,66.85890042291427,60.50143266475646,65.17191977077364,56.27822944896115,57.061126166817225,64.41795023696683,65.72867298578198,67.89915966386555,70.33613445378151,61.43411795538981,65.03135076001372,75.17188693659281,86.5573502128124,76.56594878388512,88.24386585235187,82.77908343125736,91.58636897767332,83.43974052577674,94.41106179583475,83.25857195526606,94.49428536315597,80.24304632655563,91.05858644036566,70.83858214097272,78.04496860018969,0.5980052555561203,85.10638297872339,90.42553191489363,83.33333333333336,89.47368421052633,73.9130434782609,86.95652173913044,80.3030303030303,89.8989898989899,70.83333333333331,77.5,78.69782468533626,86.85094555270805,72.7272727272727,94.45100354191263,76.15864527629235,93.49376114081997,79.79323308270678,90.60150375939851,86.45833333333333,95.44270833333334,82.77310924369746,92.85714285714285,79.58211873266052,93.36922392652147,79.13997170899839,90.11008473961476,0.5888600479769135
407.0,63.610149942329876,73.35640138408304,57.793696275071625,66.28939828080229,53.02619692863595,59.2893706714845,72.37114928909953,75.69609004739337,65.60924369747897,66.05042016806722,62.4820872265232,68.13633611036609,74.85676088617264,84.86303612354031,77.21847208828885,87.9524268723883,79.90011750881317,91.7273795534665,85.26118129054286,94.52031410037556,85.0098316332801,94.05800663635246,80.44927268141952,90.62423265722462,71.46567995397136,79.38028438379536,0.5911528428363951,86.17021276595742,90.42553191489363,85.96491228070178,89.47368421052633,73.9130434782609,86.95652173913044,84.84848484848484,89.8989898989899,74.99999999999999,77.5,81.17933067468098,86.85094555270805,72.07792207792205,94.45100354191263,75.1782531194296,93.49376114081997,81.10902255639098,90.60150375939851,86.45833333333333,95.44270833333334,82.77310924369746,92.85714285714285,79.51932806615469,93.36922392652147,80.34932937041783,90.11008473961476,0.5872861048790939
408.0,61.53402537485584,64.32141484044598,73.57449856733525,80.2865329512894,57.13640469738031,60.73471845829569,58.782582938388636,62.677725118483416,54.74789915966384,58.78151260504202,61.15508214752477,65.36038079471129,74.77081741787624,84.48925024555277,77.38347798135646,88.04671595414122,79.62397179788488,91.52526439482962,83.97917377944691,96.21713895527483,86.8133218630945,92.97038220474376,80.5141525679318,90.64975035090843,70.83461735772829,78.00506557280985,0.5974871866854852,88.29787234042551,90.42553191489363,86.84210526315792,89.47368421052632,76.08695652173915,86.23188405797102,84.84848484848484,89.56228956228955,74.99999999999999,78.33333333333333,82.21508379476148,86.80534461580277,72.07792207792205,94.45100354191263,76.15864527629235,93.49376114081997,81.10902255639098,90.50751879699249,86.45833333333333,95.44270833333334,82.77310924369746,92.85714285714285,79.71540649752724,93.35042693404026,80.96524514614435,90.07788577492151,0.5857595154726634
409.0,64.8404459823145,66.35909265667051,58.00143266475646,60.702005730659025,63.50496838301716,60.49382716049383,64.321682464455,68.30568720379148,61.281512605041975,66.9747899159664,62.39000841991701,64.56708053351625,75.50611153552329,85.60242278729675,77.87313832636879,88.1860066430944,80.55229142185667,90.47473560517038,84.22669853192217,94.98463639467396,83.11109745606491,95.45286960796362,80.25386745434716,90.94013420763983,71.32193793713208,77.75360737057804,0.6063268716966908,86.17021276595742,90.42553191489363,85.08771929824564,89.47368421052632,73.9130434782609,86.23188405797102,81.81818181818183,89.56228956228955,70.83333333333331,78.33333333333333,79.56449813879581,86.80534461580277,72.07792207792205,94.45100354191263,76.15864527629235,93.49376114081997,81.10902255639098,90.50751879699249,86.45833333333333,95.44270833333334,82.77310924369746,92.85714285714285,79.71540649752724,93.35042693404026,79.63995231816153,90.07788577492151,0.5852106189873928
410.0,68.81968473663976,72.66435986159169,63.717765042979956,64.06876790830945,59.80126467931346,61.24661246612466,58.353080568720394,59.063981042654035,64.9159663865546,68.8655462184874,63.12155228284164,65.18185349943346,73.99732620320856,85.30503110335043,78.52780456444872,88.83102967963143,80.93419506462988,90.86251468860165,83.68726527825197,94.02867872994196,82.14022366965712,94.89369546515914,79.85736295603925,90.78418993333692,71.48945761944044,77.9830217163852,0.6023204996432955,85.10638297872339,90.42553191489363,83.33333333333336,89.47368421052632,73.9130434782609,85.5072463768116,80.3030303030303,89.56228956228955,70.83333333333331,77.5,78.69782468533626,86.49375041290422,71.4285714285714,94.56906729634002,77.13903743315508,93.49376114081997,81.10902255639098,90.50751879699249,86.45833333333333,95.44270833333334,82.77310924369746,92.85714285714285,79.78161479902965,93.37403968492573,79.23971974218296,89.93389504891498,0.5844246995394582
411.0,80.44982698961938,81.62245290272972,66.85530085959887,73.10888252148997,63.91147244805779,61.90906353507979,58.59004739336494,66.0989336492891,63.487394957983156,62.226890756302524,66.65880852972484,68.99324467297822,77.3109243697479,85.53148532140128,76.23486553091179,89.00032144005144,79.4124559341951,91.09283196239718,85.95083646295664,94.45203141003755,84.13420179427308,94.5372987587563,80.6086568184169,90.92279377852874,73.63373267407087,79.95801922575347,0.5918099797524042,88.29787234042551,90.42553191489363,85.96491228070178,89.91228070175438,73.9130434782609,85.5072463768116,81.81818181818183,89.56228956228955,70.83333333333331,77.5,80.16546865018067,86.58146971114982,72.07792207792205,94.56906729634002,76.15864527629235,93.40463458110517,81.10902255639098,90.50751879699249,86.45833333333333,95.44270833333334,82.77310924369746,92.85714285714285,79.71540649752724,93.35621437298276,79.94043757385396,89.96884204206629,0.5828019424292322
412.0,60.32295271049597,71.35717031910804,71.64756446991404,75.93123209169055,63.91147244805779,66.69677807889191,63.610781990521346,67.75770142180095,61.32352941176465,66.5126050420168,64.16326020615075,69.65109739070165,75.27692895339953,84.76754338098876,78.203150112504,87.19382835101254,80.44653349001177,90.91421856639248,85.41140320928645,94.30522362581087,82.47818606365985,92.49109008233994,80.36324036577233,89.93438080130892,72.26325028596153,79.79273909600528,0.5934759432654068,89.36170212765956,90.42553191489363,87.71929824561407,89.91228070175438,76.08695652173915,85.5072463768116,81.81818181818183,89.56228956228955,74.99999999999999,78.33333333333333,81.99722774263893,86.7481363778165,72.07792207792205,94.56906729634002,76.15864527629235,93.40463458110517,81.10902255639098,90.50751879699249,86.45833333333333,95.44270833333334,82.77310924369746,92.85714285714285,79.71540649752724,93.35621437298276,80.85631712008308,90.05217537539963,0.5809853757471622
413.0,74.02921953094965,75.31718569780854,73.79656160458454,73.98280802292263,61.60794941282746,69.67780788919,68.53524881516589,71.80094786729858,61.23949579831929,66.47058823529412,67.84169503236936,71.44986754250276,74.33155080213902,85.91618465568045,77.05453766205935,88.4195864138005,79.9001175088132,91.28789659224441,81.71560259474225,94.55104131102765,83.01585350866414,94.7769448199582,79.20353241528359,90.99033075854223,73.52261372382648,81.22009915052249,0.5862068599893756,89.36170212765956,90.42553191489363,87.71929824561407,89.91228070175438,78.26086956521742,85.5072463768116,81.81818181818183,89.56228956228955,74.99999999999999,77.5,82.43201035133458,86.58146971114982,72.07792207792205,94.56906729634002,76.15864527629235,93.49376114081997,81.10902255639098,90.50751879699249,86.45833333333333,95.44270833333334,82.77310924369746,93.06722689075629,79.71540649752724,93.41605649164842,81.07370842443092,89.99876310139912,0.5797968974607973
414.0,63.95617070357555,76.4321414840446,63.93982808022923,71.07449856733525,58.17524841915085,56.72990063233966,58.54561611374409,60.67831753554501,61.974789915966355,68.10924369747899,61.31833064653322,66.60482038334871,74.52253628724218,85.07039179308086,78.03707275259828,88.17957784206578,81.58049353701531,92.17861339600469,84.72174803687267,94.99487879822465,81.50731227725207,93.7630576379501,80.07383257819609,90.83730389346522,70.69608161236465,78.72106213840696,0.5945713055639549,89.36170212765956,90.42553191489363,86.84210526315792,89.03508771929825,73.9130434782609,84.78260869565217,81.81818181818183,89.56228956228955,74.99999999999999,77.5,81.38700653745204,86.26110357842671,72.07792207792205,94.56906729634002,76.15864527629235,93.49376114081997,81.10902255639098,90.41353383458647,86.45833333333333,95.44270833333334,82.77310924369746,93.06722689075629,79.71540649752724,93.39725949916722,80.55120651748965,89.82918153879697,0.5792209726607348
415.0,76.98961937716263,76.35524798154555,68.08022922636104,71.70487106017191,62.646793134598,63.59530261969286,65.41024881516589,67.72808056872037,66.38655462184873,67.31092436974791,67.90268903502727,69.33888531997573,73.68220015278837,83.31332533013205,78.20207864566589,88.0317154184078,81.20446533490014,91.77908343125735,83.53704335950837,94.63298053943325,83.25857195526606,92.42349760353939,79.97687188962576,90.03612046455397,73.93978046232651,79.68750289226486,0.5953677532184921,89.36170212765956,90.42553191489363,91.22807017543863,88.59649122807018,78.26086956521742,84.78260869565217,81.81818181818183,89.56228956228955,74.99999999999999,78.33333333333333,83.13376473729949,86.34005094684777,71.4285714285714,94.6871310507674,76.15864527629235,93.49376114081997,79.79323308270678,90.41353383458647,86.45833333333333,95.44270833333334,82.77310924369746,93.06722689075629,79.32237847292026,93.42087225005268,81.22807160510988,89.88046159845022,0.5769205899243015
416.0,76.27835447904653,83.46789696270665,63.79656160458453,69.31232091690545,63.23396567299005,66.57633242999097,57.501481042654035,60.97452606635071,61.32352941176467,70.63025210084034,64.42677844220796,70.19226569535883,73.20473644003054,83.68165447997382,77.38454944819455,88.61887924568734,81.14571092831964,92.84136310223266,84.22669853192217,94.17207237965177,85.15730613248127,94.52500921715621,80.22380029618964,90.76779568494035,72.3252893691988,80.48003069014959,0.5900975435698137,89.36170212765956,91.48936170212765,91.22807017543863,88.59649122807018,78.26086956521742,84.78260869565217,81.81818181818183,89.56228956228955,74.99999999999999,77.5,83.13376473729949,86.3861502376279,71.4285714285714,94.6871310507674,76.15864527629235,93.49376114081997,79.79323308270678,90.41353383458647,86.45833333333333,95.44270833333334,82.77310924369746,93.06722689075629,79.32237847292026,93.42087225005268,81.22807160510988,89.90351124384028,0.5754142679675059
417.0,65.34025374855825,71.31872356785851,58.717765042979956,66.87679083094558,62.646793134598,67.35922914784703,59.537914691943136,62.33708530805687,54.70588235294114,51.84873949579831,60.189721794204104,63.94811367010127,74.33155080213902,85.72519917057731,79.02067930997532,90.37822779384979,82.88484136310224,90.82256169212691,83.04199385455787,95.22021167634006,85.25255007988203,94.74622096595796,80.90632308193129,91.3784842597704,70.5480224380677,77.66329896493583,0.5968195277634916,89.36170212765956,91.48936170212765,90.35087719298248,89.03508771929825,78.26086956521742,84.78260869565217,81.81818181818183,89.22558922558922,74.99999999999999,75.83333333333333,82.95832614080825,86.07319613520012,71.4285714285714,94.80519480519482,76.15864527629235,93.49376114081997,81.10902255639098,90.41353383458647,86.45833333333333,95.57291666666666,82.77310924369746,93.06722689075629,79.5855363676571,93.47052666760483,81.27193125423267,89.77186140140248,0.5741633368977934
418.0,64.82122260668974,72.66435986159169,69.43409742120345,76.37535816618912,58.76242095754291,65.82354712436013,67.92061611374409,67.63921800947867,65.69327731092433,65.04201680672269,65.3263268820209,69.50889999366845,74.207410236822,86.60646076612463,77.38026358084214,87.22382942247937,81.20446533490015,91.73443008225617,84.72174803687267,94.55104131102765,83.5965343492688,94.83839252795872,80.22208430774114,90.9908308219693,72.77420559488101,80.24986540781887,0.5863376300628288,91.48936170212764,91.48936170212765,91.22807017543863,89.03508771929825,80.43478260869567,84.78260869565217,81.81818181818183,89.22558922558922,74.99999999999999,76.66666666666666,83.99407926088875,86.23986280186679,71.4285714285714,94.80519480519482,75.1782531194296,93.49376114081997,79.79323308270678,90.41353383458647,86.45833333333333,95.57291666666666,82.77310924369746,93.06722689075629,79.12630004154771,93.47052666760483,81.56018965121822,89.85519473473582,0.5728164851294986
419.0,69.85774702037678,74.20222991157247,61.29656160458454,65.08595988538681,65.94399277326104,70.43059319482083,67.30598341232228,68.1872037914692,59.243697478991564,54.91596638655463,64.72959645790725,66.56439063396078,76.4514896867838,87.39495798319328,77.38347798135645,87.6417014893389,80.01175088131613,91.76028202115158,85.2082622055309,95.24752475247524,83.59653434926878,94.75236573675801,80.53030302085122,91.3593663965834,72.62994973937924,78.96187851527209,0.5893161952152907,90.4255319148936,92.5531914893617,90.35087719298248,89.03508771929825,78.26086956521742,85.50724637681161,81.81818181818183,88.88888888888889,74.99999999999999,77.5,83.17109209825506,86.69688289487208,71.4285714285714,94.80519480519482,76.15864527629235,93.49376114081997,81.10902255639098,90.41353383458647,86.45833333333333,95.57291666666666,82.77310924369746,93.06722689075629,79.5855363676571,93.47052666760483,81.37831423295609,90.08370478123845,0.5716287863594002
420.0,71.24183006535948,75.97078046905037,69.30515759312323,76.03151862464183,65.7181571815718,70.61126166817223,64.36611374407583,67.9058056872038,64.18067226890753,68.23529411764704,66.96238617060757,71.75093211334305,73.76814362108479,84.78118520135327,76.39879995714129,88.43458694953392,81.1515863689777,92.10575793184488,82.25503584841243,92.86445885967908,86.66584736389333,93.87366351235099,80.04788263190191,90.41193049095243,73.50513440125474,81.08143130214773,0.5846560455393303,67.55319148936168,92.5531914893617,79.60526315789477,89.03508771929825,76.44927536231886,85.50724637681161,83.33333333333334,88.88888888888889,74.99999999999999,77.5,76.38821266858174,86.69688289487208,70.77922077922075,94.80519480519482,73.2174688057041,93.49376114081997,79.79323308270678,90.50751879699249,86.45833333333333,95.57291666666666,82.77310924369746,93.06722689075629,78.60427304893248,93.48932366008603,77.49624285875711,90.09310327747906,0.5696045045643103
421.0,71.24183006535948,79.35409457900808,67.15616045845273,75.91690544412609,66.71183378500452,71.00271002710026,65.2695497630332,66.58767772511848,69.24369747899158,73.69747899159664,67.9246143101683,73.31177335338991,75.04774637127578,83.91629379024337,77.71027536697737,88.46030215364834,82.45005875440661,91.71092831962396,84.8190508706043,93.76579037214066,83.25857195526608,95.31768465036254,80.65714066370603,90.63419985720377,74.29087748693716,81.97298660529684,0.5822304455960725,67.55319148936168,92.5531914893617,79.60526315789477,89.03508771929825,78.62318840579712,85.50724637681161,86.36363636363636,88.88888888888889,69.99999999999999,77.5,76.429055883338,86.69688289487208,70.77922077922075,94.80519480519482,73.2174688057041,93.58288770053476,78.00751879699249,90.50751879699249,86.45833333333333,95.57291666666666,82.77310924369746,93.06722689075629,78.24713019178962,93.507148972029,77.33809303756381,90.10201593345053,0.567782692445017
422.0,66.8973471741638,74.0484429065744,63.3810888252149,70.02865329512893,63.233965672990045,66.66666666666666,66.31368483412324,75.62203791469196,64.95798319327729,67.81512605042016,64.95681393995386,70.83618536669641,74.77081741787623,87.73600349230601,78.85567341690772,89.96892746169507,80.55816686251472,91.0834312573443,85.41140320928645,94.31205189484466,84.67186923927737,95.61877841956495,80.8535860291725,91.743838505151,72.90519998456318,81.2900119359237,0.5739817883184973,67.55319148936168,92.5531914893617,79.60526315789477,89.03508771929825,76.44927536231886,85.50724637681161,81.81818181818183,88.88888888888889,74.99999999999999,78.33333333333333,76.08518236555143,86.86354956153875,70.77922077922075,94.9232585596222,74.19786096256685,93.49376114081997,79.79323308270678,90.41353383458647,86.45833333333333,95.703125,82.77310924369746,93.06722689075629,78.80035148030504,93.52018108515698,77.44276692292823,90.19186532334786,0.5665780961974398
423.0,67.4163783160323,75.54786620530565,69.36962750716333,70.0,67.93134598012645,74.4655224330021,64.69934834123224,67.12085308056872,61.407563025210045,64.70588235294117,66.16485263395288,70.36802481436352,76.24140565317036,87.10029466331987,77.21740062145074,87.5602700096432,78.331374853114,92.43713278495888,85.41140320928645,94.93342437692046,87.2987587562984,94.32223178075458,80.900068618664,91.2706707231194,73.53246062630843,80.81934776874147,0.5863129008257844,67.55319148936168,92.5531914893617,79.60526315789477,89.47368421052632,74.27536231884059,86.23188405797102,81.81818181818183,89.56228956228955,74.99999999999999,77.5,75.65039975685578,87.06420986402972,70.77922077922075,95.04132231404958,74.19786096256685,93.49376114081997,79.79323308270678,90.31954887218046,86.45833333333333,95.703125,82.77310924369746,93.27731092436974,78.80035148030504,93.56701365028395,77.22537561858041,90.31561175715683,0.5649623905166269
424.0,71.06881968473665,82.27604767397155,67.58595988538683,69.11174785100287,60.79494128274615,61.818729298404094,62.52221563981043,66.17298578199052,59.201680672268886,65.67226890756302,64.2347234329898,69.01035590258641,76.11726508785333,86.24904507257448,79.02067930997532,89.33033322618664,82.23854289071683,90.9659224441833,83.43974052577671,94.99829293274155,83.59653434926878,94.30994223915448,80.8825524327182,91.17070718296809,72.558637932854,80.09053154277726,0.5848017232195531,67.55319148936168,92.5531914893617,79.60526315789477,89.47368421052632,74.27536231884059,86.23188405797102,81.81818181818183,89.56228956228955,74.99999999999999,78.33333333333333,75.65039975685578,87.23087653069638,70.77922077922075,95.04132231404958,74.19786096256685,93.58288770053476,79.79323308270678,90.31954887218046,86.45833333333333,95.703125,82.77310924369746,93.27731092436974,78.80035148030504,93.5848389622269,77.22537561858041,90.40785774646164,0.5633258940012644
425.0,56.84352172241446,66.55132641291812,71.15329512893985,74.35530085959886,63.053297199638635,69.3164709424872,65.1288507109005,68.5574644549763,69.97899159663865,66.00840336134453,65.23159127170642,68.957793206265,73.87318563789151,84.60384153661464,79.51141112182574,87.82813671916854,81.03995299647475,92.2256169212691,83.78456811198362,95.44213041993854,87.05604030969644,94.21777067715375,81.05303163557441,90.8634992548289,73.14231145364042,79.91064623054694,0.5851043250670553,67.55319148936168,92.5531914893617,79.60526315789477,89.47368421052632,74.27536231884059,86.23188405797102,81.81818181818183,89.8989898989899,74.99999999999999,76.66666666666666,75.65039975685578,86.96488326470312,70.77922077922075,95.04132231404958,74.19786096256685,93.58288770053476,78.00751879699249,90.41353383458647,86.45833333333333,95.703125,82.77310924369746,93.48739495798318,78.44320862316218,93.6456527614308,77.04680419000897,90.30526801306695,0.5619127622364383
426.0,83.39100346020761,88.65820838139177,66.51862464183382,68.46704871060172,62.646793134598,69.67780788919,62.89988151658768,73.696682464455,54.8319327731092,62.47899159663866,66.05764710526726,72.59574780845543,75.04774637127578,85.01309614754993,78.53209043180111,88.5888781742205,82.02115158636902,91.45475910693304,85.2082622055309,94.60908159781496,85.30478063168245,93.53570111834829,81.22280624533184,90.64030322897335,73.64022667529954,81.61802551871439,0.5769452100595175,67.55319148936168,91.48936170212765,80.4824561403509,89.03508771929825,78.62318840579712,86.23188405797102,84.84848484848484,89.56228956228955,69.99999999999999,76.66666666666666,76.30146417679892,86.59705794167061,70.12987012987011,95.04132231404958,73.2174688057041,93.58288770053476,79.79323308270678,90.41353383458647,86.45833333333333,95.703125,82.77310924369746,93.27731092436974,78.47440291906234,93.6036359547081,77.38793354793063,90.10034694818935,0.5601155162319152
427.0,80.25759323337178,80.85351787773934,65.80229226361033,67.52148997134671,67.70551038843719,68.71424269798253,70.05331753554503,78.06575829383885,62.01680672268905,65.67226890756301,69.16710402873068,72.16545554969409,73.01375095492743,85.29684601113175,78.03814421943639,89.26818814957677,82.3443008225617,91.17508813160985,81.75998634346195,94.03209286445886,86.18041047068945,94.66019417475728,80.26731856221538,90.88648186630692,74.71721129547302,81.5259687080005,0.5769336616179307,67.55319148936168,91.48936170212765,67.9824561403509,89.03508771929825,80.79710144927537,86.23188405797102,86.36363636363636,89.56228956228955,69.99999999999999,77.5,74.53927708852487,86.7637246083373,69.48051948051946,95.04132231404958,73.2174688057041,93.58288770053476,78.00751879699249,90.41353383458647,86.45833333333333,95.703125,82.77310924369746,93.48739495798318,77.98738993204935,93.6456527614308,76.26333351028711,90.20468868488405,0.5582444812316889
428.0,79.39254133025759,84.15993848519801,72.80802292263611,79.08309455587393,64.2728093947606,71.63504968383018,61.90758293838863,71.0308056872038,62.100840336134425,61.13445378151261,68.09635938443546,73.40866843872371,72.67952635599696,83.37062097566299,75.90806814529087,88.81388621022181,84.18918918918921,92.40658049353702,85.41140320928645,94.32229429839536,85.93769202408751,95.58190979476466,80.82517578477021,90.89905835451637,74.46076758460283,82.15386339662004,0.5707648691334725,67.55319148936168,91.48936170212765,81.35964912280706,89.47368421052632,80.79710144927537,85.5072463768116,84.84848484848484,89.22558922558923,69.99999999999999,77.5,76.91168538198579,86.63917630301096,69.48051948051946,95.04132231404958,73.2174688057041,93.58288770053476,79.79323308270678,90.31954887218046,86.45833333333333,95.703125,82.77310924369746,93.27731092436974,78.34453278919223,93.5848389622269,77.62810908558902,90.11200763261893,0.5564824707514028
429.0,80.43060361399463,83.19876970396001,74.38395415472779,82.12034383954155,62.1951219512195,66.15477265883769,61.62618483412323,71.37144549763033,59.894957983193244,62.773109243697476,67.70616450745169,73.12368818873341,75.69709702062643,83.72257994106734,78.69281045751633,89.26818814957677,80.28789659224445,90.74030552291423,84.72174803687265,95.55479685899624,83.50129040186802,95.72323952316579,80.58016850182557,91.00182199914408,74.14316650463863,82.06275509393875,0.5704477794977322,67.55319148936168,91.48936170212765,81.35964912280706,89.47368421052632,80.79710144927537,85.5072463768116,84.84848484848484,88.88888888888889,69.99999999999999,78.33333333333333,76.91168538198579,86.73850290233756,69.48051948051946,95.04132231404958,73.2174688057041,93.58288770053476,79.79323308270678,90.31954887218046,86.45833333333333,95.57291666666666,82.77310924369746,93.27731092436974,78.34453278919223,93.55879729556025,77.62810908558902,90.1486500989489,0.5551680826732959
430.0,73.31795463283353,80.04613610149943,70.4512893982808,79.77077363896848,63.64046973803069,69.97892201144234,62.61848341232228,69.16469194312796,60.630252100840295,68.4453781512605,66.13168985646152,73.48118036925975,74.94270435446904,85.93528320419077,79.18139933569054,88.04243008678881,81.09870740305524,90.88836662749706,85.1638784568112,93.55069989757597,81.21236327884972,94.18090205235346,80.31981056577516,90.51953637368122,73.22575021111834,82.00035837147048,0.5721397727860085,67.55319148936168,91.48936170212765,81.35964912280706,89.47368421052632,80.79710144927537,85.5072463768116,84.84848484848484,88.88888888888889,69.99999999999999,78.33333333333333,76.91168538198579,86.73850290233756,69.48051948051946,95.04132231404958,73.2174688057041,93.58288770053476,79.79323308270678,90.22556390977444,86.45833333333333,95.57291666666666,82.77310924369746,93.27731092436974,78.34453278919223,93.54000030307904,77.62810908558902,90.1392516027083,0.5538541296193803
431.0,68.2814302191465,77.6239907727797,74.59169054441261,78.71060171919771,63.86630532971994,66.36555254441434,61.05598341232229,64.39573459715639,61.323529411764675,68.27731092436974,65.82378778347321,71.07463811158357,74.77081741787623,86.1262686892939,78.20315011250399,89.37747776706311,81.26321974148064,92.0352526439483,85.5087060430181,94.77296005462615,86.81332186309452,95.10876244316087,81.31184303559469,91.48414431961847,73.56781540953395,81.27939121560101,0.5732570516529075,68.61702127659572,91.48936170212765,68.85964912280704,89.47368421052632,82.97101449275364,85.5072463768116,82.32323232323233,88.55218855218855,69.99999999999999,78.33333333333333,74.55418344307775,86.67116283499749,69.48051948051946,95.04132231404958,73.2174688057041,93.58288770053476,78.00751879699249,90.31954887218046,88.54166666666666,95.57291666666666,82.77310924369746,93.27731092436974,78.40405659871604,93.55879729556025,76.47912002089689,90.11498006527887,0.5521035978429403
432.0,83.04498269896195,86.27450980392157,57.234957020057294,62.478510028653304,70.00903342366756,76.21198434206565,58.78258293838863,62.55924170616114,66.38655462184873,75.12605042016807,67.09162214058483,72.53005926019394,75.48701298701299,86.77016261049874,77.05560912889744,90.20679309975355,80.50528789659226,91.6662749706228,85.01365653806762,94.84807101399795,85.69497357748556,94.30379746835442,80.75130802561117,91.5590198326455,73.921465083098,82.04453954641971,0.5689103450695304,68.61702127659572,91.48936170212765,68.85964912280704,89.47368421052632,82.97101449275364,85.5072463768116,80.8080808080808,88.55218855218855,69.99999999999999,78.33333333333333,74.25115314004745,86.67116283499749,69.48051948051946,95.04132231404958,73.2174688057041,93.58288770053476,78.00751879699249,90.22556390977444,88.54166666666666,95.57291666666666,82.77310924369746,93.27731092436974,78.40405659871604,93.54000030307904,76.32760486938174,90.10558156903826,0.5504012567340233
433.0,75.0480584390619,79.35409457900808,73.5243553008596,75.35816618911176,63.6404697380307,70.18970189701896,68.01688388625593,71.99348341232226,64.18067226890753,71.84873949579831,68.88208792662313,73.74883711465188,74.87585943468295,84.99672596311252,79.18568520304294,87.56669881067181,81.09870740305524,90.98237367802584,84.32400136565383,93.90918402185045,83.16332800786532,92.84134201794274,80.52951628286004,90.05926489832066,74.7058021047416,81.90405100648627,0.5790219634758271,68.61702127659572,91.48936170212765,68.85964912280704,89.47368421052632,82.97101449275364,85.5072463768116,80.8080808080808,88.21548821548821,69.99999999999999,78.33333333333333,74.25115314004745,86.60382276765742,69.48051948051946,95.04132231404958,73.2174688057041,93.58288770053476,78.00751879699249,90.31954887218046,88.54166666666666,95.57291666666666,82.77310924369746,93.27731092436974,78.40405659871604,93.55879729556025,76.32760486938174,90.08131003160884,0.5486839979185749
434.0,70.35755478662054,83.92925797770089,70.80229226361033,70.25787965616045,70.82204155374886,77.74766636555255,60.01184834123223,66.98755924170617,66.34453781512603,74.03361344537815,67.6676549520676,74.59119533729964,74.1214667685256,85.81796354905599,76.72988321011462,87.1659702132219,81.53349001175091,90.74030552291421,83.82895186070331,93.91942642540116,85.4000245790832,94.96128794395969,80.32276328603554,90.5209907309106,73.99520911905157,82.55609303410512,0.5714059183744551,67.55319148936168,91.48936170212765,81.35964912280706,89.91228070175438,80.79710144927537,84.78260869565217,77.77777777777777,88.55218855218855,69.99999999999999,77.5,75.49754396784438,86.44728793034456,69.48051948051946,95.04132231404958,74.19786096256685,93.58288770053476,78.00751879699249,90.22556390977444,88.54166666666666,95.57291666666666,82.77310924369746,93.27731092436974,78.60013503008858,93.54000030307904,77.04883949896649,89.9936441167118,0.5472120214708565
435.0,74.52902729719341,81.27643214148405,71.66189111747852,78.16618911174787,70.1445347786811,77.86811201445349,64.46238151658768,68.52784360189574,64.99999999999999,68.8655462184874,69.15956694198815,74.94082461761371,73.85408708938121,86.44275892175052,78.53101896496301,88.68531018964964,82.66745005875443,91.82608695652173,84.91635370433595,94.26766814612495,82.2876981688583,95.45901437876367,80.45132159725858,91.33616771856211,74.80544426962337,83.13849616808791,0.5630134742784176,68.61702127659572,91.48936170212765,68.85964912280704,89.91228070175438,82.97101449275364,84.78260869565217,77.77777777777777,88.55218855218855,69.99999999999999,78.33333333333333,73.64509253398684,86.61395459701122,69.48051948051946,95.15938606847698,74.19786096256685,93.58288770053476,78.00751879699249,90.22556390977444,88.54166666666666,95.57291666666666,82.77310924369746,93.27731092436974,78.60013503008858,93.56361305396452,76.12261378203772,90.08878382548787,0.5453492627863291
436.0,75.74009996155326,82.77585544021531,74.2406876790831,78.40974212034384,70.00903342366756,74.79674796747967,63.7070497630332,68.80924170616115,63.40336134453778,68.31932773109244,69.42004643437497,74.62218299305849,74.16921313980137,86.60918913019754,76.2359369977499,86.87024536590593,81.80376028202117,91.66862514688603,87.48036872652783,95.20314100375555,83.40604645446724,93.43738478554751,80.6190651201135,90.75771708645851,75.01955577724424,82.6899500397585,0.5665918188252608,68.61702127659572,91.48936170212765,68.85964912280704,89.91228070175438,82.97101449275364,85.5072463768116,82.32323232323233,88.55218855218855,69.99999999999999,80.0,74.55418344307775,87.09221546657643,68.18181818181816,95.04132231404958,73.2174688057041,93.58288770053476,78.00751879699249,90.22556390977444,88.54166666666666,95.57291666666666,82.77310924369746,93.27731092436974,78.14431633897577,93.54000030307904,76.34924989102676,90.31610788482774,0.5436536741613694
437.0,83.19876970396002,88.15840061514801,72.23495702005732,76.63323782234957,68.7895212285456,77.59710930442638,64.27725118483414,70.63092417061611,67.0378151260504,74.2016806722689,71.1076628526895,77.4442705169618,71.89648586707409,85.2722907344756,78.53101896496301,89.07532411871853,82.02115158636902,91.49001175088132,84.02355752816662,93.89894161829976,83.79623940027038,93.95969030355168,80.05369066936863,90.73925170518538,75.58067676102907,84.0917611110736,0.5635797457769127,69.68085106382976,91.48936170212765,68.85964912280704,89.91228070175438,82.97101449275364,86.23188405797102,83.83838383838383,88.55218855218855,69.99999999999999,80.0,75.06997970355485,87.23714300280832,67.53246753246752,95.15938606847698,73.2174688057041,93.58288770053476,78.00751879699249,90.13157894736842,88.54166666666666,95.57291666666666,82.77310924369746,93.27731092436974,78.01444620910566,93.54481606148332,76.54221295633025,90.39097953214582,0.5420052206261248
438.0,81.46866589773165,86.77431757016532,66.310888252149,77.8080229226361,65.67299006323395,71.63504968383016,68.82405213270142,69.74229857819904,65.73529411764703,66.63865546218487,69.6023780926926,74.5196688434031,75.29602750190985,85.63516315617157,78.52887603128681,88.41530054644808,83.213866039953,92.31727379553467,86.54318880163879,94.63639467395014,85.4000245790832,93.70160992994961,81.79639659077434,90.94114842041081,75.69938734173347,82.73040863190695,0.5595583217070663,69.68085106382976,91.48936170212765,68.85964912280704,89.91228070175438,82.97101449275364,86.23188405797102,83.83838383838383,88.55218855218855,69.99999999999999,79.16666666666666,75.06997970355485,87.07047633614165,66.88311688311687,95.15938606847698,73.2174688057041,93.58288770053476,78.00751879699249,90.13157894736842,88.54166666666666,95.57291666666666,82.77310924369746,93.48739495798318,77.88457607923552,93.58683286820599,76.47727789139518,90.32865460217383,0.540333964865533
439.0,77.81622452902731,84.04459823144944,69.0974212034384,76.70487106017193,65.67299006323395,75.42908762420957,64.18098341232228,69.5941943127962,70.06302521008404,74.91596638655463,69.3661288836212,76.13774352303635,71.08479755538578,85.20680999672597,79.34854816243435,89.06675238401371,82.3443008225617,92.28907168037604,86.64049163537045,95.79037214066234,84.03895784687231,95.36069804596289,80.69141920452492,91.54274084954818,75.02877404407306,83.84024218629227,0.5566473754435467,69.68085106382976,91.48936170212765,68.85964912280704,89.91228070175438,82.97101449275364,85.5072463768116,83.83838383838383,88.55218855218855,69.99999999999999,79.16666666666666,75.06997970355485,86.92554879990976,67.53246753246752,95.15938606847698,73.2174688057041,93.58288770053476,78.00751879699249,90.13157894736842,88.54166666666666,95.44270833333333,82.77310924369746,93.27731092436974,78.01444620910566,93.51877439481663,76.54221295633025,90.2221615973632,0.5388606415183159
440.0,77.12418300653596,81.7762399077278,69.8137535816619,81.10315186246419,57.45257452574525,65.01053899427883,64.79561611374407,71.44549763033176,70.06302521008404,75.29411764705883,67.84983048755424,74.92590920837229,74.1214667685256,85.5451271417658,79.34854816243435,88.94460516447016,80.82256169212694,91.95534665099882,84.31546602936157,93.95698190508706,84.81934373847857,94.85068206955881,80.6854772781854,91.05054858637614,74.26765388286982,82.98822889737421,0.5621758578521479,69.68085106382976,91.48936170212765,68.85964912280704,89.91228070175438,82.97101449275364,85.5072463768116,83.83838383838383,88.55218855218855,69.99999999999999,80.0,75.06997970355485,87.09221546657643,67.53246753246752,95.15938606847698,73.2174688057041,93.58288770053476,78.00751879699249,90.13157894736842,88.54166666666666,95.44270833333333,82.77310924369746,93.48739495798318,78.01444620910566,93.56079120153933,76.54221295633025,90.32650333405789,0.5374225952715094
441.0,70.18454440599768,80.50749711649365,74.0974212034384,79.31232091690545,70.59620596205961,76.03131586871424,66.35811611374409,71.43068720379146,61.28151260504199,68.19327731092437,68.50356005805637,75.09501968336583,73.68220015278838,85.82342027720179,77.05775206257364,88.5888781742205,82.99647473560519,93.2502937720329,86.58757255035849,94.53055650392625,86.47535946909181,94.19933636475359,81.3598717940835,91.278497018427,74.93171592606993,83.18675835089641,0.5601706282609384,69.68085106382976,91.48936170212765,68.85964912280704,90.35087719298247,82.97101449275364,85.5072463768116,83.83838383838383,88.55218855218855,69.99999999999999,80.83333333333333,75.06997970355485,87.34660143148872,67.53246753246752,95.15938606847698,73.2174688057041,93.58288770053476,78.00751879699249,90.0375939849624,88.54166666666666,95.57291666666666,82.77310924369746,93.48739495798318,78.01444620910566,93.56803587572479,76.54221295633025,90.45731865360676,0.5357972674131886
442.0,72.77970011534028,77.73933102652826,77.45702005730661,82.27793696275072,62.3757904245709,72.77928334838903,68.11315165876778,72.45260663507109,67.07983193277308,76.17647058823529,69.56109883775171,76.28512571219488,75.0668449197861,85.11677398232021,78.85995928426014,88.90817529197471,81.1045828437133,93.19623971797884,83.77603277569138,93.92284055991806,84.09118839867273,93.46810863954775,80.57972164442472,90.9224276383479,75.07041024108821,83.60377667527139,0.5600110147900307,69.68085106382976,91.48936170212765,68.85964912280704,90.35087719298247,82.97101449275364,84.78260869565217,80.80808080808082,88.55218855218855,69.99999999999999,80.83333333333333,74.46391909749426,87.20167389525685,68.18181818181816,95.15938606847698,73.2174688057041,93.58288770053476,78.00751879699249,90.0375939849624,88.54166666666666,95.44270833333333,82.77310924369746,93.27731092436974,78.14431633897577,93.49997740233543,76.304117718235,90.35082564879613,0.5344907173976828
443.0,76.25913110342178,83.66013071895424,70.88108882521492,79.18338108882521,68.7895212285456,74.8268593797049,64.65491706161139,69.87559241706161,67.16386554621847,77.31092436974791,69.54970475300243,76.97137759485878,75.80213903743315,87.21488595438176,77.87635272688308,87.92671166827387,82.77908343125738,91.77203290246769,83.92625469443497,94.05257767156026,87.10827086149686,93.86137397075089,81.49842015030109,90.9655164334869,75.52406245165176,83.96844701417284,0.556772819669272,69.68085106382976,91.48936170212765,68.85964912280704,90.35087719298247,82.97101449275364,84.78260869565217,82.32323232323233,88.21548821548821,69.99999999999999,80.0,74.76694940052455,86.9676671612501,67.53246753246752,95.15938606847698,72.23707664884135,93.58288770053476,78.00751879699249,90.0375939849624,88.54166666666666,95.44270833333333,82.77310924369746,93.27731092436974,77.8183677777331,93.49997740233543,76.29265858912882,90.23382228179277,0.5329372501396002
444.0,78.3352556708958,86.92810457516339,71.1676217765043,78.92550143266476,68.97018970189701,73.44173441734418,64.69934834123222,67.77251184834124,64.26470588235293,71.80672268907563,69.48742427457645,75.77491499251784,73.3479755538579,85.05129324457056,78.3660130718954,88.72388299582128,81.15746180963576,91.72032902467684,83.23659952202117,94.49641515875726,85.0620621850805,93.36364753594691,80.23402242849815,90.67111359195458,74.8607233515373,83.2230142922362,0.5645741593217286,69.68085106382976,91.48936170212765,68.85964912280704,90.35087719298247,82.97101449275364,85.5072463768116,82.32323232323233,88.55218855218855,69.99999999999999,80.83333333333333,74.76694940052455,87.34660143148872,67.53246753246752,95.15938606847698,73.2174688057041,93.67201426024955,78.00751879699249,90.0375939849624,86.97916666666666,95.57291666666666,81.30252100840335,93.48739495798318,77.40782856204683,93.58586118766775,76.0873889812857,90.46623130957823,0.5316136816565292
445.0,89.61937716262977,91.73394848135332,77.1704871060172,80.44412607449857,73.89340560072266,81.60192713038242,65.31398104265404,75.72571090047393,67.77310924369748,75.12605042016807,74.75407203114423,80.92635260137527,73.55805958747135,84.05271199388847,76.56380585020892,87.43597985642344,81.59224441833139,91.49706227967097,85.11095937179927,95.16217138955274,86.38011552169105,94.11945434435296,80.64103694990038,90.45347597277771,77.69755449052231,85.68991428707649,0.5464247709165169,71.80851063829785,91.48936170212765,68.85964912280704,90.35087719298247,85.1449275362319,85.5072463768116,83.83838383838383,88.55218855218855,74.16666666666664,80.83333333333333,76.76362756047745,87.34660143148872,66.88311688311687,95.15938606847698,72.23707664884135,93.67201426024955,76.69172932330827,90.13157894736842,84.89583333333333,95.44270833333333,81.30252100840335,93.48739495798318,76.40205543940064,93.5786165134823,76.58284149993904,90.46260897248551,0.5302648093871948
446.0,72.77970011534026,83.69857747020379,72.0272206303725,79.49856733524355,66.84733514001806,70.1294790725685,64.18098341232229,70.73459715639811,67.81512605042015,77.14285714285714,68.73007306969465,76.24081563545421,75.1718869365928,87.89152024446142,79.01960784313722,89.65177327761705,82.07990599294949,92.19271445358402,86.53465346534652,95.47968589962444,85.69497357748556,95.2378026299619,81.70020556310232,92.09069930104975,75.21513931639848,84.16575746825198,0.5475016981950865,70.7446808510638,91.48936170212765,68.85964912280704,90.35087719298247,85.1449275362319,85.5072463768116,83.83838383838383,88.55218855218855,74.16666666666664,80.83333333333333,76.55086160303065,87.34660143148872,66.88311688311687,95.04132231404958,72.23707664884135,93.67201426024955,78.00751879699249,90.0375939849624,86.97916666666666,95.44270833333333,79.83193277310923,93.48739495798318,76.78776235374532,93.53620677011561,76.66931197838798,90.44140410080217,0.5289473701986821
447.0,77.12418300653596,83.7370242214533,72.31375358166189,77.96561604584527,68.92502258355916,77.1755495332731,60.62648104265405,71.13447867298578,61.36554621848735,67.05882352941175,68.07099728657968,75.41429840059384,75.99312452253629,87.06755429444505,78.5288760312868,89.33890496089147,82.07990599294949,92.7967097532315,88.61215431888016,96.40833048822124,86.38011552169105,93.91053213715128,82.31883527746876,91.9044063267881,75.19491628202422,83.65935236369097,0.5515329128968545,70.7446808510638,91.48936170212765,68.85964912280704,90.35087719298247,85.1449275362319,85.5072463768116,83.83838383838383,88.55218855218855,74.16666666666664,80.0,76.55086160303065,87.17993476482206,68.18181818181816,95.04132231404958,72.23707664884135,93.67201426024955,78.00751879699249,90.22556390977444,86.97916666666666,95.44270833333333,79.83193277310923,93.48739495798318,77.04750261348556,93.57380075507801,76.79918210825811,90.37686775995004,0.5270286895454112
448.0,72.26066897347177,86.5436370626682,68.60315186246419,76.1461318051576,72.2222222222222,79.9759108702198,67.446682464455,77.88803317535545,65.12605042016804,67.43697478991596,69.13175518855624,77.59813754066339,75.1718869365928,87.01844374113283,78.69709632486872,89.84678024215151,82.29142185663927,92.07285546415982,85.05804028678732,94.04574940252645,88.07914464790466,94.10102003195281,81.85951801055856,91.41696977638469,75.4956365995574,84.50755365852405,0.5445888122154,71.80851063829785,91.48936170212765,56.35964912280704,90.35087719298247,85.1449275362319,84.78260869565217,83.83838383838383,88.55218855218855,74.16666666666664,80.0,74.26362756047745,87.03500722859017,67.53246753246752,95.04132231404958,72.23707664884135,93.67201426024955,78.00751879699249,90.0375939849624,86.97916666666666,95.44270833333333,79.83193277310923,93.48739495798318,76.91763248361545,93.53620677011561,75.59063002204644,90.2856069993529,0.5260231886951029
449.0,84.23683198769704,85.27489427143406,72.6002865329513,76.86246418338108,60.34327009936765,66.66666666666666,70.33471563981044,75.51836492890996,72.92016806722688,77.68907563025209,72.08705446541066,76.40229313612876,72.08747135217723,85.5505838699116,76.56702025072322,88.64030858244936,82.46180963572269,91.67567567567568,85.8979173779447,94.62273813588256,84.33390684527467,93.75076809635,80.2696250923685,90.84801487205384,76.17833977888958,83.6251540040913,0.5542597939395913,70.7446808510638,91.48936170212765,56.35964912280704,90.35087719298247,85.1449275362319,84.78260869565217,83.83838383838383,88.55218855218855,74.16666666666664,80.0,74.05086160303065,87.03500722859017,68.18181818181816,95.04132231404958,72.23707664884135,93.67201426024955,78.00751879699249,90.0375939849624,86.97916666666666,95.44270833333333,79.83193277310923,93.48739495798318,77.04750261348556,93.53620677011561,75.54918210825811,90.2856069993529,0.5248262674661475
450.0,71.56862745098039,83.27566320645904,68.810888252149,76.87679083094555,74.84191508581752,78.38000602228244,70.86048578199053,75.57760663507109,61.407563025210045,69.36974789915966,69.49789591922949,76.69596291878356,71.41902215431625,84.15093310051293,79.51355405550196,90.26250937533483,81.42773207990602,91.82373678025853,81.99897575964494,93.50290201433936,86.18041047068944,94.42669288435542,80.10793890401172,90.83335483096022,74.8029174116206,83.76465887487188,0.548056184136078,70.7446808510638,91.48936170212765,68.85964912280704,90.35087719298247,85.1449275362319,84.78260869565217,80.80808080808082,88.55218855218855,74.16666666666664,79.16666666666667,75.94480099697003,86.86834056192352,67.53246753246752,95.04132231404958,73.2174688057041,93.76114081996435,78.00751879699249,90.13157894736842,86.97916666666666,95.44270833333333,79.83193277310923,93.27731092436974,77.11371091498799,93.53081226781708,76.52925595597901,90.19957641487031,0.5229310256029032
451.0,89.44636678200693,93.19492502883506,79.46275071633238,85.53008595988538,71.4092140921409,76.33242999096657,67.77991706161139,75.59241706161139,74.39075630252101,79.5798319327731,76.49780099092251,82.0459379948143,73.80634071810542,85.65153334060898,77.38776384870886,88.46030215364836,82.40305522914223,90.7262044653349,85.15534312051895,95.97132127005804,83.45827700626768,92.43578714513949,80.44215598454863,90.64902967495794,78.46997848773557,86.34748383488612,0.5333106665204668,71.80851063829785,91.48936170212765,56.35964912280704,90.35087719298247,85.1449275362319,84.78260869565217,85.35353535353535,88.55218855218855,74.16666666666664,80.0,74.56665786350776,87.03500722859017,66.88311688311687,95.15938606847698,72.23707664884135,93.76114081996435,78.00751879699249,90.13157894736842,84.89583333333333,95.44270833333333,79.83193277310923,93.48739495798318,76.37109568707865,93.59644182542525,75.46887677529321,90.31572452700772,0.5208748439521467
452.0,83.71780084582853,90.73433294886581,74.03295128939828,79.48424068767909,66.260162601626,72.86961758506474,68.25385071090048,74.3335308056872,77.28991596638656,78.4873949579832,73.91093628282798,79.18182339705601,74.83766233766234,87.77965731747244,76.56380585020892,87.32240437158471,80.55816686251471,90.25146886016454,85.9423011266644,94.65005121201774,86.57060341649256,94.43898242595552,80.89450791870858,90.888512837439,77.40272210076827,85.03516811724751,0.5420605851154916,70.7446808510638,91.48936170212765,56.35964912280704,90.35087719298247,85.1449275362319,84.78260869565217,83.83838383838383,88.55218855218855,74.16666666666664,80.0,74.05086160303065,87.03500722859017,68.18181818181816,95.27744982290436,73.2174688057041,93.76114081996435,78.00751879699249,90.0375939849624,86.97916666666666,95.44270833333333,79.83193277310923,93.27731092436974,77.24358104485812,93.55924077710684,75.6472213239444,90.2971240028485,0.519164827744556
453.0,84.58285274894271,88.42752787389465,73.3166189111748,78.13753581661891,66.84733514001806,75.27853056308341,63.94401658767773,70.15699052132702,68.5924369747899,72.14285714285714,71.45665207252064,76.82868838355623,73.22383498854086,85.984393757503,78.203150112504,88.64459444980177,80.77555816686254,92.7144535840188,84.06794127688633,94.15500170706726,88.7120560403097,95.11490721396092,80.99650811702068,91.32267014247034,76.22658009477067,84.07567926301328,0.5434569507541727,70.7446808510638,91.48936170212765,56.35964912280704,90.35087719298247,85.1449275362319,84.78260869565217,83.83838383838383,88.21548821548821,74.16666666666664,79.16666666666667,74.05086160303065,86.80100049458345,67.5324675324675,95.15938606847698,73.2174688057041,93.76114081996435,78.00751879699249,90.13157894736842,86.97916666666666,95.44270833333333,81.30252100840335,93.27731092436974,77.40782856204683,93.55442501870257,75.72934508253874,90.17771275664302,0.5187117623152467
454.0,80.41138023836987,92.81045751633987,76.10315186246417,80.80229226361033,72.44805781391146,77.1755495332731,68.86848341232229,75.4739336492891,71.57563025210084,79.03361344537817,73.88134071583373,81.05916928157812,73.66310160427807,87.59140019644221,80.3342976534876,91.4175506268081,81.05170387779086,91.51821386603996,85.65039262546944,93.98770911573915,87.74118225390193,95.46515914956373,81.68813560298557,91.99600659091864,77.78473815940964,86.52758793624838,0.5229570465631637,70.7446808510638,91.48936170212765,56.35964912280704,90.35087719298247,85.1449275362319,83.33333333333333,79.29292929292929,87.87878787878786,74.16666666666664,78.33333333333333,73.14177069393973,86.27713868811293,67.5324675324675,95.27744982290436,73.2174688057041,93.76114081996435,78.00751879699249,90.0375939849624,86.97916666666666,95.44270833333333,81.30252100840335,93.27731092436974,77.40782856204683,93.55924077710684,75.27479962799327,89.91818973260987,0.5163056518227865
455.0,83.02575932333718,87.88927335640139,77.24928366762178,81.50429799426935,76.28726287262872,80.60825052694972,65.17328199052135,73.50414691943128,65.81932773109243,74.11764705882352,73.5109831170403,79.52472317117505,72.48854087089381,84.50289206591728,78.2085074466945,89.36033429765348,80.77555816686254,91.70152761457109,85.25264595425061,94.24718333902355,83.45827700626766,93.32063414034656,80.03670588899384,90.62651429150239,76.77384450301707,85.07561873133872,0.540392740651188,70.7446808510638,91.48936170212765,56.35964912280704,90.35087719298247,85.1449275362319,84.05797101449275,83.83838383838383,87.87878787878786,74.16666666666664,78.33333333333333,74.05086160303065,86.42206622434482,67.5324675324675,95.15938606847698,73.2174688057041,93.76114081996435,78.00751879699249,90.0375939849624,86.97916666666666,95.44270833333333,81.30252100840335,93.27731092436974,77.40782856204683,93.53562802622135,75.72934508253874,89.97884712528308,0.5151435770432581
456.0,78.85428681276433,88.77354863514033,77.24928366762178,81.91977077363897,71.7705510388437,78.62089732008431,65.22511848341233,71.48992890995261,67.85714285714285,81.1344537815126,72.19127657195699,80.38771988406577,73.68220015278838,86.59827567390592,77.05882352941173,87.62884388728169,83.32549941245595,91.90834312573443,86.87948105155343,94.59542505974736,87.10827086149686,94.12559911515301,81.61085500154127,90.97129737236449,76.90106578674913,85.67950862821513,0.5327365875618691,71.80851063829785,91.48936170212765,56.35964912280704,90.35087719298247,85.1449275362319,83.33333333333333,85.35353535353535,88.21548821548821,74.16666666666664,80.0,74.56665786350776,86.67781208878634,67.5324675324675,95.15938606847698,73.2174688057041,93.76114081996435,78.00751879699249,89.94360902255639,86.97916666666666,95.44270833333333,79.83193277310923,93.27731092436974,77.11371091498799,93.51683103374015,75.84018438924787,90.09732156126324,0.5140859251659352
457.0,80.23836985774703,90.61899269511726,68.96848137535818,78.53868194842407,69.55736224028907,79.58446251129178,69.63122037914692,75.57760663507109,64.22268907563023,69.53781512605042,70.5236245856343,78.77151178319092,71.85828877005348,84.093637454982,77.54955534126216,87.90313939783563,80.34077555816688,92.51703877790835,85.99522021167634,95.14168658245136,84.96681823767975,93.37593707754701,80.14213162376772,90.60628785814487,75.33287810470101,84.6888998206679,0.539094202928835,70.7446808510638,91.48936170212765,56.35964912280704,90.35087719298247,85.1449275362319,83.33333333333333,79.29292929292929,87.87878787878786,74.16666666666664,78.33333333333333,73.14177069393973,86.27713868811293,67.5324675324675,95.15938606847698,73.2174688057041,93.85026737967914,78.00751879699249,90.0375939849624,86.97916666666666,95.44270833333333,81.30252100840335,93.27731092436974,77.40782856204683,93.5534533381643,75.27479962799327,89.91529601313862,0.5126997106258813
458.0,85.10188389081124,88.69665513264128,76.10315186246422,77.02005730659025,70.95754290876239,77.95844625112917,62.95171800947868,72.79324644549763,62.79411764705879,67.98319327731092,71.58168286371506,76.89031968263386,75.06684491978609,85.39506711775618,77.70920390013927,89.28747455266259,80.34665099882494,91.72032902467686,84.31546602936154,94.05257767156026,84.09118839867273,93.6647413051493,80.30587084935692,90.82403793436103,75.94377685653599,83.85717880849745,0.5461567218755263,70.7446808510638,91.48936170212765,56.35964912280704,90.35087719298247,85.1449275362319,83.33333333333333,83.83838383838383,87.87878787878786,74.16666666666664,80.0,74.05086160303065,86.61047202144627,68.18181818181816,95.27744982290436,73.2174688057041,93.85026737967914,78.00751879699249,89.94360902255639,86.97916666666666,95.44270833333333,79.83193277310923,93.27731092436974,77.24358104485812,93.55826909656858,75.6472213239444,90.08437055900743,0.5121723558214931
459.0,80.58439061899271,89.61937716262976,75.9598853868195,86.61891117478511,80.21680216802164,85.87774766636555,67.30598341232228,74.71860189573461,71.49159663865548,82.01680672268907,75.11173164496232,83.77028892444082,72.80366692131398,85.81250682091019,76.40415729133181,90.22179363548699,82.13866039953,91.40070505287896,87.77227722772277,94.65005121201774,83.79623940027037,92.89664495514319,80.5830002480338,90.99634033528741,77.84736594649806,87.38331462986412,0.5167833240947461,71.80851063829785,91.48936170212765,56.35964912280704,90.35087719298247,85.1449275362319,83.33333333333333,85.35353535353535,87.87878787878786,69.16666666666666,80.83333333333333,73.56665786350777,86.77713868811293,68.18181818181816,95.27744982290436,72.23707664884135,93.93939393939394,78.00751879699249,90.13157894736842,86.97916666666666,95.44270833333333,79.83193277310923,93.27731092436974,77.04750261348556,93.61368839347396,75.30708023849667,90.19541354079345,0.5099407628109932
460.0,85.79392541330259,91.15724721261054,74.89255014326648,81.71919770773638,76.06142728093947,83.25805480277025,74.45941943127964,75.8441943127962,72.14285714285715,79.95798319327731,76.67003588232907,82.38733544583815,72.06837280366692,86.92022263450835,78.0413586199507,87.864566591664,80.88719153936546,91.18213866039953,82.78593376579038,94.16182997610105,88.46933759370775,94.23006021875383,80.45043886449625,90.87176361628535,78.56023737341266,86.62954953106174,0.5261277619041942,71.80851063829785,91.48936170212765,56.35964912280704,90.35087719298247,85.1449275362319,83.33333333333333,85.35353535353535,87.87878787878786,69.16666666666666,80.0,73.56665786350777,86.61047202144627,68.18181818181816,95.27744982290436,72.23707664884135,93.93939393939394,78.00751879699249,90.0375939849624,86.97916666666666,95.44270833333333,79.83193277310923,93.0672268907563,77.04750261348556,93.55287459427007,75.30708023849667,90.08167330785817,0.5091302493727706
461.0,80.23836985774705,86.62053056516726,69.4627507163324,77.8510028653295,76.51309846431796,79.94579945799458,74.22245260663509,77.38447867298578,69.28571428571428,78.19327731092436,73.94447718614936,79.99901777448031,71.20893812070283,85.57241078249483,76.72666880960031,87.93314046930247,81.53936545240896,90.7027027027027,86.68487538409015,93.88187094571526,84.57662529187661,95.11490721396092,80.14729461173577,90.64100642283523,77.04588589894257,85.32001209865777,0.5383495917486527,70.7446808510638,91.48936170212765,56.35964912280704,90.35087719298247,82.97101449275364,82.6086956521739,79.29292929292929,87.2053872053872,74.16666666666664,78.33333333333333,72.70698808524408,85.9975310172009,67.5324675324675,95.27744982290437,73.2174688057041,93.93939393939394,78.00751879699249,90.0375939849624,86.97916666666666,95.44270833333333,81.30252100840335,93.0672268907563,77.40782856204683,93.55287459427007,75.05740832364546,89.77520280573549,0.5077468321471165
462.0,91.52249134948099,93.73317954632834,72.96561604584528,79.64183381088826,70.73170731707314,76.18187292984041,60.678317535545034,69.19431279620854,62.10084033613441,74.95798319327733,71.59979451681576,78.74183645530857,73.7872421695951,86.90112408599802,79.18461373620485,89.86820957891352,81.86251468860168,92.28907168037603,86.68487538409013,95.30215090474564,87.44623325549958,93.17315964114539,81.79309584679827,91.50674317823572,76.69644518180701,85.12428981677215,0.5306503443057816,70.7446808510638,91.48936170212765,56.35964912280704,90.35087719298247,82.97101449275364,82.6086956521739,79.29292929292929,86.86868686868688,74.16666666666664,78.33333333333333,72.70698808524408,85.93019094986084,68.83116883116881,95.39551357733176,73.2174688057041,93.93939393939394,78.00751879699249,90.0375939849624,86.97916666666666,95.44270833333333,79.83193277310923,93.0672268907563,77.37345117472826,93.57648734515556,75.04021962998617,89.7533391475082,0.5052837046025005
463.0,79.02729719338716,90.46520569011919,84.89255014326648,84.64183381088824,73.26106594399275,78.74134296898525,67.68364928909952,74.77784360189574,67.0798319327731,74.07563025210084,74.3888789005038,80.54037126479784,75.38197097020627,88.2844046709593,79.67748848173146,89.26390228222436,83.33137485311401,91.21269095182139,85.39433253670195,93.93308296346876,87.64593830650118,95.79697677276637,82.28622102965097,91.69821152824804,78.33754996507739,86.11929139652294,0.5138683821199858,70.7446808510638,91.48936170212765,56.35964912280704,90.35087719298247,82.97101449275364,82.6086956521739,82.32323232323233,86.86868686868688,74.16666666666664,80.0,73.31304869130469,86.26352428319419,68.18181818181816,95.39551357733176,74.19786096256685,93.93939393939394,78.00751879699249,90.13157894736842,86.97916666666666,95.44270833333333,79.83193277310923,93.27731092436974,77.43965947623067,93.63730114435944,75.37635408376768,89.95041271377681,0.5042070593400144
464.0,91.86851211072667,93.84851980007689,69.60601719197709,80.11461318051576,67.70551038843719,78.8919000301114,69.20171800947868,74.12618483412321,78.71848739495799,85.37815126050418,75.42004901911552,82.47187382106628,75.57295645530941,88.50813052493726,76.40415729133181,89.1374691953284,84.03642773207993,91.70622796709753,86.7821782178218,94.32570843291225,84.77633034287821,93.65245176354921,81.51441000788424,91.46599757676493,78.46722951349989,86.9689356989156,0.5141252681318761,70.7446808510638,91.48936170212765,56.35964912280704,90.35087719298247,85.1449275362319,82.6086956521739,85.35353535353535,86.86868686868688,69.16666666666666,80.0,73.35389190606095,86.26352428319419,68.18181818181816,95.39551357733176,72.23707664884135,93.93939393939394,78.00751879699249,90.13157894736842,86.97916666666666,95.44270833333333,79.83193277310923,93.0672268907563,77.04750261348556,93.59528433763676,75.20069725977325,89.92940431041546,0.5024153497268578
465.0,85.79392541330259,92.4644367550942,80.89541547277938,83.42406876790831,69.10569105691054,74.34507678410118,65.46208530805688,71.72689573459715,71.49159663865545,78.4873949579832,74.54974277794096,80.08957459993681,75.99312452253628,88.13161628287679,76.73202614379083,88.52459016393442,83.9835487661575,92.22326674500587,88.01126664390577,94.07989074769546,88.46933759370775,95.72938429396584,82.63786073401963,91.73774964669568,78.5938017559803,85.91366212331624,0.5237755522846724,70.7446808510638,91.48936170212765,56.35964912280704,90.35087719298247,85.1449275362319,82.6086956521739,85.35353535353535,86.53198653198653,69.16666666666666,80.83333333333333,73.35389190606095,86.36285088252077,68.18181818181816,95.39551357733176,73.2174688057041,93.93939393939394,78.00751879699249,90.13157894736842,86.97916666666666,95.44270833333333,79.83193277310923,93.0672268907563,77.24358104485812,93.59528433763676,75.29873647545953,89.97906761007877,0.5018040809120117
466.0,87.52402921953095,94.11764705882352,78.82521489971349,87.20630372492838,70.09936766034326,78.38000602228244,65.74348341232228,72.83767772511848,63.44537815126047,71.59663865546219,73.12749466863409,80.827654637323,72.9087089381207,87.78511404561826,77.88063859423548,88.21815064823744,80.99882491186841,92.11985898942422,84.36838511437352,94.33253670194605,86.18962762688952,93.84908442915079,80.46923703709754,91.26094896287536,76.79836585286581,86.04430180009918,0.5243728915854334,70.7446808510638,91.48936170212765,56.35964912280704,90.35087719298247,85.1449275362319,82.6086956521739,85.35353535353535,86.53198653198653,69.16666666666666,80.83333333333333,73.35389190606095,86.36285088252077,68.18181818181816,95.39551357733176,72.23707664884135,94.02852049910874,78.00751879699249,90.13157894736842,86.97916666666666,95.44270833333333,79.83193277310923,92.85714285714286,77.04750261348556,93.57109284285703,75.20069725977325,89.9669718626889,0.5011846793164743
467.0,85.79392541330259,90.77277970011535,78.25214899713468,84.72779369627507,75.88075880758805,84.04095152062632,69.8163507109005,74.14099526066352,61.36554621848735,74.11764705882352,74.22174602948263,81.56003344730077,72.88961038961038,84.59565644439596,77.54848387442408,89.5939140683596,81.37485311398358,92.38307873090483,88.21440764766132,95.75281666097644,87.93167014870346,93.64630699274917,81.59180503487657,91.1943545794772,77.90677553217961,86.37719401338899,0.5176660232154361,71.80851063829785,91.48936170212765,56.35964912280704,90.35087719298247,85.1449275362319,82.6086956521739,85.35353535353535,86.19528619528619,69.16666666666666,80.83333333333333,73.56665786350777,86.2955108151807,68.18181818181816,95.27744982290436,72.23707664884135,94.02852049910874,78.00751879699249,90.0375939849624,86.97916666666666,95.44270833333333,79.83193277310923,92.85714285714286,77.04750261348556,93.52868309949034,75.30708023849667,89.91209695733552,0.5009428544376909
468.0,85.27489427143408,89.00422914263744,79.68481375358168,80.94555873925502,71.95121951219511,80.81903041252633,67.40225118483414,72.70438388625593,70.84033613445378,76.1764705882353,75.03070297129975,79.929934553782,76.4514896867838,88.8710029466332,79.02603664416584,88.5717347048109,81.97414806110461,90.90951821386604,88.45339706384432,95.36701946056675,85.20953668428169,94.27921838515424,82.22292162803606,91.59969874220623,78.6268122996679,85.76481664799411,0.5306954017902007,70.7446808510638,91.48936170212765,56.35964912280704,90.35087719298247,82.97101449275364,82.6086956521739,80.80808080808082,85.85858585858585,69.16666666666666,80.0,72.0100183882744,86.06150408117398,68.83116883116881,95.27744982290436,75.1782531194296,94.02852049910874,78.00751879699249,90.13157894736842,86.97916666666666,95.44270833333333,79.83193277310923,92.85714285714286,77.76560803747336,93.54748009197154,74.88781321287388,89.80449208657276,0.4987915409958589
469.0,85.62091503267973,87.69703960015379,75.89541547277938,85.1862464183381,73.80307136404696,82.08370972598614,63.32938388625593,69.97926540284361,68.63445378151259,77.14285714285715,73.45664790745492,80.41782365803576,74.81856378915202,85.19589654043435,79.51676845601625,90.34179792135434,83.60164512338427,92.02585193889541,85.05804028678732,94.63639467395015,85.45225513088363,95.15792060956127,81.6894545572447,91.4715723368391,77.57305123234981,85.94469799743743,0.5198745905437431,70.7446808510638,91.48936170212765,56.35964912280704,90.35087719298247,82.97101449275364,82.6086956521739,80.80808080808082,85.85858585858585,69.16666666666666,80.0,72.0100183882744,86.06150408117398,68.83116883116881,95.27744982290436,75.1782531194296,94.02852049910874,78.00751879699249,90.13157894736842,86.97916666666666,95.44270833333333,79.83193277310923,92.85714285714286,77.76560803747336,93.54748009197154,74.88781321287388,89.80449208657276,0.4979912352220552
470.0,87.00499807766245,91.54171472510572,78.10888252149,82.8080229226361,76.69376693766937,84.16139716952725,67.06901658767774,70.27547393364928,66.42857142857143,72.98319327731093,75.06104711061421,80.35396040564585,73.85408708938121,86.75924915420714,78.2063645130183,90.19607843137256,82.35017626321977,91.63102232667451,85.88938204165244,95.11095937179925,86.38011552169105,95.88300356396707,81.33602508579256,91.91606256960411,78.19853609820339,86.13501148762498,0.519971520566283,70.7446808510638,91.48936170212765,56.35964912280704,90.35087719298247,82.97101449275364,82.6086956521739,82.32323232323233,85.85858585858585,69.16666666666666,80.0,72.3130486913047,86.06150408117398,68.83116883116881,95.27744982290436,74.19786096256685,94.02852049910874,78.00751879699249,90.0375939849624,86.97916666666666,95.44270833333333,79.83193277310923,92.85714285714286,77.56952960610082,93.52868309949034,74.94128914870277,89.79509359033216,0.4978323809437551
471.0,93.25259515570936,93.19492502883506,75.17908309455589,80.60171919770774,75.47425474254742,84.19150858175249,67.40225118483414,74.76303317535546,69.32773109243698,72.39495798319328,76.12718305401675,81.02922879336882,75.5729564553094,89.17657972279822,79.67963141540767,88.73459766420228,82.0329024676851,92.58754406580493,86.68487538409015,94.51348583134175,86.86555241489494,93.51112203514809,82.16718362747744,91.70466586385906,79.14718334074709,86.36694732861395,0.51559842099828,70.7446808510638,91.48936170212765,56.35964912280704,89.91228070175438,82.97101449275364,82.6086956521739,80.80808080808082,85.85858585858585,69.16666666666666,80.83333333333333,72.0100183882744,86.14045144959502,68.83116883116881,95.27744982290436,74.19786096256685,94.02852049910874,78.00751879699249,90.0375939849624,86.97916666666666,95.44270833333333,79.83193277310923,92.85714285714286,77.56952960610082,93.52868309949034,74.78977399718761,89.83456727454268,0.49657651088118177
472.0,92.560553633218,95.73241061130334,80.60888252148999,84.67048710601719,76.51309846431796,87.86510087323096,66.59508293838863,74.12618483412322,72.26890756302521,79.70588235294117,77.70930502408797,84.42001315552316,71.94423223834988,85.71974244243152,78.53316189863921,89.64534447658845,82.07990599294949,92.36662749706228,86.14544213041992,95.33287811539773,87.30797591249846,93.70160992994963,81.2021436345714,91.35324049228593,79.45572432932968,87.88662682390455,0.49847834881430175,70.7446808510638,91.48936170212765,56.35964912280704,89.91228070175438,82.97101449275364,82.6086956521739,82.32323232323233,85.85858585858585,69.16666666666666,80.83333333333333,72.3130486913047,86.14045144959502,68.83116883116881,95.39551357733176,74.19786096256685,94.02852049910874,78.00751879699249,90.22556390977444,86.97916666666666,95.44270833333333,79.83193277310923,92.85714285714286,77.56952960610082,93.58988983533823,74.94128914870277,89.86517064246662,0.4951369900888979
473.0,91.86851211072664,91.96462898885044,71.53295128939828,80.4727793696275,74.84191508581752,80.18669075579645,65.74348341232228,74.89632701421802,69.24369747899158,77.35294117647058,74.64611187545127,80.97467346099259,74.48433919022153,87.22034268252756,78.2074359798564,88.54173363334404,81.545240893067,91.9647473560517,86.97678388528509,94.65687948105155,85.11429273688093,94.94899840235959,81.2656185370622,91.4665403110669,77.95586520625673,86.22060688602974,0.5215942482931201,70.7446808510638,91.48936170212765,56.35964912280704,89.91228070175438,82.97101449275364,82.6086956521739,83.83838383838383,85.85858585858585,69.16666666666666,81.66666666666667,72.616078994335,86.3071181162617,68.83116883116881,95.39551357733176,74.19786096256685,94.02852049910874,78.00751879699249,90.13157894736842,86.97916666666666,95.44270833333333,79.83193277310923,92.85714285714286,77.56952960610082,93.57109284285703,75.0928043002179,89.93910547955937,0.4946866075890058
474.0,86.3129565551711,94.19454056132257,73.96848137535818,82.36389684813754,80.17163504968381,84.40228846732913,66.07671800947867,69.63862559241706,69.36974789915968,76.00840336134453,75.1799077777703,81.32155096611015,73.11879297173415,85.73338426279604,78.69923925854492,89.40105003750134,83.17273795534666,92.77320799059929,87.81666097644248,94.95049504950495,86.4753594690918,94.79537913235836,81.856558126232,91.530703294552,78.51823295200114,86.42612713033108,0.5122561983809564,70.7446808510638,92.5531914893617,56.35964912280704,89.91228070175438,82.97101449275364,82.6086956521739,79.29292929292929,86.1952861952862,69.16666666666666,80.0,71.70698808524408,86.25389080771524,68.83116883116881,95.39551357733176,74.19786096256685,94.11764705882352,78.00751879699249,90.22556390977444,86.97916666666666,95.3125,79.83193277310923,92.85714285714286,77.56952960610082,93.58167348061451,74.63825884567245,89.91778214416487,0.4933425039605428
475.0,92.73356401384082,93.2333717800846,74.74928366762178,82.07736389684814,77.50677506775065,85.18518518518518,62.144549763033176,69.90521327014218,73.00420168067227,78.27731092436974,76.02767483858375,81.73568901132596,74.60847975553858,88.61726508785333,78.69495339119254,89.608914604093,83.70740305522915,92.1809635722679,87.07408671901673,94.95732331853874,86.622833968293,95.07803858916061,82.141551377854,92.08850103438272,79.08461310821887,86.91209502285434,0.4984162508603724,70.7446808510638,92.5531914893617,68.85964912280704,89.91228070175438,82.97101449275364,82.6086956521739,79.29292929292929,86.1952861952862,74.16666666666664,80.0,75.20698808524408,86.25389080771524,68.83116883116881,95.27744982290436,74.19786096256685,93.93939393939394,78.00751879699249,90.41353383458647,86.97916666666666,95.57291666666666,79.83193277310923,92.6470588235294,77.56952960610082,93.57007061741618,76.38825884567245,89.91198071256571,0.4914226064194831
476.0,85.79392541330257,94.00230680507497,75.17908309455589,77.29226361031519,78.13911472448056,81.63203854260766,71.00118483412324,77.57701421800948,69.97899159663865,83.73949579831933,76.01845993262019,82.84862379486533,72.34530175706647,87.1330350321947,76.57023465123753,88.82245794492661,83.11985898942422,92.50293772032902,86.82656196654148,95.24411061795834,88.52156814550818,96.93375937077548,81.47670510195556,92.12726013723683,78.74758251728787,87.48794196605108,0.4964913625138901,70.7446808510638,92.5531914893617,56.35964912280704,89.91228070175438,82.97101449275364,82.6086956521739,79.29292929292929,86.1952861952862,69.16666666666666,81.66666666666666,71.70698808524408,86.58722414104857,69.48051948051946,95.27744982290436,75.1782531194296,94.02852049910874,78.00751879699249,90.41353383458647,86.97916666666666,95.57291666666666,79.83193277310923,92.6470588235294,77.89547816734348,93.58789592935912,74.80123312629378,90.08756003520384,0.4901387833929425
477.0,93.25259515570934,95.30949634755864,71.9627507163324,78.58166189111748,71.36404697380306,78.25956037338152,64.27725118483414,71.75651658767772,65.73529411764703,77.73109243697479,73.31838762966518,80.32766552734202,74.06417112299464,87.2803666921314,77.22382942247935,90.23036537019179,82.19741480611049,92.03995299647474,84.51007169682485,94.29156708774326,88.374093646307,94.90598500675924,81.27391613894328,91.74964743066009,77.29615188430424,86.03865647900105,0.515113926529903,70.7446808510638,92.5531914893617,56.35964912280704,89.91228070175438,82.97101449275364,82.6086956521739,79.29292929292929,86.1952861952862,69.16666666666666,80.83333333333333,71.70698808524408,86.4205574743819,68.83116883116881,95.15938606847698,74.19786096256685,93.93939393939394,78.00751879699249,90.31954887218046,86.97916666666666,95.57291666666666,79.83193277310923,92.6470588235294,77.56952960610082,93.52766087404947,74.63825884567245,89.97410917421568,0.4899195466535425
478.0,85.10188389081122,93.77162629757785,74.17621776504299,80.2865329512894,75.20325203252031,76.57332128876844,64.46238151658768,74.28909952606635,64.95798319327729,75.33613445378151,72.7803436796479,80.05134290349672,74.2742551566081,86.18356433482484,79.67855994856957,89.90463945140898,81.1633372502938,91.80023501762633,87.86958006145443,95.72891771935814,83.84846995207079,93.16087009954529,81.36684047379933,91.35564532455271,77.07359207672361,85.70349411402472,0.5215824190917685,70.7446808510638,92.5531914893617,56.35964912280704,89.91228070175438,82.97101449275364,82.6086956521739,79.29292929292929,86.1952861952862,69.16666666666666,81.66666666666666,71.70698808524408,86.58722414104857,69.48051948051946,95.15938606847698,75.1782531194296,93.93939393939394,78.00751879699249,90.41353383458647,86.97916666666666,95.57291666666666,79.83193277310923,92.6470588235294,77.89547816734348,93.54645786653069,74.80123312629378,90.06684100378962,0.48992735874427146
479.0,88.21607074202231,93.6562860438293,76.81948424068769,83.10888252148997,71.18337850045165,79.52423968684131,66.45438388625593,72.55627962085308,67.81512605042015,81.26050420168067,74.09768868396753,82.02123841493885,74.39839572192513,87.13576339626759,78.53744776599162,88.61459337833494,83.54876615746184,93.4054054054054,88.65653806759987,94.96073745305564,87.88865675310312,93.4250952439474,82.60596089321632,91.5083189754022,78.35182478859193,86.76477869517052,0.5038180931896123,70.7446808510638,92.5531914893617,56.35964912280704,89.91228070175438,82.97101449275364,82.6086956521739,80.80808080808082,85.52188552188552,69.16666666666666,82.5,72.0100183882744,86.6192106730351,69.48051948051946,95.15938606847698,74.19786096256685,94.02852049910874,78.00751879699249,90.41353383458647,86.97916666666666,95.57291666666666,79.83193277310923,92.6470588235294,77.69939973597093,93.56428317847364,74.85470906212267,90.09174692575436,0.4892361071434582
480.0,93.77162629757785,95.30949634755864,73.39541547277938,82.72206303724928,73.98373983739836,82.29448961156278,69.53495260663509,76.74763033175356,76.5546218487395,80.88235294117646,77.44807121262603,83.59120645386014,75.44881588999236,87.37585943468295,78.69923925854492,88.05100182149363,82.13866039953,91.50881316098707,89.73540457494026,95.19631273472176,87.8886567531031,94.94285363155954,82.78215537522212,91.414968156689,80.11511329392408,87.50308730527456,0.49652047651845227,70.7446808510638,92.5531914893617,56.35964912280704,89.91228070175438,82.97101449275364,82.6086956521739,80.80808080808082,85.52188552188551,69.16666666666666,81.66666666666666,72.0100183882744,86.45254400636843,69.48051948051946,95.15938606847698,75.1782531194296,93.93939393939394,78.00751879699249,90.41353383458647,86.97916666666666,95.57291666666666,79.83193277310923,92.6470588235294,77.89547816734348,93.54645786653069,74.95274827780895,89.99950093644955,0.48790588280014185
481.0,86.83198769703961,95.54017685505575,80.75214899713468,87.4785100286533,70.73170731707316,77.32610659439928,64.41795023696683,76.25888625592417,75.16806722689076,86.00840336134455,75.58037229502101,84.52241661907541,72.24025974025973,85.01855287569573,78.69602485803063,90.3160827172399,83.17273795534668,91.475910693302,86.67634004779788,94.39740525776715,85.79943468108641,94.64175986235713,81.31695945650426,91.1699422812724,78.44866587576263,87.8461794501739,0.49289252757407026,70.7446808510638,92.5531914893617,56.35964912280704,89.91228070175438,82.97101449275364,82.6086956521739,85.35353535353535,85.18518518518519,69.16666666666666,81.66666666666666,72.9191092973653,86.38520393902836,69.48051948051946,95.27744982290436,74.19786096256685,93.85026737967914,78.00751879699249,90.41353383458647,86.97916666666666,95.57291666666666,79.83193277310923,92.6470588235294,77.69939973597093,93.5522453054732,75.30925451666812,89.96872462225079,0.48697012088712316
482.0,91.86851211072664,98.6159169550173,71.32521489971349,81.06017191977077,75.24841915085815,85.15507377295995,62.95171800947868,73.48933649289101,70.10504201680673,77.89915966386555,74.29978123751674,83.2439317609009,70.20626432391138,85.04583651642474,78.37137040608592,89.72891888996035,81.70387779083434,92.22091656874265,85.94230112666438,94.40081939228406,85.35701118348285,93.54799065994838,80.31616496619579,90.98889640547205,77.30797310185626,87.11641408318647,0.4976433495230903,70.7446808510638,92.5531914893617,56.35964912280704,89.47368421052632,82.97101449275364,82.6086956521739,79.29292929292929,85.18518518518519,69.16666666666666,81.66666666666666,71.70698808524408,86.29748464078276,69.48051948051946,95.15938606847698,75.1782531194296,93.85026737967914,79.32330827067669,90.50751879699247,86.97916666666666,95.57291666666666,79.83193277310923,92.6470588235294,78.15863606208032,93.54742954706892,74.9328120736622,89.92245709392583,0.4848407746687443
483.0,84.58285274894273,90.54209919261822,82.32808022922639,88.29512893982807,72.35772357723576,80.75880758807588,65.12885071090048,70.24585308056872,76.63865546218489,82.18487394957982,76.20723254569805,82.40535255013415,75.21963330786858,87.8560515115137,79.68070288224577,90.80895746276653,83.60752056404233,90.81081081081082,89.19597132127006,95.03584841242744,87.94088730490353,93.28991028634633,83.12894307606605,91.56031569677296,79.66808781088204,86.98283412345356,0.49761489645626894,70.7446808510638,92.5531914893617,56.35964912280704,89.91228070175438,82.97101449275364,82.6086956521739,85.35353535353535,85.18518518518519,69.16666666666666,81.66666666666666,72.9191092973653,86.38520393902836,69.48051948051946,95.15938606847698,77.13903743315508,93.76114081996435,79.32330827067669,90.41353383458647,89.0625,95.57291666666666,79.83193277310923,92.6470588235294,78.96745959149209,93.51080724264477,75.94328444442868,89.94800559083657,0.48518927460380645
484.0,93.59861591695503,94.8481353325644,75.60888252148997,82.39255014326648,76.06142728093945,81.30081300813006,70.38655213270142,78.125,70.79831932773108,82.26890756302522,77.2907594359634,83.78708120939723,73.414820473644,87.55320309942158,78.3713704060859,88.41315761277188,83.22561692126912,92.00470035252644,87.71082280641859,94.80368726527826,87.40321985989924,94.51886444635616,82.02517009346337,91.45872255527088,79.65796476471338,87.62290188233405,0.4937645245288705,70.7446808510638,92.5531914893617,56.35964912280704,89.91228070175438,82.97101449275364,82.6086956521739,85.35353535353535,85.18518518518519,69.16666666666666,81.66666666666666,72.9191092973653,86.38520393902836,69.48051948051946,95.04132231404958,74.19786096256685,93.85026737967914,79.32330827067669,90.41353383458647,86.97916666666666,95.57291666666666,79.83193277310923,92.6470588235294,77.96255763070778,93.50501980370225,75.44083346403653,89.9451118713653,0.4848915721021748
485.0,81.79546328335256,94.69434832756633,76.61174785100286,88.6246418338109,78.7262872628726,88.25654923215899,67.26155213270142,72.4377962085308,75.16806722689076,77.56302521008402,75.91262355136404,84.3152721624302,74.39839572192513,88.95012550474735,78.37029893924782,88.25243758705669,83.49001175088134,91.81903642773209,86.23420962785934,94.13110276544896,88.37409364630699,96.23940027036991,82.17340193724412,91.87842051107101,79.04301274430408,88.09684633675062,0.48662148039128544,70.7446808510638,92.5531914893617,56.35964912280704,89.91228070175438,82.97101449275364,82.6086956521739,80.80808080808082,85.18518518518519,69.16666666666666,81.66666666666666,72.0100183882744,86.38520393902836,69.48051948051946,95.27744982290436,74.19786096256685,93.85026737967914,79.32330827067669,90.50751879699247,86.97916666666666,95.57291666666666,79.83193277310923,92.6470588235294,77.96255763070778,93.5710422979544,74.98628800949109,89.97812311849138,0.4838771557381167
486.0,93.59861591695504,95.69396386005383,74.97134670487107,83.03724928366762,79.13279132791327,85.87774766636555,70.14958530805688,70.60130331753555,71.44957983193278,83.27731092436976,77.8603838179458,83.69751501039846,76.5183346065699,87.20397249809014,79.18997107039533,89.69677488481732,81.53936545240896,93.048178613396,88.60361898258792,96.02594742232846,89.00700503871207,95.59419933636475,82.97165903013483,92.31381455099934,80.41602142404031,88.00566478069891,0.480701063810316,70.7446808510638,92.5531914893617,56.35964912280704,89.91228070175438,82.97101449275364,82.6086956521739,85.35353535353535,85.18518518518519,69.16666666666666,81.66666666666666,72.9191092973653,86.38520393902836,69.48051948051946,95.04132231404958,74.19786096256685,93.85026737967914,79.32330827067669,90.50751879699247,86.97916666666666,95.57291666666666,79.83193277310923,92.6470588235294,77.96255763070778,93.52381679618345,75.44083346403653,89.9545103676059,0.483528529264914
487.0,93.25259515570934,96.07843137254902,71.46848137535817,83.03724928366762,73.17073170731706,82.83649503161698,67.16528436018957,74.46682464454976,70.71428571428572,76.21848739495798,75.15427566257198,82.52749754546826,74.92360580595874,87.78238568154535,77.38562091503265,89.33247615986285,82.63219741480613,92.01880141010577,87.22430863776034,96.08740184363263,89.88263487771906,95.71094998156569,82.40967353025538,92.18640301534245,78.78197459641368,87.35695028040536,0.4955704535151288,70.7446808510638,92.5531914893617,56.35964912280704,89.91228070175438,82.97101449275364,82.6086956521739,85.35353535353535,85.18518518518519,69.16666666666666,81.66666666666666,72.9191092973653,86.38520393902836,69.48051948051946,95.04132231404958,74.19786096256685,93.85026737967914,79.32330827067669,90.50751879699247,86.97916666666666,95.57291666666666,79.83193277310923,92.6470588235294,77.96255763070778,93.52381679618345,75.44083346403653,89.9545103676059,0.48308384153951167
488.0,93.77162629757785,96.2322183775471,81.46848137535818,84.48424068767908,77.32610659439926,81.84281842818429,62.71475118483414,69.6978672985782,70.1050420168067,77.14285714285715,77.07720149379523,81.88000038696916,74.92360580595874,86.98024664411219,77.8795671273974,89.36033429765348,83.16686251468865,92.26556991774385,86.28712871287128,94.54421304199386,84.3861373970751,94.83224775715865,81.32866031159823,91.59652233173242,79.20293090269672,86.73826135935079,0.498962922179637,70.7446808510638,92.5531914893617,56.35964912280704,89.91228070175438,82.97101449275364,82.6086956521739,85.35353535353535,85.18518518518519,69.16666666666666,81.66666666666666,72.9191092973653,86.38520393902836,69.48051948051946,95.04132231404958,75.1782531194296,93.85026737967914,79.32330827067669,90.69548872180452,86.97916666666666,95.57291666666666,79.83193277310923,92.6470588235294,78.15863606208032,93.56141078114585,75.5388726797228,89.9733073600871,0.48285132684816096
489.0,87.17800845828529,93.4640522875817,76.32521489971347,85.93123209169055,75.83559168925021,78.22944896115628,68.20941943127961,76.24407582938389,73.69747899159665,81.5546218487395,76.24914269402504,83.08468620371038,71.86783804430861,84.93397358943578,79.51998285653058,90.75966998821387,82.40893066980027,91.8331374853114,87.12700580402868,95.72208945032435,84.87157429027899,94.48199582155586,81.15906633298943,91.54617326696825,78.70410451350723,87.31542973533931,0.4930250500635715,70.7446808510638,92.5531914893617,56.35964912280704,89.91228070175438,82.97101449275364,82.6086956521739,85.35353535353535,85.18518518518519,69.16666666666666,81.66666666666666,72.9191092973653,86.38520393902836,69.48051948051946,95.15938606847698,75.1782531194296,93.85026737967914,79.32330827067669,90.69548872180452,89.0625,95.57291666666666,79.83193277310923,92.6470588235294,78.57530272874699,93.58502353203134,75.74720601305614,89.98511373552985,0.48260236082291175
490.0,91.6955017301038,97.50096116878123,82.1848137535817,89.05444126074498,79.76513098464316,87.53387533875339,68.11315165876778,73.01540284360189,62.100840336134425,71.38655462184875,76.77188769264617,83.69824704674605,75.44881588999235,85.77430972388956,80.0096432015429,89.4439087110254,83.38425381903646,91.41950646298473,87.81666097644248,95.72208945032435,88.27884969890623,94.5618778419565,82.9876447171841,91.38433843803611,79.87976620491514,87.54129274239108,0.48859034833035425,70.7446808510638,92.5531914893617,56.35964912280704,89.47368421052632,82.97101449275364,83.33333333333333,80.80808080808082,85.18518518518519,69.16666666666666,81.66666666666666,72.0100183882744,86.44241217701463,69.48051948051946,94.9232585596222,76.15864527629235,93.85026737967914,79.32330827067669,90.69548872180452,89.0625,95.57291666666666,79.83193277310923,92.6470588235294,78.77138116011955,93.53779803026039,75.39069977419697,89.99010510363752,0.48120605319697163
491.0,92.21453287197232,96.00153787004999,74.54154727793696,79.77077363896848,75.65492321589882,84.49262270400482,70.623518957346,70.94194312796208,75.16806722689074,81.76470588235294,77.64051791000897,82.59431664466766,75.11459129106187,86.22176143184548,79.51998285653058,88.21600771456124,84.52996474735609,91.97414806110459,86.23420962785934,94.98122226015705,88.13137519970505,93.38208184834707,82.70602474450259,90.95504426320308,80.17327132725578,86.77468045393536,0.49572189657435417,70.7446808510638,92.5531914893617,56.35964912280704,89.47368421052632,82.97101449275364,83.33333333333333,80.80808080808082,85.18518518518519,69.16666666666666,81.66666666666666,72.0100183882744,86.44241217701463,69.48051948051946,94.9232585596222,76.15864527629235,93.85026737967914,79.32330827067669,90.69548872180452,89.0625,95.57291666666666,79.83193277310923,92.85714285714286,78.77138116011955,93.57981483698309,75.39069977419697,90.01111350699887,0.4806038581143661
492.0,91.34948096885815,95.69396386005383,71.03868194842407,81.40401146131805,77.9132791327913,83.80006022282444,70.86048578199055,77.41409952606635,73.00420168067228,82.52100840336134,76.83322590254727,84.1666286947248,74.25515660809778,87.83968132707629,79.68177434908387,90.39108539590701,82.79083431257347,92.57344300822562,84.70467736428814,94.28473881870944,87.4984638073,95.9505960427676,81.78618128826865,92.20790891853719,79.30970359540797,88.187268806631,0.48142114159248006,70.7446808510638,92.5531914893617,56.35964912280704,89.03508771929825,82.97101449275364,82.6086956521739,80.80808080808082,85.18518518518519,69.16666666666666,80.83333333333333,72.0100183882744,86.04309867587048,69.48051948051946,95.04132231404958,74.19786096256685,93.85026737967914,79.32330827067669,90.6015037593985,86.97916666666666,95.44270833333333,79.83193277310923,92.43697478991596,77.96255763070778,93.4745553152753,74.98628800949109,89.75882699557289,0.4807201149050345
493.0,94.11764705882354,96.50134563629373,76.96275071633238,84.85673352435529,76.69376693766937,83.76994881059922,66.92831753554503,69.10545023696682,71.57563025210084,74.03361344537815,77.25562250009423,81.65341833071864,75.6588999236058,87.78784240969114,81.96935604843027,90.92039001392907,84.03642773207993,91.30669800235019,85.9423011266644,94.93342437692046,89.10224898611283,95.07803858916063,83.34184676337864,92.00527867841029,80.29873463173644,86.82934850456446,0.4939245993881541,70.7446808510638,92.5531914893617,56.35964912280704,89.03508771929825,82.97101449275364,83.33333333333333,80.80808080808082,85.18518518518519,69.16666666666666,81.66666666666666,72.0100183882744,86.35469287876901,69.48051948051946,94.9232585596222,75.1782531194296,93.85026737967914,79.32330827067669,90.69548872180452,86.97916666666666,95.44270833333333,79.83193277310923,92.43697478991596,78.15863606208032,93.46973955687102,75.08432722517736,89.91221621782002,0.47964334627015237
494.0,91.6955017301038,92.6951172625913,77.53581661891118,88.2808022922636,77.9132791327913,87.44354110207769,65.1288507109005,70.86789099526068,72.26890756302521,82.81512605042016,76.9084711511464,84.4204955405227,74.25515660809778,87.59140019644221,80.00535733419049,90.20036429872495,83.93066980023505,91.34195064629847,85.54455445544555,94.30522362581085,88.85953053951087,95.90143787636721,82.51905374749595,91.86807532872874,79.71376244932117,88.14428543462571,0.47718420645700355,70.7446808510638,92.5531914893617,56.35964912280704,89.03508771929825,82.97101449275364,83.33333333333333,80.80808080808082,85.18518518518519,69.16666666666666,81.66666666666666,72.0100183882744,86.35469287876901,69.48051948051946,94.9232585596222,76.15864527629235,93.93939393939394,79.32330827067669,90.69548872180452,86.97916666666666,95.44270833333333,79.83193277310923,92.43697478991596,78.35471449345286,93.48756486881398,75.18236644086363,89.9211288737915,0.47896751592639736
495.0,88.04306036139947,94.88658208381392,69.68481375358166,82.9512893982808,69.6928635953026,79.76513098464318,69.20171800947868,76.34774881516587,69.32773109243698,78.65546218487395,73.19003736243988,82.52124269335555,71.6959511077158,85.28593255484012,78.2085074466945,89.46748098146362,82.4618096357227,92.07285546415982,87.81666097644248,94.84465687948105,86.622833968293,94.93056408995945,81.36115262697369,91.32029799398082,77.27559499470678,86.92077034366818,0.49925151715511695,70.7446808510638,92.5531914893617,56.35964912280704,89.47368421052632,82.97101449275364,83.33333333333333,85.35353535353535,85.18518518518519,73.33333333333331,81.66666666666666,73.75244263069862,86.44241217701463,69.48051948051946,95.04132231404958,75.1782531194296,93.85026737967914,79.32330827067669,90.69548872180452,89.0625,95.44270833333333,79.83193277310923,92.6470588235294,78.57530272874699,93.5353691144792,76.1638726797228,89.98889064574692,0.47876256035860276
496.0,93.07958477508652,96.61668589004229,75.46561604584528,79.62750716332378,75.65492321589882,82.59560373381511,73.27458530805688,76.85130331753555,68.5924369747899,80.54621848739495,77.21342926393548,83.24746371842234,77.9029793735676,88.39899596202117,80.50037501339331,89.32604735883424,82.02702702702706,92.28437132784958,86.97678388528509,94.77637418914306,87.01302691409612,94.05800663635246,82.88403844267384,91.7687590948401,80.04873385330467,87.50811140663123,0.4904896919974656,70.7446808510638,92.5531914893617,56.35964912280704,89.91228070175438,82.97101449275364,82.6086956521739,85.35353535353535,85.18518518518519,73.33333333333331,82.5,73.75244263069862,86.55187060569503,69.48051948051946,95.04132231404958,76.15864527629235,93.85026737967914,79.32330827067669,90.69548872180452,86.97916666666666,95.57291666666666,79.83193277310923,92.85714285714286,78.35471449345286,93.60342758786855,76.05357856207574,90.07764909678178,0.4784593740396655
497.0,81.96847366397539,94.2714340638216,79.39828080229228,84.58452722063036,69.73803071364046,78.77145438121048,69.67565165876779,76.64395734597157,75.12605042016806,83.15126050420169,75.18129745176878,83.48452670316712,74.7803666921314,88.71275783040488,77.71884710168217,88.78817100610736,83.0082256169213,90.97062279670976,86.72925913280984,95.25435302150905,85.16652328868133,95.36069804596289,81.4806443664452,91.81732054013878,78.330970909107,87.65092362165295,0.49131698289898335,70.7446808510638,92.5531914893617,56.35964912280704,89.47368421052632,82.97101449275364,83.33333333333333,85.35353535353535,85.18518518518519,73.33333333333331,81.66666666666666,73.75244263069862,86.44241217701463,69.48051948051946,95.15938606847698,76.15864527629235,93.93939393939394,79.32330827067669,90.69548872180452,89.0625,95.44270833333333,79.83193277310923,92.85714285714286,78.77138116011955,93.61882398403031,76.26191189540909,90.03061808052247,0.47736760900540876
498.0,88.21607074202231,94.80968858131487,81.32521489971347,88.18051575931233,73.17073170731705,85.81752484191509,69.91261848341233,78.86552132701422,69.45378151260503,81.47058823529412,76.41568346901404,85.82876774897014,75.11459129106188,88.598166539343,79.19104253723344,91.0211078967106,80.56404230317277,91.97414806110459,88.94844656879482,95.19289860020484,88.13137519970506,96.17795256236943,82.38989957999361,92.5928547319465,79.40279152450383,89.21081124045833,0.4681873232691204,70.7446808510638,92.5531914893617,68.85964912280704,88.59649122807018,82.97101449275364,83.33333333333333,80.80808080808082,85.18518518518519,69.16666666666666,81.66666666666666,74.5100183882744,86.2669735805234,69.48051948051946,95.04132231404958,77.13903743315508,93.93939393939394,79.32330827067669,90.69548872180452,89.0625,95.3125,79.83193277310923,92.43697478991596,78.96745959149209,93.4851359530328,76.73873898988325,89.8760547667781,0.4765080640383545
499.0,86.83198769703961,94.30988081507114,74.68481375358166,84.48424068767908,76.4679313459801,85.39596507076182,66.21741706161137,70.03850710900474,72.92016806722688,81.38655462184875,75.42446358508792,83.1230296608731,77.73109243697478,87.9897413510859,79.02496517732774,90.96967748848174,83.71327849588721,92.30552291421856,86.48173438033459,93.31000341413453,86.52759002089222,94.42054811355536,82.6957321022833,91.79909865629521,79.06009784368561,87.46106415858415,0.48609375326107146,70.7446808510638,92.5531914893617,68.85964912280704,88.59649122807018,82.97101449275364,83.33333333333333,80.80808080808082,85.18518518518519,69.16666666666666,81.66666666666666,74.5100183882744,86.2669735805234,69.48051948051946,95.04132231404958,77.13903743315508,93.85026737967914,79.32330827067669,90.69548872180452,89.0625,95.44270833333333,79.83193277310923,92.64705882352942,78.96745959149209,93.53536911447921,76.73873898988325,89.9011713475013,0.47612215661392376
500.0,88.562091503268,94.07920030757401,82.75787965616047,87.70773638968481,81.61698283649501,88.37699488105993,68.68335308056872,73.53376777251184,74.39075630252103,81.21848739495799,79.20221267580266,84.98323734915772,73.71084797555386,87.09483793517407,79.35390549662485,89.18247080252866,84.04817861339605,92.75440658049354,84.0679412768863,94.51689996585864,86.82253901929458,93.15472532874523,81.60068247635112,91.34066812256003,80.40144757607689,88.16195273585888,0.4780341926022,70.7446808510638,92.5531914893617,56.35964912280704,89.03508771929825,82.97101449275364,83.33333333333333,85.35353535353535,85.18518518518519,73.33333333333331,81.66666666666666,73.75244263069862,86.35469287876901,69.48051948051946,95.15938606847698,77.13903743315508,93.93939393939394,79.32330827067669,90.69548872180452,89.0625,95.44270833333333,79.83193277310923,92.64705882352942,78.96745959149209,93.57680717730764,76.35995111109536,89.96575002803833,0.47623603687640903
501.0,92.38754325259517,98.53902345251826,77.47134670487107,85.37249283667623,74.61607949412826,85.51641071966274,67.97245260663509,72.09715639810426,75.9453781512605,81.05042016806723,77.67856004189801,84.51510071500574,74.67532467532466,86.6910400523846,80.01071466838098,88.24600878602807,83.331374853114,92.21386603995299,86.18982587913965,94.35302150904745,87.01302691409612,94.8383925279587,82.24405339801108,91.26846578307436,79.96130671995454,87.89178324904006,0.478033732902653,70.7446808510638,92.5531914893617,56.35964912280704,89.03508771929825,82.97101449275364,83.33333333333333,85.35353535353535,85.18518518518519,73.33333333333331,81.66666666666666,73.75244263069862,86.35469287876901,69.48051948051946,95.15938606847698,77.13903743315508,93.93939393939394,79.32330827067669,90.69548872180452,89.0625,95.44270833333333,79.83193277310923,92.43697478991596,78.96745959149209,93.53479037058494,76.35995111109536,89.94474162467698,0.475455720598349
502.0,93.25259515570934,94.57900807381776,77.04154727793697,86.44699140401146,72.35772357723576,80.27702499247215,72.51925355450237,81.96090047393365,66.51260504201679,72.60504201680673,76.33674492148023,83.17379339220835,74.3792971734148,86.53552330022917,78.53637629915352,91.14325511625417,83.87191539365455,91.84958871915394,88.16148856264937,93.90576988733356,86.52759002089222,93.99041415755191,82.29533348995288,91.48491023610455,79.31603920571655,87.32935181415645,0.48492399842230555,70.7446808510638,92.5531914893617,56.35964912280704,88.59649122807018,82.97101449275364,83.33333333333333,85.35353535353535,85.18518518518519,73.33333333333331,81.66666666666666,73.75244263069862,86.2669735805234,69.48051948051946,95.15938606847698,76.15864527629235,93.76114081996434,79.32330827067669,90.69548872180452,89.0625,95.44270833333333,79.83193277310923,92.43697478991596,78.77138116011955,93.49913974669902,76.26191189540909,89.8830566636112,0.4756883786637183
503.0,87.17800845828528,95.19415609381007,77.96561604584528,84.79942693409743,79.3586269196025,88.31677205660947,65.83975118483414,73.41528436018959,76.59663865546219,85.12605042016806,77.38772825280589,85.37033797297491,76.81436210847976,87.1275783040489,80.82717239901423,90.3975141969356,81.98002350176264,91.96709753231492,89.5937179924889,96.49709798566064,87.59370775470076,96.25783458277006,83.36179675128926,92.44942452034603,80.37476250204757,88.90988124666046,0.46730079047921186,70.7446808510638,92.5531914893617,56.35964912280704,89.47368421052632,82.97101449275364,83.33333333333333,85.35353535353535,85.18518518518519,73.33333333333331,81.66666666666666,73.75244263069862,86.44241217701463,69.48051948051946,95.15938606847698,77.13903743315508,93.76114081996434,79.32330827067669,90.69548872180452,86.97916666666666,95.44270833333333,79.83193277310923,92.43697478991596,78.55079292482542,93.49913974669902,76.15161777776203,89.97077596185682,0.47527329824337267
504.0,93.77162629757785,95.77085736255286,76.32521489971347,82.20630372492836,75.88075880758805,85.39596507076182,67.97245260663509,77.76954976303318,72.39495798319328,78.4453781512605,77.26900211894156,83.91761081450736,75.60160427807486,87.05391247408055,79.35176256294865,89.95178399228544,84.03642773207993,91.49001175088132,86.03960396039605,94.44861727552065,89.10224898611283,94.80766867395846,82.82632950392247,91.55039883334527,80.04766581143201,87.73400482392631,0.4813308930710415,70.7446808510638,92.5531914893617,56.35964912280704,88.59649122807018,82.97101449275364,83.33333333333333,85.35353535353535,85.18518518518519,73.33333333333331,81.66666666666666,73.75244263069862,86.2669735805234,69.48051948051946,94.9232585596222,77.13903743315508,93.76114081996434,79.32330827067669,90.69548872180452,89.0625,95.44270833333333,79.83193277310923,92.43697478991596,78.96745959149209,93.45191424492806,76.35995111109536,89.85944391272574,0.4746926937548959
505.0,88.90811226451366,96.23221837754708,76.89828080229229,86.03151862464183,76.24209575429086,83.43872327612166,67.73548578199055,72.23045023696682,75.90336134453783,85.33613445378151,77.13746718952504,84.65380899381178,73.14744079449962,86.90930917821674,78.70245365905923,89.07532411871853,83.33725029377204,91.98589894242069,88.31171048139296,95.24069648344144,90.03010937692025,94.35295563475484,82.70579292112882,91.51283687151044,79.92163005532693,88.0833229326611,0.4729150028277491,70.7446808510638,92.5531914893617,56.35964912280704,88.59649122807018,82.97101449275364,83.33333333333333,85.35353535353535,85.18518518518519,73.33333333333331,81.66666666666666,73.75244263069862,86.2669735805234,69.48051948051946,95.15938606847698,76.15864527629235,93.67201426024955,79.32330827067669,90.78947368421052,89.0625,95.44270833333333,79.83193277310923,92.43697478991596,78.77138116011955,93.50011142723727,76.26191189540909,89.88354250388034,0.47450560778854756
506.0,88.90811226451366,96.19377162629758,76.61174785100286,85.4727793696275,75.83559168925021,80.7889190003011,67.40225118483414,80.27251184834122,65.69327731092436,81.21848739495799,74.89019606010504,84.7892938479051,74.90450725744843,87.38131616282878,81.48505303760845,90.69109611057537,82.83783783783787,91.84018801410106,86.1369067941277,94.21304199385456,88.374093646307,94.40211380115522,82.74767971466589,91.705551216503,78.81893788738546,88.24742253220404,0.4766291703380235,70.7446808510638,92.5531914893617,56.35964912280704,88.59649122807018,82.97101449275364,83.33333333333333,85.35353535353535,85.18518518518519,73.33333333333331,81.66666666666666,73.75244263069862,86.2669735805234,69.48051948051946,95.04132231404958,78.11942959001783,93.76114081996435,79.32330827067669,90.78947368421052,89.0625,95.3125,79.83193277310923,92.43697478991596,79.16353802286464,93.46828232162808,76.45799032678164,89.86762795107575,0.47381671183460455
507.0,94.11764705882354,97.73164167627834,82.61461318051579,84.756446991404,77.86811201445346,84.88407106293285,65.93601895734598,71.51954976303317,73.73949579831934,82.18487394957982,78.85517740189162,84.21531668864563,76.37509549274255,87.8669649678053,80.1725061609343,90.36537019179256,83.21974148061106,90.96357226792009,88.10856947763742,95.8091498805053,88.0361312523043,93.45581909794764,83.18240877284592,91.69217528119418,81.01879308736878,87.9537459849199,0.47997418216500676,70.7446808510638,92.5531914893617,56.35964912280704,88.59649122807018,82.97101449275364,83.33333333333333,85.35353535353535,85.18518518518519,73.33333333333331,81.66666666666666,73.75244263069862,86.2669735805234,69.48051948051946,95.04132231404958,77.13903743315508,93.67201426024955,79.32330827067669,90.78947368421052,89.0625,95.3125,79.83193277310923,92.43697478991596,78.96745959149209,93.45045700968512,76.35995111109536,89.85871529510426,0.4741557127881275
508.0,88.04306036139947,95.77085736255286,78.25214899713468,85.68767908309457,77.10027100271,82.50526949713941,72.42298578199053,79.4431279620853,73.73949579831934,73.4453781512605,77.91159238831081,83.37046241122654,77.27272727272727,88.8791880388519,78.86531661845065,89.47390978249223,82.40893066980027,90.99177438307873,86.1369067941277,94.16524411061796,85.98992257588792,93.8367948875507,82.13476078619877,91.4693822405183,80.0231765872548,87.41992232587242,0.48493053698269356,70.7446808510638,92.5531914893617,56.35964912280704,88.59649122807018,82.97101449275364,83.33333333333333,85.35353535353535,85.18518518518519,73.33333333333331,81.66666666666666,73.75244263069862,86.2669735805234,69.48051948051946,95.04132231404958,78.11942959001783,93.67201426024955,79.32330827067669,90.78947368421052,89.0625,95.3125,79.83193277310923,92.43697478991596,79.16353802286464,93.45045700968512,76.45799032678164,89.85871529510426,0.47339252253717934
509.0,86.48596693579394,96.88581314878893,74.25501432664757,80.64469914040116,75.6549232158988,80.81903041252635,71.09745260663509,77.39928909952606,72.22689075630252,76.59663865546219,75.94404956825558,82.46909409134093,75.84988540870893,89.1656662665066,80.33858352084,89.00675024108004,83.23149236192717,92.33607520564043,85.54455445544555,95.35336292249914,87.74118225390193,94.9121297775593,82.54113960016471,92.15479688265711,79.24259458421014,87.31194548699902,0.48775651600834735,70.7446808510638,92.5531914893617,56.35964912280704,88.59649122807018,82.97101449275364,83.33333333333333,85.35353535353535,85.18518518518519,73.33333333333331,81.66666666666666,73.75244263069862,86.2669735805234,69.48051948051946,95.04132231404958,78.11942959001783,93.67201426024955,79.32330827067669,90.78947368421052,89.0625,95.44270833333333,79.83193277310923,92.64705882352942,79.16353802286464,93.51851548307448,76.45799032678164,89.89274453179894,0.4730857253617168
510.0,89.08112264513649,95.96309111880046,71.32521489971349,80.11461318051578,74.61607949412826,84.19150858175247,71.57138625592418,78.85071090047393,77.41596638655463,85.58823529411765,76.8019539362914,84.94163181513207,74.42704354469059,87.08392447888245,80.82717239901423,90.29036751312547,85.94007050528792,93.1069330199765,87.91396381017414,95.60942301126664,88.85953053951087,97.09352341157675,83.59355615973554,92.63683428696557,80.19775504801348,88.78923305104883,0.46732968484703685,70.7446808510638,92.5531914893617,56.35964912280704,88.59649122807018,82.97101449275364,83.33333333333333,83.83838383838383,84.84848484848484,73.33333333333331,81.66666666666666,73.44941232766833,86.19963351318333,69.48051948051946,94.92325855962218,77.13903743315508,93.67201426024955,79.32330827067669,90.78947368421052,89.0625,95.3125,79.83193277310923,92.64705882352942,78.96745959149209,93.46886106552233,76.20843595958021,89.83424728935283,0.47295409133185723
511.0,93.9446366782007,96.2322183775471,80.83094555873926,89.94269340974212,77.68744354110206,85.33574224631134,70.14958530805688,80.55390995260665,78.02521008403363,86.72268907563024,80.12756423402651,87.75745061236748,74.11191749427043,86.21084797555385,80.82824386585233,89.97749919639988,84.52996474735608,92.44418331374852,86.72925913280984,95.41823147832025,87.98390070050387,94.85682684035885,82.83665718815851,91.78151776087627,81.4821107110925,89.76948418662187,0.45740551240324484,70.7446808510638,92.5531914893617,68.85964912280704,88.59649122807018,82.97101449275364,83.33333333333333,82.32323232323233,84.51178451178451,73.33333333333331,81.66666666666666,75.64638202463803,86.13229344584326,69.48051948051946,94.92325855962218,78.11942959001783,93.67201426024955,79.32330827067669,90.78947368421052,89.0625,95.3125,79.83193277310923,92.64705882352942,79.16353802286464,93.46886106552233,77.40496002375133,89.8005772556828,0.47155435004624996
512.0,94.98269896193774,97.4240676662822,76.89828080229226,83.78223495702007,76.69376693766937,81.69226136705812,71.71208530805688,80.59834123222748,75.08403361344538,83.0672268907563,79.07417312468033,85.31282642266883,75.21963330786859,86.33089599476153,79.35390549662486,88.89960355726988,84.47121034077558,91.56286721504114,88.35609423011267,93.99453738477294,85.2617672360821,94.8875506943591,82.53252212229276,91.13509096924092,80.80334762348654,88.22395869595488,0.47276335824362437,70.7446808510638,92.5531914893617,56.35964912280704,88.59649122807018,82.97101449275364,83.33333333333333,85.35353535353535,84.51178451178451,73.33333333333331,81.66666666666666,73.75244263069862,86.13229344584326,69.48051948051946,94.92325855962218,78.11942959001783,93.67201426024955,79.32330827067669,90.78947368421052,89.0625,95.3125,79.83193277310923,92.64705882352942,79.16353802286464,93.46886106552233,76.45799032678164,89.8005772556828,0.4709375747976114
513.0,92.38754325259517,96.61668589004229,75.97421203438397,86.77650429799426,76.87443541102077,82.2342667871123,70.00888625592418,78.93957345971565,74.47478991596638,77.89915966386555,77.9439733739781,84.493238019746,74.11191749427043,85.92982647604495,79.35604843030106,89.2103289403193,84.31257344300825,93.21269095182139,90.92010925230454,95.49334243769204,89.63991643111711,96.0366228339683,83.66811301020029,91.97656232796919,80.80604319208919,88.2349001738576,0.47239647752484987,70.7446808510638,92.5531914893617,68.85964912280704,88.59649122807018,82.97101449275364,83.33333333333333,82.32323232323233,84.84848484848484,73.33333333333331,81.66666666666666,75.64638202463803,86.19963351318333,69.48051948051946,94.92325855962218,77.13903743315508,93.76114081996435,79.32330827067669,90.78947368421052,89.0625,95.18229166666667,79.83193277310923,92.43697478991596,78.96745959149209,93.41862790407593,77.30692080806506,89.80913070862962,0.47080407985220846
514.0,94.29065743944638,97.88542868127644,72.04154727793697,83.42406876790831,79.13279132791327,86.75097862089731,70.86048578199052,73.38566350710902,64.30672268907558,76.9327731092437,76.12644090327254,83.67578253728695,76.02177234530176,88.91738513587254,79.18782813671915,89.15032679738562,83.8190364277321,91.93889541715629,87.56913622396722,94.42471833390235,84.7240997910778,93.51726680594814,82.26437458495961,91.58971849805297,79.19540774411607,87.63275051766996,0.47434604392449603,70.7446808510638,92.5531914893617,56.35964912280704,88.59649122807018,82.97101449275364,83.33333333333333,85.35353535353535,84.84848484848484,73.33333333333331,81.66666666666666,73.75244263069862,86.19963351318333,69.48051948051946,94.92325855962218,78.11942959001783,93.76114081996435,79.32330827067669,90.88345864661655,89.0625,95.44270833333334,79.83193277310923,92.43697478991596,79.16353802286464,93.48950822989046,76.45799032678164,89.84457087153689,0.4705442272885312
515.0,93.9446366782007,96.88581314878893,78.04441260744987,83.83954154727793,75.60975609756096,86.29930743751882,70.24585308056874,80.07997630331754,74.51680672268908,80.08403361344537,78.47229303729387,85.43773441006972,71.30443086325438,86.0485103132162,81.97685631629699,91.22682952962606,83.71915393654527,92.55229142185664,88.25879139638101,95.47968589962444,86.52759002089223,93.6647413051493,82.35736450667397,91.79441169389452,80.41482877198392,88.61607305198211,0.46855457275637546,70.7446808510638,92.5531914893617,56.35964912280704,88.59649122807018,82.97101449275364,83.33333333333333,85.35353535353535,85.18518518518519,73.33333333333331,82.5,73.75244263069862,86.43364024719008,69.48051948051946,95.04132231404958,77.13903743315508,93.76114081996435,79.32330827067669,90.88345864661655,86.97916666666666,95.44270833333334,79.83193277310923,92.43697478991596,78.55079292482542,93.51312098077595,76.15161777776203,89.97338061398301,0.4708963687270357
516.0,93.77162629757785,97.88542868127644,77.82234957020059,86.59025787965616,74.20957542908762,80.96958747365251,68.92031990521328,77.48815165876776,71.61764705882354,79.15966386554622,77.26830365218058,84.41861791177982,78.11306340718104,88.8737313107061,80.99003535840562,90.26893817636345,84.47121034077558,91.69447708578143,86.97678388528509,95.65722089450324,87.30797591249846,94.30994223915448,83.57181378082916,92.16086194130173,80.42005871650487,88.28973992654078,0.469858104267821,70.7446808510638,92.5531914893617,56.35964912280704,88.59649122807018,82.97101449275364,83.33333333333333,85.35353535353535,84.84848484848484,73.33333333333331,81.66666666666666,73.75244263069862,86.19963351318333,69.48051948051946,94.8051948051948,77.13903743315508,93.76114081996435,79.32330827067669,90.88345864661655,89.0625,95.44270833333333,81.30252100840335,92.43697478991596,79.26157723855093,93.465895479005,76.50700993462478,89.83276449609417,0.47040742636346566
517.0,93.0795847750865,96.57823913879278,70.32234957020057,83.02292263610316,83.423667570009,85.546522131888,68.96475118483414,77.8436018957346,78.84453781512605,84.5378151260504,78.92697818305126,85.5058201857138,75.62070282658517,87.5859434682964,80.00857173470479,89.10532519018537,83.33725029377206,91.23384253819036,85.102424035507,94.57152611812906,86.38011552169105,92.95809266314366,82.08981288245201,91.09094599558895,80.50839553275163,88.29838309065138,0.4739861200987352,70.7446808510638,92.5531914893617,56.35964912280704,88.59649122807018,82.97101449275364,83.33333333333333,85.35353535353535,84.84848484848484,73.33333333333331,81.66666666666666,73.75244263069862,86.19963351318333,69.48051948051946,94.8051948051948,77.13903743315508,93.76114081996435,79.32330827067669,90.88345864661655,89.0625,95.44270833333333,81.30252100840335,92.43697478991596,79.26157723855093,93.465895479005,76.50700993462478,89.83276449609417,0.47020599303975996
518.0,91.1764705882353,96.00153787004999,78.25214899713468,87.621776504298,78.90695573622402,83.76994881059922,67.73548578199052,74.1558056872038,74.51680672268908,80.71428571428572,78.11757356525472,84.45267091728735,77.0244461420932,85.89981447124305,80.1725061609343,90.4746598092789,84.74148061104584,92.43243243243244,89.5937179924889,96.34346193240015,85.35701118348287,95.64335750276514,83.37783241800904,92.15874522962393,80.74770299163188,88.30570807345563,0.46237049367063854,70.7446808510638,92.5531914893617,56.35964912280704,88.59649122807018,82.97101449275364,83.33333333333333,85.35353535353535,84.84848484848484,73.33333333333331,81.66666666666666,73.75244263069862,86.19963351318333,69.48051948051946,94.8051948051948,77.13903743315508,93.76114081996435,79.32330827067669,90.88345864661655,86.97916666666666,95.44270833333333,79.83193277310923,92.43697478991596,78.55079292482542,93.465895479005,76.15161777776203,89.83276449609417,0.4698225053634153
519.0,89.60015378700503,96.53979238754324,81.46848137535818,89.18338108882521,79.76513098464316,87.53387533875339,72.28228672985783,74.79265402843602,78.10924369747899,85.92436974789915,80.24505931486864,86.7948145182914,74.4461420932009,86.49732620320856,80.66430943962281,91.04253723347263,84.04230317273797,92.39952996474734,87.22430863776033,95.73233185387504,89.73516037851789,95.09032813076072,83.22244474436799,92.15241067721286,81.73375202961832,89.47361259775212,0.4490491543331474,70.7446808510638,92.5531914893617,56.35964912280704,88.59649122807018,82.97101449275364,83.33333333333333,85.35353535353535,84.84848484848484,73.33333333333331,81.66666666666666,73.75244263069862,86.19963351318333,69.48051948051946,94.92325855962218,77.13903743315508,93.67201426024955,79.32330827067669,90.88345864661655,89.0625,95.3125,81.30252100840335,92.64705882352942,79.26157723855093,93.48765805800353,76.50700993462478,89.84364578559342,0.46988238204869875
520.0,94.29065743944638,98.07766243752404,75.40114613180518,82.99426934097421,84.86901535682021,91.53869316470941,69.91261848341233,76.68838862559242,75.94537815126051,85.58823529411765,80.08376311254894,86.97744977258355,73.90183346065699,86.80290297937357,80.66752384013712,89.64748741026465,83.98354876615748,91.475910693302,86.23420962785934,93.26391259815637,84.87157429027899,94.62947032075704,81.93173799701799,91.16393680037072,81.00775055478346,89.07069328647714,0.45389232872329277,70.7446808510638,92.5531914893617,56.35964912280704,88.59649122807018,82.97101449275364,83.33333333333333,85.35353535353535,84.84848484848484,73.33333333333331,81.66666666666666,73.75244263069862,86.19963351318333,69.48051948051946,94.92325855962218,77.13903743315508,93.58288770053476,79.32330827067669,90.88345864661655,86.97916666666666,95.44270833333333,79.83193277310923,92.64705882352942,78.55079292482542,93.49587441272725,76.15161777776203,89.8477539629553,0.4693199050218085
521.0,93.59861591695503,98.07766243752403,79.25501432664758,88.61031518624642,76.06142728093947,86.41975308641975,64.13655213270142,72.12677725118483,70.1470588235294,80.16806722689077,76.63973369615458,85.08051503765316,76.6042780748663,87.79057077376406,80.82931533269043,89.43533697632058,84.7943595769683,92.27027027027027,86.7821782178218,95.47627176510754,87.64593830650117,95.02273565196018,83.33121390176959,91.99903708748452,79.98547379896209,88.53977606256885,0.4627411541180813,70.7446808510638,92.5531914893617,56.35964912280704,88.59649122807018,82.97101449275364,83.33333333333333,79.7979797979798,84.84848484848484,73.33333333333331,81.66666666666666,72.64133151958751,86.19963351318333,69.48051948051946,94.92325855962218,77.13903743315508,93.58288770053476,79.32330827067669,90.88345864661655,86.97916666666666,95.44270833333333,79.83193277310923,92.64705882352942,78.55079292482542,93.49587441272725,75.59606222220646,89.8477539629553,0.469625912097542
522.0,93.9446366782007,97.6163014225298,80.11461318051576,85.34383954154727,79.94579945799455,85.87774766636555,67.59478672985783,73.66706161137442,82.56302521008404,88.4453781512605,80.83257225133057,86.19006567861553,76.81436210847976,89.3075411982975,80.82931533269043,90.2282224365156,82.24441833137489,92.74265569917745,87.91396381017414,94.55445544554456,88.76428659211012,94.14403342755315,83.31326923496587,92.19538164141765,82.07292074314822,89.19272366001658,0.45760551209697603,70.7446808510638,92.5531914893617,56.35964912280704,88.59649122807018,82.97101449275364,83.33333333333333,85.35353535353535,84.84848484848484,73.33333333333331,81.66666666666666,73.75244263069862,86.19963351318333,69.48051948051946,94.92325855962218,77.13903743315508,93.58288770053476,79.32330827067669,90.88345864661655,89.0625,95.3125,81.30252100840335,92.64705882352942,79.26157723855093,93.46983274606058,76.50700993462478,89.83473312962195,0.468556092008075
523.0,92.38754325259517,96.0399846212995,74.97134670487107,84.06876790830945,77.68744354110207,84.22161999397771,70.62351895734598,78.64336492890996,74.51680672268908,86.9327731092437,78.03733183572066,85.98130211234806,74.32200152788387,87.03208556149733,80.50573234758382,89.48033858352083,83.11985898942424,91.17743830787309,88.25879139638101,95.42164561283715,85.50448568268403,94.60489123755683,82.3421739887914,91.54327986065705,80.18975291225604,88.76229098650256,0.4571458214118078,70.7446808510638,92.5531914893617,56.35964912280704,88.59649122807018,82.97101449275364,83.33333333333333,85.35353535353535,84.51178451178451,73.33333333333331,81.66666666666666,73.75244263069862,86.13229344584326,69.48051948051946,94.92325855962218,77.13903743315508,93.67201426024955,79.32330827067669,90.88345864661655,89.0625,95.44270833333333,79.83193277310923,92.64705882352942,78.96745959149209,93.5136997246702,76.35995111109536,89.82299658525673,0.4677418191391201
524.0,93.9446366782007,98.19300269127258,82.1848137535817,90.20057306590259,77.86811201445346,83.49894610057211,72.14158767772513,78.09537914691943,71.57563025210084,78.15126050420169,79.54295607521236,85.62783230177368,74.40794499618029,87.60777038087961,80.33644058716379,90.10178934961964,86.31609870740309,93.48296122209166,88.35609423011267,94.83782861044725,86.38011552169105,94.47585105075581,83.15933880851017,92.1012401227588,81.35114744186126,88.86453621226624,0.4545974495730544,70.7446808510638,92.5531914893617,56.35964912280704,88.59649122807018,82.97101449275364,83.33333333333333,79.7979797979798,84.84848484848484,73.33333333333331,81.66666666666666,72.64133151958751,86.19963351318333,69.48051948051946,94.92325855962218,77.13903743315508,93.67201426024955,79.32330827067669,90.88345864661655,86.97916666666666,95.57291666666667,79.83193277310923,92.64705882352942,78.55079292482542,93.53974139133689,75.59606222220646,89.86968745226011,0.46805327581008155
525.0,93.42560553633218,96.96270665128796,69.6848137535817,82.69340974212035,76.24209575429086,85.54652213188798,76.73281990521329,83.3382701421801,74.43277310924371,81.51260504201682,78.10362161173234,86.01070274189863,76.48013750954927,88.3171450398341,80.3375120540019,89.94749812493303,83.331374853114,92.04935370152761,86.97678388528509,94.66712188460224,89.24972348531401,94.07644094875262,83.27510635745286,91.81151193992993,80.6893639845926,88.91110734091427,0.464272560332194,70.7446808510638,92.5531914893617,56.35964912280704,88.59649122807018,82.97101449275364,83.33333333333333,79.7979797979798,84.51178451178451,73.33333333333331,82.5,72.64133151958751,86.29896011250995,69.48051948051946,94.8051948051948,77.13903743315508,93.67201426024955,79.32330827067669,90.88345864661655,86.97916666666666,95.57291666666667,79.83193277310923,92.64705882352942,78.55079292482542,93.5161286404514,75.59606222220646,89.90754437648067,0.4682631526726501
526.0,92.38754325259517,96.61668589004229,73.68194842406876,83.0945558739255,80.35230352303522,88.94911171333936,69.39425355450238,75.45912322274883,70.84033613445378,81.42857142857144,77.33127697773105,85.10960962572548,76.48013750954927,87.34857579395394,79.84678024215147,90.18322082931533,83.65452408930672,91.62397179788483,86.97678388528509,94.51007169682487,86.13739707508911,93.35750276514686,82.61912456027633,91.40466857662517,79.97520076900369,88.25713910117533,0.46611189360224126,70.7446808510638,92.5531914893617,57.236842105263186,88.59649122807018,85.1449275362319,83.33333333333333,79.7979797979798,84.84848484848484,73.33333333333331,82.5,73.2515527247744,86.36630017985001,69.48051948051946,94.92325855962218,77.13903743315508,93.67201426024955,79.32330827067669,90.88345864661655,86.97916666666666,95.57291666666667,79.83193277310923,92.64705882352942,78.55079292482542,93.53974139133689,75.90117282479991,89.95302078559345,0.4687637018999199
527.0,88.73510188389082,96.96270665128796,79.33381088825216,84.87106017191977,76.24209575429086,83.86028304727492,69.53495260663509,75.11848341232229,74.47478991596638,80.33613445378151,77.66415020980706,84.2297335473173,78.17990832696715,89.60220451817091,80.82824386585233,90.34822672238295,84.14806110458287,92.99412455934196,88.94844656879482,95.34312051894844,89.249723485314,95.9383065011675,84.27087667030223,92.84519656400235,80.96751344005465,88.53746505565982,0.4622625367760751,70.7446808510638,92.5531914893617,57.236842105263186,88.59649122807018,85.1449275362319,83.33333333333333,79.7979797979798,84.84848484848484,73.33333333333331,82.5,73.2515527247744,86.36630017985001,69.48051948051946,94.8051948051948,77.13903743315508,93.67201426024955,79.32330827067669,90.78947368421053,86.97916666666666,95.57291666666667,79.83193277310923,92.64705882352942,78.55079292482542,93.49733164797019,75.90117282479991,89.9318159139101,0.468265645943656
528.0,88.73510188389082,96.61668589004229,79.39828080229228,85.35816618911174,76.64859981933151,83.86028304727492,68.68335308056872,75.65165876777252,77.4579831932773,85.12605042016807,78.18466375587212,85.32256886287391,76.04087089381207,85.30775946742332,80.66645237329901,90.32679738562092,82.68507638072859,91.69682726204465,89.05428473881871,95.96449300102424,87.64593830650117,94.60489123755684,83.21852453863191,91.580153670734,80.70159414725202,88.45136126680396,0.4600168178897861,70.7446808510638,92.5531914893617,56.35964912280704,88.59649122807018,82.97101449275364,83.33333333333333,79.7979797979798,84.51178451178451,73.33333333333331,80.83333333333333,72.64133151958751,85.9656267791766,69.48051948051946,94.6871310507674,77.13903743315508,93.67201426024955,79.32330827067669,90.78947368421053,86.97916666666666,95.44270833333333,81.30252100840335,92.64705882352942,78.84491057188424,93.44767723041805,75.74312104573588,89.70665200479732,0.46744314940906545
529.0,87.17800845828528,96.42445213379469,73.53868194842408,85.55873925501433,72.71906052393857,85.24540800963565,72.37855450236968,81.41291469194313,71.61764705882354,81.26050420168067,75.48639049836822,85.98040365841368,77.1103896103896,88.07704900141874,80.5035894139076,90.81967213114754,85.17626321974151,92.62044653349001,88.55923523386822,95.87913963810173,88.13137519970506,95.47744869116383,83.8961705355224,92.57475119906437,79.69128051694531,89.27757742873902,0.45447617644648514,70.7446808510638,92.5531914893617,57.236842105263186,88.59649122807018,85.1449275362319,83.33333333333333,79.7979797979798,84.84848484848484,73.33333333333331,81.66666666666667,73.2515527247744,86.19963351318334,69.48051948051946,94.8051948051948,77.13903743315508,93.58288770053476,79.32330827067669,90.88345864661655,86.97916666666666,95.44270833333333,81.30252100840335,92.64705882352942,78.84491057188424,93.47226166184177,76.04823164832932,89.83594758751255,0.4679667728701886
530.0,94.29065743944638,98.84659746251442,77.90114613180516,83.22349570200574,82.61065943992772,88.58777476663656,70.71978672985783,80.79087677725119,80.31512605042018,83.65546218487397,81.16747515829147,87.02084137865637,79.98472116119174,86.89293899377932,80.0096432015429,90.38894246223079,85.39365452408933,92.70505287896593,89.34619324001366,96.17616934107204,86.9607963622957,95.13334152636106,84.33900169782666,92.25928904048183,82.75323842805906,89.6400652095691,0.43903471391148846,70.7446808510638,92.5531914893617,57.236842105263186,88.59649122807018,85.1449275362319,83.33333333333333,79.7979797979798,84.51178451178451,73.33333333333331,80.83333333333333,73.2515527247744,85.9656267791766,69.48051948051946,94.8051948051948,76.15864527629235,93.58288770053476,79.32330827067669,90.97744360902256,88.54166666666666,95.44270833333333,81.30252100840335,92.64705882352942,78.9613321405117,93.49105865432298,76.10644243264305,89.7283427167498,0.46780022693666845
531.0,94.63667820069206,98.26989619377161,72.18481375358168,81.96275071633238,76.87443541102077,83.8602830472749,72.28228672985783,78.55450236966826,76.0294117647059,82.14285714285715,78.40152517197166,84.95805789398085,76.37509549274255,88.63090690821784,81.48291010393226,89.47390978249223,85.93419506462988,92.55229142185664,87.17992488904063,95.60259474223285,88.61681209290894,94.9244193191594,83.91778752865085,92.23682443479179,81.15965635031125,88.59744116438631,0.45934610768197837,70.7446808510638,92.5531914893617,57.236842105263186,88.59649122807018,85.1449275362319,83.33333333333333,79.7979797979798,84.17508417508417,73.33333333333331,80.83333333333333,73.2515527247744,85.89828671183653,69.48051948051946,94.56906729634002,77.13903743315508,93.58288770053476,79.32330827067669,90.69548872180452,86.97916666666666,95.44270833333333,81.30252100840335,92.85714285714286,78.84491057188424,93.42945898183109,76.04823164832932,89.66387284683381,0.4668628359541073
532.0,94.29065743944638,96.2322183775471,75.40114613180518,81.93409742120345,81.16531165311652,86.54019873532069,73.13388625592418,77.9324644549763,75.94537815126051,86.17647058823529,79.98727592631056,85.76308991545656,75.49656226126812,87.32129215322492,80.5035894139076,89.48676738454945,85.55816686251471,92.36897767332549,90.477978832366,95.93035165585523,86.622833968293,94.63561509155709,83.73182626766989,91.94860079170243,81.85955109699023,88.8558453535795,0.45190839869970795,70.7446808510638,92.5531914893617,56.35964912280704,88.59649122807018,82.97101449275364,83.33333333333333,79.7979797979798,84.51178451178451,73.33333333333331,80.83333333333333,72.64133151958751,85.9656267791766,69.48051948051946,94.56906729634002,77.13903743315508,93.58288770053476,79.32330827067669,90.69548872180452,86.97916666666666,95.3125,81.30252100840335,92.64705882352942,78.84491057188424,93.36140050844173,75.74312104573588,89.66351364380917,0.4660068000960964
533.0,94.63667820069206,98.73125720876587,74.97134670487107,83.0945558739255,76.4679313459801,84.46251129177959,68.20941943127964,71.60841232227489,75.21008403361344,84.07563025210084,77.89909194328726,84.39447338976933,75.49656226126812,87.67597948270219,82.13757634201218,91.5739847851709,84.90599294947123,93.01527614571093,87.91396381017414,94.86855582109935,90.85350866412682,95.51431731596412,84.2615208054105,92.5296227101295,81.08030637434888,88.46204804994942,0.44896232750601406,70.7446808510638,92.5531914893617,68.85964912280704,88.59649122807018,80.79710144927537,83.33333333333333,85.35353535353535,84.51178451178451,73.33333333333331,80.83333333333333,75.81766002200297,85.9656267791766,69.48051948051946,94.56906729634002,77.13903743315508,93.58288770053476,79.32330827067669,90.69548872180452,89.0625,95.3125,81.30252100840335,92.64705882352942,79.26157723855093,93.36140050844173,77.53961863027695,89.66351364380917,0.4656165189613777
534.0,87.35101883890813,96.8089196462899,77.61461318051576,85.27220630372493,76.64859981933151,84.19150858175249,66.40995260663509,72.85248815165876,75.16806722689076,84.07563025210084,76.63845033445624,84.64015058710538,75.28647822765468,86.19447779111644,80.66430943962283,90.51323261545055,83.71915393654525,92.32667450058754,85.34994878798223,94.64663707750086,85.84244807668675,94.37138994715497,82.17246769369834,91.61048238636208,79.40545901407728,88.12531648673374,0.46002453909286867,70.7446808510638,92.5531914893617,57.236842105263186,88.59649122807018,82.97101449275364,83.33333333333333,79.7979797979798,84.51178451178451,73.33333333333331,81.66666666666667,72.81677011607874,86.13229344584327,69.48051948051946,94.56906729634002,77.13903743315508,93.67201426024955,79.32330827067669,90.78947368421053,86.97916666666666,95.44270833333333,79.83193277310923,92.43697478991596,78.55079292482542,93.38204767280988,75.68378152045207,89.75717055932657,0.4658536941052975
535.0,87.35101883890812,95.42483660130718,79.11174785100286,83.15186246418338,77.68744354110206,82.59560373381511,67.63921800947868,82.34597156398105,70.88235294117648,78.0672268907563,76.53435623633364,84.31710025080861,77.72154316271963,89.61857470260833,81.32004714454085,91.2675452694739,84.2596944770858,90.9659224441833,89.93854557869581,96.66780471150564,89.63991643111711,94.86911638195896,84.57594935883185,92.67779270194603,80.55515279758274,88.49744647637732,0.45631690816450915,70.7446808510638,92.5531914893617,57.236842105263186,88.59649122807018,82.97101449275364,83.33333333333333,79.7979797979798,84.51178451178451,73.33333333333331,81.66666666666667,72.81677011607874,86.13229344584327,69.48051948051946,94.56906729634002,77.13903743315508,93.58288770053476,79.32330827067669,90.78947368421053,86.97916666666666,95.3125,79.83193277310923,92.64705882352942,78.55079292482542,93.38019750092295,75.68378152045207,89.7562454733831,0.46531630781799854
536.0,93.42560553633218,99.61553248750481,82.75787965616047,86.74785100286533,74.79674796747966,85.75730201746461,70.71978672985783,76.27369668246446,72.39495798319328,80.21008403361346,78.81899557460467,85.72089324478253,77.9698242933537,88.45356324347921,79.84570877531338,90.58394942676524,84.35957696827265,91.62867215041129,87.47183339023557,94.88904062820076,89.00700503871207,94.62947032075704,83.73078969317747,92.0369391539227,81.27489263389107,88.87891619935262,0.44472931218955586,70.7446808510638,92.5531914893617,57.236842105263186,88.59649122807018,85.1449275362319,83.33333333333333,79.7979797979798,85.18518518518519,73.33333333333331,81.66666666666667,73.2515527247744,86.26697358052341,69.48051948051946,94.56906729634002,77.13903743315508,93.58288770053476,79.32330827067669,90.78947368421053,86.97916666666666,95.3125,79.83193277310923,92.64705882352942,78.55079292482542,93.38019750092295,75.90117282479991,89.82358554072317,0.4657040673291349
537.0,87.69703960015379,94.4636678200692,79.39828080229228,89.22636103151862,80.53297199638662,86.72086720867209,72.99318720379148,79.7245260663507,77.33193277310924,86.76470588235293,79.59068247514668,87.38002560179271,75.42971734148203,88.09614754992907,82.63045108753883,89.6046287367406,84.58284371327852,91.43830787309048,87.81666097644248,94.38033458518267,87.64593830650117,95.06574904756052,83.62112228504861,91.71703355850067,81.60590238009765,89.54852958014669,0.44879455027624665,70.7446808510638,92.5531914893617,57.236842105263186,88.59649122807018,85.1449275362319,83.33333333333333,79.7979797979798,85.18518518518519,77.49999999999999,81.66666666666667,74.08488605810774,86.26697358052341,69.48051948051946,94.56906729634002,77.13903743315508,93.58288770053476,79.32330827067669,90.69548872180452,88.54166666666666,95.3125,81.30252100840335,92.85714285714286,79.15741057188424,93.40341731516443,76.62114831499599,89.83519544784392,0.4662832106561557
538.0,93.42560553633218,98.07766243752403,79.82808022922637,88.46704871060172,78.90695573622402,89.52122854561878,71.43068720379148,81.11670616113744,74.51680672268908,81.63865546218487,79.62162708565262,87.76426026341338,76.44194041252862,88.65546218487394,81.64363012964748,88.79459980713597,84.8531139835488,93.12338425381904,86.93240013656539,95.59918060771594,88.46933759370776,95.56962025316457,83.66808445119962,92.34844942134188,81.64485576842611,90.05635484237763,0.43449326850286524,70.7446808510638,92.5531914893617,57.236842105263186,88.59649122807018,85.1449275362319,83.33333333333333,79.7979797979798,85.18518518518519,77.49999999999999,81.66666666666667,74.08488605810774,86.26697358052341,69.48051948051946,94.6871310507674,77.13903743315508,93.58288770053476,79.32330827067669,90.69548872180452,88.54166666666666,95.3125,81.30252100840335,92.85714285714286,79.15741057188424,93.42703006604991,76.62114831499599,89.84700182328666,0.4665107668843185
539.0,94.11764705882354,98.26989619377163,78.33094555873926,89.5272206303725,77.86811201445347,88.70822041553748,73.37085308056874,79.29502369668246,72.43697478991596,79.07563025210085,79.22490650050018,86.97519823769298,74.67532467532469,86.78653279493615,80.33644058716379,89.44819457837781,83.65452408930672,91.84018801410106,88.21440764766132,96.51758279276204,89.88263487771906,96.00589897996805,83.35266637543512,92.11967943202902,81.28878643796764,89.547438834861,0.4370088875769835,70.7446808510638,92.5531914893617,57.236842105263186,88.59649122807018,85.1449275362319,83.33333333333333,79.7979797979798,84.84848484848484,77.49999999999999,81.66666666666667,74.08488605810774,86.19963351318334,69.48051948051946,94.6871310507674,76.15864527629235,93.58288770053476,79.32330827067669,90.69548872180452,88.54166666666666,95.3125,81.30252100840335,92.85714285714286,78.9613321405117,93.42703006604991,76.52310909930972,89.81333178961663,0.46674662304345543
540.0,93.59861591695504,97.27028066128412,80.83094555873926,81.66189111747852,76.4679313459801,84.97440529960856,66.88388625592418,78.05094786729858,72.31092436974791,82.85714285714285,78.0184606894693,84.96293356056252,76.6520244461421,87.94063079777365,80.99217829208183,89.93892639022822,84.58284371327852,93.09048178613398,89.24889040628202,95.31580744281325,86.9607963622957,94.4635615091557,83.68734664401603,92.14988158522095,80.85290366674266,88.55640757289174,0.4649791628014029,70.7446808510638,92.5531914893617,57.236842105263186,89.03508771929826,85.1449275362319,83.33333333333333,79.7979797979798,84.84848484848484,77.49999999999999,81.66666666666667,74.08488605810774,86.28735281142896,69.48051948051946,94.56906729634002,77.13903743315508,93.58288770053476,79.32330827067669,90.69548872180452,88.54166666666666,95.3125,81.30252100840335,92.85714285714286,79.15741057188424,93.40341731516443,76.62114831499599,89.8453850632967,0.46533047014878515
541.0,88.21607074202231,94.04075355632449,78.47421203438397,84.98567335243553,76.64859981933151,83.8602830472749,74.22245260663509,83.3234597156398,76.68067226890757,82.73109243697479,78.84840149425608,85.7882524217299,74.9331550802139,88.13434464694969,79.84678024215147,88.826743812279,85.28789659224444,93.28084606345476,89.2932741550017,96.40150221918744,85.59972963008481,94.29150792675433,82.99216713993926,92.18698893372503,80.92028431709767,88.98762067772746,0.4510603086592065,70.7446808510638,92.5531914893617,57.236842105263186,89.03508771929826,85.1449275362319,83.33333333333333,79.7979797979798,84.84848484848484,77.49999999999999,81.66666666666667,74.08488605810774,86.28735281142896,69.48051948051946,94.56906729634002,77.13903743315508,93.58288770053476,79.32330827067669,90.78947368421053,86.97916666666666,95.3125,79.83193277310923,92.85714285714286,78.55079292482542,93.42221430764565,76.31783949146657,89.85478355953731,0.46488321536567767
542.0,94.63667820069206,97.80853517877739,76.89828080229229,84.44126074498568,85.27551942186086,87.29298404095152,73.70408767772513,81.82760663507108,71.57563025210084,81.72268907563026,80.41803927093423,86.61861513508318,78.51413292589761,89.11928407726725,80.1735776277724,90.57752062573662,86.04582843713281,92.46768507638073,87.86104472516217,94.81051553431205,89.10224898611283,95.2746712547622,84.33936654041557,92.44993531369178,82.3787029056749,89.53427522438747,0.44372592749870016,70.7446808510638,92.5531914893617,57.236842105263186,89.03508771929826,85.1449275362319,83.33333333333333,79.7979797979798,85.18518518518519,77.49999999999999,81.66666666666667,74.08488605810774,86.35469287876903,69.48051948051946,94.56906729634002,77.13903743315508,93.67201426024955,79.32330827067669,90.78947368421053,86.97916666666666,95.3125,81.30252100840335,92.64705882352942,78.84491057188424,93.3980228128659,76.46489831499599,89.87635784581747,0.46520903988789714
543.0,93.25259515570936,98.65436370626682,77.18481375358166,81.40401146131806,80.35230352303522,88.22643781993375,71.05302132701424,76.40699052132702,75.21008403361344,80.50420168067227,79.41056355859078,85.0392010379036,78.38999236058058,89.55855069300448,79.35390549662486,90.07393121182898,85.3407755581669,93.17743830787309,87.47183339023557,95.50699897575964,86.71807791569375,93.65245176354921,83.45491694426033,92.39387419040308,81.43274025142556,88.71653761415334,0.4520719063927359,70.7446808510638,92.5531914893617,69.73684210526318,89.03508771929826,82.97101449275364,83.33333333333333,79.7979797979798,84.84848484848484,73.33333333333331,80.83333333333333,75.31677011607874,86.12068614476229,70.12987012987011,94.56906729634002,77.13903743315508,93.58288770053476,79.32330827067669,90.78947368421053,86.97916666666666,95.3125,79.83193277310923,92.64705882352942,78.68066305469556,93.38019750092295,76.99871658538714,89.75044182284262,0.4631633921788194
544.0,93.59861591695503,97.96232218377547,83.04441260744987,91.70487106017191,77.28093947606142,84.58295694068052,70.10515402843602,76.08116113744077,75.29411764705883,82.22689075630252,79.86464793519222,86.51164041567424,77.0912910618793,88.48357524828113,80.1746490946105,91.64470159648559,85.2820211515864,92.75910693301998,88.9040628200751,95.67429156708775,86.28487157429029,94.24849453115398,83.54737914048833,92.56203397520568,81.70601353784028,89.53683719543996,0.43671945642708676,70.7446808510638,92.5531914893617,57.236842105263186,89.03508771929826,85.1449275362319,83.33333333333333,79.7979797979798,84.84848484848484,77.49999999999999,81.66666666666667,74.08488605810774,86.28735281142896,69.48051948051946,94.56906729634002,78.11942959001783,93.67201426024955,79.32330827067669,90.78947368421053,86.97916666666666,95.44270833333333,79.83193277310923,92.64705882352942,78.74687135619797,93.42406447953256,76.41587870715286,89.85570864548076,0.4635300557053125
545.0,94.11764705882354,97.11649365628604,82.04154727793697,89.3839541547278,76.01626016260161,85.90785907859077,74.08175355450238,77.88803317535546,78.84453781512605,85.84033613445378,81.02034917379811,87.22733523988276,78.61917494270435,90.58714394848849,81.81185042322939,90.81538626379513,84.2596944770858,92.83666274970624,86.92386480027314,94.87196995561625,88.22661914710582,95.64950227356519,83.9682407580797,92.95213303823427,82.4942949659389,90.08973413905852,0.4337205406453358,70.7446808510638,92.5531914893617,57.236842105263186,89.03508771929826,85.1449275362319,83.33333333333333,79.7979797979798,84.84848484848484,77.49999999999999,81.66666666666667,74.08488605810774,86.28735281142896,69.48051948051946,94.56906729634002,77.13903743315508,93.58288770053476,79.32330827067669,90.78947368421053,86.97916666666666,95.3125,81.30252100840335,92.64705882352942,78.84491057188424,93.38019750092295,76.46489831499599,89.83377515617596,0.46400702823126505
546.0,94.46366782006922,97.80853517877739,78.96848137535817,85.88825214899714,80.93947606142726,86.32941884974406,66.64691943127961,75.103672985782,73.82352941176471,81.63865546218487,78.96841481997978,85.3537069250971,77.38731856378914,89.13565426170469,82.79331404693022,90.88610307510983,83.60164512338427,93.59811985898942,85.15534312051895,95.18607033117105,86.86555241489492,93.12400147474499,83.16063465390349,92.38598980034399,81.06452473694164,88.86984836272055,0.44801938366364064,70.7446808510638,92.5531914893617,57.236842105263186,89.03508771929826,85.1449275362319,83.33333333333333,79.7979797979798,84.84848484848484,77.49999999999999,80.83333333333333,74.08488605810774,86.12068614476229,69.48051948051946,94.56906729634002,77.13903743315508,93.58288770053476,79.32330827067669,90.78947368421053,86.97916666666666,95.3125,79.83193277310923,92.64705882352942,78.55079292482542,93.38019750092295,76.31783949146657,89.75044182284262,0.46420068582279755
547.0,93.9446366782007,96.46289888504421,78.18767908309458,86.31805157593124,80.12646793134596,86.84131285757302,64.61048578199052,72.57109004739337,76.72268907563024,81.00840336134453,78.7183917100524,84.64035134545728,75.3724216959511,90.06056968241842,80.1767920282867,90.56466302367943,82.89659224441836,92.12690951821385,87.95834755889382,95.06657562307956,86.23264102248986,93.91053213715128,82.52735891000796,92.3458499969085,80.62287531003018,88.49310067118289,0.4540033068390561,70.7446808510638,92.5531914893617,68.85964912280704,88.59649122807018,80.79710144927537,83.33333333333333,79.7979797979798,84.17508417508417,73.33333333333331,81.66666666666667,74.70654891089187,86.0649533785032,70.12987012987011,94.56906729634002,77.13903743315508,93.58288770053476,79.32330827067669,90.69548872180452,90.625,95.3125,81.30252100840335,92.43697478991596,79.70394736842105,93.31938370171905,77.20524813965646,89.69216854011113,0.46322750697878873
548.0,92.560553633218,97.96232218377547,76.46848137535818,83.36676217765043,79.49412827461607,86.93164709424872,68.44638625592418,75.8441943127962,73.78151260504201,86.1344537815126,78.15021242883168,86.04787590999669,79.89877769289534,89.7331659936702,82.63366548805313,90.25608057430622,85.17626321974151,92.22091656874265,86.28712871287128,94.60908159781495,88.71205604030969,95.08418335996066,84.54157823077419,92.38068561889894,81.34589532980294,89.2142807644478,0.4365331618746968,70.7446808510638,92.5531914893617,69.73684210526318,89.03508771929826,80.79710144927537,83.33333333333333,79.7979797979798,84.17508417508417,73.33333333333331,81.66666666666667,74.8819875073831,86.15267267674884,70.77922077922078,94.56906729634002,78.11942959001783,93.58288770053476,79.32330827067669,90.78947368421053,86.97916666666666,95.3125,79.83193277310923,92.64705882352942,79.00661161593823,93.38019750092295,76.94429956166067,89.76643508883589,0.462951219114108
549.0,94.8096885813149,97.53940792003075,79.97134670487108,84.06876790830945,78.90695573622402,85.69707919301416,68.44638625592418,77.72511848341233,82.52100840336135,89.45378151260505,80.93107713633911,86.89683100347433,74.40794499618028,88.77278184000873,79.84999464266579,90.85395906996678,83.3901292596945,93.37955346650999,90.72550358484125,95.36701946056674,87.25574536069806,94.72778665355783,83.12586356881597,92.62022009812202,82.02847035257754,89.75852555079817,0.43590345178390627,70.7446808510638,92.5531914893617,69.73684210526318,89.03508771929826,82.97101449275364,83.33333333333333,79.7979797979798,84.84848484848484,73.33333333333331,81.66666666666667,75.31677011607874,86.28735281142896,70.77922077922078,94.56906729634002,78.11942959001783,93.67201426024955,79.32330827067669,90.69548872180452,86.97916666666666,95.44270833333333,79.83193277310923,92.64705882352942,79.00661161593823,93.40526748705136,77.16169086600848,89.84631014924017,0.46230761995181524
550.0,88.562091503268,96.19377162629758,82.18481375358166,88.03724928366763,73.98373983739836,85.30563083408612,74.55568720379148,80.86492890995261,78.15126050420169,84.32773109243698,79.48751856044824,86.94586234928818,77.49236058059587,87.43861180835971,79.36033429765347,89.91106825243759,84.7473560517039,92.25381903642773,87.66643905769887,95.20996927278937,86.52759002089223,94.24849453115398,83.15881600170887,91.81239258023368,81.32316728107855,89.37912746476093,0.4412729107855087,70.7446808510638,92.5531914893617,57.236842105263186,89.03508771929826,82.97101449275364,83.33333333333333,79.7979797979798,84.84848484848484,73.33333333333331,81.66666666666667,72.81677011607874,86.28735281142896,70.77922077922078,94.56906729634002,77.13903743315508,93.49376114081997,79.32330827067669,90.69548872180452,86.97916666666666,95.3125,79.83193277310923,92.64705882352942,78.81053318456568,93.34357519649879,75.81365165032221,89.81546400396388,0.46242164848316253
551.0,88.21607074202232,96.73202614379085,85.40114613180516,91.33237822349571,75.60975609756096,83.43872327612165,67.97245260663509,72.77843601895735,77.4579831932773,85.88235294117646,78.93148175426016,86.0327833207084,76.56608097784567,88.45356324347921,80.83145826636662,91.3361191471124,84.3654524089307,91.21034077555818,89.00136565380676,96.46295664049164,86.23264102248986,93.40666093154726,83.39939966588793,92.17392814763774,81.16544071007405,89.10335573417308,0.4441491374597717,70.7446808510638,92.5531914893617,57.236842105263186,89.03508771929826,85.1449275362319,83.33333333333333,79.7979797979798,84.84848484848484,77.49999999999999,81.66666666666667,74.08488605810774,86.28735281142896,70.12987012987011,94.56906729634002,77.13903743315508,93.58288770053476,79.32330827067669,90.78947368421053,86.97916666666666,95.3125,79.83193277310923,92.64705882352942,78.68066305469556,93.38019750092295,76.38277455640164,89.83377515617596,0.46248411175543414
552.0,94.63667820069206,96.8473663975394,80.83094555873926,90.00000000000001,84.01084010840107,90.78590785907859,75.02962085308057,80.79087677725119,76.02941176470588,85.00000000000001,82.10749929712377,88.68483020677384,78.72421695951107,88.11524609843937,81.80649308903887,91.61041465766635,85.77555816686254,93.01762632197415,87.12700580402868,94.99487879822466,88.374093646307,95.82155585596657,84.36147353314963,92.71194434645422,83.2344864151367,90.69838727661403,0.42031705667928815,70.7446808510638,92.5531914893617,57.236842105263186,89.03508771929826,85.1449275362319,83.33333333333333,79.7979797979798,84.84848484848484,77.49999999999999,82.5,74.08488605810774,86.45401947809562,70.12987012987011,94.33293978748524,78.11942959001783,93.49376114081997,79.32330827067669,90.78947368421053,86.97916666666666,95.3125,79.83193277310923,92.85714285714286,78.87674148606808,93.35716349393172,76.48081377208791,89.90559148601366,0.4631440083198138
553.0,94.11764705882354,96.65513264129181,80.25787965616047,87.32091690544414,74.16440831074976,79.64468533574224,73.46712085308059,78.2138625592417,76.68067226890759,85.63025210084034,79.73754562954439,85.49296990851204,79.21122994652406,88.35534213685474,80.3375120540019,89.56177006321654,86.04582843713281,92.40188014101058,89.98292932741552,96.32980539433254,86.13739707508911,95.46515914956373,84.34297936803269,92.42279137699563,82.04026249878854,88.95788064275384,0.4427933972062081,70.7446808510638,92.5531914893617,57.236842105263186,89.03508771929826,85.1449275362319,83.33333333333333,79.7979797979798,84.84848484848484,77.49999999999999,81.66666666666667,74.08488605810774,86.28735281142896,70.77922077922078,94.45100354191263,77.13903743315508,93.58288770053476,79.32330827067669,90.60150375939851,88.54166666666666,95.3125,81.30252100840335,92.64705882352942,79.41715083162451,93.31899076507507,76.75101844486613,89.80317178825202,0.46249057307307717
554.0,92.73356401384085,96.15532487504805,83.04441260744987,91.0458452722063,85.0496838301716,90.69557362240288,75.64425355450238,84.4638625592417,73.8655462184874,82.47899159663865,82.06749204489041,88.96791958510752,77.6355996944232,88.69638764596748,80.99324975891993,90.29893924783028,83.22561692126912,91.69917743830787,87.22430863776033,94.93001024240355,88.46933759370775,95.12105198476097,83.50962252121607,92.14911331185404,82.78855728305325,90.55851644848079,0.42101734700401133,70.7446808510638,93.61702127659575,57.236842105263186,89.03508771929826,85.1449275362319,83.33333333333333,79.7979797979798,84.5117845117845,77.49999999999999,81.66666666666667,74.08488605810774,86.43277870153571,70.77922077922078,94.45100354191263,78.11942959001783,93.49376114081997,79.32330827067669,90.69548872180452,88.54166666666666,95.3125,81.30252100840335,92.64705882352942,79.61322926299707,93.3199624456133,76.8490576605524,89.8763705735745,0.4628926806852992
555.0,94.8096885813149,98.92349096501346,80.97421203438395,87.22063037249283,83.01716350496837,91.17735621800662,73.84478672985783,80.5835308056872,77.5,84.07563025210084,82.029170170105,88.3961277226602,77.49236058059587,88.65273382080105,79.19425693774775,90.59680702882245,83.60164512338429,92.69800235017625,89.24889040628202,94.66029361556846,89.249723485314,96.19638687476957,83.75737530666478,92.56084473802755,82.8932727383849,90.47848623034388,0.4213114596199156,70.7446808510638,93.61702127659575,57.236842105263186,89.03508771929826,85.1449275362319,83.33333333333333,79.7979797979798,84.84848484848484,77.49999999999999,81.66666666666667,74.08488605810774,86.50011876887578,70.77922077922078,94.45100354191263,77.13903743315508,93.40463458110517,79.32330827067669,90.69548872180452,88.54166666666666,95.3125,81.30252100840335,92.64705882352942,79.41715083162451,93.30213713367034,76.75101844486613,89.90112795127305,0.46190778335830274
556.0,94.11764705882354,97.8085351787774,77.75787965616048,86.89111747851003,84.01084010840107,88.85877747666366,70.10515402843602,73.87440758293839,78.19327731092437,83.40336134453781,80.83695963254908,86.16723981228546,79.44041252864781,89.0401615191531,79.84785170898958,90.75109825350904,84.14806110458287,93.1421856639248,87.02970297029705,95.37043359508365,88.37409364630699,95.12105198476097,83.76802439176485,92.68498620328631,82.30249201215696,89.42611300778589,0.4352943561032467,70.7446808510638,92.5531914893617,57.236842105263186,89.03508771929826,85.1449275362319,83.33333333333333,79.7979797979798,84.84848484848484,77.49999999999999,82.5,74.08488605810774,86.45401947809562,70.77922077922078,94.33293978748524,78.11942959001783,93.31550802139037,79.32330827067669,90.69548872180452,86.97916666666666,95.3125,79.83193277310923,92.85714285714286,79.00661161593823,93.30271587756461,76.54574883702298,89.87836767783011,0.46136812927222265
557.0,94.8096885813149,97.57785467128028,73.04441260744986,83.16618911174784,72.94489611562783,84.5528455284553,77.30302132701424,82.52369668246445,78.10924369747899,86.76470588235293,79.24225246577716,86.91705837526015,77.26317799847212,89.54490887263997,81.00075002678665,89.90463945140898,85.28789659224444,92.5146886016451,88.65653806759987,94.81392966882895,89.24972348531401,94.9367088607595,84.29161723408342,92.3429750910565,81.7669348499303,89.63001673315833,0.4381197992629922,70.7446808510638,92.5531914893617,57.236842105263186,89.03508771929826,85.1449275362319,83.33333333333333,79.7979797979798,84.5117845117845,77.49999999999999,82.5,74.08488605810774,86.38667941075555,71.42857142857142,94.33293978748524,78.11942959001783,93.31550802139037,80.6390977443609,90.69548872180452,86.97916666666666,95.3125,79.83193277310923,93.0672268907563,79.3996396405452,93.34473268428728,76.74226284932647,89.86570604752141,0.46070543479398474
558.0,89.0811226451365,96.46289888504421,80.05014326647566,85.11461318051576,81.97831978319782,90.93646492020476,78.01392180094788,84.1972748815166,75.29411764705884,83.73949579831933,80.88352502856334,88.09014953312013,79.24942704354469,88.36898395721924,80.33858352084,91.05539483552985,85.3407755581669,92.1786133960047,87.81666097644248,95.21338340730624,88.85953053951087,94.21777067715375,84.32099552770099,92.20682925464277,82.60226027813216,90.14848939388145,0.42881599253702146,70.7446808510638,93.61702127659575,57.236842105263186,89.03508771929826,85.1449275362319,83.33333333333333,79.7979797979798,84.5117845117845,77.49999999999999,82.5,74.08488605810774,86.59944536820237,72.07792207792207,94.33293978748524,78.11942959001783,93.40463458110517,79.32330827067669,90.69548872180452,86.97916666666666,95.3125,79.83193277310923,92.85714285714285,79.2663518756785,93.32054118950755,76.67561896689313,89.95999327885497,0.46010779943695007
559.0,93.59861591695503,96.65513264129181,75.54441260744987,84.5272206303725,80.35230352303522,90.27401385124962,73.56338862559242,84.24170616113744,75.25210084033614,79.28571428571428,79.66216430267374,86.99675751395313,77.09129106187929,89.18749317908983,83.45119468552446,91.36183435122683,85.07050528789661,92.7262044653349,88.50631614885629,95.73574598839194,86.38011552169105,95.19478923436155,84.09988454116953,92.84121344368101,81.88102442192164,89.91898547881706,0.42856016351241116,70.7446808510638,92.5531914893617,57.236842105263186,89.03508771929826,85.1449275362319,83.33333333333333,79.7979797979798,84.84848484848484,77.49999999999999,82.5,74.08488605810774,86.45401947809562,72.07792207792207,94.33293978748524,78.11942959001783,93.31550802139037,80.6390977443609,90.69548872180452,86.97916666666666,95.44270833333333,79.83193277310923,92.85714285714285,79.52950977041533,93.32875754423125,76.80719791426154,89.89138851116343,0.4608613064245307
560.0,88.21607074202231,96.2322183775471,78.76074498567337,85.5515759312321,75.83559168925021,87.86510087323094,67.45408767772513,75.10367298578198,75.94537815126051,86.80672268907563,77.2423746491863,86.31185817137356,77.72154316271963,90.25701189566736,84.4315868423872,91.40897889210329,83.28437132784961,92.61574618096357,89.54079890747697,95.54455445544554,87.40321985989922,95.12719675556102,84.47630402006652,92.99069763594817,80.85933933462641,89.65127790366085,0.428728980245689,70.7446808510638,93.61702127659575,57.236842105263186,89.03508771929826,85.1449275362319,83.33333333333333,79.7979797979798,84.17508417508417,77.49999999999999,81.66666666666667,74.08488605810774,86.36543863419564,71.42857142857142,94.56906729634002,78.11942959001783,93.40463458110517,79.32330827067669,90.69548872180452,86.97916666666666,95.3125,79.83193277310923,92.85714285714285,79.13648174580835,93.3677666912785,76.61068390195805,89.86660266273708,0.45996908262702024
561.0,94.11764705882354,97.34717416378317,82.32808022922636,91.41833810888252,75.79042457091236,89.12978018669075,71.33441943127964,77.94727488151659,76.72268907563024,87.39495798319328,80.05865207317443,88.64750506481326,79.87967914438502,89.70042562479537,83.93978356369868,91.76684881602914,84.52996474735608,91.70857814336075,87.76374189143054,94.61932400136564,89.39719798451517,95.53889639916432,85.1020734662771,92.66681459694303,82.58036276972577,90.65715983087814,0.4151202147685243,70.7446808510638,93.61702127659575,57.236842105263186,89.03508771929826,85.1449275362319,83.33333333333333,79.7979797979798,84.17508417508417,77.49999999999999,81.66666666666667,74.08488605810774,86.36543863419564,72.07792207792207,94.56906729634002,78.11942959001783,93.40463458110517,79.32330827067669,90.69548872180452,86.97916666666666,95.3125,81.30252100840335,92.85714285714285,79.56046952273732,93.3677666912785,76.82267779042253,89.86660266273708,0.46023898510604105
562.0,94.98269896193774,97.80853517877739,82.75787965616047,90.22922636103152,79.31345980126466,88.22643781993375,69.25355450236967,78.8951421800948,77.5420168067227,81.59663865546219,80.76992194569104,87.35119603905993,78.37089381207028,88.56269780639529,82.13757634201218,92.58973534769099,85.22914218566396,93.13278495887192,87.86958006145441,95.40116080573576,86.52759002089223,93.54799065994838,84.0269564844186,92.64687391572846,82.39843921505482,89.99903497739419,0.4363376593280918,70.7446808510638,93.61702127659575,57.236842105263186,89.03508771929826,85.1449275362319,83.33333333333333,79.7979797979798,84.5117845117845,77.49999999999999,81.66666666666667,74.08488605810774,86.43277870153571,72.07792207792207,94.56906729634002,78.11942959001783,93.31550802139037,79.32330827067669,90.78947368421053,86.97916666666666,95.3125,79.83193277310923,92.85714285714285,79.2663518756785,93.36873837181676,76.67561896689313,89.90075853667624,0.45960961879260465
563.0,92.73356401384085,95.69396386005383,77.47134670487107,87.49283667621776,78.0939476061427,83.92050587172538,69.63122037914692,75.63684834123224,75.94537815126051,83.36134453781513,78.77509137105241,85.22109985740886,78.35179526355996,88.07432063734586,82.46865959498551,91.4196935604843,85.77555816686254,93.30669800235019,89.0986684875384,95.31922157733014,87.64593830650117,94.86911638195895,84.66812396388953,92.59781003189389,81.72160766747098,88.90945494465137,0.441446863873933,70.7446808510638,93.61702127659575,57.236842105263186,89.03508771929826,85.1449275362319,83.33333333333333,79.7979797979798,85.18518518518519,77.49999999999999,82.5,74.08488605810774,86.7341255028825,72.07792207792207,94.45100354191263,78.11942959001783,93.49376114081997,80.6390977443609,90.78947368421053,86.97916666666666,95.44270833333333,79.83193277310923,92.85714285714285,79.52950977041533,93.40681791148386,76.80719791426154,90.07047170718317,0.4593027487941464
564.0,94.46366782006922,97.69319492502883,80.40114613180518,90.91690544412607,79.53929539295392,89.03944595001505,71.28998815165876,77.94727488151658,83.21428571428572,87.52100840336135,81.78167664215457,88.62356592080958,77.49236058059587,88.90920004365383,81.97685631629699,90.84110146790955,84.47708578143364,92.45593419506464,89.09866848753842,95.30215090474566,87.74118225390193,96.19638687476957,84.15723068395337,92.74095469722866,82.96945366305397,90.68226030901911,0.41160209030280703,70.7446808510638,93.61702127659575,57.236842105263186,89.03508771929826,85.1449275362319,83.33333333333333,79.7979797979798,85.85858585858585,77.49999999999999,82.5,74.08488605810774,86.86880563756264,72.07792207792207,94.45100354191263,78.11942959001783,93.40463458110517,79.32330827067669,90.78947368421053,86.97916666666666,95.3125,79.83193277310923,92.85714285714285,79.2663518756785,93.36295093287423,76.67561896689313,90.11587828521843,0.4600199865025442
565.0,88.73510188389082,95.73241061130334,81.69054441260745,82.86532951289398,79.90063233965671,86.75097862089731,73.46712085308059,80.25770142180095,73.82352941176471,84.6218487394958,79.52338578020004,86.04565378127828,79.96562261268141,88.0033831714504,83.12332583306544,90.3825136612022,85.88131609870743,92.86486486486486,89.88562649368387,96.14202799590304,87.74118225390193,95.76010814796608,85.31941465840801,92.63057956827731,82.42140021930402,89.3381166747778,0.43978120995761133,70.7446808510638,93.61702127659575,57.236842105263186,88.59649122807018,85.1449275362319,83.33333333333333,79.7979797979798,84.84848484848484,77.49999999999999,81.66666666666667,74.08488605810774,86.41239947063015,71.42857142857142,94.45100354191263,79.09982174688058,93.40463458110517,79.32330827067669,90.78947368421053,86.97916666666666,95.3125,81.30252100840335,92.85714285714285,79.62667782423974,93.36295093287423,76.85578194117375,89.88767520175219,0.4593178263453897
566.0,93.25259515570936,97.38562091503267,85.97421203438397,87.85100286532952,83.24299909665761,88.19632640770853,68.44638625592418,75.77014218009481,76.72268907563024,88.27731092436974,81.52777632366107,87.49608065850705,80.6340718105424,89.71679580923279,81.97685631629699,90.02250080360012,85.72267920094009,92.43948296122208,88.94844656879482,96.49026971662683,86.9607963622957,96.04276760476834,84.848570051774,92.94236337909004,83.18817318771754,90.21922201879855,0.4236966385213779,70.7446808510638,93.61702127659575,57.236842105263186,89.03508771929826,85.1449275362319,84.05797101449275,79.7979797979798,85.85858585858585,77.49999999999999,82.5,74.08488605810774,87.01373317379452,71.42857142857142,94.45100354191263,77.13903743315508,93.49376114081997,79.32330827067669,90.69548872180451,88.54166666666666,95.3125,81.30252100840335,92.85714285714285,79.54702096149465,93.361979252336,76.8159535098012,90.18785621306526,0.46011798630596035
567.0,93.77162629757785,97.88542868127644,78.18767908309458,89.06876790830945,78.906955736224,85.42607648298706,74.88892180094788,80.28732227488152,79.6218487394958,85.50420168067228,81.07540633146803,87.63435940562536,78.68601986249045,90.46982429335371,80.99432122575804,89.49962498660666,86.58636897767335,92.51233842538191,88.40901331512462,95.00512120177534,89.73516037851789,94.28536315595429,84.88217675191287,92.35445441261439,82.97879154169044,89.99440690911987,0.42126117167635985,70.7446808510638,93.61702127659575,57.236842105263186,89.03508771929826,85.1449275362319,84.05797101449275,79.7979797979798,85.85858585858585,77.49999999999999,82.5,74.08488605810774,87.01373317379452,72.7272727272727,94.45100354191263,78.11942959001783,93.40463458110517,79.32330827067669,90.6015037593985,86.97916666666666,95.3125,79.83193277310923,92.85714285714285,79.39622200554861,93.32535694791183,76.74055403182817,90.16954506085318,0.46025833379274816
568.0,88.562091503268,95.07881584006151,77.75787965616048,86.63323782234957,81.57181571815715,88.22643781993375,74.31872037914692,80.13921800947867,75.25210084033614,80.4201680672269,79.49252161941374,86.09957551181007,77.84568372803666,88.7154861944778,80.99432122575804,90.26250937533484,86.80376028202119,93.14923619271444,86.28712871287128,95.46944349607374,85.98992257588792,94.48814059235589,83.58416330491502,92.41696317019134,81.53834246216438,89.2582693410007,0.43759168721025266,70.7446808510638,93.61702127659575,57.236842105263186,89.03508771929826,85.1449275362319,84.05797101449275,79.7979797979798,85.85858585858585,77.49999999999999,82.5,74.08488605810774,87.01373317379452,71.42857142857142,94.33293978748524,78.11942959001783,93.49376114081997,79.32330827067669,90.6015037593985,86.97916666666666,95.44270833333333,79.83193277310923,92.85714285714285,79.13648174580835,93.34561117563598,76.61068390195805,90.17967217471525,0.45950198729055935
569.0,95.32871972318343,99.03883121876201,82.90114613180519,89.97134670487105,80.75880758807585,89.85245408009636,74.65195497630333,81.30924170616115,74.55882352941177,78.57142857142857,81.63989038975592,87.74866045626383,77.26317799847212,87.68962130306667,80.34286938819241,89.83392264009429,86.69800235017628,93.53936545240893,88.85114373506315,95.40798907476955,85.2617672360821,94.03342755315226,83.68339214159721,92.10086520469835,82.66164126567656,89.92476283048109,0.4290798255976112,70.7446808510638,93.61702127659575,57.236842105263186,89.03508771929826,85.1449275362319,84.78260869565217,79.7979797979798,85.85858585858585,77.49999999999999,82.5,74.08488605810774,87.15866071002641,71.42857142857142,94.33293978748524,77.13903743315508,93.40463458110517,79.32330827067669,90.6015037593985,86.97916666666666,95.44270833333333,79.83193277310923,92.85714285714285,78.94040331443583,93.32778586369301,76.51264468627178,90.24322328685972,0.46048911864515074
570.0,95.15570934256058,97.84698193002691,79.76361031518626,88.10888252148996,80.93947606142726,90.33423667570008,77.63625592417064,83.59004739336493,81.09243697478992,88.19327731092437,82.91749772362692,89.61468516630126,77.07219251336898,88.90920004365383,81.97578484945889,91.52041144326584,84.58284371327852,92.11750881316098,87.96688289518609,95.96790713554115,92.99496128794397,97.24714268157797,84.91853305184728,93.15243402343997,83.9180153877371,91.3835595948706,0.4091646681079134,70.7446808510638,93.61702127659575,57.236842105263186,89.03508771929826,85.1449275362319,84.78260869565217,79.7979797979798,85.85858585858585,77.49999999999999,82.5,74.08488605810774,87.15866071002641,71.42857142857142,94.33293978748524,77.13903743315508,93.40463458110517,79.32330827067669,90.69548872180451,86.97916666666666,95.44270833333333,79.83193277310923,92.85714285714285,78.94040331443583,93.34658285617421,76.51264468627178,90.25262178310031,0.4603036586600285
571.0,93.9446366782007,95.73241061130335,76.83381088825216,86.23209169054441,81.57181571815715,85.00451671183377,72.00088862559242,74.68898104265404,77.45798319327731,87.6890756302521,80.36182702069594,85.86941513731753,78.14171122994652,88.61726508785333,80.3417979213543,89.65391621129326,85.01175088131613,93.48061104582844,87.47183339023557,94.81734380334585,90.36807177092294,95.40371144156325,84.2670330387551,92.39456951797682,82.31443002972551,89.13199232764717,0.44107435172071,70.7446808510638,93.61702127659575,57.236842105263186,89.03508771929826,85.1449275362319,84.78260869565217,79.7979797979798,85.85858585858585,77.49999999999999,83.33333333333333,74.08488605810774,87.32532737669308,71.42857142857142,94.33293978748524,77.13903743315508,93.49376114081997,79.32330827067669,90.6015037593985,86.97916666666666,95.44270833333333,79.83193277310923,92.85714285714285,78.94040331443583,93.34561117563598,76.51264468627178,90.33546927616453,0.4587859807608308
572.0,88.38908112264515,97.4240676662822,75.68767908309457,84.9570200573066,79.94579945799455,86.66064438422161,73.80035545023698,79.85781990521328,76.72268907563024,81.68067226890756,78.9091208379203,86.11604485638625,77.40641711229945,87.4004147113391,81.15932711882566,91.31897567770278,85.93419506462988,92.36662749706228,89.93854557869581,95.75964493001024,86.81332186309452,94.04571709475236,84.25036134750907,92.17827598217336,81.57974109271468,89.1471604192798,0.4420960592430277,70.7446808510638,93.61702127659575,57.236842105263186,89.03508771929826,85.1449275362319,84.78260869565217,79.7979797979798,85.85858585858585,77.49999999999999,83.33333333333333,74.08488605810774,87.32532737669308,71.42857142857142,94.33293978748524,77.13903743315508,93.49376114081997,79.32330827067669,90.50751879699249,86.97916666666666,95.44270833333333,79.83193277310923,92.85714285714285,78.94040331443583,93.32681418315477,76.51264468627178,90.32607077992392,0.4584232908149549
573.0,93.77162629757785,98.1930026912726,73.04441260744986,84.62750716332378,80.35230352303522,90.09334537789823,71.14928909952609,76.65876777251185,78.92857142857143,86.72268907563024,79.4492405912321,87.25906241612734,79.23032849503437,88.60635163156172,82.63259402121501,90.85181613629058,84.62984723854292,92.41598119858989,85.84499829293276,95.83134175486515,87.8886567531031,96.08578100036868,84.04528496016565,92.7582543443352,81.74726277569887,90.00865838023127,0.4187141837331349,70.7446808510638,93.61702127659575,57.236842105263186,89.03508771929826,85.1449275362319,84.78260869565217,79.7979797979798,85.85858585858585,77.49999999999999,83.33333333333333,74.08488605810774,87.32532737669308,72.07792207792207,94.33293978748524,78.11942959001783,93.49376114081997,79.32330827067669,90.6015037593985,86.97916666666666,95.44270833333333,79.83193277310923,92.85714285714285,79.2663518756785,93.34561117563598,76.67561896689313,90.33546927616453,0.4575188863626522
574.0,93.77162629757785,98.76970396001538,76.89828080229226,84.39828080229226,77.05510388437216,87.08220415537488,74.31872037914692,79.7245260663507,75.29411764705883,84.32773109243698,79.4675698020896,86.86048921529404,78.0366692131398,89.45487285823421,82.79438551376832,91.61898639237116,84.80023501762636,91.88014101057578,86.92386480027314,94.95732331853874,88.85953053951087,95.19478923436155,84.28293701686371,92.62122256281629,81.87525340947666,89.74085588905515,0.42399247634862314,70.7446808510638,93.61702127659575,57.236842105263186,89.03508771929826,85.1449275362319,84.78260869565217,79.7979797979798,85.85858585858585,77.49999999999999,82.5,74.08488605810774,87.15866071002641,72.07792207792207,94.21487603305785,78.11942959001783,93.58288770053476,79.32330827067669,90.69548872180451,86.97916666666666,95.44270833333333,79.83193277310923,92.85714285714285,79.2663518756785,93.35862072917465,76.67561896689313,90.25864071960052,0.45684615159916436
575.0,95.3287197231834,97.57785467128028,84.97134670487108,89.9570200573066,76.64859981933151,85.4862993074375,75.36285545023698,78.59893364928911,76.72268907563024,86.5126050420168,81.80684215465064,87.62654254546605,77.93162719633308,88.25439266615737,83.12225436622734,91.36397728490303,86.36897767332552,93.0129259694477,88.45339706384432,95.28849436667805,90.0731227725206,96.56507312277253,85.18987581445018,92.89697268199174,83.4983589845504,90.26175761372889,0.4197052710110103,70.7446808510638,93.61702127659575,57.236842105263186,89.03508771929826,85.1449275362319,84.78260869565217,79.7979797979798,85.85858585858585,77.49999999999999,83.33333333333333,74.08488605810774,87.32532737669308,72.07792207792207,94.33293978748524,77.13903743315508,93.40463458110517,79.32330827067669,90.6015037593985,86.97916666666666,95.44270833333333,81.30252100840335,92.85714285714285,79.36439109136477,93.32778586369301,76.72463857473625,90.32655662019305,0.4578929391293537
576.0,93.42560553633218,96.96270665128796,78.90401146131806,83.33810888252148,82.56549232158986,87.8048780487805,75.59982227488153,81.23518957345972,80.31512605042018,90.12605042016807,82.16201152890837,87.89338671524354,77.15813598166538,88.81643566517516,83.44905175184826,90.85610200364297,85.88719153936549,93.78143360752057,91.12325025606009,97.21406623420961,86.32788496989062,94.42669288435542,84.78910289976598,93.01894607898075,83.47555721433717,90.45616639711214,0.41826552377102555,70.7446808510638,93.61702127659575,57.236842105263186,89.03508771929826,85.1449275362319,84.78260869565217,79.7979797979798,85.85858585858585,77.49999999999999,83.33333333333333,74.08488605810774,87.32532737669308,72.7272727272727,94.33293978748524,77.13903743315508,93.40463458110517,79.32330827067669,90.6015037593985,86.97916666666666,95.44270833333333,79.83193277310923,92.85714285714285,79.20014357417605,93.32778586369301,76.6425148161419,90.32655662019305,0.4580428108045852
577.0,95.32871972318343,98.76970396001539,79.76361031518626,81.99140401146131,78.90695573622402,87.2628726287263,70.43838862559242,78.74703791469194,76.72268907563027,87.94117647058823,80.23207269516328,86.94243899709663,82.33384262796027,90.7590308850813,83.12332583306544,90.08464588021002,85.55816686251472,93.37955346650999,92.15773301468079,97.51792420621372,88.374093646307,95.55733071156448,86.30943239690565,93.4596970299159,83.27075254603446,90.20106801350627,0.41327485494209015,70.7446808510638,93.61702127659575,57.236842105263186,89.03508771929826,85.1449275362319,84.78260869565217,79.7979797979798,86.19528619528619,77.49999999999999,83.33333333333333,74.08488605810774,87.39266744403315,72.7272727272727,94.21487603305785,77.13903743315508,93.40463458110517,79.32330827067669,90.69548872180451,86.97916666666666,95.44270833333333,79.83193277310923,92.85714285714285,79.20014357417605,93.32297010528873,76.6425148161419,90.35781877466094,0.4572614179540947
578.0,94.8096885813149,99.2310649750096,85.97421203438397,89.54154727793696,78.0939476061427,82.41493526046372,73.70408767772513,80.76125592417061,80.35714285714285,85.04201680672269,82.5878157513419,87.3981640488607,78.81016042780749,90.1942595219906,83.77692060430726,91.6532733311904,86.20446533490015,92.62749706227967,89.93854557869581,95.82109935131444,89.63991643111711,95.72323952316579,85.67400167536557,93.20387375798819,84.13090871335373,90.30101890342445,0.4112858477314059,70.7446808510638,93.61702127659575,57.236842105263186,89.03508771929826,85.1449275362319,84.78260869565217,79.7979797979798,86.19528619528619,77.49999999999999,83.33333333333333,74.08488605810774,87.39266744403315,74.02597402597401,94.33293978748524,78.11942959001783,93.49376114081996,79.32330827067669,90.69548872180451,86.97916666666666,95.44270833333333,79.83193277310923,92.85714285714285,79.65596226528888,93.36440816811717,76.87042416169831,90.37853780607516,0.45697755195325956
579.0,93.59861591695503,97.84698193002693,84.04727793696276,90.51575931232092,88.34688346883466,91.38813610358326,70.71978672985783,75.45912322274883,71.74369747899159,81.68067226890756,81.69125230632037,87.3781345675175,79.54545454545455,87.94063079777365,80.34179792135431,89.80177863495125,84.91186839012929,92.46063454759107,90.1331512461591,95.94059405940594,87.64593830650117,95.31768465036254,84.5156420819197,92.2922645380169,83.10344719412004,89.8351995527672,0.41851427419949766,70.7446808510638,93.61702127659575,57.236842105263186,89.03508771929826,85.1449275362319,84.78260869565217,79.7979797979798,86.19528619528619,77.49999999999999,83.33333333333333,74.08488605810774,87.39266744403315,74.02597402597401,94.21487603305785,78.11942959001783,93.40463458110517,79.32330827067669,90.69548872180451,86.97916666666666,95.57291666666666,79.83193277310923,92.85714285714285,79.65596226528888,93.34901177195539,76.87042416169831,90.37083960799427,0.4566757423452528
580.0,93.4256055363322,96.42445213379469,80.11461318051578,82.24928366762178,77.86811201445347,87.02198133092442,71.52695497630333,79.76895734597156,79.6218487394958,88.90756302521008,80.51142688942011,86.8744475007045,79.56455309396486,91.04823747680891,83.28618879245685,92.08614593378334,87.021151586369,93.74148061104583,89.69102082622057,96.75998634346192,86.23264102248986,95.10261767236082,85.15911106430022,93.74769360749217,82.83526897686016,90.31107055409834,0.41475880905704193,70.7446808510638,93.61702127659575,57.236842105263186,89.03508771929826,85.1449275362319,84.78260869565217,79.7979797979798,86.19528619528619,77.49999999999999,83.33333333333333,74.08488605810774,87.39266744403315,74.02597402597401,94.33293978748524,78.11942959001783,93.40463458110517,79.32330827067669,90.69548872180451,86.97916666666666,95.57291666666666,79.83193277310923,92.85714285714285,79.65596226528888,93.37262452284088,76.87042416169831,90.38264598343702,0.4564314937116709
581.0,87.17800845828529,96.00153787004999,80.6876790830946,90.10028653295129,81.57181571815715,87.8349894610057,70.34212085308059,79.35426540284361,78.97058823529413,84.45378151260505,79.75004246958235,87.54897215589112,75.42016806722688,88.35807050092764,82.63045108753882,91.71756134147648,85.28789659224444,92.05405405405406,88.35609423011267,96.92727893479002,89.34496743271477,97.09352341157675,84.20791548196752,93.23009764856499,81.97897897577494,90.38953490222806,0.4203279000061131,70.7446808510638,93.61702127659575,57.236842105263186,89.03508771929826,85.1449275362319,84.78260869565217,79.7979797979798,86.19528619528619,77.49999999999999,83.33333333333333,74.08488605810774,87.39266744403315,74.02597402597401,94.33293978748524,79.09982174688058,93.40463458110517,79.32330827067669,90.6015037593985,86.97916666666666,95.57291666666666,79.83193277310923,92.85714285714285,79.85204069666142,93.35382753035968,76.96846337738458,90.37324748719641,0.4561293772642867
582.0,95.3287197231834,97.77008842752788,80.54441260744987,89.31232091690543,72.53839205058716,84.85395965070761,69.53495260663509,77.22156398104265,78.88655462184875,85.08403361344537,79.36660632194085,86.8483933179258,80.05156608097784,88.36352722907344,83.61298617807776,91.71970427515268,85.12925969447711,92.05170387779083,88.31171048139296,96.30249231819732,87.4984638073,93.89209782475113,84.92079724844514,92.46590510499308,82.143701785193,89.65714921145944,0.4297574615301314,70.7446808510638,93.61702127659575,57.236842105263186,89.47368421052633,85.1449275362319,84.78260869565217,79.7979797979798,86.19528619528619,77.49999999999999,83.33333333333333,74.08488605810774,87.48038674227875,74.02597402597401,94.33293978748524,78.11942959001783,93.49376114081996,80.6390977443609,90.69548872180451,86.97916666666666,95.57291666666666,79.83193277310923,92.85714285714285,79.91912016002573,93.39044983478382,77.00200310906673,90.43541828853128,0.45646157514989283
583.0,93.42560553633218,96.38600538254516,84.04727793696276,86.06017191977078,84.23667570009032,90.54501656127673,71.76392180094788,78.19905213270142,79.66386554621849,88.8235294117647,82.62746930411033,88.00275508161175,77.13903743315508,89.154752810215,81.48505303760845,90.66966677381335,86.26321974148064,92.87191539365452,87.76374189143053,95.37726186411743,89.15447953791325,94.2362049895539,84.36110632831759,92.46196036627084,83.49428781621396,90.2323577239413,0.419504782174132,70.7446808510638,93.61702127659575,57.236842105263186,89.47368421052632,85.1449275362319,84.78260869565217,79.7979797979798,86.53198653198653,77.49999999999999,83.33333333333333,74.08488605810774,87.54772680961882,74.67532467532465,94.33293978748524,78.11942959001783,93.31550802139037,78.00751879699249,90.69548872180451,88.54166666666666,95.44270833333334,81.30252100840335,92.85714285714285,80.12929214748098,93.32875754423127,77.10708910279436,90.43824217692504,0.45618351046485583
584.0,94.63667820069206,98.42368319876971,80.97421203438395,85.63037249283668,71.90605239385725,79.67479674796748,72.85248815165876,82.87914691943128,72.39495798319328,83.94957983193278,78.55287775275706,86.11151583818759,78.68601986249044,89.57764924151479,82.95617700632162,91.87828136719169,85.71680376028205,93.38660399529964,91.22055308979174,96.30590645271424,89.00700503871205,95.95059604276761,85.51731175151959,93.4198074198976,82.03509475213832,89.7656616290426,0.42089727909361907,70.7446808510638,93.61702127659575,57.236842105263186,89.47368421052632,85.1449275362319,84.78260869565217,79.7979797979798,86.53198653198653,77.49999999999999,83.33333333333333,74.08488605810774,87.54772680961882,74.67532467532465,94.33293978748524,78.11942959001783,93.22638146167557,79.32330827067669,90.69548872180451,88.54166666666666,95.44270833333334,81.30252100840335,92.85714285714285,80.39245004221785,93.31093223228831,77.2386680501628,90.42932952095356,0.45561633628077636
585.0,93.4256055363322,97.15494040753558,84.6848137535817,89.92836676217765,81.16531165311652,87.68443239987955,76.82908767772513,83.21978672985783,80.31512605042018,91.05042016806722,83.28398893423514,89.80758929350357,79.44041252864781,88.31441667576122,82.30365370191791,91.183970856102,85.55229142185668,93.69212690951821,88.94844656879482,95.54114032092865,88.18360575150547,95.41600098316331,84.88568199454454,92.82953114909468,84.08483546438984,91.31856022129912,0.40297029648193317,70.7446808510638,93.61702127659575,57.236842105263186,89.47368421052632,85.1449275362319,84.78260869565217,79.7979797979798,86.19528619528619,77.49999999999999,83.33333333333333,74.08488605810774,87.48038674227875,74.67532467532465,94.21487603305785,79.09982174688058,93.31550802139037,79.32330827067669,90.69548872180451,88.54166666666666,95.44270833333334,81.30252100840335,92.85714285714285,80.5885284735904,93.30514479334578,77.33670726584907,90.39276576781226,0.4554065836674994
586.0,88.73510188389082,96.00153787004997,79.19054441260747,86.7191977077364,73.35140018066846,85.54652213188798,73.70408767772513,78.98400473933648,74.64285714285714,83.69747899159663,77.92479825954982,86.18974828812149,81.01604278074866,90.64989632216522,80.99217829208183,90.95467695274833,85.50528789659228,93.43360752056404,91.46807784226701,95.89279617616934,89.39719798451519,94.83224775715867,85.675756959241,93.15264494576112,81.80027760939541,89.6711966169413,0.42616957441435,70.7446808510638,93.61702127659575,57.236842105263186,89.03508771929826,85.1449275362319,84.78260869565217,79.7979797979798,86.19528619528619,77.49999999999999,83.33333333333333,74.08488605810774,87.39266744403315,74.67532467532465,94.33293978748524,79.09982174688058,93.31550802139037,79.32330827067669,90.6015037593985,86.97916666666666,95.44270833333334,79.83193277310923,92.85714285714285,79.98191082653156,93.30996055175007,77.03339844231965,90.35131399789161,0.4541025055691365
587.0,94.46366782006922,97.77008842752788,80.54441260744987,88.63896848137537,81.16531165311652,87.59409816320385,71.28998815165878,81.63507109004739,79.62184873949582,87.05882352941177,81.41704579435805,88.53940993831326,80.61497326203208,90.30066572083378,82.95831993999782,91.26968820315011,87.0799059929495,93.3560517038778,88.40901331512462,96.24103789689315,88.13137519970505,94.72778665355783,85.43871754196182,93.17904603566252,83.42788166815993,90.85922798698789,0.4024206809344141,70.7446808510638,93.61702127659575,57.236842105263186,89.91228070175438,85.1449275362319,84.78260869565217,79.7979797979798,86.53198653198653,77.49999999999999,83.33333333333333,74.08488605810774,87.63544610786444,74.67532467532465,94.33293978748524,79.09982174688058,93.40463458110517,79.32330827067669,90.69548872180451,86.97916666666666,95.44270833333334,81.30252100840335,92.85714285714285,80.2760284735904,93.34658285617421,77.18045726584907,90.49101448201932,0.45488344663453434
588.0,89.0811226451365,96.53979238754326,79.97134670487107,87.50716332378225,81.34598012646792,90.84613068352905,70.91232227488152,75.7553317535545,80.35714285714285,86.68067226890757,80.33358292169997,87.46581808346333,76.59472880061115,88.4399214231147,82.95939140683593,90.70823957998499,85.50528789659228,93.77908343125733,89.99146466370776,95.42164561283715,87.74118225390193,94.8629716111589,84.55841100432981,92.64237233167061,82.44599696301489,90.05409520756697,0.4150960672649034,70.7446808510638,93.61702127659575,57.236842105263186,89.47368421052632,85.1449275362319,84.78260869565217,79.7979797979798,86.19528619528619,77.49999999999999,83.33333333333333,74.08488605810774,87.48038674227875,74.67532467532465,94.21487603305785,78.11942959001783,93.31550802139037,79.79323308270678,90.69548872180451,88.54166666666666,95.44270833333334,81.30252100840335,92.85714285714285,80.48643500462386,93.30514479334578,77.2856605313658,90.39276576781226,0.4551600555642239
589.0,94.8096885813149,98.6159169550173,80.83094555873926,89.41260744985672,75.20325203252031,88.94911171333935,70.20142180094787,78.49526066350711,78.27731092436974,87.43697478991596,79.86452377957842,88.58197431432728,77.7692895339954,88.77278184000872,81.64898746383797,91.11539697846351,86.6392479435958,93.13043478260869,88.80675998634347,95.32604984636394,86.9607963622957,94.26692884355414,84.36501625801367,92.5223184581998,82.11477001879604,90.55214638626354,0.40579487197722347,70.7446808510638,93.61702127659575,57.236842105263186,90.78947368421053,85.1449275362319,84.78260869565217,74.24242424242425,86.53198653198653,77.49999999999999,83.33333333333333,72.97377494699663,87.81088470435567,74.02597402597401,94.21487603305785,78.11942959001783,93.31550802139037,80.6390977443609,90.69548872180451,86.97916666666666,95.44270833333334,79.83193277310923,92.85714285714285,79.91912016002573,93.30514479334578,76.44644755351118,90.55801474885072,0.45646050329339594
590.0,95.15570934256058,98.07766243752403,81.54727793696276,89.78510028653295,79.71996386630532,88.10599217103282,73.32642180094787,79.28021327014218,80.39915966386553,87.39495798319328,82.02970652212841,88.52878522968506,79.8414820473644,89.4630579504529,83.28404585878063,91.42397942783671,84.20094007050531,93.41010575793185,88.60361898258792,95.62649368385114,87.98390070050387,95.49588300356396,84.78279753194842,93.08390396472731,83.40625202703842,90.80634459720619,0.4052772401026812,70.7446808510638,93.61702127659575,57.236842105263186,90.35087719298245,85.1449275362319,84.78260869565217,74.24242424242425,86.53198653198653,77.49999999999999,84.16666666666666,72.97377494699663,87.88983207277673,74.67532467532465,94.21487603305785,78.11942959001783,93.31550802139037,79.32330827067669,90.69548872180451,88.54166666666666,95.44270833333334,81.30252100840335,92.85714285714285,80.39245004221785,93.30514479334578,76.68311249460723,90.59748843306124,0.45581061423386837
591.0,94.63667820069206,97.73164167627834,78.47421203438397,85.88825214899714,78.27461607949412,85.09485094850949,65.41765402843602,73.34123222748813,75.37815126050418,84.45378151260505,78.43626232070207,85.30195170277564,79.08708938120702,89.72498090145149,81.32540447873136,91.78827815279116,84.63572267920097,92.78965922444182,86.87948105155343,95.59576647319903,89.49244193191595,94.34681086395477,84.28402790452175,92.84909912316766,81.36014511261192,89.07552541297164,0.42957253744004137,70.7446808510638,93.61702127659575,57.236842105263186,90.35087719298245,85.1449275362319,84.78260869565217,79.7979797979798,86.53198653198653,77.49999999999999,84.16666666666666,74.08488605810774,87.88983207277673,74.02597402597402,93.97874852420307,78.11942959001783,93.40463458110517,78.00751879699249,90.69548872180451,88.54166666666666,95.44270833333334,81.30252100840335,92.85714285714285,79.99942201761087,93.27574460351778,77.0421540378593,90.58278833814725,0.45527371952332657
592.0,94.98269896193774,98.2314494425221,81.40401146131806,90.38681948424069,80.75880758807587,88.22643781993375,72.00088862559242,81.48696682464454,81.86974789915966,87.98319327731093,82.20323090721675,89.2629733697304,77.61650114591292,89.35665175160975,82.46758812814741,91.24397299903568,85.7696827262045,92.66509988249119,88.46193240013656,95.22703994537385,89.19749293351359,94.49428536315597,84.70263946678298,92.59740998833328,83.45293518699987,90.93019167903185,0.40493518630253494,70.7446808510638,93.61702127659575,57.236842105263186,90.35087719298247,85.1449275362319,84.78260869565217,79.7979797979798,86.53198653198653,77.49999999999999,84.16666666666666,74.08488605810774,87.88983207277673,74.67532467532465,94.09681227863047,79.09982174688058,93.40463458110517,80.6390977443609,90.69548872180451,86.97916666666666,95.3125,79.83193277310923,93.0672268907563,80.2450687212684,93.31533249445928,77.16497738968806,90.602582283618,0.4538425346867265
593.0,94.63667820069206,98.96193771626298,78.47421203438397,86.59025787965616,82.7913279132791,86.29930743751882,73.32642180094787,79.428317535545,81.82773109243698,90.92436974789916,82.21127420834799,88.44083806337645,77.95072574484338,89.02924806286151,82.46758812814741,92.03257259187828,87.29729729729732,92.81316098707403,90.18607033117105,96.38784568111983,90.27282782352218,95.16406538036131,85.63490186499627,93.08537854065898,83.92308803667213,90.76310830201771,0.40139729826724785,70.7446808510638,93.61702127659575,57.236842105263186,89.9122807017544,85.1449275362319,84.78260869565217,79.7979797979798,86.53198653198653,77.49999999999999,84.16666666666666,74.08488605810774,87.80211277453111,74.67532467532465,94.21487603305785,78.11942959001783,93.31550802139037,79.32330827067669,90.69548872180451,88.54166666666666,95.3125,81.30252100840335,92.85714285714285,80.39245004221785,93.27910312667912,77.2386680501628,90.54060795060511,0.4538489936134054
594.0,95.3287197231834,98.00076893502498,78.47421203438397,86.44699140401147,85.86269196025292,88.22643781993375,72.33412322274881,78.9691943127962,78.19327731092439,85.71428571428572,82.0386048502987,87.47153563721042,79.21122994652406,88.98559423769508,84.26550948248148,92.26400942890818,85.99294947121037,93.94359576968273,91.71560259474224,97.13212700580402,88.61681209290894,95.79083200196632,85.96042071757341,93.62323168881127,83.99951278393605,90.54738366301085,0.40800264665998803,70.7446808510638,93.61702127659575,57.236842105263186,90.35087719298247,85.1449275362319,84.78260869565217,79.7979797979798,86.53198653198653,77.49999999999999,84.16666666666666,74.08488605810774,87.88983207277673,74.67532467532465,93.86068476977567,79.09982174688058,93.40463458110517,80.6390977443609,90.69548872180451,88.54166666666666,95.3125,81.30252100840335,93.0672268907563,80.85168636832722,93.26810699268833,77.46828621321748,90.57896953273253,0.452945384531483
595.0,96.19377162629759,98.6159169550173,81.11747851002866,88.0945558739255,80.75880758807585,87.35320686540197,74.88892180094787,83.6196682464455,78.88655462184873,85.96638655462185,82.36910682943974,88.72994689908242,80.59587471352178,91.31016042780749,81.16039858566376,91.14539804993036,85.61104582843714,92.7262044653349,90.28337316490271,96.10447251621714,89.63991643111711,95.15792060956126,85.4581217447285,93.28883121377022,83.91361428708413,91.00938905642633,0.40123221677934695,70.7446808510638,93.61702127659575,57.236842105263186,90.35087719298247,85.1449275362319,84.78260869565217,79.7979797979798,86.53198653198653,77.49999999999999,84.16666666666666,74.08488605810774,87.88983207277673,75.32467532467531,93.86068476977567,79.09982174688058,93.40463458110517,80.6390977443609,90.69548872180451,88.54166666666666,95.3125,81.30252100840335,93.0672268907563,80.98155649819736,93.26810699268833,77.53322127815255,90.57896953273253,0.45359184546390663
596.0,89.25413302575934,96.0399846212995,78.04441260744987,87.14899713467048,78.04878048780485,87.71454381210478,83.13092417061613,88.37381516587678,78.88655462184873,89.24369747899159,81.4729609826958,89.70420764258861,78.12261268143621,88.05249372476264,82.96153434051213,91.57612771884709,86.52761457109287,93.5111633372503,86.92386480027314,96.49026971662684,87.59370775470074,95.13334152636106,84.42586682960302,92.95267920476958,82.9494139061494,91.32844342367909,0.3990953941593447,70.7446808510638,93.61702127659575,57.236842105263186,90.78947368421053,85.1449275362319,84.78260869565217,74.24242424242425,86.53198653198653,77.49999999999999,84.16666666666666,72.97377494699663,87.97755137102233,75.32467532467531,93.86068476977567,79.09982174688058,93.49376114081996,80.6390977443609,90.69548872180451,86.97916666666666,95.3125,79.83193277310923,93.0672268907563,80.37493885113854,93.2859323046313,76.67435689906759,90.63174183782681,0.45412112633869595
597.0,94.11764705882354,98.11610918877355,77.90114613180518,83.76790830945559,80.93947606142726,85.36585365853658,74.37055687203792,77.44372037914692,83.34033613445378,90.04201680672269,82.13383245170954,86.94712166852707,79.75553857906799,89.0265196987886,80.3417979213543,91.03182256509162,84.80023501762636,94.2021151586369,90.92010925230454,97.12188460225333,88.61681209290894,95.58190979476466,84.88689857265243,93.39285036390702,83.51036551218098,90.16998601621705,0.4148797962620868,70.7446808510638,93.61702127659575,57.236842105263186,90.35087719298247,85.1449275362319,85.5072463768116,79.7979797979798,86.53198653198653,77.49999999999999,84.16666666666666,74.08488605810774,88.0347596090086,75.32467532467531,93.97874852420307,79.09982174688058,93.40463458110517,80.6390977443609,90.6015037593985,86.97916666666666,95.3125,79.83193277310923,93.0672268907563,80.37493885113854,93.2729227510926,77.22991245462313,90.65384118005059,0.4525699721003823
598.0,94.29065743944638,98.46212995001923,83.76074498567337,91.40401146131805,82.61065943992772,88.04576934658236,70.20142180094788,78.0361374407583,81.05042016806723,90.96638655462185,82.38278076681252,89.38288695065997,80.03246753246752,88.86281785441449,83.61191471123965,90.82610093217615,86.80376028202119,93.27614571092833,87.47183339023557,96.29907818368044,90.61079021752488,96.7862848715743,85.70615322669777,93.21008551055475,84.04446699675515,91.29648623060736,0.3914852196168812,70.7446808510638,93.61702127659575,57.236842105263186,90.78947368421053,85.1449275362319,85.5072463768116,74.24242424242425,86.53198653198653,77.49999999999999,84.16666666666666,72.97377494699663,88.12247890725423,75.32467532467531,93.86068476977567,79.09982174688058,93.40463458110517,80.6390977443609,90.69548872180451,86.97916666666666,95.3125,79.83193277310923,93.0672268907563,80.37493885113854,93.26810699268833,76.67435689906759,90.69529294997128,0.4530351201065677
599.0,94.29065743944638,97.8085351787774,81.40401146131806,89.54154727793697,82.7913279132791,90.18367961457392,73.56338862559242,80.99822274881517,78.10924369747899,84.24369747899159,82.031725827423,88.55513645981901,78.60007639419405,88.99923605805958,82.14079074252648,90.20465016607736,84.74148061104584,92.5710928319624,90.13315124615912,96.42198702628883,88.71205604030969,96.74941624677399,84.86551100684703,92.98927646583243,83.44861841713501,90.77220646282572,0.4114114304316132,70.7446808510638,93.61702127659575,57.236842105263186,90.78947368421053,85.1449275362319,85.5072463768116,79.7979797979798,86.86868686868688,77.49999999999999,84.16666666666666,74.08488605810774,88.1898189745943,74.67532467532465,93.86068476977567,78.11942959001783,93.31550802139037,78.00751879699249,90.6015037593985,88.54166666666666,95.3125,81.30252100840335,92.85714285714285,80.12929214748098,93.18946788154147,77.10708910279436,90.68964342806788,0.4532299172664556
600.0,95.15570934256058,98.00076893502498,81.26074498567336,91.13180515759312,77.23577235772358,88.94911171333936,73.18572274881518,78.05094786729858,76.02941176470588,83.36134453781513,80.57347223989572,87.89879564221424,81.68449197860961,90.600785768853,83.77692060430726,91.9704275152684,85.22914218566396,93.54641598119859,89.99146466370776,97.09798566063503,87.44623325549958,95.46515914956372,85.62565053755763,93.73615481510375,83.09956138872667,90.81747522865899,0.3981984476087078,70.7446808510638,93.61702127659575,57.236842105263186,90.78947368421053,85.1449275362319,85.5072463768116,74.24242424242425,86.86868686868688,77.49999999999999,84.16666666666666,72.97377494699663,88.1898189745943,75.97402597402595,93.86068476977567,79.09982174688058,93.31550802139037,80.6390977443609,90.69548872180451,88.54166666666666,95.3125,81.30252100840335,93.0672268907563,81.11142662806749,93.25028168074536,77.04260078753205,90.72005032766984,0.45395922338128186
601.0,89.0811226451365,96.61668589004229,81.83381088825217,90.05730659025788,80.71364046973801,86.66064438422161,72.47482227488153,77.54739336492892,73.86554621848738,83.69747899159664,79.59378849929912,86.91590184420947,81.24522536287242,88.72367128669649,82.79438551376832,90.89681774349083,86.09870740305526,92.78260869565219,89.04574940252647,96.22738135882554,87.98390070050387,95.11490721396092,85.43359367654526,92.7490772597252,82.51369108792218,89.83248955196734,0.4223961684656994,70.7446808510638,93.61702127659575,57.236842105263186,90.78947368421053,85.1449275362319,85.5072463768116,79.7979797979798,86.86868686868688,77.49999999999999,84.16666666666666,74.08488605810774,88.1898189745943,75.97402597402595,93.86068476977567,79.09982174688058,93.40463458110516,80.6390977443609,90.6015037593985,86.97916666666666,95.3125,81.30252100840335,93.0672268907563,80.79892662806749,93.24931000020713,77.44190634308762,90.71956448740072,0.4520980001422527
602.0,87.52402921953097,97.11649365628604,79.19054441260745,85.58739255014328,81.57181571815715,88.91900030111411,74.03732227488153,79.3542654028436,78.92857142857143,88.31932773109244,80.25045661074971,87.85929592829591,78.1035141329259,89.0265196987886,83.45226615236255,92.65830922532948,87.23854289071683,92.99647473560518,88.65653806759987,95.60942301126664,90.36807177092294,95.72323952316579,85.56378660290561,93.20279323883113,82.90712160682766,90.53104458356353,0.4094783420927844,70.7446808510638,93.61702127659575,57.236842105263186,90.78947368421053,85.1449275362319,85.5072463768116,79.7979797979798,86.86868686868688,77.49999999999999,84.16666666666666,74.08488605810774,88.1898189745943,75.97402597402595,93.86068476977567,79.09982174688058,93.40463458110517,80.6390977443609,90.69548872180451,88.54166666666666,95.3125,81.30252100840335,93.0672268907563,81.11142662806749,93.26810699268833,77.59815634308762,90.72896298364131,0.45174811257723413
603.0,94.29065743944638,98.38523644752019,76.97707736389687,84.25501432664757,75.38392050587171,82.98705209274316,70.67535545023698,79.53199052132702,76.07142857142857,87.43697478991596,78.6796878661761,86.51925363563078,78.50458365164248,89.26661573720396,80.34072645451621,90.84110146790955,86.64512338425385,92.42538190364277,88.80675998634347,96.03277569136223,90.125353324321,95.80312154356643,84.8845093602154,92.87379926873699,81.78209861319576,89.69652645218389,0.4195163853534118,70.7446808510638,93.61702127659575,57.236842105263186,90.35087719298247,85.1449275362319,85.5072463768116,79.7979797979798,86.86868686868688,77.49999999999999,84.16666666666666,74.08488605810774,88.10209967634867,76.6233766233766,93.86068476977567,80.08021390374333,93.31550802139037,80.6390977443609,90.69548872180451,88.54166666666666,95.3125,81.30252100840335,93.0672268907563,81.43737518931016,93.25028168074536,77.76113062370895,90.67619067854702,0.45017859714402453
604.0,93.25259515570934,98.30834294502114,86.26074498567337,91.6189111747851,81.16531165311652,92.26136705811503,73.80035545023699,83.76777251184834,84.72689075630252,89.15966386554621,83.84117960020774,91.02321151106317,81.1401833460657,91.46840554403579,83.12439729990353,90.99324975891996,85.3407755581669,92.64864864864865,88.11710481392969,94.71491976783885,87.98390070050388,96.57121789357258,85.14127234371395,93.27928832260316,84.49122597196084,92.15124991683317,0.3836012010556024,70.7446808510638,93.61702127659575,57.236842105263186,91.66666666666666,85.1449275362319,85.5072463768116,74.24242424242425,86.86868686868688,77.49999999999999,84.16666666666666,72.97377494699663,88.36525757108552,75.97402597402595,93.86068476977567,79.09982174688058,93.40463458110516,80.6390977443609,90.50751879699249,86.97916666666666,95.44270833333334,79.83193277310923,93.0672268907563,80.50480898100867,93.25655467439258,76.73929196400265,90.81090612273906,0.4524296686076274
605.0,93.9446366782007,98.1930026912726,75.83094555873927,81.43266475644698,80.93947606142726,90.63535079795243,75.12588862559242,83.29383886255924,80.48319327731092,86.68067226890757,81.26482804025412,88.04710587542777,79.90832696715049,91.08097784568373,81.64898746383798,91.76899174970534,86.04582843713281,93.55111633372502,89.24889040628202,95.44554455445544,90.22059727172177,96.30084797837041,85.41452610922502,93.62949569238798,83.33967707473957,90.83830078390787,0.40279370375727425,70.7446808510638,93.61702127659575,57.236842105263186,91.22807017543859,85.1449275362319,85.5072463768116,74.24242424242425,86.86868686868688,77.49999999999999,84.16666666666666,72.97377494699663,88.2775382728399,76.6233766233766,93.86068476977567,79.09982174688058,93.49376114081996,80.6390977443609,90.50751879699249,86.97916666666666,95.44270833333334,79.83193277310923,93.0672268907563,80.6346791108788,93.27437998633555,76.80422702893772,90.77595912958773,0.4512055954598605
606.0,94.46366782006922,98.8081507112649,75.54441260744987,85.08595988538681,83.19783197831977,90.99668774465522,77.82879146919433,84.19727488151659,77.5,87.77310924369748,81.70694077500664,89.3722364933042,81.33116883116884,90.57077376405107,83.12439729990353,91.38326368798886,86.80963572267923,92.95417156286723,89.34619324001366,96.13861386138615,90.36807177092294,96.36844045717095,86.19589337293765,93.48305266669284,83.95141707397215,91.42764457999851,0.3908950597807814,70.7446808510638,93.61702127659575,57.236842105263186,91.66666666666666,85.1449275362319,85.5072463768116,74.24242424242425,86.86868686868688,77.49999999999999,84.16666666666666,72.97377494699663,88.36525757108552,76.6233766233766,93.86068476977567,80.08021390374333,93.49376114081996,80.6390977443609,90.6015037593985,86.97916666666666,95.44270833333334,79.83193277310923,92.85714285714286,80.83075754225133,93.25116017209407,76.90226624462397,90.8082088715898,0.4518419596533746
607.0,95.32871972318343,98.00076893502498,83.90401146131806,89.16905444126076,83.01716350496837,92.05058717253837,74.60752369668246,82.61255924170617,84.72689075630252,91.34453781512603,84.31686182849096,90.63550152113126,78.31359816653935,88.75368329149842,83.28618879245684,92.18686381656488,86.26321974148064,93.75793184488836,90.87572550358486,97.12188460225333,89.05923559051249,95.23165785916184,85.55959355891484,93.41040428287336,84.9382276937029,92.02295290200232,0.3790915729288266,70.7446808510638,93.61702127659575,57.236842105263186,91.22807017543859,85.1449275362319,85.5072463768116,74.24242424242425,86.86868686868688,77.49999999999999,84.16666666666666,72.97377494699663,88.2775382728399,75.97402597402595,93.86068476977567,79.09982174688058,93.31550802139037,80.6390977443609,90.6015037593985,86.97916666666666,95.44270833333334,81.30252100840335,92.85714285714286,80.79892662806749,93.21550954820816,76.88635078753205,90.74652391052403,0.45291317820063803
608.0,94.98269896193774,97.07804690503652,77.26361031518624,89.35530085959884,76.01626016260161,86.63053297199639,77.25859004739338,85.38210900473935,78.88655462184873,86.84873949579833,80.88154282179354,89.05894584743388,78.94385026737967,90.61988431736332,84.1069323904425,91.02110789671059,87.0799059929495,94.50998824911868,87.56913622396722,95.22362581085694,91.09622711072878,96.78014010077423,85.75921039709354,93.63094927496476,83.32037660944354,91.34494756119932,0.3968323536820337,70.7446808510638,93.61702127659575,57.236842105263186,90.78947368421053,85.1449275362319,85.5072463768116,79.7979797979798,86.86868686868688,77.49999999999999,84.16666666666666,74.08488605810774,88.1898189745943,76.6233766233766,93.86068476977567,79.09982174688058,93.58288770053476,80.6390977443609,90.6015037593985,88.54166666666666,95.3125,81.30252100840335,92.85714285714286,81.24129675793762,93.24294381737036,77.66309140802268,90.71638139598232,0.4521604611375668
609.0,94.63667820069206,97.46251441753172,81.97707736389687,89.78510028653297,85.0496838301716,89.12978018669075,74.27428909952609,80.09478672985783,79.70588235294117,85.54621848739497,83.12872216944555,88.40368002160166,78.64782276546983,89.10837062097565,83.61298617807776,92.22329368906033,86.26321974148064,94.47238542890717,87.91396381017414,94.81051553431205,87.98390070050387,95.76625291876613,84.88437863914125,93.27616363840427,84.00655040429339,90.83992183000296,0.3945161268006405,70.7446808510638,93.61702127659575,57.236842105263186,90.78947368421053,85.1449275362319,85.5072463768116,74.24242424242425,86.86868686868688,77.49999999999999,84.16666666666666,72.97377494699663,88.1898189745943,76.6233766233766,93.74262101534828,79.09982174688058,93.58288770053476,80.6390977443609,90.6015037593985,86.97916666666666,95.44270833333334,79.83193277310923,93.0672268907563,80.6346791108788,93.28738953987423,76.80422702893772,90.73860425723427,0.4518887685488456
610.0,94.29065743944638,96.61668589004229,76.26074498567336,86.71919770773638,74.39024390243901,87.5639867509786,76.31072274881518,84.3898104265403,75.9873949579832,85.75630252100841,79.44795280687143,88.2091966592612,80.36669213139801,89.81228855178435,82.3025822350798,90.42751526840244,85.828437132785,94.03760282021152,87.41891430522362,95.24069648344144,86.622833968293,94.59260169595673,84.50789195455587,92.8221409639593,81.97792238071365,90.51566881161025,0.41204512311032027,70.7446808510638,93.61702127659575,57.236842105263186,90.78947368421053,85.1449275362319,85.5072463768116,79.7979797979798,86.86868686868688,77.49999999999999,84.16666666666666,74.08488605810774,88.1898189745943,76.6233766233766,93.74262101534829,79.09982174688058,93.58288770053476,80.6390977443609,90.69548872180451,86.97916666666666,95.44270833333334,79.83193277310923,92.6470588235294,80.6346791108788,93.22215291891007,77.35978258449327,90.70598594675218,0.45131963120165614
611.0,93.77162629757785,98.000768935025,80.97421203438398,90.25787965616045,85.45618789521227,94.70039144835893,71.62322274881518,78.13981042654028,78.27731092436974,84.36974789915966,82.0205119800718,89.09371967304887,79.61229946524064,90.52439157481173,80.83360120004282,90.74252651880424,85.77555816686254,93.53701527614571,88.60361898258792,96.51075452372824,89.10224898611283,94.60489123755683,84.78546536016935,93.18391582620936,83.40298867012058,91.13881774962911,0.3941628927192393,70.7446808510638,93.61702127659575,57.236842105263186,90.78947368421053,85.1449275362319,85.5072463768116,74.24242424242425,86.86868686868688,77.49999999999999,84.16666666666666,72.97377494699663,88.1898189745943,76.6233766233766,93.86068476977567,79.09982174688058,93.58288770053476,80.6390977443609,90.78947368421053,88.54166666666666,95.3125,81.30252100840335,92.6470588235294,81.24129675793762,93.23852099561006,77.10753585246712,90.71416998510219,0.45129967312151564
612.0,94.46366782006922,95.54017685505575,77.90114613180518,87.36389684813753,77.05510388437216,85.96808190304125,67.69105450236968,77.68068720379146,84.76890756302521,86.26050420168066,80.37597598032829,86.56266940234133,78.5427807486631,90.05238459019971,83.44798028501015,90.47465980927889,87.8907168037603,93.97414806110459,89.00136565380676,96.49026971662683,88.85953053951087,95.11490721396092,85.54847480615024,93.22127387823419,82.96222539323927,89.89197164028775,0.4152770127882805,70.7446808510638,93.61702127659575,57.236842105263186,91.22807017543859,85.1449275362319,85.5072463768116,79.7979797979798,86.86868686868688,77.49999999999999,84.16666666666666,74.08488605810774,88.2775382728399,76.6233766233766,93.97874852420307,81.06060606060608,93.49376114081997,80.6390977443609,90.88345864661655,86.97916666666666,95.44270833333334,79.83193277310923,92.6470588235294,81.02683597362389,93.28914709370046,77.55586101586582,90.78334268327018,0.4500286027988731
613.0,93.42560553633218,97.92387543252595,81.54727793696276,86.30372492836676,77.46160794941281,89.67178560674496,75.55539099526068,82.12381516587676,81.1344537815126,87.6470588235294,81.82486723989621,88.73405199140876,79.38311688311688,89.66495689184765,83.28940319297115,90.1617914925533,85.3407755581669,92.5945945945946,88.40901331512462,95.77330146807783,89.73516037851789,94.66019417475728,85.2314938655795,92.57096772436613,83.52818055273785,90.65250985788745,0.40130717341824235,70.7446808510638,93.61702127659575,57.236842105263186,91.22807017543859,85.1449275362319,85.5072463768116,74.24242424242425,86.86868686868688,77.49999999999999,84.16666666666666,72.97377494699663,88.2775382728399,76.6233766233766,93.74262101534829,81.06060606060608,93.58288770053476,80.6390977443609,90.88345864661655,86.97916666666666,95.3125,79.83193277310923,92.6470588235294,81.02683597362389,93.2337052372058,77.00030546031026,90.75562175502284,0.45057830193505294
614.0,94.46366782006922,97.53940792003075,76.69054441260745,85.0,77.86811201445347,87.41342968985245,75.59982227488152,84.27132701421802,86.89075630252101,92.2689075630252,82.30258056490655,89.29861443742529,81.68449197860961,90.73447560842519,82.63366548805313,91.05753776920605,86.42185663924796,93.55111633372503,88.06418572891772,96.40491635370434,90.36807177092294,95.84613493916677,85.83445432115028,93.51883620084547,84.06851744302841,91.40872531913539,0.390437614244613,70.7446808510638,93.61702127659575,57.236842105263186,91.66666666666666,85.1449275362319,85.5072463768116,74.24242424242425,86.86868686868688,77.49999999999999,84.16666666666666,72.97377494699663,88.36525757108552,76.6233766233766,93.74262101534829,81.06060606060608,93.49376114081997,80.6390977443609,90.88345864661655,86.97916666666666,95.44270833333334,79.83193277310923,92.6470588235294,81.02683597362389,93.24192159192951,77.00030546031026,90.80358958150751,0.45066589278893776
615.0,93.25259515570934,97.94309880815072,81.54727793696276,89.51289398280802,76.82926829268291,84.01084010840108,74.03732227488153,81.6202606635071,76.02941176470588,85.54621848739495,80.33917508498848,87.72666241005238,79.27807486631015,89.65950016370185,80.99753562627234,90.81324333011894,87.4030552291422,93.64277320799059,89.89416182997611,96.49368385114374,89.97787882511983,96.54663881037237,85.51014127536412,93.4311678726655,82.9246581801763,90.57891514135895,0.39652421074411337,70.7446808510638,93.61702127659575,57.236842105263186,91.2280701754386,85.1449275362319,85.5072463768116,74.24242424242425,86.86868686868688,77.49999999999999,84.16666666666666,72.97377494699663,88.2775382728399,76.6233766233766,93.62455726092091,80.08021390374333,93.58288770053476,80.6390977443609,90.78947368421053,86.97916666666666,95.44270833333334,79.83193277310923,92.6470588235294,80.83075754225133,93.21733716050578,76.90226624462397,90.74743771667283,0.45125683206992706
616.0,95.32871972318343,98.00076893502498,80.83094555873926,89.97134670487105,82.7913279132791,90.54501656127673,74.98518957345973,83.87144549763033,85.46218487394958,90.67226890756302,83.87967352852222,90.61216932127323,81.33116883116884,90.14514896867838,84.92446158791383,91.64255866280939,85.55816686251472,92.49353701527613,91.01741208603619,96.91703653123933,89.88263487771906,96.45446724837163,86.54276884907053,93.53054968527496,85.21122118879637,92.0713595032741,0.3764559840766262,70.7446808510638,93.61702127659575,57.236842105263186,91.66666666666666,85.1449275362319,85.5072463768116,74.24242424242425,86.86868686868688,72.49999999999997,84.16666666666666,71.97377494699663,88.36525757108552,76.6233766233766,93.74262101534828,80.08021390374333,93.49376114081997,80.6390977443609,90.78947368421053,86.97916666666666,95.44270833333334,79.83193277310923,92.6470588235294,80.83075754225133,93.22312459944831,76.40226624462397,90.79419108526692,0.4519035899637653
617.0,95.15570934256058,98.42368319876971,80.19340974212035,88.08022922636103,86.6757000903342,88.85877747666366,77.77695497630333,82.15343601895735,78.19327731092437,85.08403361344537,83.59901029244857,88.52003190683942,77.15813598166538,88.83007748553966,84.4337297760634,91.61470052501875,87.18566392479438,92.70505287896592,89.09866848753842,96.97849095254352,88.07914464790466,96.23325549956986,85.19106856359323,93.27231546832755,84.39503942802091,90.89617368758348,0.3972452424104547,70.7446808510638,93.61702127659575,57.236842105263186,91.22807017543859,85.1449275362319,85.5072463768116,74.24242424242425,86.86868686868688,77.49999999999999,84.16666666666666,72.97377494699663,88.2775382728399,75.97402597402595,93.74262101534828,79.09982174688058,93.58288770053476,79.32330827067669,90.88345864661655,88.54166666666666,95.3125,81.30252100840335,92.6470588235294,80.84826873333066,93.23370523720578,76.91102184016364,90.75562175502284,0.4510450765424032
618.0,95.15570934256058,98.38523644752019,84.04727793696276,87.90830945558739,77.86811201445347,87.53387533875339,69.49052132701424,77.3696682464455,81.1344537815126,87.7310924369748,81.53921488050074,87.78563638505625,79.65049656226125,91.43020844701518,82.14186220936459,92.5211614700525,87.18566392479438,93.32549941245594,89.49641515875727,96.24445203141003,89.83040432591865,95.38527712916307,85.66096843621924,93.78131969801935,83.60009165835999,90.78347804153779,0.3965420646550493,70.7446808510638,93.61702127659575,57.236842105263186,91.22807017543859,85.1449275362319,85.5072463768116,74.24242424242425,86.86868686868688,77.49999999999999,84.16666666666666,72.97377494699663,88.2775382728399,76.6233766233766,93.74262101534828,81.06060606060608,93.58288770053476,80.6390977443609,90.78947368421053,86.97916666666666,95.3125,79.83193277310923,92.6470588235294,81.02683597362389,93.21490824472458,77.00030546031026,90.74622325878224,0.4496361327352641
619.0,94.29065743944638,98.42368319876971,82.12034383954156,90.8595988538682,84.82384823848237,90.96657633242998,75.59982227488152,81.10189573459715,76.80672268907563,85.29411764705883,82.7282788962855,89.32917435334478,81.7513368983957,89.56400742115027,82.95831993999782,90.01392906889532,86.42773207990602,93.80258519388953,89.54079890747695,96.11812905428475,89.63991643111711,95.3361189627627,86.06362085137872,92.9669539401965,84.39594987383211,91.14806414677065,0.3877407068961141,70.7446808510638,93.61702127659575,57.236842105263186,91.66666666666666,85.1449275362319,85.5072463768116,74.24242424242425,86.86868686868688,77.49999999999999,84.16666666666666,72.97377494699663,88.36525757108552,76.6233766233766,93.74262101534828,81.06060606060608,93.58288770053476,80.6390977443609,90.78947368421053,86.97916666666666,95.3125,79.83193277310923,92.6470588235294,81.02683597362389,93.21490824472458,77.00030546031026,90.79008290790506,0.45008725288934226
620.0,95.50173010380625,98.1930026912726,76.97707736389687,86.79083094555874,75.60975609756096,86.96175850647396,73.28199052132702,80.18364928909952,82.56302521008404,93.23529411764706,80.78671585933503,89.07290711001038,81.96142093200916,90.13696387645967,83.28726025929495,91.19468552448302,87.45593419506466,94.47003525264395,88.80675998634347,96.58586548310004,90.31584121912253,94.78923436155831,86.36544331836696,93.43535689964901,83.576079588851,91.2541320048297,0.38488046743277976,70.7446808510638,93.61702127659575,57.236842105263186,91.2280701754386,85.1449275362319,85.5072463768116,74.24242424242425,86.86868686868688,77.49999999999999,84.16666666666666,72.97377494699663,88.2775382728399,76.6233766233766,93.74262101534828,81.06060606060608,93.58288770053476,80.6390977443609,90.88345864661655,86.97916666666666,95.44270833333334,79.83193277310923,92.85714285714285,81.02683597362389,93.30176371059514,77.00030546031026,90.78965099171752,0.44943984472638365
621.0,95.3287197231834,99.26951172625913,79.47707736389685,90.35816618911174,79.5392953929539,86.02830472749173,78.44342417061613,81.62026066350711,75.33613445378153,86.05042016806723,81.62493022088636,88.66533269488738,80.47173414820473,90.42344210411437,84.5976642022929,92.01114325511625,87.29142185663926,95.20799059929494,90.53089791737796,96.80095595766473,88.27884969890624,95.95674081356765,86.23411356468422,94.08005454595158,83.92952189278529,91.37269362041948,0.38654857290252015,70.7446808510638,93.61702127659575,57.236842105263186,90.78947368421053,85.1449275362319,85.5072463768116,79.7979797979798,86.86868686868688,77.49999999999999,84.16666666666666,74.08488605810774,88.1898189745943,76.6233766233766,93.74262101534828,81.06060606060608,93.58288770053476,80.6390977443609,90.60150375939851,88.54166666666666,95.3125,81.30252100840335,92.85714285714285,81.63345362068272,93.21933106648487,77.85916983939524,90.70457502053958,0.44821166847221283
622.0,94.46366782006922,97.69319492502883,81.26074498567336,90.07163323782234,80.12646793134596,87.7145438121048,74.98518957345973,80.55390995260665,78.19327731092437,86.89075630252101,81.80586952429454,88.58480764601674,77.8361344537815,89.04834661137183,84.76374156219862,91.83113682631523,85.99294947121037,93.6662749706228,89.74393991123252,96.23762376237623,87.74118225390193,95.20093400516161,85.21558953046498,93.19686323516954,83.51072952737977,90.89083544059315,0.40230014742946923,70.7446808510638,93.61702127659575,57.236842105263186,90.78947368421053,85.1449275362319,85.5072463768116,79.7979797979798,86.86868686868688,77.49999999999999,84.16666666666666,74.08488605810774,88.1898189745943,76.6233766233766,93.74262101534828,81.06060606060608,93.58288770053476,80.6390977443609,90.50751879699249,86.97916666666666,95.3125,81.30252100840335,92.85714285714285,81.32095362068272,93.20053407400367,77.70291983939524,90.69517652429899,0.4481270742986142
623.0,94.8096885813149,97.69319492502883,81.26074498567336,89.3839541547278,79.7199638663053,88.58777476663656,74.17802132701424,84.31575829383885,84.03361344537815,87.89915966386555,82.80040644113718,89.57596836081952,82.92589763177997,91.0427807486631,84.10907532411869,90.78752812600449,87.77908343125736,93.49941245593419,88.9040628200751,96.91703653123933,88.85953053951087,94.63561509155709,86.51552994934839,93.37647459067963,84.65796819524279,91.47622147574958,0.389829722601688,70.7446808510638,93.61702127659575,57.236842105263186,91.66666666666666,85.1449275362319,85.5072463768116,74.24242424242425,86.86868686868688,77.49999999999999,84.16666666666666,72.97377494699663,88.36525757108552,76.6233766233766,93.74262101534828,81.06060606060608,93.58288770053476,80.6390977443609,90.60150375939851,86.97916666666666,95.3125,79.83193277310923,92.85714285714285,81.02683597362389,93.21933106648487,77.00030546031026,90.7922943187852,0.44923611377087885
624.0,95.32871972318343,98.11610918877355,84.47707736389687,88.82521489971347,76.42276422764226,86.14875037639266,75.59982227488153,80.13921800947867,79.74789915966386,88.78151260504201,82.3152565498536,88.40216101588007,81.08288770053476,89.27480082942269,82.3068681024322,91.45183756562733,87.51468860164515,94.09635722679201,89.09866848753842,97.03311710481393,89.58768587931671,96.14722870836918,85.91815975429344,93.60066828700504,84.11670815207353,91.00141465144256,0.39164519605010917,70.7446808510638,93.61702127659575,57.236842105263186,91.66666666666666,85.1449275362319,85.5072463768116,74.24242424242425,87.2053872053872,72.49999999999997,84.16666666666666,71.97377494699663,88.43259763842556,76.6233766233766,93.74262101534828,78.78787878787881,93.58288770053476,80.6390977443609,90.60150375939851,86.97916666666666,95.57291666666666,79.83193277310923,92.85714285714285,80.57229051907844,93.27141439981821,76.27303273303752,90.85200601912189,0.4516810340127085
625.0,94.98269896193774,97.38562091503267,81.69054441260745,87.33524355300861,76.82926829268291,85.93797049081601,76.17002369668246,84.52310426540284,76.07142857142857,87.52100840336135,81.14879278706783,88.54058952552428,82.19060351413292,88.96649568918477,82.46865959498551,90.83467266688096,86.80376028202119,93.47356051703879,89.44349607374534,97.14236940935473,87.64593830650117,93.94125599115154,85.71049155427723,92.87167085472215,83.42964217067254,90.70613019012322,0.40561700414979956,70.7446808510638,93.61702127659575,57.236842105263186,91.66666666666666,85.1449275362319,85.5072463768116,74.24242424242425,86.53198653198653,72.49999999999997,84.16666666666666,71.97377494699663,88.29791750374545,76.6233766233766,93.74262101534828,78.78787878787881,93.67201426024955,80.6390977443609,90.60150375939851,86.97916666666666,95.57291666666666,79.83193277310923,92.85714285714285,80.57229051907844,93.28923971176117,76.27303273303752,90.79357860775332,0.450345145890564
626.0,95.15570934256058,97.77008842752787,86.40401146131808,90.15759312320917,79.08762420957541,83.80006022282444,71.52695497630333,77.47334123222748,78.27731092436974,84.83193277310924,82.09032218282543,86.80660315577964,81.83728036669213,91.45203535959838,82.79652844744453,92.37758491374693,85.55816686251472,92.66980023501763,91.36223967224309,97.70911573916013,86.9607963622957,95.25623694236205,85.70300234223804,93.89295463797703,83.89666226253173,90.34977889687833,0.4038029508903626,70.7446808510638,93.61702127659575,57.236842105263186,91.2280701754386,85.1449275362319,85.5072463768116,74.24242424242425,86.53198653198653,77.49999999999999,84.16666666666666,72.97377494699663,88.21019820549984,76.6233766233766,93.74262101534828,78.78787878787881,93.76114081996437,80.6390977443609,90.69548872180452,86.97916666666666,95.3125,79.83193277310923,92.6470588235294,80.57229051907844,93.23176187612931,76.77303273303752,90.72098004081457,0.4482204871672191
627.0,94.8096885813149,99.07727797001154,84.62034383954156,90.51575931232092,83.19783197831977,89.58145137006926,71.62322274881518,77.75473933649289,76.07142857142857,81.9327731092437,82.064503143884,87.77240021962766,79.25897631779983,89.65404343555603,82.14293367620269,90.14036215579128,85.55229142185668,94.23501762632198,91.07033117104815,96.16934107203822,88.13137519970506,94.97357748555979,85.23118155732249,93.03446835505345,83.64784235060324,90.40343428734056,0.4029813717090445,70.7446808510638,93.61702127659575,57.236842105263186,91.2280701754386,85.1449275362319,85.5072463768116,74.24242424242425,86.86868686868688,77.49999999999999,84.16666666666666,72.97377494699663,88.2775382728399,76.6233766233766,93.74262101534828,82.04099821746883,93.67201426024955,79.32330827067669,90.60150375939851,88.54166666666666,95.3125,81.30252100840335,92.85714285714285,81.56637415731844,93.23715637842784,77.27007455215752,90.75734732563387,0.4482078262018484
628.0,94.8096885813149,97.07804690503652,83.76074498567337,89.06876790830945,81.75248419150856,91.17735621800662,74.74822274881518,85.27843601895735,80.39915966386555,89.45378151260503,83.09406003423551,90.41127771258299,82.38158899923604,89.84230055658627,82.96153434051213,91.64470159648559,87.45593419506467,93.67567567567568,89.49641515875724,95.88938204165242,86.23264102248987,95.25009217156199,85.70562274321199,93.26043040839238,84.39984138872376,91.83585406048769,0.3780114143697479,70.7446808510638,93.61702127659575,57.236842105263186,91.66666666666666,85.1449275362319,85.5072463768116,74.24242424242425,86.86868686868688,77.49999999999999,84.16666666666666,72.97377494699663,88.36525757108552,76.6233766233766,93.74262101534828,81.06060606060608,93.67201426024955,80.6390977443609,90.60150375939851,88.54166666666666,95.44270833333334,81.30252100840335,92.85714285714285,81.63345362068272,93.2631980450945,77.30361428383966,90.81422780809001,0.4495603504576332
629.0,93.59861591695504,98.26989619377163,84.04727793696276,91.77650429799426,85.86269196025292,91.2375790424571,71.62322274881518,82.59774881516587,78.92857142857143,87.01680672268908,82.81207599831147,90.17970701441558,80.99694423223835,89.86139910509658,84.92446158791383,91.68113146898102,86.64512338425385,94.20446533490012,91.3178559235234,96.88289518607034,87.59370775470074,94.24849453115398,86.29561857652604,93.37567712524041,84.55384728741876,91.77769206982799,0.37756470114860835,70.7446808510638,93.61702127659575,57.236842105263186,91.66666666666666,85.1449275362319,85.5072463768116,74.24242424242425,86.86868686868688,77.49999999999999,84.16666666666666,72.97377494699663,88.36525757108552,76.6233766233766,93.74262101534828,81.06060606060608,93.67201426024955,79.32330827067669,90.50751879699249,88.54166666666666,95.44270833333334,81.30252100840335,92.85714285714285,81.37029572594588,93.2444010526133,77.17203533647125,90.8048293118494,0.4488989793306757
630.0,95.15570934256058,96.96270665128796,81.26074498567337,89.29799426934098,79.49412827461606,91.83980728696176,76.78465639810427,82.25710900473933,83.99159663865548,89.95798319327731,83.33736712792196,90.06312008112147,81.62719633307867,89.67859871221215,83.94406943105108,91.77327761705776,86.64512338425385,93.7273795534665,91.51246159098669,96.53123933082964,87.74118225390193,92.53410347794028,86.29400659865443,92.84891973830126,84.81568686328819,91.45601990971136,0.3864954166090884,70.7446808510638,93.61702127659575,57.236842105263186,91.66666666666666,85.1449275362319,85.5072463768116,74.24242424242425,86.53198653198653,77.49999999999999,84.16666666666666,72.97377494699663,88.29791750374545,76.6233766233766,93.62455726092091,81.06060606060608,93.67201426024955,79.32330827067669,90.60150375939851,88.54166666666666,95.44270833333334,81.30252100840335,92.85714285714285,81.37029572594588,93.23958529420904,77.17203533647125,90.76875139897724,0.44884343828106393
631.0,94.29065743944638,98.57747020376777,79.47707736389685,87.72206303724927,86.49503161698283,92.41192411924119,72.33412322274881,83.87144549763033,80.39915966386555,87.39495798319328,82.59920986138808,89.99557216821638,82.80175706646294,90.43435556040598,81.81399335690558,90.91181827922426,88.10810810810813,94.38542890716803,90.97302833731649,95.41481734380335,86.38011552169105,94.1747572815534,86.01540047809684,93.064235474431,84.30730516974245,91.5299038213237,0.38541318744864156,70.7446808510638,93.61702127659575,57.236842105263186,91.2280701754386,85.1449275362319,85.5072463768116,74.24242424242425,86.53198653198653,72.49999999999997,84.16666666666666,71.97377494699663,88.21019820549984,76.6233766233766,93.74262101534828,81.06060606060608,93.76114081996437,80.6390977443609,90.60150375939851,88.54166666666666,95.57291666666666,81.30252100840335,92.85714285714285,81.63345362068272,93.30706502370414,76.80361428383966,90.758631614602,0.44977633436892595
632.0,94.98269896193774,98.30834294502114,78.55300859598854,86.71919770773638,77.23577235772356,86.44986449864498,74.74822274881518,83.32345971563981,86.23949579831934,90.04201680672269,82.35183969255688,88.96857633475301,81.01604278074865,90.47255265742662,84.26979534983388,92.36044144433731,87.62044653349004,93.05287896592245,89.30180949129397,95.49675657220894,90.22059727172174,95.87071402236697,86.48573828541767,93.45066873245246,84.41878898898727,91.20962253360273,0.38690888013117647,70.7446808510638,93.61702127659575,57.236842105263186,90.78947368421053,85.1449275362319,85.5072463768116,79.7979797979798,86.53198653198653,77.49999999999999,84.16666666666666,74.08488605810774,88.12247890725423,76.6233766233766,93.74262101534828,82.04099821746883,93.76114081996437,80.6390977443609,90.60150375939851,88.54166666666666,95.44270833333334,81.30252100840335,92.85714285714285,81.82953205205527,93.28102335703747,77.9572090550815,90.70175113214586,0.4468133974092963
633.0,94.63667820069206,98.00076893502498,80.97421203438398,88.32378223495702,80.93947606142726,91.96025293586268,71.38625592417061,79.56161137440759,83.34033613445378,88.23529411764707,82.25539167102554,89.21634191957988,82.73491214667685,91.44930699552548,84.4348012429015,91.5696989178185,87.94359576968276,94.90716803760282,90.32775691362241,96.24786616592694,88.95477448691165,95.80312154356643,86.87916811195903,93.99543233208803,84.56727989149229,91.60588712583396,0.3846264583596547,70.7446808510638,93.61702127659575,57.236842105263186,91.2280701754386,85.1449275362319,85.5072463768116,74.24242424242425,86.53198653198653,77.49999999999999,84.16666666666666,72.97377494699663,88.21019820549984,76.6233766233766,93.74262101534828,79.76827094474154,93.76114081996437,80.6390977443609,90.60150375939851,88.54166666666666,95.44270833333334,81.30252100840335,92.85714285714285,81.37498659750982,93.28102335703747,77.17438077225322,90.74561078126865,0.4473057689588935
634.0,94.29065743944638,98.03921568627452,77.75787965616048,88.93982808022922,80.71364046973801,89.79223125564589,73.89662322274881,79.90225118483413,76.80672268907564,85.29411764705883,80.69310469543386,88.39352877080852,82.71581359816653,90.98548510313216,84.10907532411869,91.78827815279116,86.5922444183314,93.67332549941246,89.78832365995221,96.39467395015365,86.622833968293,94.2239154479538,85.96565819377237,93.41313563068863,83.32938144460311,90.90333220074857,0.3942552554336668,70.7446808510638,93.61702127659575,57.236842105263186,91.66666666666666,85.1449275362319,85.5072463768116,74.24242424242425,86.53198653198653,77.49999999999999,84.16666666666666,72.97377494699663,88.29791750374545,76.6233766233766,93.74262101534828,79.76827094474154,93.67201426024955,80.6390977443609,90.60150375939851,86.97916666666666,95.44270833333334,81.30252100840335,92.85714285714285,81.06248659750982,93.2631980450945,77.01813077225322,90.78055777441998,0.44755427773443784
635.0,93.9446366782007,96.96270665128796,77.26361031518624,86.6618911174785,79.90063233965671,88.85877747666365,75.83678909952609,83.75296208530806,78.97058823529413,87.47899159663865,81.18325133357277,88.74306578547537,83.13598166539342,90.94183127796573,84.92660452159004,92.01114325511625,87.18566392479438,94.26792009400705,90.23045407989075,97.07408671901673,93.09020523534471,95.90143787636721,87.71378188540265,94.03928384449459,84.44851660948771,91.39117481498498,0.3816929263793243,70.7446808510638,93.61702127659575,57.236842105263186,91.66666666666666,85.1449275362319,85.5072463768116,74.24242424242425,86.53198653198653,77.49999999999999,84.16666666666666,72.97377494699663,88.29791750374545,76.6233766233766,93.74262101534828,80.7486631016043,93.76114081996437,80.6390977443609,90.60150375939851,86.97916666666666,95.44270833333334,79.83193277310923,92.85714285714285,80.96444738182353,93.28102335703747,76.96911116441008,90.78947043039146,0.44671816471687215
636.0,94.98269896193774,98.92349096501346,85.05014326647567,91.57593123209169,88.93405600722672,93.40560072267388,78.82109004739338,79.84300947867298,86.89075630252103,94.11764705882352,86.93574891711091,91.57313589145511,82.19060351413292,89.93506493506493,82.95939140683592,91.35969141755062,88.5428907168038,94.18331374853115,91.02594742232844,97.69545920109253,87.98390070050387,95.42829052476343,86.54054675212099,93.72036396540054,86.73814783461594,92.64674992842782,0.3670965138668983,70.7446808510638,93.61702127659575,57.236842105263186,91.66666666666666,85.1449275362319,85.5072463768116,75.75757575757575,86.53198653198653,72.49999999999997,83.33333333333333,72.27680525002692,88.13125083707878,76.6233766233766,93.74262101534828,80.7486631016043,93.76114081996437,81.95488721804512,90.60150375939851,86.97916666666666,95.44270833333334,83.4033613445378,93.06722689075629,81.94189099084609,93.32304016376015,77.10934812043651,90.72714550041947,0.4485694457049187
637.0,95.84775086505192,98.42368319876971,81.83381088825217,85.48710601719198,85.27551942186086,89.22011442336645,73.04502369668249,79.87263033175354,81.86974789915966,88.8655462184874,83.57437055420142,88.37381603791383,80.11841100076393,90.79449961802904,85.09053894781952,92.82117218472088,87.35017626321977,94.42068155111633,89.19597132127006,96.42881529532264,88.07914464790463,95.85842448076687,85.96684843619558,94.06471862599116,84.7706094951985,91.2192673319525,0.39339808386741065,70.7446808510638,93.61702127659575,57.236842105263186,91.66666666666666,85.1449275362319,85.5072463768116,74.24242424242425,86.53198653198653,77.49999999999999,83.33333333333333,72.97377494699663,88.13125083707878,76.6233766233766,93.74262101534828,79.76827094474154,93.76114081996437,81.95488721804512,90.60150375939851,86.97916666666666,95.44270833333334,81.30252100840335,92.85714285714285,81.32564449224665,93.28102335703747,77.14970971962164,90.70613709705813,0.4469694427482182
638.0,94.29065743944638,98.76970396001538,82.26361031518626,87.82234957020057,80.75880758807587,90.00301114122252,68.87588862559242,77.2808056872038,81.17647058823529,87.85714285714286,81.47308691130725,88.34660264315701,79.9274255156608,89.66222852777474,82.79652844744453,91.51398264223722,86.85663924794362,94.21621621621622,90.68111983612155,96.53806759986342,90.07312277252059,96.19638687476957,86.06696716393822,93.62537637217224,83.77002703762273,90.98598950766463,0.38523898864552464,70.7446808510638,93.61702127659575,57.236842105263186,91.2280701754386,85.1449275362319,85.5072463768116,74.24242424242425,86.53198653198653,77.49999999999999,83.33333333333333,72.97377494699663,88.04353153883316,76.6233766233766,93.74262101534828,83.02139037433157,93.85026737967914,80.6390977443609,90.60150375939851,86.97916666666666,95.3125,81.30252100840335,92.85714285714285,81.71311048342781,93.27280700231375,77.34344271521222,90.65816927057347,0.4468846575826404
639.0,89.25413302575934,96.69357939254132,78.47421203438397,87.69340974212035,74.79674796747965,88.49744052996085,74.37055687203792,82.09419431279622,76.07142857142857,82.60504201680673,78.5934156942179,87.5167331988451,81.96142093200916,89.70588235294117,85.25233044037284,93.1404693024751,87.0799059929495,93.98354876615747,90.32775691362241,96.09423011266645,90.51554627012412,95.32997419196263,87.02739210981561,93.65082094524055,82.81040390201676,90.58377707204284,0.3984869423375195,70.7446808510638,93.61702127659575,57.236842105263186,91.2280701754386,85.1449275362319,85.5072463768116,74.24242424242425,86.53198653198653,72.49999999999997,83.33333333333333,71.97377494699663,88.04353153883316,76.6233766233766,93.74262101534828,80.7486631016043,93.85026737967915,81.95488721804512,90.60150375939851,86.97916666666666,95.44270833333334,83.4033613445378,93.06722689075629,81.94189099084609,93.34086547570311,76.95783296892137,90.69219850726813,0.4468017226835581
640.0,93.59861591695503,97.77008842752788,82.26361031518626,87.79369627507164,79.31345980126466,86.29930743751882,75.22215639810427,82.58293838862559,78.84453781512605,87.77310924369749,81.84847604932725,88.44382795448828,81.85637891520243,91.01276874386117,84.76159862852242,92.97332047573128,87.72620446533492,93.63337250293772,91.66268350973029,96.18299761010583,88.76428659211012,96.64495514317316,86.95423042218003,94.08948289516182,84.40135323575365,91.26665542482505,0.38584311712606745,70.7446808510638,93.61702127659575,57.236842105263186,91.2280701754386,85.1449275362319,85.5072463768116,74.24242424242425,86.53198653198653,72.49999999999997,83.33333333333333,71.97377494699663,88.04353153883316,76.6233766233766,93.74262101534828,80.7486631016043,93.85026737967915,81.95488721804512,90.60150375939851,86.97916666666666,95.44270833333334,83.4033613445378,93.06722689075629,81.94189099084609,93.34086547570311,76.95783296892137,90.69219850726813,0.44671909285182987
641.0,94.63667820069206,97.73164167627836,87.83667621776505,91.01719197707736,82.15898825654921,89.25022583559169,71.62322274881518,79.26540284360189,74.72689075630251,86.68067226890757,82.1964912360248,88.78902692029138,80.0133689839572,90.55167521554075,85.09268188149574,91.95114111218258,88.10810810810813,94.40188014101058,92.25503584841242,96.78388528508025,90.27282782352218,95.77854246036624,87.14840452909912,93.89342484283608,84.67244788256195,91.34122588156373,0.37918434406743706,70.7446808510638,93.61702127659575,57.236842105263186,91.2280701754386,85.1449275362319,85.5072463768116,74.24242424242425,86.53198653198653,72.49999999999997,83.33333333333333,71.97377494699663,88.04353153883316,76.6233766233766,93.74262101534828,80.7486631016043,93.76114081996434,81.95488721804512,90.41353383458647,86.97916666666666,95.44270833333334,79.83193277310923,92.85714285714285,81.22760527656037,93.24342937207506,76.6006901117785,90.64348045545411,0.44680159258918317
642.0,94.11764705882354,97.46251441753171,86.26074498567337,90.60171919770774,77.86811201445347,87.74465522433003,72.09715639810427,77.3696682464455,76.11344537815125,85.7983193277311,81.2914211670412,87.7953752827492,79.59320091673032,89.52581032412967,85.90806814529087,93.24761598628523,87.18566392479438,93.94829612220916,90.68111983612155,96.03618982587913,87.10827086149688,94.23006021875383,86.09526473688679,93.3975944954514,83.69334295196398,90.59648488910031,0.395034998313533,70.7446808510638,93.61702127659575,57.236842105263186,91.2280701754386,85.1449275362319,85.5072463768116,79.7979797979798,86.86868686868686,77.49999999999999,83.33333333333333,74.08488605810774,88.11087160617322,76.6233766233766,93.74262101534828,81.06060606060608,93.58288770053476,79.32330827067669,90.41353383458647,86.97916666666666,95.3125,81.30252100840335,92.85714285714285,81.05779572594588,93.18173708152247,77.57134089202681,90.64630434384785,0.44584772375965626
643.0,94.8096885813149,97.96232218377547,81.40401146131806,88.40974212034385,85.0496838301716,89.19000301114121,72.61552132701424,81.10189573459715,75.33613445378153,86.26050420168066,81.84300793072006,88.58489345030766,83.68029029793735,92.36330895994762,84.59552126861671,91.30826100932175,87.83783783783787,94.90246768507637,89.93854557869581,96.66439057698874,88.76428659211012,96.19638687476957,86.96329631503957,94.28696302122081,84.40315212287982,91.43592823576424,0.3850058256648982,70.7446808510638,93.61702127659575,57.236842105263186,91.2280701754386,85.1449275362319,85.5072463768116,74.24242424242425,86.86868686868686,72.49999999999997,83.33333333333333,71.97377494699663,88.11087160617322,76.6233766233766,93.74262101534828,82.04099821746883,93.76114081996437,81.95488721804512,90.50751879699249,86.97916666666666,95.44270833333334,81.30252100840335,93.06722689075629,81.7801899467921,93.30424317127896,76.87698244689437,90.70755738872609,0.44567951919583954
644.0,95.15570934256056,98.50057670126874,83.76074498567337,88.22349570200572,80.30713640469736,92.32158988256549,76.40699052132702,83.21978672985782,78.19327731092437,86.34453781512606,82.76477171303654,89.72199736616476,80.66271963330786,89.77136309069083,84.2697953498339,91.5761277188471,88.27262044653351,94.64629847238544,89.49641515875724,96.71560259474224,88.61681209290894,96.48519110237189,86.26367253626829,93.83891659580749,84.5142221246524,91.78045698098612,0.37870481448848187,70.7446808510638,93.61702127659575,57.236842105263186,91.2280701754386,85.1449275362319,85.5072463768116,74.24242424242425,86.86868686868686,72.49999999999997,83.33333333333333,71.97377494699663,88.11087160617322,76.6233766233766,93.74262101534828,82.04099821746883,93.93939393939394,81.95488721804512,90.41353383458647,88.54166666666666,95.3125,81.30252100840335,92.85714285714285,82.0926899467921,93.2530383292943,77.03323244689437,90.68195496773376,0.4465739250145847
645.0,94.46366782006922,97.11649365628604,84.33381088825217,91.41833810888251,80.30713640469736,90.7859078590786,79.29502369668249,85.23400473933648,81.17647058823529,86.89075630252101,83.91522187958732,90.28910013322093,80.68181818181817,89.11382734912145,84.4337297760634,91.16682738669238,86.37485311398358,93.5111633372503,91.91020826220554,96.98531922157733,90.125353324321,96.21482118716972,86.70519253167835,93.39839169636222,85.31020720563284,91.84374591479158,0.37236778768676715,70.7446808510638,93.61702127659575,57.236842105263186,91.2280701754386,85.1449275362319,85.5072463768116,74.24242424242425,86.86868686868686,72.49999999999997,83.33333333333333,71.97377494699663,88.11087160617322,76.6233766233766,93.74262101534828,82.04099821746883,93.85026737967915,80.6390977443609,90.41353383458647,88.54166666666666,95.3125,81.30252100840335,93.06722689075629,81.82953205205527,93.27722982407404,76.90165349952595,90.69405071512364,0.44677478956362854
646.0,94.98269896193774,98.34678969627066,80.33667621776505,82.73638968481376,84.23667570009032,91.38813610358325,77.59182464454977,85.73755924170617,75.33613445378153,84.28571428571428,82.49680199562488,88.49891780241762,79.15393430099313,89.92687984284625,84.76052716168432,91.98328511732562,86.90951821386608,93.5111633372503,89.00136565380676,95.79378627517924,88.71205604030969,96.17795256236943,85.707480274132,93.47861342699416,84.10214113487844,90.9887656147059,0.3966449274416569,70.7446808510638,93.61702127659575,57.236842105263186,91.2280701754386,85.1449275362319,85.5072463768116,74.24242424242425,86.86868686868686,77.49999999999999,83.33333333333333,72.97377494699663,88.11087160617322,76.6233766233766,93.74262101534828,82.04099821746883,93.76114081996437,80.6390977443609,90.50751879699249,88.54166666666666,95.3125,81.30252100840335,93.06722689075629,81.82953205205527,93.27820150461227,77.40165349952595,90.69453655539274,0.44516295514393056
647.0,95.32871972318343,98.42368319876971,82.26361031518627,90.32951289398281,87.94037940379401,94.24872026498043,74.74822274881518,80.46504739336493,78.97058823529413,83.4453781512605,83.8503040852546,89.38246838047168,81.62719633307867,90.25564771363092,83.61834351226827,91.77756348441015,87.18566392479438,94.07285546415982,89.88562649368384,97.25162171389553,87.68895170210152,97.17955020277745,86.00115639318534,94.10744771577477,84.92573023921997,91.74495804812322,0.3724576326231878,70.7446808510638,93.61702127659575,57.236842105263186,91.2280701754386,85.1449275362319,85.5072463768116,75.75757575757575,86.86868686868686,72.49999999999997,83.33333333333333,72.27680525002692,88.11087160617322,76.6233766233766,93.74262101534828,82.04099821746883,93.85026737967915,81.95488721804512,90.41353383458647,88.54166666666666,95.3125,81.30252100840335,93.06722689075629,82.0926899467921,93.27722982407404,77.18474759840952,90.69405071512364,0.4471302452725674
648.0,89.42714340638219,96.77047289504037,83.90401146131806,90.2865329512894,78.27461607949412,87.62420957542909,73.42268957345973,82.36078199052133,86.93277310924371,95.46218487394957,82.39224672597956,90.50083645724597,82.20970206264325,90.18334606569901,82.96474874102643,91.27611700417873,85.88131609870743,92.5358401880141,91.86582451348583,96.80095595766474,89.24972348531401,95.80312154356643,86.43426298023539,93.3198761518246,84.41325485310747,91.91035630453528,0.37257372879942424,70.7446808510638,93.61702127659575,57.236842105263186,91.2280701754386,85.1449275362319,85.5072463768116,75.75757575757575,86.86868686868686,72.49999999999997,83.33333333333333,72.27680525002692,88.11087160617322,76.6233766233766,93.74262101534828,82.04099821746883,93.85026737967915,80.6390977443609,90.50751879699249,88.54166666666666,95.3125,81.30252100840335,93.06722689075629,81.82953205205527,93.29602681655524,77.05316865104109,90.70344921136423,0.44638256780817753
649.0,94.98269896193774,97.6163014225298,82.83667621776507,89.34097421203437,80.53297199638662,89.28033724781692,80.71682464454977,87.4111374407583,75.3781512605042,87.18487394957984,82.88946461622868,90.16672485454384,82.52482811306339,91.44930699552548,84.26872388299579,92.15471981142184,87.62044653349005,93.78378378378378,88.45339706384432,96.09081597814955,87.74118225390193,94.51886444635616,86.1217155694591,93.59949820304735,84.50559009284389,91.8831115287956,0.37388536733411015,70.7446808510638,93.61702127659575,57.236842105263186,91.2280701754386,85.1449275362319,85.5072463768116,75.75757575757575,87.2053872053872,72.49999999999997,83.33333333333333,72.27680525002692,88.17821167351329,76.6233766233766,93.74262101534828,83.02139037433157,93.93939393939394,81.95488721804512,90.50751879699249,89.06249999999999,95.3125,84.87394957983192,93.06722689075629,83.10722075911704,93.3138521284982,77.69201300457198,90.74603190100575,0.44751573067798156
650.0,96.02076124567476,99.03883121876201,90.33667621776506,94.756446991404,79.26829268292681,89.79223125564589,72.66735781990522,81.9905213270142,86.97478991596638,90.71428571428572,85.05357557644764,91.25846330142238,82.50572956455309,91.35654261704683,83.45119468552444,92.5983070823958,86.80963572267923,93.2385428907168,89.0542847388187,96.57220894503243,89.83040432591865,96.3377166031707,86.33024980749882,94.02066362767252,85.69191269197323,92.63956346454745,0.35948432501148253,70.7446808510638,93.61702127659575,57.236842105263186,91.2280701754386,85.1449275362319,85.5072463768116,75.75757575757575,87.2053872053872,72.49999999999997,83.33333333333333,72.27680525002692,88.17821167351329,77.27272727272727,93.74262101534828,80.7486631016043,93.93939393939394,81.95488721804512,90.6015037593985,89.06249999999999,95.44270833333334,86.97478991596638,93.06722689075629,83.20271350166861,93.35869078764605,77.73975937584777,90.76845123057967,0.4457190923180763
651.0,94.98269896193774,98.15455594002307,84.90687679083098,90.53008595988538,79.08762420957541,90.2439024390244,77.73252369668249,83.10130331753555,78.27731092436976,84.70588235294117,82.99740691667928,89.34714600188191,81.77043544690602,89.69769726072248,85.41947926711664,91.53969784635166,86.37485311398358,93.12808460634548,90.13315124615912,96.33663366336634,90.85350866412682,96.6388103723731,86.91028554765845,93.4681847498318,84.95384623216887,91.40766537585685,0.3742743971581327,70.7446808510638,93.61702127659575,57.236842105263186,91.2280701754386,85.1449275362319,85.5072463768116,75.75757575757575,86.86868686868686,72.49999999999997,83.33333333333333,72.27680525002692,88.11087160617322,76.6233766233766,93.74262101534828,80.7486631016043,93.85026737967915,81.95488721804512,90.6015037593985,89.06249999999999,95.57291666666666,84.87394957983192,93.06722689075629,82.65267530457157,93.36690714236977,77.46474027729926,90.7388893742715,0.44421721872570047
652.0,94.98269896193774,97.77008842752787,80.05014326647566,89.84240687679083,82.7913279132791,87.74465522433002,77.49555687203792,83.60485781990519,82.56302521008404,89.03361344537815,83.5765504447629,89.59912435878641,79.1348357524828,87.9897413510859,84.1080038572806,91.0318225650916,87.8907168037603,94.69330199764983,90.72550358484125,97.22430863776033,90.125353324321,96.20253164556962,86.39688266453719,93.42834123943146,84.98671655465004,91.51373279910894,0.3823861910133687,70.7446808510638,93.61702127659575,57.236842105263186,91.2280701754386,85.1449275362319,85.5072463768116,75.75757575757575,86.86868686868686,72.49999999999997,83.33333333333333,72.27680525002692,88.11087160617322,76.6233766233766,93.74262101534828,82.04099821746883,93.76114081996437,81.95488721804512,90.6015037593985,89.06249999999999,95.44270833333333,84.87394957983192,93.06722689075629,82.91114232774449,93.32304016376014,77.5939737888857,90.71695588496668,0.4450197410127641
653.0,95.32871972318343,97.73164167627834,86.69054441260747,93.88252148997134,84.64317976513097,91.05691056910568,74.84449052132702,83.24940758293839,79.74789915966386,86.63865546218487,84.25096671638255,90.51182735609572,82.38158899923604,91.17101386008949,85.09053894781952,93.79406407371691,86.6392479435958,94.03760282021152,91.8129054284739,96.18299761010583,89.83040432591866,97.7264348039818,87.15093712900878,94.58242263362112,85.70095192269567,92.54712499485842,0.3584052838127268,70.7446808510638,93.61702127659575,57.236842105263186,91.2280701754386,85.1449275362319,85.5072463768116,75.75757575757575,86.86868686868686,72.49999999999997,83.33333333333333,72.27680525002692,88.11087160617322,76.6233766233766,93.74262101534828,79.76827094474154,93.76114081996437,81.95488721804512,90.6015037593985,89.06249999999999,95.57291666666666,84.87394957983192,93.06722689075629,82.45659687319903,93.3490818304268,77.36670106161299,90.72997671830001,0.44584616820386996
654.0,94.46366782006922,98.34678969627066,86.83381088825216,93.19484240687679,84.01084010840107,92.41192411924118,77.96949052132702,84.01954976303317,80.44117647058823,88.4453781512605,84.74379716172754,91.28369682733646,81.31207028265851,91.20921095711012,84.76159862852242,92.92617593485481,85.99294947121035,93.94594594594595,90.97302833731649,97.02970297029702,89.49244193191596,95.31768465036254,86.50641773032474,94.08574409171408,85.62510744602613,92.68472045952527,0.36388972985304185,70.7446808510638,93.61702127659575,57.236842105263186,91.2280701754386,85.1449275362319,85.5072463768116,75.75757575757575,86.86868686868686,72.49999999999997,83.33333333333333,72.27680525002692,88.11087160617322,76.6233766233766,93.62455726092091,82.04099821746883,93.58288770053476,80.6390977443609,90.6015037593985,88.54166666666666,95.44270833333333,81.30252100840335,93.06722689075629,81.82953205205527,93.26377678898875,77.05316865104109,90.68732419758098,0.4468127181112445
655.0,89.42714340638219,95.4632833525567,79.76361031518626,85.07163323782234,78.50045167118337,90.54501656127671,81.56842417061613,87.4111374407583,80.44117647058823,89.32773109243698,81.94016120679125,89.5637603369702,80.55767761650114,90.86816544799738,86.72238294224792,93.01189328190293,85.49941245593422,93.95064629847238,91.02594742232844,97.16626835097304,90.36807177092294,94.60489123755684,86.83469844158694,93.92037292338051,84.3874298241891,91.74206663017536,0.37814999761416185,70.7446808510638,93.61702127659575,57.236842105263186,91.2280701754386,85.1449275362319,85.5072463768116,75.75757575757575,86.86868686868686,72.49999999999997,83.33333333333333,72.27680525002692,88.11087160617322,76.6233766233766,93.50649350649351,82.04099821746883,93.76114081996437,81.95488721804512,90.6015037593985,90.62499999999999,95.44270833333333,84.87394957983192,93.27731092436974,83.22364232774449,93.31783146871189,77.7502237888857,90.71435153744255,0.4461373371584852
656.0,94.98269896193774,98.00076893502498,82.26361031518627,92.20630372492838,79.26829268292681,84.43239987955434,73.89662322274881,82.6718009478673,82.60504201680673,91.47058823529412,82.60325343992128,89.75637234453382,82.71581359816653,91.15191531157917,84.4369441765777,91.96614164791599,87.021151586369,93.59341950646298,92.45817685216797,96.99556162512803,88.71205604030969,95.34226373356273,87.06882845071817,93.80986036492978,84.83604094531972,91.78311635473179,0.37777999960512043,70.7446808510638,93.61702127659575,57.236842105263186,91.2280701754386,85.1449275362319,85.5072463768116,75.75757575757575,86.86868686868686,72.49999999999997,83.33333333333333,72.27680525002692,88.11087160617322,76.6233766233766,93.50649350649351,83.02139037433157,93.93939393939394,81.95488721804512,90.6015037593985,90.62499999999999,95.57291666666666,84.87394957983192,93.27731092436974,83.41972075911704,93.37952375926447,77.84826300457198,90.74519768271884,0.44481773026468424
657.0,84.7366397539408,95.96309111880046,78.47421203438397,88.58166189111748,78.68112014453476,90.45468232460102,72.23785545023698,76.24407582938389,86.89075630252103,91.00840336134453,80.2041167371235,88.4503829050495,84.08135981665393,90.64716795809234,83.45333761920067,91.38326368798886,88.37837837837841,93.96944770857813,92.35233868214408,97.07067258449982,87.64593830650117,95.80926631436647,87.18227056057565,93.77596365070512,83.69319364884957,91.11317327787731,0.38171269244520806,70.7446808510638,93.61702127659575,57.236842105263186,91.2280701754386,85.1449275362319,85.5072463768116,75.75757575757575,86.86868686868686,72.49999999999997,83.33333333333333,72.27680525002692,88.11087160617322,76.6233766233766,93.50649350649351,80.7486631016043,93.93939393939394,81.95488721804512,90.6015037593985,89.06249999999999,95.57291666666666,84.87394957983192,93.27731092436974,82.65267530457157,93.37952375926447,77.46474027729926,90.74519768271884,0.44294476513615855
658.0,95.32871972318343,98.46212995001922,84.19054441260747,89.08309455587393,82.56549232158986,89.06955736224029,70.91232227488152,75.14810426540284,80.39915966386555,92.6890756302521,82.67924767922555,88.89039235275767,81.96142093200916,91.05642256902762,85.25447337404906,92.41187185256616,87.12690951821388,94.11280846063454,89.99146466370776,97.19016729259134,93.38515423374706,97.4499201179796,87.54388454434539,94.44423805855986,85.11156611178546,91.66731520565877,0.3713449934748631,70.7446808510638,93.61702127659575,57.236842105263186,91.2280701754386,85.1449275362319,85.5072463768116,75.75757575757575,86.53198653198653,72.49999999999997,83.33333333333333,72.27680525002692,88.04353153883316,76.6233766233766,93.6245572609209,80.7486631016043,93.93939393939394,81.95488721804512,90.69548872180451,89.06249999999999,95.57291666666666,88.44537815126048,93.27731092436974,83.3669610188573,93.42193350263115,77.82188313444212,90.73273252073216,0.4424571621095293
659.0,94.8096885813149,99.50019223375625,77.12034383954155,84.71346704871061,82.15898825654921,90.09334537789823,78.58412322274883,86.50770142180096,78.97058823529413,88.48739495798318,82.32874642708973,89.86042020802986,82.69671504965622,90.95274473425734,84.76267009536052,91.94685524483018,87.35017626321977,94.3454759106933,88.85114373506316,95.79378627517924,89.97787882511983,96.0734914587686,86.7277167936839,93.82247072474573,84.52823161038681,91.8414454663878,0.3731676330930732,70.7446808510638,94.68085106382979,57.236842105263186,91.2280701754386,85.1449275362319,85.5072463768116,74.24242424242425,86.19528619528619,72.49999999999997,83.33333333333333,71.97377494699663,88.1889574289399,76.6233766233766,93.50649350649351,84.00178253119431,93.93939393939394,81.95488721804512,90.6015037593985,92.70833333333331,95.57291666666666,84.87394957983192,93.27731092436974,84.03246585715624,93.37952375926447,78.00312040207643,90.78424059410219,0.44258099934485673
660.0,96.02076124567476,98.03921568627452,89.04727793696277,92.8080229226361,82.38482384823847,90.60523938572719,74.74822274881518,82.0941943127962,81.09243697478992,89.2436974789916,84.65870455089622,90.55807395728513,80.85370511841099,91.02913892829858,84.1069323904425,92.28329583199401,88.05522914218568,95.01997649823737,89.44349607374531,96.02594742232844,86.86555241489492,93.77534717955021,85.86498302793588,93.62674117208174,85.26184378941605,92.09240756468344,0.3681449249162979,70.7446808510638,93.61702127659575,57.236842105263186,91.2280701754386,85.1449275362319,85.5072463768116,75.75757575757575,86.86868686868686,72.49999999999997,83.33333333333333,72.27680525002692,88.11087160617322,76.6233766233766,93.50649350649351,83.02139037433157,93.85026737967915,81.95488721804512,90.78947368421053,90.62499999999999,95.57291666666666,84.87394957983192,93.27731092436974,83.41972075911704,93.39929243228391,77.84826300457198,90.75508201922857,0.4431893372950905
661.0,94.98269896193774,99.07727797001154,79.62034383954156,89.68481375358166,85.0496838301716,91.26769045468232,77.35485781990522,81.5462085308057,81.17647058823529,86.30252100840336,83.63681100795829,89.57570234349691,80.74866310160427,90.87362217614319,86.23593699774989,91.807564555877,88.21974148061108,93.01057579318449,90.7784226698532,96.34346193240013,89.58768587931671,96.44217770677153,87.11409002582704,93.69548043287527,85.37545051689267,91.6355913881861,0.3729200131885424,70.7446808510638,93.61702127659575,57.236842105263186,91.2280701754386,85.1449275362319,85.5072463768116,75.75757575757575,86.86868686868686,72.49999999999997,83.33333333333333,72.27680525002692,88.11087160617322,76.6233766233766,93.50649350649351,80.7486631016043,93.93939393939394,81.95488721804512,90.78947368421052,89.06249999999999,95.57291666666666,86.97478991596638,93.27731092436974,83.07284337179847,93.41711774422689,77.6748243109127,90.76399467520005,0.4424274183846034
662.0,94.98269896193774,98.76970396001539,84.47707736389687,89.79942693409741,83.60433604336042,91.23757904245709,74.60752369668249,83.67890995260665,80.44117647058823,87.6050420168067,83.62256250729315,90.21813238119664,82.71581359816653,90.2870239004693,85.41626486660235,92.27043822993679,85.72855464159815,93.38895417156287,91.3178559235234,97.30283373164903,88.76428659211011,96.27012412437016,86.78855512440012,93.90387483159762,85.20555881584664,92.06100360639712,0.3681441054060453,70.7446808510638,93.61702127659575,57.236842105263186,91.2280701754386,85.1449275362319,85.5072463768116,75.75757575757575,86.86868686868686,72.49999999999997,83.33333333333333,72.27680525002692,88.11087160617322,76.6233766233766,93.50649350649351,80.7486631016043,93.93939393939394,81.95488721804512,90.78947368421052,89.06249999999999,95.57291666666666,84.87394957983192,93.27731092436974,82.65267530457157,93.41711774422689,77.46474027729926,90.76399467520005,0.4443572989087894
663.0,95.50173010380624,97.38562091503267,80.62320916905446,87.43553008595988,79.08762420957541,88.43721770551039,74.37055687203792,80.59834123222748,86.97478991596638,91.890756302521,83.31158205408808,89.1494932482503,80.20435446906035,88.34170031649023,84.92553305475192,91.69613200471444,87.39717978848417,94.00705052878966,89.93854557869582,96.66439057698874,89.58768587931671,95.46515914956372,86.4106597540618,93.23488651530936,84.86112090407494,91.19218988177983,0.38327116768979486,70.7446808510638,94.68085106382979,57.236842105263186,91.2280701754386,85.1449275362319,85.5072463768116,75.75757575757575,86.53198653198653,72.49999999999997,83.33333333333333,72.27680525002692,88.25629749627997,76.6233766233766,93.50649350649351,80.7486631016043,93.85026737967915,81.95488721804512,90.78947368421052,89.06249999999999,95.57291666666666,84.87394957983192,93.27731092436974,82.65267530457157,93.39929243228391,77.46474027729926,90.82779496428194,0.44187274960089284
664.0,95.15570934256058,98.26989619377161,83.90401146131806,89.68481375358166,80.93947606142726,88.94911171333936,71.14928909952609,80.06516587677726,84.03361344537815,91.76470588235294,83.03641988204201,89.74673868396457,81.8181818181818,91.44385026737967,83.45333761920065,91.98114218364941,87.83196239717984,94.4042303172738,92.25503584841242,96.86582451348583,90.75826471672606,96.59579697677277,87.22335647994015,94.2581688517123,85.12988818099109,92.00245376783843,0.36740151836349033,70.7446808510638,94.68085106382979,57.236842105263186,91.2280701754386,85.1449275362319,85.5072463768116,75.75757575757575,86.53198653198653,72.49999999999997,83.33333333333333,72.27680525002692,88.25629749627997,76.6233766233766,93.50649350649351,80.7486631016043,93.85026737967915,81.95488721804512,90.69548872180451,92.70833333333331,95.57291666666666,84.87394957983192,93.27731092436974,83.38184197123823,93.38049543980271,77.82932361063257,90.81839646804134,0.44223723601301207
665.0,95.84775086505192,97.96232218377547,81.54727793696276,88.35243553008596,84.4173441734417,90.1535682023487,73.18572274881518,83.05687203791469,85.54621848739497,90.96638655462183,84.10886284233331,90.09831690174933,81.54125286478227,90.49983629815563,84.4348012429015,92.42472945462337,86.86251468860166,93.4876615746181,90.08876749743942,96.80095595766474,89.97787882511983,95.73552906476588,86.58104302376893,93.78974246996555,85.34495293305112,91.94402968585743,0.3733898164755074,70.7446808510638,94.68085106382979,57.236842105263186,91.2280701754386,85.1449275362319,85.5072463768116,74.24242424242425,86.53198653198653,77.49999999999999,83.33333333333333,72.97377494699663,88.25629749627997,76.6233766233766,93.50649350649351,84.00178253119431,93.85026737967915,80.6390977443609,90.6015037593985,92.70833333333331,95.57291666666666,84.87394957983192,93.27731092436974,83.7693079624194,93.36169844732152,78.37154145470802,90.80899797180075,0.4412077438880565
666.0,94.98269896193774,99.15417147251058,82.40687679083096,89.05444126074498,78.68112014453476,85.57663354411321,72.94875592417063,79.51718009478672,82.56302521008404,90.67226890756302,82.31649540631165,88.7949390559437,80.34759358288768,90.461639201135,85.41840780027854,92.41187185256616,87.614571092832,93.59811985898942,90.9286445885968,96.79412768863092,91.4864200565319,95.26238171316209,87.15912742422537,93.70562806289672,84.73781141526851,91.25028355942021,0.37922529210036393,70.7446808510638,94.68085106382979,57.236842105263186,90.78947368421053,85.1449275362319,85.5072463768116,75.75757575757575,86.19528619528619,72.49999999999997,83.33333333333333,72.27680525002692,88.10123813069428,76.6233766233766,93.6245572609209,80.7486631016043,93.85026737967915,83.27067669172932,90.88345864661655,91.14583333333331,95.57291666666666,86.97478991596638,93.27731092436974,83.75266793320198,93.4417021756506,78.01473659161445,90.77147015317244,0.4400118981775224
667.0,95.6747404844291,96.88581314878894,84.47707736389687,90.12893982808023,78.68112014453476,87.77476663655526,74.37055687203792,83.36789099526068,78.27731092436976,86.72268907563026,82.29616115785367,88.97601993686308,82.80175706646294,91.82036450944014,85.41947926711666,92.71616843458695,88.38425381903645,92.951821386604,93.83748719699558,97.34038921133492,90.75826471672606,96.22711072876982,88.24024841326755,94.21117085414717,85.26820478556061,91.59359539550513,0.37253236527771455,70.7446808510638,94.68085106382979,57.236842105263186,90.78947368421053,85.1449275362319,85.5072463768116,75.75757575757575,86.19528619528619,77.49999999999999,83.33333333333333,73.27680525002692,88.10123813069428,76.6233766233766,93.50649350649351,81.72905525846703,93.85026737967915,81.95488721804512,90.88345864661655,91.14583333333331,95.57291666666666,88.44537815126048,93.27731092436974,83.9797061168965,93.41808942476511,78.6282556834617,90.7596637777297,0.43903030898275064
668.0,94.8096885813149,96.19377162629758,82.83667621776506,87.16332378223495,83.83017163504967,89.79223125564589,70.06072274881518,78.7914691943128,76.07142857142858,85.50420168067228,81.52173755087468,87.4889995078327,81.92322383498853,91.66484775728473,86.89381763634414,92.5147326690239,85.72855464159815,93.25499412455935,91.91020826220554,97.45988391942643,90.75826471672606,97.00135184957603,87.44281381837249,94.37916206397408,84.48227568462357,90.93408078590339,0.3818592724864868,70.7446808510638,94.68085106382979,57.236842105263186,90.78947368421053,85.1449275362319,85.5072463768116,79.7979797979798,86.53198653198653,77.49999999999999,83.33333333333333,74.08488605810774,88.16857819803435,76.6233766233766,93.6245572609209,81.72905525846703,94.02852049910874,81.95488721804512,90.69548872180451,92.70833333333331,95.57291666666666,84.87394957983192,93.27731092436974,83.57792040261079,93.4397588145741,78.83140323035926,90.80416850630422,0.43967078879505145
669.0,95.32871972318343,99.15417147251058,84.47707736389685,90.27220630372493,81.97831978319782,89.00933453778983,76.54768957345973,85.989336492891,82.68907563025209,86.1764705882353,84.20417641479798,90.12030387903033,82.27654698242934,91.14918694750628,86.72774027643842,93.29047465980928,88.97179788484138,95.5581668625147,90.87572550358486,97.34380334585182,90.125353324321,96.7617057883741,87.795432794323,94.82066752081123,85.9998046045605,92.47048569992077,0.35542481094986167,70.7446808510638,94.68085106382979,57.236842105263186,90.78947368421053,85.1449275362319,85.5072463768116,75.75757575757575,86.19528619528619,72.49999999999997,83.33333333333333,72.27680525002692,88.10123813069428,76.6233766233766,93.6245572609209,81.72905525846703,94.02852049910874,81.95488721804512,90.88345864661655,91.14583333333331,95.57291666666666,88.44537815126048,93.27731092436974,83.9797061168965,93.47735279953652,78.1282556834617,90.7892954651154,0.4396454053585959
670.0,94.8096885813149,98.8081507112649,85.05014326647564,91.77650429799426,81.75248419150856,85.45618789521228,76.17002369668249,81.7239336492891,81.1764705882353,87.85714285714286,83.79176206484338,89.12438388218068,84.74980901451488,91.47659063625451,84.76374156219862,92.08614593378334,88.21974148061108,94.06580493537015,89.09866848753842,96.31273472174804,89.73516037851789,94.72164188275778,87.31342418467617,93.73258362198276,85.55259312475977,91.42848375208172,0.3808583600538852,70.7446808510638,94.68085106382979,57.236842105263186,90.78947368421053,85.1449275362319,85.5072463768116,75.75757575757575,86.19528619528619,72.49999999999997,83.33333333333333,72.27680525002692,88.10123813069428,76.6233766233766,93.6245572609209,81.72905525846703,93.85026737967915,81.95488721804512,90.88345864661655,91.14583333333331,95.57291666666666,88.44537815126048,93.48739495798318,83.9797061168965,93.48371898237329,78.1282556834617,90.79247855653378,0.43917705946729796
671.0,96.7128027681661,98.6543637062668,77.83667621776506,92.37822349570199,79.49412827461607,91.53869316470944,75.59982227488153,83.04206161137441,86.19747899159664,90.12605042016806,83.16818170540509,91.14787847964413,80.74866310160427,89.4303175815781,84.76374156219862,93.36119147112396,88.70740305522916,93.87309048178615,90.7784226698532,96.07374530556503,88.85953053951087,96.49748064397198,86.77155218567923,93.84716509680504,84.96986694554215,92.49752178822459,0.36225069052503905,70.7446808510638,94.68085106382979,57.236842105263186,90.78947368421053,85.1449275362319,85.5072463768116,75.75757575757575,86.19528619528619,72.49999999999997,83.33333333333333,72.27680525002692,88.10123813069428,76.6233766233766,93.6245572609209,80.7486631016043,93.93939393939394,81.95488721804512,90.88345864661655,91.14583333333331,95.57291666666666,88.44537815126048,93.27731092436974,83.78362768552395,93.45952748759355,78.03021646777543,90.78038280914392,0.44033062388739336
672.0,94.98269896193774,98.53902345251826,82.69340974212035,90.67335243553009,80.53297199638662,89.49111713339354,75.55539099526068,82.68661137440759,85.46218487394958,88.15126050420167,83.84533131393098,89.90827298001022,84.39648586707409,90.7453890647168,85.57912782599377,91.8847101682203,87.34430082256172,94.88836662749706,90.87572550358486,96.81461249573233,88.374093646307,94.89369546515915,87.3139467331043,93.84535476426512,85.57963902351764,91.87681387213767,0.3712232725426666,70.7446808510638,94.68085106382979,57.236842105263186,90.78947368421053,85.1449275362319,85.5072463768116,75.75757575757575,86.53198653198653,72.49999999999997,83.33333333333333,72.27680525002692,88.16857819803435,76.6233766233766,93.6245572609209,81.72905525846703,93.93939393939394,81.95488721804512,90.78947368421053,91.14583333333331,95.57291666666666,88.44537815126048,93.48739495798318,83.9797061168965,93.48274730183502,78.1282556834617,90.82566274993468,0.4385198813606753
673.0,94.8096885813149,97.80853517877739,79.76361031518624,90.93123209169053,90.60523938572716,93.07437518819633,78.58412322274883,83.75296208530804,81.82773109243698,85.88235294117646,85.11807851948282,90.28989149702974,82.88770053475935,90.71264869584196,86.3998714239794,93.7747776706311,88.43125734430085,95.0011750881316,90.87572550358486,96.86923864800274,89.97787882511982,97.37618286837902,87.71448672634885,94.7468045941973,86.41628262291584,92.51834804561352,0.36095858413468007,70.7446808510638,94.68085106382979,57.236842105263186,90.78947368421053,85.1449275362319,85.5072463768116,75.75757575757575,86.53198653198653,72.49999999999997,83.33333333333333,72.27680525002692,88.16857819803435,76.6233766233766,93.5064935064935,80.7486631016043,94.02852049910874,83.27067669172932,90.97744360902256,89.06249999999999,95.57291666666666,86.97478991596638,93.48739495798318,83.3360012665353,93.51455384785493,77.80640325828111,90.84156602294465,0.4408736175173038
674.0,94.63667820069206,98.53902345251826,82.12034383954156,89.46991404011462,81.79765130984642,88.43721770551039,75.08145734597157,79.47274881516589,73.9075630252101,88.31932773109243,81.50873874425233,88.84764634888032,81.69404125286478,89.93233657099204,84.92874745526623,92.13329047465982,88.16098707403057,94.56169212690952,91.16763400477977,96.24103789689315,89.97787882511982,96.47904633157184,87.18585772241224,93.86948068020527,84.34729823333228,91.3585635145428,0.38172468581884844,70.7446808510638,94.68085106382979,57.236842105263186,90.78947368421053,85.1449275362319,85.5072463768116,75.75757575757575,86.53198653198653,72.49999999999997,83.33333333333333,72.27680525002692,88.16857819803435,76.6233766233766,93.5064935064935,80.7486631016043,94.02852049910874,83.27067669172932,90.88345864661655,89.06249999999999,95.57291666666666,88.44537815126048,93.69747899159664,83.63011891359413,93.53777366209643,77.95346208181053,90.85317593006539,0.44155069418567106
675.0,93.59861591695504,97.38562091503267,85.33667621776506,90.70200573065902,86.49503161698281,90.1535682023487,76.40699052132702,83.93068720379148,84.03361344537815,91.00840336134453,85.17418554368162,90.63605708263529,82.57257448433919,90.59805740478009,85.58341369334616,92.14400514304083,89.13631022326678,94.45593419506464,92.15773301468079,97.36087401843632,88.91176109131132,96.65724468477326,87.67235850138884,94.24322308921903,86.42327202253523,92.43964008592715,0.358401389989475,70.7446808510638,94.68085106382979,57.236842105263186,90.78947368421053,85.1449275362319,85.5072463768116,75.75757575757575,86.53198653198653,72.49999999999997,83.33333333333333,72.27680525002692,88.16857819803435,76.6233766233766,93.6245572609209,80.7486631016043,93.85026737967915,81.95488721804512,90.88345864661655,91.14583333333331,95.57291666666666,88.44537815126048,93.69747899159664,83.78362768552395,93.52573578909599,78.03021646777543,90.84715699356516,0.44075719286303544
676.0,95.32871972318343,97.6163014225298,85.05014326647566,91.23209169054441,81.75248419150857,90.69557362240289,73.04502369668249,81.08708530805687,81.86974789915966,90.7983193277311,83.40922375540197,90.28587427425302,80.89190221543163,89.23933209647495,85.25233044037284,92.28329583199401,87.614571092832,95.25029377203289,91.37077500853535,97.15944008193922,90.90573921592726,96.75556101757404,87.20706359461983,94.13758456000303,85.3081436750109,92.21172941712803,0.360501950371378,70.7446808510638,94.68085106382979,57.236842105263186,90.78947368421053,85.1449275362319,85.5072463768116,81.31313131313131,86.53198653198653,77.49999999999999,83.33333333333333,74.38791636113804,88.16857819803435,77.27272727272727,93.50649350649351,81.72905525846703,93.85026737967915,81.95488721804512,90.97744360902256,92.70833333333331,95.57291666666666,88.44537815126048,93.69747899159664,84.42207624676664,93.5209200306917,79.40499630395234,90.84474911436303,0.43797832894040184
677.0,95.84775086505192,97.69319492502883,84.62034383954156,89.78510028653295,85.0496838301716,92.23125564588979,74.98518957345973,82.0053317535545,80.35714285714288,89.53781512605042,84.17202219307353,90.25053954741131,84.81665393430099,92.13139801375095,84.270866816672,93.065466623808,87.78495887191544,93.66157461809635,91.22055308979174,97.05360191191532,85.9376920240875,95.56962025316456,86.80614494735353,94.29633228414704,85.48908357021352,92.27343591577917,0.3602692344052766,70.7446808510638,94.68085106382979,57.236842105263186,90.78947368421053,85.1449275362319,85.5072463768116,75.75757575757575,86.53198653198653,72.49999999999997,83.33333333333333,72.27680525002692,88.16857819803435,77.27272727272727,93.38842975206612,81.72905525846703,93.93939393939394,83.27067669172932,90.97744360902256,91.14583333333331,95.57291666666666,86.97478991596638,93.69747899159664,84.07861649444466,93.5151325917492,78.17771087223579,90.84185539489178,0.439135529028852
678.0,95.6747404844291,98.6159169550173,75.76647564469916,85.97421203438395,86.08852755194218,91.44835892803373,75.59982227488153,83.90106635071089,84.72689075630252,90.16806722689076,83.57129134245089,90.02152429900732,80.11841100076393,88.4426497871876,83.45655201971496,91.27611700417873,88.05522914218568,94.49353701527615,89.93854557869581,97.30283373164903,89.73516037851788,96.15337347916922,86.26077962397565,93.53370220349214,84.91603548321328,91.77761325124973,0.3767898859030492,70.7446808510638,94.68085106382979,57.236842105263186,90.78947368421053,85.1449275362319,85.5072463768116,75.75757575757575,86.53198653198653,72.49999999999997,83.33333333333333,72.27680525002692,88.16857819803435,77.27272727272727,93.38842975206612,81.72905525846703,93.93939393939394,81.95488721804512,90.97744360902256,91.14583333333331,95.57291666666666,88.44537815126048,93.69747899159664,84.10957624676664,93.5151325917492,78.19319074839677,90.84185539489178,0.4397405772801488
679.0,94.29065743944638,99.15417147251058,84.33381088825217,92.1919770773639,81.75248419150857,89.46100572116832,76.17002369668249,82.47926540284361,89.09663865546219,92.43697478991596,85.12872297427036,91.14467889276048,82.06646294881588,90.48619447779112,85.41947926711664,92.69045323047251,86.96827262044657,94.29377203290247,93.24513485831342,97.30966200068283,90.85350866412682,96.06120191716849,87.71057167176386,94.16825673180348,86.4196473230171,92.65646781228199,0.34944307479824466,70.7446808510638,94.68085106382979,57.236842105263186,90.78947368421053,85.1449275362319,85.5072463768116,75.75757575757575,86.53198653198653,72.49999999999997,83.33333333333333,72.27680525002692,88.16857819803435,77.27272727272727,93.50649350649351,81.72905525846703,93.93939393939394,81.95488721804512,90.88345864661655,91.14583333333331,95.57291666666666,86.97478991596638,93.69747899159664,83.81545859970782,93.51994835015346,78.04613192486738,90.8442632740939,0.44111970294505887
680.0,95.3287197231834,98.73125720876587,79.90687679083096,88.36676217765043,81.75248419150857,90.54501656127671,78.68039099526068,84.58234597156398,78.92857142857143,86.30252100840336,82.919408625871,89.70558058553208,84.94079449961801,92.03863363527229,85.58127075966996,92.95617700632165,88.10810810810813,94.21856639247945,90.4335950836463,96.80437009218164,90.36807177092294,95.64335750276516,87.88636804439307,94.33222092580404,85.40288833513203,92.01890075566806,0.36643442767256507,70.7446808510638,94.68085106382979,57.236842105263186,90.78947368421053,85.1449275362319,85.5072463768116,75.75757575757575,86.53198653198653,72.49999999999997,83.33333333333333,72.27680525002692,88.16857819803435,77.27272727272727,93.38842975206612,80.7486631016043,93.93939393939394,81.95488721804512,90.97744360902256,91.14583333333331,95.57291666666666,88.44537815126048,93.69747899159664,83.9134978153941,93.5151325917492,78.0951515327105,90.84185539489178,0.4420119922707026
681.0,95.15570934256056,97.46251441753171,77.69340974212035,90.22922636103152,77.64227642276421,86.44986449864498,78.20645734597157,86.7446682464455,80.48319327731093,89.66386554621849,81.83620922614553,90.11002781397444,82.50572956455309,89.68678380443087,85.08946748098144,92.18472088288868,89.78848413631026,94.50528789659225,91.37077500853533,96.60635029020143,89.34496743271477,96.46061201917169,87.61988472461897,93.88875097865699,84.72804697538226,91.9993893963157,0.3673692057264395,70.7446808510638,94.68085106382979,57.236842105263186,90.78947368421053,85.1449275362319,85.5072463768116,75.75757575757575,86.53198653198653,72.49999999999997,83.33333333333333,72.27680525002692,88.16857819803435,78.57142857142854,93.6245572609209,81.72905525846703,93.93939393939394,83.27067669172932,90.88345864661655,91.14583333333331,95.57291666666666,86.97478991596638,93.69747899159664,84.33835675418491,93.54356110103893,78.30758100210592,90.85606964953664,0.4409323757903194
682.0,94.98269896193774,97.15494040753558,84.47707736389687,91.7621776504298,82.15898825654921,90.39445950015055,78.34715639810427,84.8489336492891,82.60504201680673,89.11764705882352,84.51419259945898,90.6556316532457,81.39801375095492,91.39473971406744,86.564877317047,93.56262723668702,87.94947121034079,94.03995299647474,91.56538067599864,96.63024923181973,90.36807177092294,97.10581295317684,87.56916294505285,94.54667642644516,86.04167777225592,92.60115403984543,0.3561945853617238,70.7446808510638,94.68085106382979,57.236842105263186,90.35087719298245,85.1449275362319,85.5072463768116,75.75757575757575,86.53198653198653,72.49999999999997,83.33333333333333,72.27680525002692,88.08085889978875,77.9220779220779,93.5064935064935,81.72905525846703,93.93939393939394,83.27067669172932,90.78947368421053,91.14583333333331,95.57291666666666,88.44537815126048,93.69747899159664,84.50260427137361,93.50115135767226,78.38970476070027,90.7910051287305,0.4394835782549861
683.0,94.98269896193774,98.65436370626682,81.97707736389687,89.75644699140402,87.30803974706411,92.71303824149354,76.17002369668249,81.56101895734598,88.44537815126051,91.38655462184873,85.77664358416834,90.81428450367183,84.39648586707409,92.37967914438502,84.2740812171863,92.71831136826314,88.44300822561695,94.2021151586369,91.1676340047798,96.77364288152953,88.46933759370776,96.84158780877475,87.35010938167298,94.58306727231786,86.56337648292066,92.69867588799485,0.35063178421578056,70.7446808510638,94.68085106382979,57.236842105263186,89.91228070175438,85.1449275362319,85.5072463768116,75.75757575757575,86.53198653198653,72.49999999999997,83.33333333333333,72.27680525002692,87.99313960154313,78.57142857142854,93.5064935064935,81.72905525846703,94.02852049910874,84.58646616541353,90.88345864661655,91.14583333333331,95.57291666666666,88.44537815126048,93.69747899159664,84.89563229598056,93.53777366209643,78.58621877300374,90.76545663181977,0.438858574164426
684.0,95.32871972318343,98.11610918877355,84.90687679083095,88.69627507163324,74.97741644083106,91.869918699187,75.93305687203792,85.51540284360189,84.72689075630252,91.9747899159664,83.17459211663717,91.23449914383244,83.66119174942705,91.35927098111974,87.71134683381547,92.25115182685096,87.29142185663926,94.49588719153937,92.40525776715603,96.31956299078183,91.63389455573308,95.67408135676538,88.54062255255418,94.01999086941144,85.85760733459568,92.62724500662193,0.3500324841282234,70.7446808510638,94.68085106382979,57.236842105263186,90.78947368421053,85.1449275362319,85.5072463768116,75.75757575757575,86.53198653198653,72.49999999999997,83.33333333333333,72.27680525002692,88.16857819803435,77.9220779220779,93.6245572609209,81.72905525846703,94.02852049910874,83.27067669172932,90.69548872180451,92.70833333333331,95.57291666666666,88.44537815126048,93.69747899159664,84.81510427137361,93.52379242801949,78.54595476070027,90.84618531302692,0.4414095144533371
685.0,95.32871972318343,98.8081507112649,83.47421203438397,90.05730659025788,79.08762420957541,85.96808190304125,73.65965639810427,81.19075829383885,79.6638655462185,85.50420168067227,82.24281558229312,88.30569983581503,84.39648586707409,90.94728800611153,87.71027536697737,93.24547305260901,88.43713278495889,94.03760282021152,91.91020826220554,97.35404574940253,91.3389455573307,97.63426324198107,88.75860956770933,94.64373457406313,85.50071257500122,91.47471720493908,0.36892083873759224,70.7446808510638,94.68085106382979,57.236842105263186,89.91228070175438,85.1449275362319,86.23188405797102,75.75757575757575,86.53198653198653,77.49999999999999,83.33333333333333,73.27680525002692,88.13806713777501,77.9220779220779,93.6245572609209,81.72905525846703,93.93939393939394,83.27067669172932,90.69548872180451,92.70833333333331,95.57291666666666,88.44537815126048,93.69747899159664,84.81510427137361,93.50596711607652,79.04595476070027,90.82201712692577,0.43727058765595683
686.0,95.50173010380624,98.38523644752019,83.33094555873926,90.7593123209169,82.38482384823847,89.73200843119542,75.31842417061613,83.0568720379147,81.1344537815126,89.53781512605042,83.53407549258255,90.29424887271952,84.20550038197095,91.19284077267271,85.74413371906137,92.08400300010715,88.59576968272623,95.24559341950646,91.66268350973029,97.35404574940252,90.36807177092294,96.76785055917415,88.11523181288234,94.5288667001726,85.82465365273245,92.41155778644605,0.35354764609477135,70.7446808510638,94.68085106382979,57.236842105263186,89.91228070175438,85.1449275362319,86.23188405797102,75.75757575757575,86.53198653198653,72.49999999999997,83.33333333333333,72.27680525002692,88.13806713777501,77.9220779220779,93.6245572609209,81.72905525846703,93.85026737967915,81.95488721804512,90.6015037593985,92.70833333333331,95.57291666666666,88.44537815126048,93.69747899159664,84.55194637663676,93.46934481165238,78.41437581333184,90.8037059747137,0.4392052381162903
687.0,95.15570934256056,97.65474817377931,83.12320916905446,90.11461318051576,84.4173441734417,89.19000301114123,75.22215639810427,81.13151658767772,81.86974789915968,89.70588235294117,83.95763339646413,89.55935266121104,83.0309396485867,92.15322492633418,84.76159862852242,92.03257259187826,87.83783783783788,94.61339600470036,92.10481392966884,97.32331853875043,89.19749293351357,95.37298758756299,87.38653659562587,94.29909992984524,85.672084996045,91.92922629552814,0.3645149320699994,70.7446808510638,94.68085106382979,57.236842105263186,89.91228070175438,85.1449275362319,86.23188405797102,75.75757575757575,86.86868686868688,72.49999999999997,83.33333333333333,72.27680525002692,88.20540720511508,78.57142857142854,93.6245572609209,82.70944741532979,93.93939393939394,82.80075187969925,90.78947368421053,91.14583333333331,95.57291666666666,88.44537815126048,93.69747899159664,84.73456787021027,93.52476410855772,78.50568656011859,90.8650856568364,0.4391792434428195
688.0,95.50173010380624,99.30795847750865,85.33667621776506,89.46991404011462,80.71364046973802,88.8888888888889,76.07375592417063,79.30983412322274,76.84873949579833,88.10924369747899,82.89490844225566,89.01716784544278,82.78265851795264,90.40980028374986,85.58234222650806,92.77617057752062,87.35017626321977,93.65687426556993,92.35233868214408,97.45646978490952,90.85350866412682,95.58190979476467,87.78420487079026,93.97624494130292,85.33955665652296,91.49670639337285,0.37350080921454504,70.7446808510638,94.68085106382979,57.236842105263186,89.91228070175438,85.1449275362319,86.23188405797102,75.75757575757575,86.53198653198653,72.49999999999997,83.33333333333333,72.27680525002692,88.13806713777501,78.57142857142854,93.6245572609209,81.72905525846703,93.85026737967915,83.27067669172932,90.78947368421053,92.70833333333331,95.57291666666666,88.44537815126048,93.69747899159664,84.94497440124374,93.50693879661478,78.61088982563533,90.8225029671949,0.4376016952580659
689.0,95.15570934256058,98.2314494425221,76.83381088825216,88.12320916905443,75.20325203252031,84.49262270400483,70.81605450236967,81.11670616113744,88.40336134453783,92.05882352941175,81.28243762204809,88.8045622012261,81.27387318563788,90.69082178325876,85.41840780027854,91.97899924997321,87.67332549941247,94.06345475910693,91.86582451348583,97.42915670877433,90.125353324321,96.73712670517389,87.27135686462715,94.17991184125742,84.27689724333763,91.49223702124176,0.37324755799638165,70.7446808510638,94.68085106382979,57.236842105263186,89.91228070175438,85.1449275362319,86.23188405797102,75.75757575757575,86.53198653198653,72.49999999999997,83.33333333333333,72.27680525002692,88.13806713777501,78.57142857142854,93.6245572609209,81.72905525846703,93.85026737967915,81.95488721804512,90.78947368421053,92.70833333333331,95.57291666666666,88.44537815126048,93.69747899159664,84.6818165065069,93.50693879661478,78.47931087826692,90.8225029671949,0.4374936844243976
690.0,95.32871972318343,97.77008842752788,80.05014326647566,90.28653295128939,87.71454381210478,94.4896115627823,75.22215639810427,84.07879146919431,83.29831932773108,90.88235294117646,84.32277650551984,91.50147547039407,85.46600458365164,92.9226235948925,84.92874745526623,92.5961641487196,88.43125734430085,94.41363102232667,91.52099692727896,97.43939911232502,89.10224898611283,96.15951824996927,87.88985105932211,94.70626722564661,86.10631378242098,93.10387134802033,0.3427034631201675,70.7446808510638,94.68085106382979,57.236842105263186,89.91228070175438,76.81159420289858,86.23188405797102,75.75757575757575,86.86868686868688,72.49999999999997,83.33333333333333,70.61013858336025,88.20540720511508,78.57142857142854,93.6245572609209,81.72905525846703,93.85026737967915,84.58646616541353,90.78947368421053,92.70833333333331,95.57291666666666,88.44537815126048,93.69747899159664,85.20813229598056,93.50693879661478,77.90913543967041,90.85617300086493,0.43998591353743416
691.0,96.19377162629759,98.65436370626682,84.90687679083095,93.6676217765043,83.60433604336042,90.12345679012346,71.62322274881518,81.14632701421802,84.07563025210084,91.89075630252101,84.080767492281,91.09650511792672,84.29144385026738,91.7330568591073,85.09161041465762,93.49833922640094,88.97179788484138,94.61574618096358,91.51246159098669,96.22396722430864,91.97185694973578,96.55892835197247,88.36783413809778,94.52600756855058,86.2243008151894,92.81125634323865,0.34413048968003745,70.7446808510638,94.68085106382979,57.236842105263186,89.91228070175438,85.1449275362319,86.23188405797102,75.75757575757575,86.53198653198653,72.49999999999997,83.33333333333333,72.27680525002692,88.13806713777501,77.9220779220779,93.6245572609209,81.72905525846703,93.85026737967915,81.95488721804512,90.78947368421053,92.70833333333331,95.57291666666666,88.44537815126048,93.69747899159664,84.55194637663676,93.50693879661478,78.41437581333184,90.8225029671949,0.4398089753077661
692.0,96.02076124567476,98.000768935025,77.83667621776506,90.07163323782234,84.01084010840107,86.93164709424872,78.77665876777253,87.70734597156398,84.11764705882354,91.80672268907563,84.1525166796874,90.90362358554714,84.73071046600458,92.20779220779221,85.58234222650806,92.42687238829959,87.40305522914223,94.31257344300823,89.04574940252647,96.82826903379993,91.39117610913114,96.749416246774,87.6306066866625,94.50498466393479,85.89156168317496,92.70430412474096,0.3553395676533192,70.7446808510638,94.68085106382979,57.236842105263186,89.91228070175438,76.81159420289858,86.23188405797102,75.75757575757575,86.53198653198653,72.49999999999997,83.33333333333333,70.61013858336025,88.13806713777501,77.9220779220779,93.6245572609209,81.72905525846703,93.85026737967915,83.74060150375941,90.6015037593985,92.70833333333331,95.57291666666666,88.44537815126048,93.69747899159664,84.90908923377962,93.46934481165238,77.75961390856995,90.8037059747137,0.4407767447228888
693.0,94.63667820069206,97.07804690503652,87.12034383954155,93.20916905444125,85.45618789521227,91.93014152363746,74.37055687203792,82.90876777251185,83.34033613445378,92.39495798319328,84.98482058838752,91.50421664776407,83.43200916730329,90.15606242497,85.25447337404906,92.70545376620593,87.17978848413634,93.53466509988249,91.37077500853535,96.87948105155343,90.07312277252059,96.21482118716972,87.46203376130893,93.89809670595632,86.22342717484823,92.7011566768602,0.3556240856788343,70.7446808510638,94.68085106382979,57.236842105263186,89.91228070175438,76.81159420289858,86.23188405797102,75.75757575757575,86.86868686868688,72.49999999999997,83.33333333333333,70.61013858336025,88.20540720511508,78.57142857142854,93.6245572609209,81.72905525846703,93.85026737967915,83.27067669172932,90.78947368421053,92.70833333333331,95.57291666666666,88.44537815126048,93.69747899159664,84.94497440124374,93.50693879661478,77.777556492302,90.85617300086493,0.4399402170437022
694.0,95.32871972318343,97.73164167627836,84.90687679083095,92.621776504298,84.01084010840107,90.90635350797952,75.08145734597157,84.41943127962085,82.60504201680673,90.67226890756302,84.38658719703875,91.27029437514794,81.56990068754774,89.43304594565097,86.3998714239794,93.48548162434373,89.03055229142188,95.36780258519389,90.28337316490271,97.29600546261523,88.07914464790466,95.53889639916432,87.07256844315127,94.22424640339361,85.72957782009502,92.74727038927077,0.3498335617420065,70.7446808510638,94.68085106382979,57.236842105263186,89.47368421052633,76.81159420289858,86.23188405797102,75.75757575757575,86.53198653198653,72.49999999999997,84.16666666666666,70.61013858336025,88.21701450619608,77.9220779220779,93.6245572609209,81.72905525846703,93.93939393939394,84.58646616541353,90.88345864661655,92.70833333333331,95.57291666666666,88.44537815126048,93.69747899159664,85.07826216611045,93.54356110103893,77.84420037473535,90.8802878036175,0.4392429323817005
695.0,94.98269896193774,98.8081507112649,87.69340974212035,91.89111747851004,89.34056007226737,93.58626919602528,80.81309241706163,88.90699052132702,84.76890756302521,91.9327731092437,87.51973375128246,93.0250602032742,81.77998472116118,91.53661464585834,87.21740062145072,93.3119039965713,88.37837837837841,94.82961222091657,90.87572550358486,97.02287470126323,91.09622711072876,96.25168981197002,87.86954326706079,94.59053907531589,87.69463850917163,93.80779963929504,0.32469354399437966,70.7446808510638,94.68085106382979,57.236842105263186,89.03508771929825,76.81159420289858,86.23188405797102,75.75757575757575,86.53198653198653,72.49999999999997,84.16666666666666,70.61013858336025,88.12929520795043,77.9220779220779,93.6245572609209,81.72905525846703,93.93939393939394,84.58646616541353,90.97744360902256,92.70833333333331,95.57291666666666,88.44537815126048,93.69747899159664,85.07826216611045,93.56235809352013,77.84420037473535,90.84582665073529,0.4406099454881104
696.0,94.46366782006922,98.07766243752404,85.33667621776506,92.52148997134671,84.82384823848236,92.32158988256549,76.40699052132702,81.93127962085308,82.6470588235294,89.66386554621849,84.73564832423462,90.90317749170156,85.6951871657754,92.70708283313324,84.92981892210435,91.94685524483018,87.62044653349005,93.87309048178614,91.07033117104815,96.75657220894503,91.3389455573307,96.04276760476834,88.13094586994973,94.26527367469258,86.43329709709218,92.58422558319707,0.3482633844227197,70.7446808510638,94.68085106382979,57.236842105263186,89.03508771929825,76.81159420289858,86.23188405797102,75.75757575757575,86.53198653198653,72.49999999999997,84.16666666666666,70.61013858336025,88.12929520795043,78.57142857142854,93.6245572609209,81.72905525846703,94.02852049910874,82.80075187969925,91.16541353383458,92.70833333333331,95.57291666666666,88.44537815126048,93.69747899159664,84.85098943883773,93.6177773904255,77.73056401109899,90.87353629918798,0.4393085659039731
697.0,96.53979238754326,98.92349096501346,76.26074498567336,86.30372492836675,86.26919602529355,90.54501656127673,78.91735781990522,86.00414691943129,80.35714285714288,86.5126050420168,83.66884681511165,89.65779688322101,86.09625668449198,92.42878969769725,86.23807993142609,93.3911925425908,88.16686251468863,93.68037602820212,92.15773301468079,96.36053260498464,91.72913850313384,96.95219368317561,88.87761412968425,94.56261691133008,86.27323047239796,92.11020689727555,0.358489095862979,70.7446808510638,94.68085106382979,57.236842105263186,89.03508771929825,76.81159420289858,86.23188405797102,75.75757575757575,86.53198653198653,72.49999999999997,84.16666666666666,70.61013858336025,88.12929520795043,78.57142857142854,93.6245572609209,81.72905525846703,93.93939393939394,84.58646616541353,90.97744360902256,92.70833333333331,95.57291666666666,88.44537815126048,93.69747899159664,85.20813229598056,93.56235809352013,77.90913543967041,90.84582665073529,0.4393648615422845
698.0,95.50173010380624,99.03883121876201,80.19340974212035,90.17191977077363,84.4173441734417,92.98404095152063,77.73252369668249,86.09300947867298,78.97058823529413,89.99999999999999,83.36311919026897,91.65756028394586,81.94232238349886,91.31016042780749,86.3998714239794,93.79834994106932,88.22561692126911,94.46768507638072,92.15773301468079,97.41208603618982,90.85350866412684,96.57736266437263,87.915810481511,94.71312882916399,85.63946483588998,93.18534455655492,0.34135124386882076,70.7446808510638,94.68085106382979,57.236842105263186,89.47368421052633,76.81159420289858,86.23188405797102,77.27272727272728,86.86868686868688,71.66666666666663,84.16666666666666,70.74650221972391,88.28435457353615,77.9220779220779,93.6245572609209,81.72905525846703,94.02852049910874,81.95488721804512,91.07142857142858,92.70833333333331,95.57291666666666,88.44537815126048,93.69747899159664,84.55194637663676,93.5989803979443,77.64922429818034,90.94166748574023,0.4423834808599008
699.0,95.3287197231834,97.46251441753172,81.05300859598856,90.97421203438397,87.71454381210478,92.47214694369165,79.86522511848342,85.47097156398104,78.36134453781513,84.53781512605043,84.46456835751505,90.18353201712776,80.8728036669213,91.55571319436865,86.07307403835847,92.99474981249331,88.43125734430085,95.47826086956522,91.22055308979175,96.64390576988734,89.34496743271477,95.90758264716726,87.18853111441743,94.51604245869636,85.82654973596624,92.34978723791207,0.3544272615428237,70.7446808510638,94.68085106382979,57.236842105263186,89.47368421052633,76.81159420289858,86.23188405797102,75.75757575757575,86.86868686868688,72.49999999999997,84.16666666666666,70.61013858336025,88.28435457353615,78.57142857142854,93.6245572609209,81.72905525846703,94.11764705882352,84.58646616541353,90.97744360902256,92.70833333333331,95.57291666666666,88.44537815126048,93.69747899159664,85.20813229598056,93.59800871740606,77.90913543967041,90.9411816454711,0.43799274457384146
700.0,96.02076124567473,98.88504421376393,90.05014326647566,92.2779369627507,89.15989159891595,91.83980728696174,77.82879146919433,82.760663507109,82.60504201680673,87.52100840336135,87.13292591941348,90.65689207478934,84.10045836516423,93.32369311360908,84.76588449587483,92.94546233794064,88.76028202115161,94.99412455934196,91.3178559235234,97.14578354387163,91.97185694973578,97.54823645078038,88.18326755108997,95.19146000110874,87.65809673525172,92.92417603794904,0.34807320627995253,70.7446808510638,94.68085106382979,57.236842105263186,89.91228070175438,76.81159420289858,86.23188405797102,77.27272727272728,87.20538720538721,71.66666666666663,85.0,70.74650221972391,88.60608060578848,77.9220779220779,93.74262101534829,81.72905525846703,94.11764705882352,84.58646616541353,90.97744360902256,92.70833333333331,95.57291666666666,88.44537815126048,93.69747899159664,85.07826216611045,93.62162146829152,77.91238219291718,91.11385103704,0.43899313008611357
701.0,95.67474048442908,98.92349096501346,83.69627507163324,89.09742120343839,78.45528455284551,89.40078289671784,73.89662322274881,79.97630331753555,80.39915966386555,89.95798319327731,82.42441659910443,89.47119631519651,83.43200916730328,91.64847757284733,86.06985963784417,91.90399657130611,90.710928319624,95.87779083431258,90.03584841242746,96.96142027995901,88.95477448691165,95.56962025316456,87.84068400482211,94.39226110231792,85.13255030196328,91.93172870875722,0.36470039269742355,70.7446808510638,94.68085106382979,57.236842105263186,89.47368421052633,85.1449275362319,86.23188405797102,75.75757575757575,86.86868686868688,72.49999999999997,84.16666666666666,72.27680525002692,88.28435457353615,78.57142857142854,93.74262101534829,81.72905525846703,94.02852049910874,84.58646616541353,91.07142857142857,92.70833333333331,95.57291666666666,88.44537815126048,93.69747899159664,85.20813229598056,93.6225931488298,78.74246877300374,90.95347386118297,0.4360657524302157
702.0,96.02076124567476,98.88504421376393,82.40687679083095,91.24641833810888,79.08762420957541,90.09334537789822,74.37055687203792,80.3021327014218,81.17647058823529,89.95798319327731,82.61245794127086,90.09698476489402,84.37738731856378,91.95132598493943,86.7277402764384,93.78977820636452,86.80963572267923,94.19976498237368,90.38067599863436,96.71560259474222,87.20351480889764,96.61423128917292,87.09979082504267,94.65414061151856,84.85612438315677,92.37556268820629,0.3568049655523562,70.7446808510638,94.68085106382979,57.236842105263186,89.03508771929825,85.1449275362319,86.23188405797102,75.75757575757575,86.86868686868688,72.49999999999997,85.0,72.27680525002692,88.36330194195719,78.57142857142854,93.74262101534829,81.72905525846703,94.02852049910874,84.58646616541353,91.07142857142857,92.70833333333331,95.57291666666666,88.44537815126048,93.69747899159664,85.20813229598056,93.6225931488298,78.74246877300374,90.99294754539349,0.4351909968181831
703.0,89.77316416762784,96.92425990003844,77.40687679083096,86.77650429799428,86.26919602529355,92.41192411924119,78.44342417061613,83.3234597156398,81.82773109243698,90.63025210084032,82.74407844936108,90.0132800267508,80.51948051948051,91.43839353923387,86.89274616950601,93.81763634415515,88.00235017626325,94.57579318448883,92.00751109593719,96.22738135882554,90.61079021752488,97.27786653557821,87.60657563574237,94.66741419245632,85.17532704255173,92.34034710960356,0.36065724076370864,70.7446808510638,94.68085106382979,57.236842105263186,89.47368421052633,76.81159420289858,86.23188405797102,77.27272727272728,87.20538720538721,72.49999999999997,85.0,70.91316888639058,88.51836130754286,77.9220779220779,93.74262101534829,81.72905525846703,94.02852049910872,83.74060150375941,91.07142857142857,92.70833333333331,95.57291666666666,88.44537815126048,93.69747899159664,84.90908923377962,93.6225931488298,77.9111290600851,91.07047722818632,0.4369340458613083
704.0,96.02076124567476,98.76970396001538,82.69340974212035,89.94269340974212,85.04968383017162,90.21379102679916,75.08145734597159,81.02784360189574,81.26050420168069,91.38655462184873,84.02116327312379,90.26811732406023,83.0118411000764,91.56389828658736,86.237008464588,91.91256830601094,89.73560517038781,94.69800235017627,88.85114373506315,96.48344144759304,91.33894555733072,95.40371144156323,87.83490880548922,94.01232436638615,85.9280360393065,92.14022084522318,0.35961977473637513,70.7446808510638,94.68085106382979,57.236842105263186,89.03508771929825,85.1449275362319,86.23188405797102,75.75757575757575,86.86868686868688,72.49999999999997,85.0,72.27680525002692,88.36330194195719,77.9220779220779,93.74262101534829,81.72905525846703,94.11764705882352,81.95488721804512,91.07142857142857,92.70833333333331,95.57291666666666,88.44537815126048,93.69747899159664,84.55194637663676,93.64041846077274,78.41437581333184,91.00186020136496,0.43437256015364945
705.0,95.84775086505192,99.19261822376009,84.76361031518626,92.42120343839542,85.6820234869015,91.56880457693465,72.19342417061613,80.86492890995261,85.50420168067228,90.54621848739495,84.79820210368561,90.91875472728755,85.6951871657754,92.66342900796683,86.72988321011461,93.35690560377157,88.924794359577,95.21739130434783,90.6282007511096,96.87948105155343,88.46933759370775,96.07349145876859,88.08948061605687,94.83813968528163,86.44384135987124,92.87844720628459,0.33934820451725833,70.7446808510638,94.68085106382979,57.236842105263186,89.03508771929825,76.81159420289858,86.23188405797102,75.75757575757575,86.86868686868688,72.49999999999997,85.0,70.61013858336025,88.36330194195719,78.57142857142854,93.6245572609209,81.72905525846703,94.02852049910874,84.58646616541353,90.97744360902256,92.70833333333331,95.57291666666666,88.44537815126048,93.69747899159664,85.20813229598056,93.58018340546309,77.90913543967041,90.97174267371014,0.43493171968928745
706.0,95.3287197231834,98.03921568627452,86.97707736389685,94.7134670487106,86.49503161698283,91.47847034025895,74.70379146919433,80.99822274881517,81.82773109243698,89.15966386554622,85.06647025313887,90.87780793792109,83.0977845683728,90.5789588562698,86.72881174327652,93.17047037394192,88.70740305522918,94.48648648648648,88.60361898258792,96.85216797541823,89.83040432591866,97.45606488877965,87.39360453507702,94.5088297161792,86.23003739410794,92.69331882705015,0.3460244285422852,70.7446808510638,94.68085106382979,57.236842105263186,89.03508771929825,76.81159420289858,86.23188405797102,75.75757575757575,86.86868686868688,72.49999999999997,85.0,70.61013858336025,88.36330194195719,78.57142857142854,93.74262101534829,81.72905525846703,93.93939393939394,81.95488721804512,90.88345864661653,92.70833333333331,95.57291666666666,88.44537815126048,93.69747899159664,84.6818165065069,93.56717385192442,77.64597754493357,90.9652378969408,0.43689052325542266
707.0,95.15570934256058,99.2310649750096,81.11747851002868,90.243553008596,87.71454381210478,96.11562782294489,76.97719194312796,84.59715639810426,80.39915966386553,90.4201680672269,84.2728166543375,92.12151405437632,83.64209320091672,91.83400632980465,85.25768777456335,93.49619629272475,87.29142185663926,93.99529964747356,93.43974052577671,98.20075110959372,92.3620498955389,97.00135184957601,88.39859865068698,94.90552104583455,86.33570765251224,93.51351755010543,0.3268832633937809,70.7446808510638,94.68085106382979,57.236842105263186,89.03508771929825,76.81159420289858,86.23188405797102,77.27272727272728,87.20538720538721,72.49999999999997,85.0,70.91316888639058,88.43064200929726,78.57142857142854,93.6245572609209,81.72905525846703,94.02852049910874,81.95488721804512,90.97744360902256,92.70833333333331,95.57291666666666,88.44537815126048,93.69747899159664,84.6818165065069,93.58018340546309,77.79749269644874,91.00541270738017,0.4391170018333107
708.0,95.50173010380625,98.76970396001538,85.47994269340975,91.27507163323781,83.19783197831977,90.42457091237578,80.62055687203792,87.73696682464455,84.81092436974791,88.94957983193277,85.92219720346432,91.43117863244125,82.6776165011459,90.51074975444723,86.4030858244937,92.9861780777885,88.59576968272623,94.0235017626322,92.25503584841242,97.12529873677022,90.85350866412682,97.8861988447831,88.15700330418102,94.50638543528424,87.03960025382267,92.96878203386274,0.34145422097641087,70.7446808510638,94.68085106382979,57.236842105263186,89.03508771929825,76.81159420289858,86.23188405797102,77.27272727272728,87.20538720538721,71.66666666666663,85.0,70.74650221972391,88.43064200929726,78.57142857142854,93.6245572609209,81.72905525846703,94.02852049910874,84.58646616541353,91.07142857142857,92.70833333333331,95.57291666666666,88.44537815126048,93.69747899159664,85.20813229598056,93.5989803979443,77.97731725785223,91.01481120362078,0.4409045099901904
709.0,95.84775086505192,98.38523644752019,88.55300859598856,94.3839541547278,86.6757000903342,92.95392953929539,79.15432464454977,86.28554502369668,77.54201680672269,88.8235294117647,85.55456020052944,92.16643891540096,81.58899923605804,90.3252209974899,86.7266688096003,92.79331404693025,87.94359576968276,93.9623971797885,92.65278251963129,97.07067258449983,88.61681209290894,96.44217770677153,87.50577168557626,94.118756503096,86.53016594305285,93.14259770924848,0.33759948293486264,70.7446808510638,94.68085106382979,57.236842105263186,89.03508771929825,76.81159420289858,86.23188405797102,77.27272727272728,87.20538720538721,71.66666666666663,85.0,70.74650221972391,88.43064200929726,78.57142857142854,93.5064935064935,82.70944741532979,94.02852049910874,84.58646616541353,91.16541353383458,92.70833333333331,95.57291666666666,88.44537815126048,93.69747899159664,85.40421072735312,93.59416463954003,78.0753564735385,91.01240332441864,0.44112834093868525
710.0,90.11918492887352,95.69396386005383,88.12320916905445,91.4756446991404,82.33965672990061,90.81601927130383,80.81309241706163,89.79561611374407,89.13865546218489,93.15126050420167,86.106759741415,92.18650088968876,82.63941940412529,90.52166321073884,86.23700846458799,93.39547840994322,89.7943595769683,94.83901292596946,90.23898941618299,96.94093547285763,91.24370160992996,97.52980213838023,88.03069569435891,94.64537843157787,87.06872771788696,93.41593966063331,0.3417391010655915,70.7446808510638,94.68085106382979,57.236842105263186,89.03508771929825,76.81159420289858,86.23188405797102,77.27272727272728,87.20538720538721,71.66666666666663,85.0,70.74650221972391,88.43064200929726,77.9220779220779,93.38842975206612,81.72905525846703,94.02852049910874,84.58646616541353,90.97744360902256,92.70833333333331,95.57291666666666,88.44537815126048,93.69747899159664,85.07826216611045,93.53295790369214,77.91238219291718,90.9817999564947,0.44037556918419635
711.0,95.50173010380624,98.53902345251826,87.40687679083095,90.1862464183381,83.19783197831977,94.45950015055706,79.15432464454977,85.7968009478673,86.19747899159665,91.00840336134455,86.29164850182067,91.99799486612505,83.74713521772344,92.1968787515006,87.05560912889744,93.29047465980929,88.21974148061108,95.3207990599295,91.07033117104815,97.16968248548991,90.07312277252059,97.19798451517758,88.03318795416016,95.03516389438138,87.16241822799041,93.51657938025322,0.3322527032818905,70.7446808510638,94.68085106382979,57.236842105263186,89.03508771929825,68.47826086956523,86.23188405797102,77.27272727272728,87.20538720538721,71.66666666666663,85.0,69.07983555305722,88.43064200929726,77.9220779220779,93.38842975206612,81.72905525846703,94.11764705882352,84.58646616541353,91.25939849624059,92.70833333333331,95.57291666666666,88.44537815126048,93.69747899159664,85.07826216611045,93.6071741930787,77.07904885958384,91.01890810118798,0.4432853759254394
712.0,95.50173010380624,97.30872741253364,86.05300859598856,94.59885386819484,81.75248419150857,88.79855465221318,80.71682464454977,86.77428909952606,79.78991596638656,90.4201680672269,84.76279270044793,91.58011861993893,83.9572192513369,91.45203535959838,85.74627665273759,91.39826422372228,87.62044653349004,95.28789659224441,92.06043018094913,98.12564015022191,89.39719798451519,96.94604891237557,87.75631412060577,94.64197704763251,86.25955341052685,93.11104783378572,0.3405454142892757,70.7446808510638,94.68085106382979,57.236842105263186,89.03508771929825,76.81159420289858,86.23188405797102,77.27272727272728,86.86868686868688,71.66666666666663,85.0,70.74650221972391,88.36330194195719,77.27272727272727,93.38842975206612,81.72905525846703,93.85026737967914,83.74060150375941,91.07142857142857,92.70833333333331,95.57291666666666,88.44537815126048,93.69747899159664,84.77921910390951,93.51610427228744,77.76286066181672,90.93970310712231,0.4417292307367551
713.0,95.84775086505192,98.84659746251442,82.97994269340975,90.54441260744987,85.86269196025292,91.65913881361035,76.17002369668246,82.61255924170617,84.11764705882354,91.30252100840336,84.99561125484412,90.99304582673683,84.71161191749425,91.75488377169049,85.91021107896707,92.78045644487302,88.11398354876619,94.70035252643947,89.39911232502561,96.51075452372822,90.55855966572446,96.61423128917292,87.73869570719553,94.47213571118081,86.36715348101983,92.73259076895883,0.34331737535345613,70.7446808510638,94.68085106382979,57.236842105263186,89.03508771929825,76.81159420289858,86.23188405797102,77.27272727272728,87.20538720538721,76.66666666666664,85.0,71.74650221972391,88.43064200929726,78.57142857142854,93.38842975206612,81.72905525846703,93.85026737967914,84.58646616541353,91.16541353383458,92.70833333333331,95.57291666666666,88.44537815126048,93.69747899159664,85.20813229598056,93.53490126476864,78.47731725785223,90.98277163703295,0.44003755896674973
714.0,96.53979238754326,97.84698193002691,82.83667621776506,91.34670487106018,88.52755194218605,92.23125564588979,77.73252369668249,83.7085308056872,81.86974789915966,91.890756302521,85.50125842866731,91.40484591103703,83.20282658517952,89.86685583324238,86.07200257152037,93.20475731276116,87.94947121034082,94.85546415981199,88.94844656879482,96.47319904404232,91.82438245053459,96.59579697677276,87.59942587727403,94.19921466532611,86.55034215297067,92.80203028818157,0.34756369281477395,70.7446808510638,94.68085106382979,57.236842105263186,89.03508771929825,76.81159420289858,86.23188405797102,77.27272727272728,87.20538720538721,76.66666666666664,85.0,71.74650221972391,88.43064200929726,78.57142857142854,93.38842975206612,82.70944741532979,94.02852049910874,84.58646616541353,90.88345864661655,91.14583333333331,95.57291666666666,88.44537815126048,93.69747899159664,85.09171072735312,93.51416091121094,78.4191064735385,90.9724014602541,0.44118351822963287
715.0,95.6747404844291,98.57747020376777,82.97994269340975,91.41833810888251,78.04878048780488,90.72568503462813,81.19075829383885,86.16706161137441,83.34033613445378,90.58823529411765,84.24691161878727,91.49535805055409,84.81665393430099,91.42475171886937,85.74841958641377,91.91256830601094,88.91891891891895,95.04347826086956,92.69716626835098,97.09457152611813,93.14243578714513,96.25168981197002,89.06471889902596,94.3454119247676,86.65581525890661,92.92038498766084,0.3396258773024334,70.7446808510638,94.68085106382979,57.236842105263186,89.03508771929825,76.81159420289858,86.23188405797102,75.75757575757575,86.53198653198653,72.49999999999997,85.0,70.61013858336025,88.29596187461712,79.2207792207792,93.5064935064935,82.70944741532979,93.93939393939394,84.58646616541353,90.97744360902256,91.14583333333331,95.57291666666666,88.44537815126048,93.69747899159664,85.22158085722326,93.53874534263466,77.91585972029176,90.91735360862589,0.4395920014876785
716.0,95.84775086505192,97.84698193002691,80.62320916905446,91.73352435530086,88.12104787714541,95.03161698283651,79.72452606635072,84.50829383886256,81.86974789915966,88.78151260504202,85.23725637535244,91.58038594241377,85.23682200152788,91.16555713194367,85.90913961212898,93.17475624129433,89.68272620446534,94.92126909518215,92.35233868214408,97.90030727210652,91.87661300233502,97.31473516037852,89.01152790052026,94.89532498018104,87.12439213793635,93.23785546129741,0.3334554749581252,70.7446808510638,94.68085106382979,57.236842105263186,89.03508771929825,76.81159420289858,86.23188405797102,75.75757575757575,86.53198653198653,72.49999999999997,85.0,70.61013858336025,88.29596187461712,78.57142857142854,93.38842975206612,82.70944741532979,93.85026737967914,84.58646616541353,90.97744360902256,91.14583333333331,95.57291666666666,86.97478991596638,93.69747899159664,84.7975930802943,93.49730727980622,77.70386583182727,90.89663457721167,0.44039068740581927
717.0,95.15570934256058,98.30834294502115,83.26647564469914,91.56160458452722,85.45618789521227,91.50858175248419,82.99022511848342,85.9745260663507,81.95378151260503,90.16806722689076,85.76447590271208,91.5042245150548,82.00916730328494,90.9009058168722,86.89167470266793,93.36119147112396,88.65452408930673,95.32549941245594,92.79446910208263,97.51792420621372,88.95477448691163,96.0366228339683,87.86092193685077,94.62842874812682,86.81269891978143,93.06632663159081,0.3434564599323168,70.7446808510638,94.68085106382979,57.236842105263186,89.03508771929825,76.81159420289858,86.23188405797102,75.75757575757575,86.53198653198653,72.49999999999997,85.0,70.61013858336025,88.29596187461712,79.2207792207792,93.5064935064935,82.70944741532979,93.93939393939394,84.58646616541353,90.97744360902256,91.14583333333331,95.57291666666666,88.44537815126048,93.69747899159664,85.22158085722326,93.53874534263466,77.91585972029176,90.91735360862589,0.43949594139041515
718.0,96.02076124567476,98.03921568627452,85.76647564469914,91.38968481375358,86.26919602529355,90.84613068352905,72.66735781990522,86.61137440758293,81.91176470588233,88.19327731092437,84.52711108829098,91.01593658041288,85.80022918258211,91.01822547200697,84.1155041251473,92.6711668273867,88.21974148061108,94.51468860164512,91.31785592352341,97.40525776715602,93.77534717955018,96.7862848715743,88.64573557828282,94.47912470795382,86.5864233332869,92.74753064418334,0.3436351534425046,70.7446808510638,94.68085106382979,57.236842105263186,89.03508771929825,76.81159420289858,86.23188405797102,75.75757575757575,86.53198653198653,72.49999999999997,85.0,70.61013858336025,88.29596187461712,79.2207792207792,93.38842975206612,82.70944741532979,93.85026737967914,84.58646616541353,90.78947368421053,92.70833333333331,95.57291666666666,88.44537815126048,93.69747899159664,85.53408085722326,93.45971329484382,78.07210972029176,90.87783758473047,0.436246182851934
719.0,94.46366782006922,97.65474817377931,86.19627507163325,92.70773638968481,85.0496838301716,91.80969587473652,78.68039099526068,87.24822274881515,84.15966386554624,93.82352941176471,85.7099363165362,92.6487865197561,85.02673796791443,92.05227545563682,86.56380585020891,92.73545483767278,88.8190364277321,94.58049353701527,92.40525776715603,97.87299419597133,88.46933759370775,96.40530908197124,88.25683512134384,94.72930542165349,86.98338571894001,93.6890459707048,0.32703749598430676,70.7446808510638,94.68085106382979,57.236842105263186,89.03508771929825,76.81159420289858,86.23188405797102,77.27272727272728,86.53198653198653,76.66666666666664,85.0,71.74650221972391,88.29596187461712,79.2207792207792,93.27036599763872,82.70944741532979,93.85026737967914,84.58646616541353,90.78947368421053,92.70833333333331,95.57291666666666,88.44537815126048,93.69747899159664,85.53408085722326,93.43610054395833,78.64029153847358,90.86603120928773,0.43983073277645324
720.0,95.50173010380624,97.50096116878123,88.12320916905445,91.189111747851,77.23577235772355,88.40710629328517,77.25859004739338,85.26362559241706,84.07563025210084,92.47899159663866,84.43898638601569,90.96795927979461,83.53705118410998,90.7481174287897,85.58448516018427,91.84185149469624,88.87191539365456,94.33372502937719,92.15773301468079,96.43222942983954,92.11933144893696,96.83544303797468,88.45410324031332,94.03827328413547,86.44654481316451,92.50311628196505,0.34790121284196607,70.7446808510638,94.68085106382979,57.236842105263186,89.03508771929825,76.81159420289858,86.23188405797102,75.75757575757575,86.19528619528619,72.49999999999997,85.0,70.61013858336025,88.22862180727705,79.2207792207792,93.38842975206612,81.72905525846703,93.93939393939394,83.27067669172934,90.78947368421053,92.70833333333331,95.57291666666666,88.44537815126048,93.69747899159664,85.07484453111388,93.4775386067868,77.84249155723707,90.85308020703192,0.4382857516055765
721.0,95.32871972318343,97.46251441753172,83.40974212034385,89.04011461318052,78.90695573622402,87.89521228545618,77.11789099526068,83.72334123222748,81.21848739495799,88.57142857142857,83.19635919399398,89.33852222396489,83.60389610389609,92.75619338644549,86.5627343833708,93.23904425158042,89.90011750881318,95.17038777908343,92.25503584841245,97.55889382041653,91.24370160992996,97.04436524517635,88.7130970908845,95.15377689654045,85.95472814243925,92.24614956025266,0.35030818311858736,70.7446808510638,94.68085106382979,57.236842105263186,89.03508771929825,76.81159420289858,86.23188405797102,77.27272727272728,86.19528619528619,76.66666666666664,85.0,71.74650221972391,88.22862180727705,79.2207792207792,93.27036599763872,82.70944741532979,93.93939393939394,84.58646616541353,90.78947368421053,92.70833333333331,95.57291666666666,88.44537815126048,93.69747899159664,85.53408085722326,93.4539258559013,78.64029153847358,90.84127383158918,0.4386655440759086
722.0,95.32871972318343,98.11610918877355,83.12320916905446,91.64756446991403,84.01084010840107,93.76693766937669,74.70379146919433,84.9377962085308,83.34033613445378,89.70588235294117,84.1013793208574,91.63485797790726,85.21772345301756,91.66211939321184,87.05668059573554,92.74402657237759,90.38777908343128,94.73560517038777,91.07033117104814,97.09798566063502,90.125353324321,96.19024210396952,88.7715735255107,94.48599578011634,86.43647642318405,93.0604268790118,0.33371524661068586,70.7446808510638,94.68085106382979,57.236842105263186,89.03508771929825,76.81159420289858,86.23188405797102,77.27272727272728,86.86868686868688,71.66666666666663,85.83333333333334,70.74650221972391,88.52996860862386,79.2207792207792,93.27036599763872,82.70944741532979,93.93939393939394,84.58646616541353,90.78947368421053,91.14583333333331,95.57291666666666,88.44537815126048,93.69747899159664,85.22158085722326,93.4539258559013,77.98404153847358,90.99194723226259,0.44261459291009836
723.0,96.19377162629759,97.30872741253364,87.69340974212035,94.75644699140402,84.64317976513097,90.48479373682625,77.68809241706163,82.13862559241706,86.93277310924371,91.890756302521,86.63024533197085,91.31587000714039,81.37891520244462,90.40707191967697,86.39879995714129,92.22329368906031,91.5804935370153,96.61104582843713,91.71560259474224,97.16285421645613,91.4864200565319,97.8861988447831,88.51204626957505,94.85809289968273,87.57114580077295,93.08698145341157,0.33844791330713836,70.7446808510638,94.68085106382979,57.236842105263186,89.03508771929825,76.81159420289858,86.23188405797102,77.27272727272728,86.19528619528619,76.66666666666664,85.83333333333334,71.74650221972391,88.39528847394372,79.2207792207792,93.27036599763872,82.70944741532979,93.85026737967914,84.58646616541353,90.78947368421053,91.14583333333331,95.57291666666666,88.44537815126048,93.69747899159664,85.22158085722326,93.43610054395833,78.48404153847358,90.91569450895102,0.43939729498914465
724.0,95.32871972318343,98.76970396001538,80.33667621776505,89.11174785100286,84.4173441734417,91.1472448057814,75.79235781990522,84.27132701421802,86.19747899159665,93.8655462184874,84.4145153851784,91.433113969901,84.73071046600458,91.98406635381427,87.38562091503266,93.11046823100824,88.59576968272623,93.93184488836664,92.06043018094913,97.00238989416182,89.49244193191595,97.7878825119823,88.45299463532572,94.76333037586664,86.43375501025207,93.09822217288382,0.33981692565022925,70.7446808510638,94.68085106382979,57.236842105263186,89.03508771929825,76.81159420289858,86.23188405797102,77.27272727272728,86.19528619528619,76.66666666666664,85.83333333333334,71.74650221972391,88.39528847394372,79.87012987012984,93.27036599763872,82.70944741532979,93.93939393939394,84.58646616541353,90.78947368421053,91.14583333333331,95.57291666666666,88.44537815126048,93.69747899159664,85.35145098709339,93.4539258559013,78.54897660340865,90.92460716492252,0.43856366087846504
725.0,95.84775086505192,99.07727797001154,86.19627507163325,91.17478510028654,85.86269196025292,92.89370671484492,77.96949052132702,83.9010663507109,86.23949579831934,91.34453781512603,86.42314084331689,91.67827479019599,86.74560733384261,92.93080868711121,87.38454944819456,94.43694417657774,88.70740305522918,94.51938895417156,91.56538067599864,96.24103789689315,91.00098316332802,97.37003809757896,89.08078473531859,95.09964356246653,87.75196278931773,93.38895917633126,0.32624314694634143,70.7446808510638,94.68085106382979,57.236842105263186,89.03508771929825,76.81159420289858,86.23188405797102,77.27272727272728,86.53198653198653,76.66666666666664,85.83333333333334,71.74650221972391,88.46262854128379,79.2207792207792,93.27036599763872,82.70944741532979,93.93939393939394,84.58646616541353,90.78947368421053,91.14583333333331,95.57291666666666,88.44537815126048,93.69747899159664,85.22158085722326,93.4539258559013,78.48404153847358,90.95827719859255,0.4394370757397828
726.0,95.67474048442908,98.2314494425221,82.83667621776506,92.12034383954155,84.01084010840107,89.94278831677205,77.96949052132702,84.89336492890996,75.42016806722688,87.10084033613445,83.18238307982982,90.45775737277603,85.38006111535523,91.3347157044636,85.91235401264328,92.14614807671703,89.4712103407756,94.8789659224442,94.03209286445889,97.08432912256742,91.1484576625292,96.82929826717464,89.18883519915244,94.45469141867338,86.18560913949113,92.4562243957247,0.34770448262067555,70.7446808510638,94.68085106382979,57.236842105263186,89.03508771929825,76.81159420289858,86.23188405797102,77.27272727272728,87.54208754208754,71.66666666666663,85.83333333333334,70.74650221972391,88.66464874330397,79.2207792207792,93.5064935064935,82.70944741532979,93.93939393939394,84.58646616541353,90.78947368421053,91.14583333333331,95.57291666666666,86.97478991596638,93.69747899159664,84.92746321016445,93.50115135767226,77.83698271494418,91.08290005048812,0.4414963599144865
727.0,89.42714340638219,98.03921568627452,82.97994269340977,90.37249283667622,82.38482384823847,90.30412526347486,77.59182464454977,83.97511848341233,79.0546218487395,89.49579831932773,82.28767128826394,90.43735011783312,85.44690603514132,90.94455964203864,85.91021107896708,92.4290153219758,90.44065804935373,95.52761457109284,91.60976442471835,97.82519631273472,91.09622711072876,96.55278358117243,88.90075333978186,94.65583388580288,85.5942123140229,92.546592001818,0.3482014678835787,70.7446808510638,94.68085106382979,57.236842105263186,89.03508771929825,76.81159420289858,86.23188405797102,77.27272727272728,87.54208754208754,71.66666666666663,85.83333333333334,70.74650221972391,88.66464874330397,79.87012987012984,93.38842975206612,82.70944741532979,93.93939393939394,84.58646616541353,90.69548872180451,91.14583333333331,95.57291666666666,88.44537815126048,93.69747899159664,85.35145098709339,93.45874161430557,78.04897660340865,91.06169517880477,0.4391275475796079
728.0,95.84775086505192,98.38523644752019,80.62320916905446,90.63037249283667,88.52755194218605,95.87473652514302,79.62825829383887,88.67002369668246,86.28151260504201,92.14285714285715,86.18165657503467,93.1406452610079,82.97364400305575,92.13139801375097,86.07735990571088,93.59477124183006,89.57696827262048,95.41480611045829,93.78456811198362,97.58279276203483,89.58768587931671,96.32542706157061,88.40004523453749,95.00983903792896,87.29085090478608,94.07524214946844,0.3167096793069167,70.7446808510638,94.68085106382979,57.236842105263186,89.03508771929825,76.81159420289858,86.23188405797102,77.27272727272728,86.53198653198653,76.66666666666664,85.83333333333334,71.74650221972391,88.46262854128379,79.87012987012984,93.38842975206612,82.70944741532979,93.76114081996434,84.58646616541353,90.78947368421053,92.70833333333331,95.57291666666666,88.44537815126048,93.69747899159664,85.66395098709339,93.44188798290085,78.70522660340865,90.95225826209233,0.43884158276220175
729.0,96.02076124567476,98.76970396001538,87.83667621776505,93.30945558739255,82.38482384823845,92.53236976814213,71.95645734597157,79.57642180094786,81.82773109243698,90.92436974789916,84.00528995001736,91.02246417287941,85.88617265087852,92.82440248826803,88.69173899067822,93.44905175184827,89.51821386603999,95.30199764982375,92.40525776715603,97.79788323659953,91.00098316332802,96.27012412437016,89.50047328761616,95.12869185018195,86.75288161881676,93.07557801153068,0.32820067005086423,70.7446808510638,94.68085106382979,57.236842105263186,89.03508771929825,76.81159420289858,86.23188405797102,77.27272727272728,86.19528619528619,76.66666666666664,85.83333333333334,71.74650221972391,88.39528847394372,79.87012987012984,93.38842975206612,82.70944741532979,94.02852049910874,84.58646616541353,90.60150375939851,92.70833333333331,95.57291666666666,88.44537815126048,93.69747899159664,85.66395098709339,93.45776993376732,78.70522660340865,90.92652920385552,0.4404866530206992
730.0,95.50173010380625,97.38562091503267,87.12034383954156,91.86246418338109,88.12104787714541,93.82716049382715,75.31842417061613,81.67950236966826,79.70588235294117,90.67226890756302,85.1534856688101,91.08540337389444,84.04316271963329,91.31561715595329,87.54634094074785,93.33333333333333,87.29729729729732,94.23501762632198,92.94469102082623,97.76374189143053,91.97185694973578,97.04436524517635,88.76066978564809,94.73841505044308,86.95707772722909,92.91190921216875,0.3377324229245876,70.7446808510638,94.68085106382979,57.236842105263186,89.03508771929825,76.81159420289858,86.23188405797102,77.27272727272728,86.53198653198653,71.66666666666663,85.83333333333334,70.74650221972391,88.46262854128379,79.87012987012984,93.38842975206612,82.70944741532979,93.93939393939394,84.58646616541353,90.69548872180451,92.70833333333331,95.57291666666666,88.44537815126048,93.69747899159664,85.66395098709339,93.45874161430557,78.20522660340865,90.96068507779468,0.44254167423930185
731.0,96.36678200692043,98.0392156862745,82.69340974212035,91.67621776504298,87.71454381210478,91.47847034025894,77.35485781990522,83.82701421800948,85.54621848739497,91.59663865546219,85.93516237368915,91.32351133300962,84.90259740259741,92.16413838262578,87.87742419372118,94.00621450766099,89.03055229142188,95.24559341950646,92.99761010583816,98.01980198019803,90.46331571832368,96.7371267051739,89.05429994238045,95.23457499903303,87.4947311580348,93.27904316602132,0.33073377462825015,70.7446808510638,94.68085106382979,57.236842105263186,89.03508771929825,76.81159420289858,86.23188405797102,77.27272727272728,86.53198653198653,76.66666666666664,85.83333333333334,71.74650221972391,88.46262854128379,79.87012987012984,93.38842975206612,83.68983957219254,93.93939393939394,84.58646616541353,90.78947368421053,91.14583333333331,95.57291666666666,88.44537815126048,93.69747899159664,85.54752941846593,93.4775386067868,78.64701581909492,90.9700835740353,0.4401148762816793
732.0,95.15570934256058,98.26989619377163,84.33381088825217,92.76504297994269,84.82384823848237,92.65281541704306,75.41469194312798,77.96208530805688,81.86974789915968,89.91596638655463,84.31956166231656,90.31316125707379,82.09511077158135,91.1901124085998,87.05989499624984,93.50048216007715,90.5464159811986,95.45240893066979,92.90030727210653,98.19392284055992,90.36807177092294,97.0996681823768,88.59396015841186,95.0873189044567,86.45676091036421,92.70024008076524,0.33988391985636396,70.7446808510638,93.61702127659574,69.73684210526318,89.03508771929825,76.81159420289858,86.23188405797102,75.75757575757575,86.19528619528619,72.49999999999997,85.83333333333334,73.11013858336025,88.1825225164969,79.2207792207792,93.38842975206612,83.68983957219254,93.93939393939394,85.90225563909775,90.88345864661655,91.14583333333331,95.57291666666666,86.97478991596638,93.69747899159664,85.38669953627382,93.496335599268,79.24841905981704,90.83942905788246,0.43743300569143756
733.0,95.67474048442908,97.88542868127644,82.83667621776506,92.26361031518626,86.08852755194218,91.2375790424571,77.11789099526068,85.47097156398105,79.70588235294117,90.96638655462186,84.28474352046763,91.56479523150453,82.13330786860197,91.40838153443195,87.05668059573554,93.40619307832424,88.10810810810813,94.3689776733255,93.58996244452032,97.79446910208263,91.4864200565319,96.7002580803736,88.47489581469956,94.73565589370759,86.3798196675836,93.15022556260607,0.3370350474659003,70.7446808510638,94.68085106382979,57.236842105263186,89.03508771929825,76.81159420289858,86.23188405797102,77.27272727272728,86.86868686868688,76.66666666666664,85.83333333333334,71.74650221972391,88.52996860862386,79.2207792207792,93.27036599763872,82.70944741532979,94.02852049910872,84.58646616541353,90.97744360902256,91.14583333333331,95.57291666666666,88.44537815126048,93.69747899159664,85.22158085722326,93.50934515280667,78.48404153847358,91.01965688071527,0.4413593511649447
734.0,96.02076124567473,98.30834294502114,85.90974212034385,92.34957020057307,87.30803974706411,93.91749473050285,78.68039099526068,86.62618483412322,82.73109243697479,88.69747899159664,86.13000530906363,91.97981434036339,83.76623376623374,91.1873840445269,87.87742419372118,92.49116039858566,89.51821386603999,95.61692126909517,89.93854557869581,97.07408671901673,90.70603416492567,96.6510999139732,88.36129031392328,94.60413046903953,87.24564781149346,93.29197240470145,0.32616601867994877,70.7446808510638,94.68085106382979,58.114035087719316,89.03508771929825,76.81159420289858,86.23188405797102,77.27272727272728,86.86868686868688,71.66666666666663,85.83333333333334,70.92194081621513,88.52996860862386,79.2207792207792,93.38842975206612,82.70944741532979,94.11764705882352,84.58646616541353,90.88345864661655,91.14583333333331,95.57291666666666,86.97478991596638,93.69747899159664,84.92746321016445,93.5319862231539,77.92470201318979,91.03097741588888,0.44498072607643024
735.0,96.02076124567476,99.11572472126106,85.47994269340975,91.97707736389684,78.86178861788616,92.65281541704306,76.40699052132703,85.2340047393365,84.85294117647058,89.83193277310924,84.32448485095365,91.76231100292935,86.34453781512605,92.60613336243588,86.23807993142609,93.58834244080145,90.65804935370156,95.08578143360754,92.69716626835098,97.40525776715603,93.2376797345459,97.4499201179796,89.83510262063012,95.2270870243961,87.0797937357919,93.49469901366272,0.32660542908582385,70.7446808510638,94.68085106382979,58.114035087719316,89.03508771929825,76.81159420289858,86.23188405797102,77.27272727272728,87.20538720538721,71.66666666666663,85.83333333333334,70.92194081621513,88.59730867596393,79.2207792207792,93.38842975206612,82.70944741532979,94.20677361853834,84.58646616541353,90.78947368421053,92.70833333333331,95.57291666666666,88.44537815126048,93.69747899159664,85.53408085722326,93.53101454261567,78.22801083671919,91.0641616092898,0.44417056120281856
736.0,96.88581314878894,99.07727797001154,88.83954154727796,88.89684813753583,84.64317976513097,92.02047576031316,80.67239336492892,87.32227488151659,80.48319327731093,89.32773109243698,86.30482422068755,91.32892156836282,83.70893812070283,91.9022154316272,85.91235401264329,92.75474124075859,89.73560517038781,95.33254994124559,90.97302833731649,97.86616592693753,91.58166400393266,97.54209167998033,88.38231792899661,95.07955284410984,87.34357107484209,93.20423720623633,0.3334414479363668,70.7446808510638,94.68085106382979,57.236842105263186,89.03508771929825,76.81159420289858,86.23188405797102,77.27272727272728,86.86868686868688,71.66666666666663,85.0,70.74650221972391,88.36330194195719,79.2207792207792,93.38842975206612,82.70944741532979,94.20677361853834,84.58646616541353,90.88345864661655,91.14583333333331,95.57291666666666,88.44537815126048,93.69747899159664,85.22158085722326,93.54981153509686,77.98404153847358,90.95655673852703,0.44314681799156536
737.0,95.32871972318343,96.50134563629373,83.90401146131806,92.19197707736389,85.0496838301716,91.02679915688044,80.14662322274883,88.22571090047393,81.86974789915968,91.80672268907563,85.25975722731633,91.95051109201752,83.85217723453017,92.86805631343447,87.06203792992605,93.2261866495232,90.44065804935371,94.43478260869566,90.97302833731649,97.18675315807444,87.20351480889764,96.35615091557086,87.9062832720048,94.81438592905972,86.58302024966056,93.38244851053862,0.34179885873400545,70.7446808510638,93.61702127659574,57.236842105263186,89.03508771929825,76.81159420289858,86.23188405797102,77.27272727272728,86.86868686868688,71.66666666666663,85.83333333333334,70.74650221972391,88.31720265117704,79.2207792207792,93.38842975206612,82.70944741532979,94.20677361853834,84.58646616541353,90.88345864661655,91.14583333333331,95.57291666666666,86.97478991596638,93.69747899159664,84.92746321016445,93.54981153509686,77.83698271494418,90.93350709313695,0.4417702604758814
738.0,96.19377162629759,97.96232218377547,88.98280802292264,94.35530085959886,83.19783197831977,92.68292682926828,77.68809241706163,86.90758293838863,78.31932773109244,87.6890756302521,84.87636635513881,91.91944168825667,83.07868601986247,92.46971515879079,86.56702025072322,92.30258223507983,90.27614571092835,94.48178613396004,91.56538067599864,96.30249231819732,90.61079021752488,96.74327147597396,88.41960457500751,94.45996946440039,86.64798546507316,93.18970557632852,0.3368622391934231,70.7446808510638,93.61702127659574,57.236842105263186,89.03508771929825,76.81159420289858,86.23188405797102,77.27272727272728,86.86868686868688,76.66666666666664,85.0,71.74650221972391,88.15053598451037,79.2207792207792,93.38842975206612,83.68983957219254,94.2959001782531,84.58646616541353,90.78947368421053,92.70833333333331,95.57291666666666,88.44537815126048,93.69747899159664,85.73015928859581,93.54883985455861,78.73833075415986,90.84968791953449,0.440603576330465
739.0,95.50173010380624,97.77008842752788,84.62034383954156,92.00573065902579,85.45618789521227,92.74314965371876,77.11789099526067,85.29324644549763,81.17647058823529,87.01680672268908,84.7745246844112,90.96580438169183,84.58747135217723,93.6292698897741,89.01960784313724,94.26122361512913,88.38425381903645,94.54054054054055,92.99761010583816,97.53840901331512,90.85350866412684,95.58190979476466,89.16849035686319,95.11027057070471,86.9715075206372,93.03803747619827,0.3344861429546074,70.7446808510638,93.61702127659574,69.73684210526318,89.03508771929825,76.81159420289858,86.23188405797102,77.27272727272728,86.86868686868688,76.66666666666664,85.0,74.24650221972391,88.15053598451037,79.87012987012984,93.38842975206612,83.68983957219254,94.20677361853834,84.58646616541353,90.88345864661655,91.14583333333331,95.57291666666666,86.97478991596638,93.69747899159664,85.25341177140712,93.54981153509686,79.74995699556551,90.85017375980362,0.43896406864264687
740.0,95.6747404844291,97.4240676662822,90.05014326647566,91.60458452722064,80.93947606142726,92.11080999698886,82.51629146919433,87.95912322274881,81.86974789915968,89.95798319327731,86.21007983613721,91.81131372130356,84.92169595110771,92.06864564007421,85.91235401264328,93.62905818064931,88.76028202115161,95.03877790834312,91.56538067599864,97.57937862751793,91.63389455573308,97.92306746958339,88.55872144332687,95.2477855652336,87.38440063973204,93.52954964326858,0.3309578311674285,70.7446808510638,92.55319148936171,57.236842105263186,89.03508771929825,76.81159420289858,86.23188405797102,77.27272727272728,87.20538720538721,71.66666666666663,85.0,70.74650221972391,88.00511009440363,79.87012987012984,93.38842975206612,83.68983957219254,93.85026737967914,83.27067669172934,90.78947368421053,92.70833333333331,95.57291666666666,88.44537815126048,93.69747899159664,85.5968715237291,93.45971329484382,78.17168687172651,90.73241169462372,0.4419654417001488
741.0,90.4652056901192,96.27066512879662,86.05300859598856,94.8567335243553,86.6757000903342,93.82716049382715,76.74022511848342,85.15995260663507,85.50420168067228,90.12605042016807,85.08766823511954,92.04811243475645,83.0118411000764,90.78085779766452,86.3998714239794,91.95756991321119,89.46533490011753,95.165687426557,92.25503584841242,97.45988391942643,87.59370775470077,94.9121297775593,87.7451582054573,94.0552257668837,86.41641322028842,93.05166910082008,0.3449458934237744,70.7446808510638,92.55319148936171,57.236842105263186,89.03508771929825,76.81159420289858,86.23188405797102,77.27272727272728,87.20538720538721,71.66666666666663,85.0,70.74650221972391,88.00511009440363,79.2207792207792,93.38842975206612,82.70944741532979,94.20677361853832,83.27067669172934,90.78947368421053,92.70833333333331,95.57291666666666,88.44537815126048,93.69747899159664,85.27092296248642,93.53101454261567,78.00871259110517,90.76806231850965,0.44228289606808474
742.0,96.02076124567476,99.00038446751249,82.40687679083096,93.59598853868194,79.90063233965671,91.17735621800662,74.94075829383887,84.25651658767774,78.36134453781513,90.25210084033614,82.32607464156328,91.65646933044299,85.44690603514132,92.9226235948925,87.05668059573553,93.95692703310833,88.76028202115161,94.56404230317274,91.56538067599864,97.03311710481393,89.73516037851789,96.46061201917168,88.512881941309,94.98746441103182,85.41947829143615,93.32196687073741,0.3390298282327917,70.7446808510638,91.48936170212765,58.114035087719316,89.03508771929825,68.47826086956523,86.23188405797102,77.27272727272728,87.20538720538721,71.66666666666663,85.0,69.25527414954846,87.79234413695683,79.2207792207792,93.38842975206612,82.70944741532979,94.29590017825312,84.58646616541353,90.78947368421053,92.70833333333331,95.57291666666666,88.44537815126048,93.69747899159664,85.53408085722326,93.54883985455861,77.39467750338585,90.67059199575772,0.4452096243489922
743.0,95.50173010380625,98.65436370626682,88.12320916905445,93.39541547277936,82.15898825654921,90.5149051490515,84.03436018957348,88.03317535545024,84.8109243697479,92.6890756302521,86.92584241774625,92.65738706276001,82.02826585179524,90.84361017134125,87.38240651451835,93.23690131790421,91.14571092831966,95.84958871915393,93.38682144076476,98.43291225674291,89.97787882511982,97.4253410347794,88.78421671210357,95.15767069998432,87.8550295649249,93.90752888137217,0.31906731493279317,70.7446808510638,92.55319148936171,57.236842105263186,89.03508771929825,76.81159420289858,86.23188405797102,77.27272727272728,87.20538720538721,71.66666666666663,85.0,70.74650221972391,88.00511009440363,79.87012987012984,93.5064935064935,83.68983957219254,94.5632798573975,85.05639097744361,90.88345864661655,92.70833333333331,95.57291666666666,88.44537815126048,93.69747899159664,85.95401438087194,93.64472553375417,78.35025830029792,90.8249178140789,0.4402783348393032
744.0,95.32871972318343,98.57747020376777,87.83667621776505,91.24641833810888,85.0496838301716,92.20114423366455,81.66469194312798,88.87736966824644,83.29831932773108,90.71428571428571,86.63561820839583,92.32333763161468,83.41291061879296,90.80268471024773,86.3987999571413,93.24118718525662,89.73560517038781,95.82608695652175,91.8129054284739,96.54148173438033,93.62787268034901,97.97222563598378,88.99761877102901,94.87673324447805,87.81661848971243,93.60003543804636,0.3253819558759111,70.7446808510638,92.55319148936171,58.114035087719316,89.03508771929825,76.81159420289858,86.23188405797102,77.27272727272728,86.86868686868688,71.66666666666663,85.0,70.92194081621513,87.93777002706358,79.2207792207792,93.5064935064935,83.68983957219254,94.4741532976827,83.27067669172934,90.78947368421053,92.70833333333331,95.57291666666666,88.44537815126048,93.69747899159664,85.46700139385898,93.60810322933,78.19447110503705,90.77293662819679,0.44333375830353033
745.0,96.02076124567476,98.15455594002307,91.05300859598854,94.52722063037248,84.82384823848237,92.83348389039445,76.26629146919433,85.4117298578199,88.40336134453781,93.90756302521008,87.31345417877557,92.966910668764,84.73071046600458,92.7862053912474,86.89167470266793,92.5168756027001,88.70740305522916,94.76615746180963,92.59986343461934,96.62683509730283,91.87661300233502,96.91532505837532,88.96125293217122,94.72227972228707,88.1373535554734,93.84459519552553,0.3171840268677091,70.7446808510638,92.55319148936171,58.114035087719316,89.03508771929825,76.81159420289858,86.23188405797102,77.27272727272728,86.86868686868688,71.66666666666663,85.0,70.92194081621513,87.93777002706358,79.2207792207792,93.5064935064935,83.68983957219254,94.38502673796792,85.05639097744361,90.78947368421053,92.70833333333331,95.57291666666666,88.44537815126048,93.69747899159664,85.82414425100183,93.59027791738706,78.37304253360847,90.76402397222532,0.44484286227029585
746.0,96.19377162629759,98.69281045751633,86.05300859598856,92.79369627507164,89.34056007226737,95.39295392953929,77.11789099526068,85.87085308056874,86.97478991596638,89.49579831932772,87.1360042411561,92.44922241240474,84.81665393430099,91.37291280148423,86.4041572913318,92.24043715846994,89.68272620446535,94.7967097532315,92.84738818709457,97.40184363263911,90.85350866412684,97.58510507558069,88.9208868562639,94.67940168428109,88.02844554871001,93.56431204834291,0.3193960995239508,70.7446808510638,92.55319148936171,58.114035087719316,89.03508771929825,68.47826086956523,86.23188405797102,77.27272727272728,86.86868686868688,71.66666666666663,85.0,69.25527414954846,87.93777002706358,79.87012987012984,93.38842975206612,83.68983957219254,94.38502673796792,84.58646616541353,90.78947368421053,92.70833333333331,95.57291666666666,88.44537815126048,93.69747899159664,85.86002941846593,93.56666516650156,77.55765178400719,90.75221759678257,0.446821677781686
747.0,90.11918492887352,96.42445213379469,79.04727793696276,88.22349570200572,83.19783197831977,93.64649202047576,79.86522511848342,85.61907582938389,82.6470588235294,90.12605042016806,82.97531575723377,90.80791322116562,83.72803666921313,92.40150605696824,88.03921568627447,93.9247830279653,90.6051703877791,94.9048178613396,91.9631273472175,97.45988391942643,90.125353324321,97.78173774118225,88.89218068296103,95.29454572137637,85.9337482200974,93.051229471271,0.3397777412430997,70.7446808510638,92.55319148936171,69.73684210526318,88.1578947368421,76.81159420289858,86.23188405797102,77.27272727272728,86.86868686868688,76.66666666666664,85.0,74.24650221972391,87.76233143057235,80.5194805194805,93.27036599763872,84.67023172905527,94.38502673796792,84.58646616541353,90.97744360902256,92.70833333333331,95.57291666666666,88.44537815126048,93.69747899159664,86.18597797970862,93.5806464005785,80.21624009971626,90.67148891557542,0.44176157637713476
748.0,95.50173010380625,97.77008842752787,88.98280802292264,93.00859598853867,86.90153568202345,93.07437518819633,78.20645734597159,84.43424170616115,85.50420168067228,90.29411764705883,87.01934656707924,91.71628379149658,85.8479755538579,92.42060460547854,86.2412943319404,93.3033322618665,89.35957696827266,95.78378378378378,92.59986343461934,97.38135882553772,90.85350866412682,95.34226373356275,88.98044379056343,94.84626864204586,87.99989517882133,93.28127621677122,0.3329996892785213,70.7446808510638,92.55319148936171,58.114035087719316,88.1578947368421,76.81159420289858,86.95652173913044,77.27272727272728,86.86868686868688,71.66666666666663,85.0,70.92194081621513,87.90725896680422,80.5194805194805,93.27036599763872,84.67023172905527,94.38502673796792,84.58646616541353,90.88345864661655,91.14583333333331,95.57291666666666,88.44537815126048,93.69747899159664,85.87347797970862,93.5618494080973,78.39770939796188,90.73455418745075,0.44606837841920194
749.0,96.02076124567476,97.19338715878509,83.12320916905445,90.14326647564471,81.52664859981932,94.15838602830473,77.21415876777253,84.43424170616115,88.36134453781513,93.06722689075629,85.24922446402724,91.79930165193039,83.30786860198623,92.12321292153226,87.71348976749167,94.14764813029036,89.95299647473563,95.99529964747356,91.56538067599864,96.99556162512802,91.19147105812954,97.13039203637706,88.74624131566834,95.27842287216023,86.99773288984778,93.53886226204531,0.3229701110044434,70.7446808510638,92.55319148936171,69.73684210526318,88.59649122807018,76.81159420289858,86.95652173913044,77.27272727272728,86.53198653198653,76.66666666666664,85.0,74.24650221972391,87.92763819770977,81.16883116883116,93.27036599763872,83.68983957219254,94.38502673796792,85.90225563909775,90.97744360902256,92.70833333333331,95.57291666666666,88.44537815126048,93.69747899159664,86.38292757294305,93.5806464005785,80.31471489633347,90.75414229914414,0.44095931496800445
750.0,90.11918492887352,95.96309111880046,87.69340974212037,94.92836676217765,80.93947606142726,90.09334537789823,77.59182464454977,84.52310426540284,81.95378151260503,90.84033613445376,83.65953537791519,91.26964873174659,85.65699006875477,93.59380115682636,87.05668059573554,93.34190506803814,89.14218566392482,94.03290246768508,91.22055308979175,97.72960054626152,92.84748678874278,97.16726066117735,89.18477924138993,95.17309397999769,86.42215730965256,93.22137135587214,0.33366713891244654,70.7446808510638,92.55319148936171,69.73684210526318,88.59649122807018,76.81159420289858,86.95652173913044,77.27272727272728,86.53198653198653,76.66666666666664,85.0,74.24650221972391,87.92763819770977,80.5194805194805,93.27036599763872,84.67023172905527,94.38502673796792,84.58646616541353,91.07142857142858,91.14583333333331,95.57291666666666,88.44537815126048,93.69747899159664,85.87347797970862,93.59944339305972,80.05999009971626,90.76354079538474,0.44227964853394586
751.0,95.50173010380625,97.73164167627836,83.83954154727795,94.32664756446991,88.34688346883466,92.92381812707016,75.22215639810427,85.94490521327015,86.19747899159664,94.41176470588235,85.82155810192396,93.06775545739417,85.7811306340718,93.3700753028484,87.05989499624984,93.58191363977285,90.11750881316101,94.81786133960047,91.3178559235234,97.16285421645611,91.24370160992996,96.50977018557207,89.1040183953872,95.08849493684997,87.46278824865558,94.07812519712206,0.31761999499131416,70.7446808510638,92.55319148936171,58.114035087719316,89.03508771929825,76.81159420289858,86.95652173913044,77.27272727272728,86.86868686868688,71.66666666666663,85.0,70.92194081621513,88.08269756329545,80.5194805194805,93.27036599763872,84.67023172905527,94.38502673796792,84.58646616541353,90.97744360902257,92.70833333333331,95.57291666666666,88.44537815126048,93.69747899159664,86.18597797970862,93.5806464005785,78.55395939796188,90.83167198193698,0.4482881711851172
752.0,95.50173010380625,98.38523644752019,84.76361031518628,89.8567335243553,87.12737127371271,92.20114423366455,76.26629146919433,83.24940758293839,87.71008403361344,93.57142857142857,86.2738174391026,91.4527900719814,84.67341482047365,92.0495470915639,86.24022286510228,92.78045644487302,90.11163337250296,95.88484136310224,91.22055308979175,97.78764083304881,92.21457539633771,98.37778050878703,88.89207990884167,95.376053248275,87.58294867397214,93.4144216601282,0.32721305251060046,70.7446808510638,92.55319148936171,70.61403508771932,89.03508771929825,76.81159420289858,86.95652173913044,77.27272727272728,86.53198653198653,76.66666666666664,85.0,74.42194081621513,88.01535749595539,80.5194805194805,93.38842975206612,84.67023172905527,94.29590017825313,84.58646616541353,90.88345864661655,92.70833333333331,95.57291666666666,88.44537815126048,93.69747899159664,86.18597797970862,93.56763684703984,80.30395939796188,90.79149717149761,0.4444690248594051
753.0,96.19377162629759,99.07727797001154,83.40974212034385,92.23495702005731,88.12104787714541,93.97771755495333,75.31842417061613,86.58175355450237,82.73109243697479,91.68067226890756,85.15481564627557,92.71047567368642,83.53705118411,92.42878969769725,87.22168648880314,93.382620807886,89.46533490011753,96.54524089306699,93.73164902697168,97.92079207920791,90.46331571832371,95.35455327516284,88.8838074636652,95.1263993506042,87.01931155497039,93.91843751214532,0.31449998368923354,70.7446808510638,92.55319148936171,70.61403508771932,88.59649122807018,76.81159420289858,86.95652173913044,77.27272727272728,86.53198653198653,76.66666666666664,85.0,74.42194081621513,87.92763819770977,80.5194805194805,93.27036599763872,84.67023172905527,94.2959001782531,84.58646616541353,90.88345864661655,92.70833333333331,95.57291666666666,88.44537815126048,93.69747899159664,86.18597797970862,93.54402409615435,80.30395939796188,90.73583114693206,0.4445706453534402
754.0,94.98269896193774,98.11610918877355,86.62607449856735,92.47851002865329,80.71364046973802,92.47214694369167,83.32345971563983,88.96623222748815,86.28151260504201,94.03361344537815,86.38547725018499,93.21332236679696,84.0431627196333,91.56389828658736,87.05560912889744,94.02550091074681,89.68272620446535,95.7743830787309,91.41515875725504,97.25162171389552,92.752242841342,97.17955020277745,88.98977993031863,95.15899083854761,87.68762859025182,94.18615660267228,0.32102470808769396,70.7446808510638,92.55319148936171,69.73684210526318,88.59649122807018,76.81159420289858,86.95652173913044,77.27272727272728,86.19528619528619,76.66666666666664,85.0,74.24650221972391,87.8602981303697,81.16883116883116,93.15230224321134,83.68983957219254,94.3850267379679,85.90225563909775,90.97744360902257,91.14583333333331,95.57291666666666,88.44537815126048,93.69747899159664,86.07042757294305,93.55703364969301,80.15846489633347,90.70866589003136,0.44147940467134716
755.0,95.15570934256056,97.27028066128412,82.55014326647566,94.02578796561603,82.56549232158986,92.56248118036736,77.82879146919433,83.57523696682465,79.70588235294119,89.91596638655463,83.56120375055232,91.46995063212935,83.62299465240642,91.72487176688857,86.89488910318221,93.40833601200043,88.00235017626325,94.46298472385428,93.88187094571528,97.51451007169682,94.40825857195524,97.22870836917782,89.36207268990447,94.86788218872358,86.4616382202284,93.16891641042648,0.330558121984942,70.7446808510638,92.55319148936171,70.61403508771932,89.03508771929825,76.81159420289858,86.95652173913044,77.27272727272728,86.53198653198653,71.66666666666663,85.0,73.42194081621513,88.01535749595539,80.5194805194805,93.27036599763872,85.65062388591802,94.38502673796792,84.58646616541353,90.78947368421053,91.14583333333331,95.57291666666666,86.97478991596638,93.69747899159664,85.77543876402234,93.5430524156161,79.59868979011873,90.77920495578574,0.4450827043273416
756.0,96.19377162629759,97.4240676662822,85.19340974212037,92.49283667621778,90.37940379403791,94.97139415838602,80.47985781990522,86.7298578199052,86.97478991596638,88.31932773109243,87.84424657966548,91.98749681037671,82.63941940412528,90.67445159882135,88.69602485803063,93.38476374156221,90.60517038777913,95.7743830787309,93.43974052577671,97.91054967565722,89.88263487771906,96.87845643357504,89.05259801068615,94.92452090566935,88.44842229517582,93.45600885802304,0.33188560443807047,70.7446808510638,92.55319148936171,70.61403508771932,88.59649122807018,76.81159420289858,86.95652173913044,77.27272727272728,86.86868686868688,71.66666666666663,85.0,73.42194081621513,87.99497826504984,80.5194805194805,93.27036599763872,85.65062388591802,94.47415329768272,82.80075187969925,91.07142857142857,91.14583333333331,95.57291666666666,86.97478991596638,93.69747899159664,85.4182959068795,93.61726870500266,79.42011836154731,90.80612348502625,0.44408371999646445
757.0,95.15570934256058,97.30872741253364,85.76647564469914,92.7650429799427,84.4173441734417,92.89370671484492,80.57612559241707,85.35248815165876,87.71008403361344,92.18487394957984,86.72514775734638,92.10096784171196,84.77845683728036,90.85725199170577,86.56916318439943,93.88406728811742,88.44300822561695,95.13983548766159,94.27961761693412,97.23113690679412,89.24972348531401,96.26397935357012,88.66399386990898,94.6752542055698,87.69457081362768,93.38811102364087,0.3348109101746849,70.7446808510638,92.55319148936171,69.73684210526318,88.59649122807018,76.81159420289858,86.95652173913044,77.27272727272728,86.53198653198653,76.66666666666664,85.0,74.24650221972391,87.92763819770977,80.5194805194805,93.38842975206612,84.67023172905527,94.3850267379679,85.90225563909775,91.07142857142858,91.14583333333331,95.57291666666666,88.44537815126048,93.69747899159664,86.13663587444546,93.62305614394518,80.19156904708468,90.77534717082747,0.4421329137080427
758.0,94.98269896193771,98.07766243752403,87.26361031518627,92.82234957020059,82.56549232158986,92.56248118036736,78.68039099526068,87.89988151658767,83.34033613445378,94.53781512605042,85.36650574568566,93.180037966146,82.57257448433919,91.9240423442104,87.05560912889744,93.75120540019286,89.4124559341951,95.09283196239718,92.75008535336293,97.17309662000683,91.4864200565319,97.30859038957848,88.6554289914653,95.04995334327717,87.01096736857548,94.11499565471158,0.31575559210736687,70.7446808510638,92.55319148936171,58.114035087719316,88.59649122807018,68.47826086956523,86.95652173913044,77.27272727272728,86.86868686868688,71.66666666666663,85.0,69.25527414954846,87.99497826504984,79.87012987012984,93.38842975206612,84.67023172905527,94.38502673796792,83.27067669172934,91.16541353383458,91.14583333333331,95.57291666666666,88.44537815126048,93.69747899159664,85.48044995510165,93.64185313642638,77.36786205232505,90.81841570073811,0.4490560392149792
759.0,95.67474048442908,98.76970396001538,87.97994269340975,94.25501432664755,83.19783197831977,91.869918699187,80.71682464454977,84.59715639810426,84.81092436974791,90.21008403361346,86.47605283409125,91.94037548351353,84.90259740259741,92.70162610498744,85.9112825458052,93.03332261866495,89.25381903642776,95.39365452408931,94.03209286445886,97.11847046773644,91.4864200565319,97.16726066117735,89.11724238116422,95.08286687533109,87.79664760762773,93.51162117942232,0.32491874512132946,70.7446808510638,92.55319148936171,58.114035087719316,88.59649122807018,68.47826086956523,86.95652173913044,77.27272727272728,86.86868686868688,71.66666666666663,85.0,69.25527414954846,87.99497826504984,79.2207792207792,93.38842975206612,84.67023172905527,94.4741532976827,83.27067669172934,91.16541353383458,92.70833333333331,95.57291666666666,88.44537815126048,93.69747899159664,85.6630798252315,93.65967844836935,77.45917698738998,90.82732835670959,0.4476881705382302
760.0,96.88581314878894,98.2314494425221,86.19627507163325,88.10888252148997,88.12104787714541,93.8572719060524,77.45112559241707,86.7298578199052,88.36134453781513,95.12605042016806,87.40312124555996,92.41070242202754,84.16730328495034,92.352395503656,87.22061502196505,93.00546448087432,90.28202115158639,95.8096357226792,92.84738818709457,98.10515534312051,90.22059727172174,97.20412928597764,88.94758498346361,95.29535606726154,88.17535311451178,93.85302924464455,0.3225126491559333,70.7446808510638,92.55319148936171,70.61403508771932,88.59649122807018,76.81159420289858,86.95652173913044,77.27272727272728,86.86868686868688,71.66666666666663,85.0,73.42194081621513,87.99497826504984,79.2207792207792,93.5064935064935,83.68983957219254,94.4741532976827,83.27067669172934,91.07142857142858,92.70833333333331,95.57291666666666,88.44537815126048,93.69747899159664,85.46700139385898,93.66449420677361,79.44447110503705,90.82973623591172,0.44543695506402564
761.0,90.29219530949636,98.30834294502115,87.83667621776505,93.51002865329512,82.7913279132791,91.29780186690756,78.30272511848342,86.49289099526067,81.91176470588233,89.6218487394958,84.22693785298125,91.84618263999606,84.39648586707409,92.4888137073011,87.87313832636876,94.26122361512911,88.5428907168038,95.48061104582844,91.46807784226701,97.00580402867874,89.97787882511983,96.46675678997174,88.4516943155267,95.14064183738182,86.33931608425397,93.49341223868893,0.3271627081859699,70.7446808510638,92.55319148936171,70.61403508771932,88.59649122807018,68.47826086956523,86.95652173913044,77.27272727272728,86.86868686868688,71.66666666666663,85.0,71.75527414954846,87.99497826504984,79.87012987012984,93.38842975206612,84.67023172905527,94.20677361853832,83.27067669172934,90.88345864661655,92.70833333333331,95.57291666666666,88.44537815126048,93.69747899159664,85.79294995510165,93.54981153509686,78.77411205232505,90.77239490007335,0.4488845329837604
762.0,94.98269896193774,98.15455594002307,86.19627507163325,91.57593123209169,89.34056007226737,93.73682625715145,78.16202606635073,86.80390995260663,87.66806722689076,93.73949579831933,87.26992547981597,92.80214383603843,85.3418640183346,93.38098875914002,87.21847208828883,93.30761812921891,89.62397179788488,96.1081081081081,95.06657562307956,97.90713554114032,90.22059727172177,96.08578100036868,89.49429615986192,95.35792630759519,88.38211081983894,94.08003507181681,0.3132259382434145,70.7446808510638,92.55319148936171,70.61403508771932,88.59649122807018,68.47826086956523,86.95652173913044,77.27272727272728,86.86868686868688,71.66666666666663,85.0,71.75527414954846,87.99497826504984,80.5194805194805,93.5064935064935,85.65062388591802,94.38502673796792,82.80075187969925,90.69548872180452,92.70833333333331,95.57291666666666,88.44537815126048,93.69747899159664,86.02491355393832,93.57148092490586,78.89009385174339,90.78322959497785,0.44964463681700073
763.0,95.6747404844291,97.46251441753172,83.26647564469916,92.14899713467048,83.6043360433604,92.20114423366455,79.96149289099527,85.66350710900473,84.15966386554622,90.3781512605042,85.33334178580603,91.57086283107513,84.69251336898395,93.13816435665174,86.07414550519658,93.31618986392371,89.03055229142188,94.48648648648647,91.16763400477977,97.90030727210652,92.26680594813814,96.39916431117119,88.64633022370407,95.04806245806793,86.98983600475505,93.30946264457154,0.3233505805765438,70.7446808510638,92.55319148936171,70.61403508771932,88.59649122807018,76.81159420289858,86.23188405797102,77.27272727272728,86.86868686868688,71.66666666666663,85.0,73.42194081621513,87.85005072881796,80.5194805194805,93.38842975206612,84.67023172905527,94.2959001782531,83.27067669172934,90.78947368421053,92.70833333333331,95.57291666666666,88.44537815126048,93.69747899159664,85.92282008497178,93.54883985455861,79.67238045059345,90.69944529168828,0.44613909271205393
764.0,96.7128027681661,98.57747020376777,85.19340974212038,92.07736389684813,85.45618789521227,93.25504366154772,81.99792654028437,90.6398104265403,88.44537815126051,91.72268907563026,87.56114101940872,93.25447545286684,83.60389610389609,92.84895776492415,87.71134683381547,93.27975999142826,89.30669800235019,95.11163337250295,91.3178559235234,97.66473199044042,89.34496743271477,96.7125476219737,88.25695285925998,95.1235261482539,87.90904693933436,94.18900080056036,0.31237576638502607,70.7446808510638,92.55319148936171,58.114035087719316,88.59649122807018,68.47826086956523,86.95652173913044,77.27272727272728,86.86868686868688,71.66666666666663,85.0,69.25527414954846,87.99497826504984,80.5194805194805,93.6245572609209,84.67023172905527,94.47415329768272,83.27067669172934,90.69548872180452,92.70833333333331,95.57291666666666,88.44537815126048,93.69747899159664,85.92282008497178,93.61291898773429,77.58904711726012,90.80394862639207,0.4520043989808391
765.0,90.4652056901192,97.57785467128028,89.12607449856735,94.75644699140402,87.30803974706411,92.80337247816924,79.48755924170618,82.65699052132702,86.23949579831933,91.72268907563024,86.52527499515524,91.90347074756217,86.93659281894574,93.09723889555822,88.04028715311259,93.59262830815386,89.95299647473563,95.00822561692127,91.56538067599864,97.26527825196311,90.46331571832371,96.66953422637336,89.39171456822326,95.12658105979396,87.95849478168925,93.51502590367807,0.3253192178787819,70.7446808510638,92.55319148936171,70.61403508771932,88.59649122807018,76.81159420289858,86.23188405797102,77.27272727272728,86.86868686868688,71.66666666666663,85.0,73.42194081621513,87.85005072881796,80.5194805194805,93.5064935064935,84.67023172905527,94.47415329768269,82.80075187969925,90.78947368421053,92.70833333333331,95.57291666666666,88.44537815126048,93.69747899159664,85.82883512256576,93.60810322933,79.62538796939045,90.72907697907398,0.4468510188351386
766.0,95.32871972318343,97.34717416378315,88.69627507163325,93.82521489971347,82.15898825654921,92.53236976814213,80.81309241706163,85.6042654028436,84.07563025210084,91.5126050420168,86.21454114410567,92.16432585529982,85.13177998472115,92.00316490232456,85.74949105325187,92.93046180220722,89.4124559341951,95.62397179788485,92.84738818709457,98.13246841925572,93.14243578714513,96.86616689197494,89.25671018928156,95.11124676272945,87.73562566669361,93.63778630901464,0.32538916307688315,70.7446808510638,92.55319148936171,70.61403508771932,88.1578947368421,76.81159420289858,86.23188405797102,77.27272727272728,86.53198653198653,76.66666666666664,85.0,74.42194081621513,87.69499136323228,80.5194805194805,93.6245572609209,84.67023172905527,94.47415329768272,86.37218045112782,90.69548872180452,92.70833333333331,95.57291666666666,88.44537815126048,93.69747899159664,86.54312083685147,93.61291898773429,80.48253082653329,90.65395517548328,0.44221624852331837
767.0,95.15570934256058,99.19261822376009,84.62034383954156,89.97134670487105,86.6757000903342,94.88105992171032,76.88092417061613,85.35248815165876,84.15966386554622,92.47899159663866,85.49846826171975,92.37530091972778,84.79755538579067,91.98133798974135,85.42162220079287,92.57259187828136,87.83783783783787,94.90246768507637,93.74018436326392,98.99624445203142,89.49244193191596,97.31473516037852,88.25792834392027,95.1534754331018,86.87819830282001,93.7643881764148,0.32617689878553946,70.7446808510638,92.55319148936171,70.61403508771932,88.1578947368421,68.47826086956523,86.23188405797102,77.27272727272728,86.53198653198653,71.66666666666663,85.0,71.75527414954846,87.69499136323228,80.5194805194805,93.6245572609209,84.67023172905527,94.4741532976827,85.05639097744361,90.78947368421053,92.70833333333331,95.57291666666666,88.44537815126048,93.69747899159664,86.27996294211464,93.63171598021549,79.01761854583154,90.66335367172388,0.44901256809351164
768.0,96.19377162629759,96.8089196462899,80.76647564469916,93.32378223495704,85.86269196025292,94.03794037940378,76.26629146919433,85.73755924170617,89.87394957983193,95.46218487394957,85.79263605605517,93.07407727526129,84.58747135217723,93.38098875914002,87.38347798135645,93.15761277188471,87.94947121034082,94.36192714453584,93.43974052577671,97.85933765790372,90.22059727172177,97.71414526238172,88.71615166827459,95.29480231916921,87.25439386216487,94.18443979721525,0.315212649933618,70.7446808510638,92.55319148936171,70.61403508771932,88.1578947368421,76.81159420289858,86.23188405797102,77.27272727272728,86.53198653198653,71.66666666666663,85.0,73.42194081621513,87.69499136323228,80.5194805194805,93.6245572609209,84.67023172905527,94.38502673796792,85.90225563909775,90.78947368421053,92.70833333333331,95.57291666666666,88.44537815126048,93.69747899159664,86.44913587444546,93.61389066827253,79.93553834533029,90.65444101575241,0.44731527158224615
769.0,96.7128027681661,98.30834294502114,85.05014326647566,93.43839541547278,86.6757000903342,92.59259259259258,76.74022511848342,82.25710900473933,83.42436974789915,87.60504201680672,85.7206481982717,90.84029639492651,84.56837280366692,93.01538797337116,86.40094289081752,93.36976320582878,89.46533490011754,95.33490011750881,92.54694434960739,97.34721748036873,92.11933144893696,97.00749662037606,89.02018527862927,95.2149530794907,87.37041673845049,93.02762473720861,0.3294527143139488,70.7446808510638,92.55319148936171,70.61403508771932,88.1578947368421,76.81159420289858,86.23188405797102,77.27272727272728,86.19528619528619,76.66666666666664,85.0,74.42194081621513,87.6276512958922,80.5194805194805,93.5064935064935,85.65062388591802,94.38502673796792,84.11654135338347,90.88345864661655,92.70833333333331,95.57291666666666,88.44537815126048,93.69747899159664,86.28807144867514,93.60907490986827,80.35500613244514,90.61836310288024,0.447042033000074
770.0,96.02076124567476,98.46212995001922,85.62320916905446,92.50716332378222,80.71364046973801,93.82716049382715,78.20645734597157,85.88566350710902,84.11764705882354,94.28571428571428,84.93634305785247,92.99356631209038,85.11268143621083,92.7725635708829,88.69281045751632,93.43619414979106,89.9001175088132,94.94477085781435,93.88187094571528,98.66507340389211,92.3620498955389,97.8616197615829,89.98990604875891,95.53604434879267,87.46312455330569,94.26480533044153,0.30717915855972483,70.7446808510638,92.55319148936171,70.61403508771932,88.1578947368421,76.81159420289858,86.23188405797102,77.27272727272728,86.53198653198653,76.66666666666664,85.0,74.42194081621513,87.69499136323228,80.5194805194805,93.6245572609209,84.67023172905527,94.5632798573975,85.90225563909775,90.69548872180452,92.70833333333331,95.57291666666666,88.44537815126048,93.69747899159664,86.44913587444546,93.63074429967723,80.43553834533029,90.66286783145475,0.4475234608177461
771.0,95.6747404844291,97.46251441753172,90.33667621776506,95.93123209169055,83.6043360433604,91.65913881361037,74.84449052132702,84.53791469194313,79.70588235294117,90.50420168067227,84.83322512396455,92.01900033908962,84.25324675324674,93.16271963330787,86.89381763634412,93.48333869066752,89.51821386603999,94.63689776733256,93.83748719699558,98.16319562990782,93.38515423374709,98.12584490598502,89.5775839372747,95.51439932544015,87.20540453061963,93.76669983226489,0.31588967923832006,70.7446808510638,92.55319148936171,70.61403508771932,88.1578947368421,68.47826086956523,86.23188405797102,77.27272727272728,86.53198653198653,71.66666666666663,85.0,71.75527414954846,87.69499136323228,80.5194805194805,93.5064935064935,85.65062388591802,94.38502673796792,82.80075187969925,90.69548872180452,92.70833333333331,95.57291666666666,88.44537815126048,93.69747899159664,86.02491355393832,93.57148092490586,78.89009385174339,90.63323614406906,0.4538943018681967
772.0,95.6747404844291,98.07766243752403,84.12607449856735,93.12320916905445,89.15989159891595,92.5022583559169,79.62825829383887,86.4484597156398,88.40336134453783,94.87394957983193,87.39846524405782,93.00510785159342,87.16577540106951,93.69202226345084,87.05668059573554,93.02903675131256,89.78848413631026,95.64512338425382,93.93479003072723,98.29293274155,90.75826471672606,96.63266560157307,89.74079897611372,95.45835614842807,88.56963211008576,94.23173200001074,0.302685983158518,71.80851063829785,92.55319148936171,70.61403508771932,88.1578947368421,68.47826086956523,86.23188405797102,77.27272727272728,86.53198653198653,71.66666666666663,85.0,71.96804010699528,87.69499136323228,80.5194805194805,93.5064935064935,85.65062388591802,94.47415329768272,84.58646616541353,90.50751879699249,92.70833333333331,95.57291666666666,88.44537815126048,93.69747899159664,86.38205641108115,93.5517122518864,79.17504825903822,90.62335180755935,0.45371577496434895
773.0,96.02076124567476,97.73164167627836,91.48280802292264,94.89971346704871,86.26919602529355,93.16470942487203,73.61522511848344,81.72393364928911,84.76890756302521,92.39495798319328,86.43137959507992,91.98299124013629,85.42780748663101,92.82985921641385,87.22275795564126,93.06118075645558,90.710928319624,95.20564042303172,90.53089791737796,97.33697507681802,90.75826471672606,97.00135184957601,88.93013127920005,95.08700146445904,87.68075543714,93.53499635229767,0.32339414761093005,70.7446808510638,92.55319148936171,70.61403508771932,88.1578947368421,76.81159420289858,86.23188405797102,77.27272727272728,86.53198653198653,71.66666666666663,85.0,73.42194081621513,87.69499136323228,80.5194805194805,93.6245572609209,85.65062388591802,94.47415329768272,85.90225563909775,90.50751879699249,92.70833333333331,95.57291666666666,88.44537815126048,93.69747899159664,86.64521430581802,93.57532500277189,80.03357756101657,90.63515818300209,0.44888983985212644
774.0,95.67474048442908,98.26989619377161,82.55014326647567,92.65042979942693,83.60433604336042,92.08069858476362,80.00592417061613,88.40343601895735,83.34033613445378,93.73949579831933,85.03509601986701,93.02879127904778,85.4087089381207,91.70577321837825,88.85888781742202,92.62616522018644,91.20446533490014,96.57814336075205,92.99761010583818,96.84533970638444,91.24370160992996,96.96448322477572,89.94267476124219,94.94398094609538,87.4888853905546,93.98638611257158,0.31192427806200973,70.7446808510638,92.55319148936171,70.61403508771932,88.1578947368421,76.81159420289858,86.23188405797102,77.27272727272728,86.53198653198653,76.66666666666664,85.0,74.42194081621513,87.69499136323228,80.5194805194805,93.5064935064935,85.65062388591802,94.47415329768272,85.90225563909775,90.50751879699249,92.70833333333331,95.57291666666666,88.44537815126048,93.69747899159664,86.64521430581802,93.5517122518864,80.53357756101657,90.62335180755935,0.4497274145112703
775.0,96.7128027681661,98.96193771626298,93.40974212034388,94.22636103151862,85.45618789521227,94.57994579945799,82.37559241706163,89.30687203791467,81.95378151260503,88.48739495798318,87.98162134267778,93.1125023086275,84.77845683728036,92.54610935283203,87.55169827493836,92.56187720990036,91.03407755581672,96.01880141010577,90.28337316490271,96.92386480027312,91.72913850313384,97.15497111957724,89.07534886721442,95.0411247785377,88.5284851049461,94.0768135435826,0.31232740548417715,71.80851063829785,92.55319148936171,70.61403508771932,88.1578947368421,68.47826086956523,86.23188405797102,77.27272727272728,86.19528619528619,71.66666666666663,85.0,71.96804010699528,87.6276512958922,80.5194805194805,93.5064935064935,85.65062388591802,94.47415329768272,84.58646616541353,90.50751879699249,92.70833333333331,95.57291666666666,88.44537815126048,93.69747899159664,86.38205641108115,93.5517122518864,79.17504825903822,90.58968177388931,0.4579143917744113
776.0,97.40484429065745,98.57747020376777,86.05300859598856,93.48137535816619,82.38482384823847,94.76061427280939,78.68039099526068,83.1457345971564,82.6470588235294,92.77310924369748,85.43402531073491,92.54766073511946,84.12910618792972,93.21728691476592,88.20207864566589,94.27408121718632,89.68272620446535,95.04347826086956,92.59986343461932,98.07101399795151,92.02408750153619,98.05210765638441,89.32757239484332,95.73159360943154,87.38079885278911,94.13962717227551,0.3046474621857728,70.7446808510638,92.55319148936171,70.61403508771932,88.1578947368421,76.81159420289858,86.23188405797102,77.27272727272728,86.19528619528619,71.66666666666663,85.0,73.42194081621513,87.6276512958922,80.5194805194805,93.5064935064935,85.65062388591802,94.5632798573975,84.58646616541353,90.69548872180452,92.70833333333331,95.57291666666666,88.44537815126048,93.69747899159664,86.38205641108115,93.60713154879177,79.90199861364815,90.617391422342,0.4540372916472786
777.0,90.11918492887354,97.19338715878509,86.33954154727796,93.40974212034384,89.56639566395663,94.3089430894309,76.26629146919433,83.56042654028435,79.74789915966387,90.63025210084034,84.40786255379327,91.82055020193691,87.2517188693659,94.06307977736549,87.38454944819453,93.42119361405766,90.49941245593422,95.27144535840189,92.84738818709457,98.190508706043,93.48039818114783,97.5113678259801,90.2926934283474,95.69151905636961,87.35027799107033,93.75603462915326,0.3159374714045508,70.7446808510638,92.55319148936171,70.61403508771932,88.1578947368421,68.47826086956523,86.23188405797102,77.27272727272728,85.85858585858585,71.66666666666663,85.0,71.75527414954846,87.56031122855214,80.5194805194805,93.5064935064935,85.65062388591802,94.6524064171123,84.58646616541353,90.6015037593985,92.70833333333331,95.57291666666666,88.44537815126048,93.69747899159664,86.38205641108115,93.60615986825353,79.0686652803148,90.58323554840283,0.4593038217080938
778.0,97.05882352941177,98.92349096501346,85.47994269340975,91.66189111747852,84.82384823848237,91.29780186690756,78.16202606635072,83.84182464454977,86.23949579831933,92.6470588235294,86.35282726519479,91.67441348349574,83.85217723453017,92.22961912037542,89.18675666988105,94.74338369227473,88.60164512338429,95.49706227967097,93.43974052577671,97.59986343461932,93.09020523534471,96.95219368317561,89.63410495778339,95.40442444202321,87.99346611148908,93.53941896275947,0.32053888018068566,70.7446808510638,92.55319148936171,70.61403508771932,88.1578947368421,76.81159420289858,86.23188405797102,77.27272727272728,86.19528619528619,76.66666666666664,85.0,74.42194081621513,87.6276512958922,80.5194805194805,93.5064935064935,85.65062388591802,94.6524064171123,84.11654135338347,90.6015037593985,92.70833333333331,95.57291666666666,88.44537815126048,93.69747899159664,86.28807144867514,93.60615986825353,80.35500613244514,90.61690558207286,0.4509773433700176
779.0,96.36678200692043,97.92387543252595,87.12034383954156,93.89684813753583,83.423667570009,94.51972297500754,81.19075829383887,86.96682464454977,84.8529411764706,90.12605042016807,86.5908985773561,92.68666432195744,84.1959511077158,92.90079668230928,89.84035144112286,93.84335154826957,90.49941245593422,95.64512338425382,93.97917377944691,98.04370092181631,90.125353324321,97.8861988447831,89.72804842170817,95.66383427628641,88.15947349953214,94.17524929912193,0.3090899613198216,70.7446808510638,92.55319148936171,70.61403508771932,88.1578947368421,68.47826086956523,86.23188405797102,77.27272727272728,86.19528619528619,71.66666666666663,85.0,71.75527414954846,87.6276512958922,80.5194805194805,93.5064935064935,85.65062388591802,94.6524064171123,85.90225563909775,90.6015037593985,92.70833333333331,95.57291666666666,88.44537815126048,93.69747899159664,86.64521430581802,93.60615986825353,79.20024422768324,90.61690558207286,0.4529595756939572
