Epoch,Train_BAcc_CN_1,Train_ROCAUC_CN_1,Train_BAcc_CN_2,Train_ROCAUC_CN_2,Train_BAcc_CN_3,Train_ROCAUC_CN_3,Train_BAcc_CN_4,Train_ROCAUC_CN_4,Train_BAcc_CN_5,Train_ROCAUC_CN_5,Train_Avg_BAcc_CN,Train_Avg_ROCAUC_CN,Train_BAcc_MCI_1,Train_ROCAUC_MCI_1,Train_BAcc_MCI_2,Train_ROCAUC_MCI_2,Train_BAcc_MCI_3,Train_ROCAUC_MCI_3,Train_BAcc_MCI_4,Train_ROCAUC_MCI_4,Train_BAcc_MCI_5,Train_ROCAUC_MCI_5,Train_Avg_BAcc_MCI,Train_Avg_ROCAUC_MCI,Train_Avg_BAcc,Train_Avg_ROCAUC,Train_Loss,Val_BAcc_CN_1,Val_ROCAUC_CN_1,Val_BAcc_CN_2,Val_ROCAUC_CN_2,Val_BAcc_CN_3,Val_ROCAUC_CN_3,Val_BAcc_CN_4,Val_ROCAUC_CN_4,Val_BAcc_CN_5,Val_ROCAUC_CN_5,Val_Avg_BAcc_CN,Val_Avg_ROCAUC_CN,Val_BAcc_MCI_1,Val_ROCAUC_MCI_1,Val_BAcc_MCI_2,Val_ROCAUC_MCI_2,Val_BAcc_MCI_3,Val_ROCAUC_MCI_3,Val_BAcc_MCI_4,Val_ROCAUC_MCI_4,Val_BAcc_MCI_5,Val_ROCAUC_MCI_5,Val_Avg_BAcc_MCI,Val_Avg_ROCAUC_MCI,Val_Avg_BAcc,Val_Avg_ROCAUC,Val_Loss
1.0,51.38408304498272,34.17916186082276,50.50859598853869,46.56160458452722,50.81300813008129,45.95001505570611,49.85930094786731,54.887440758293835,50.777310924369715,56.80672268907563,50.66845980716795,47.67698898968511,48.52941176470586,54.95198079231693,48.688524590163915,46.46737383477981,49.56521739130435,49.53231492361927,49.708091498805054,44.970979856606355,48.58670271598869,48.390070050387116,49.01558959219358,48.862543891541904,49.84202469968076,48.26976644061351,1.0880711195075579,50.0,70.74468085106383,50.00000000000002,52.41228070175439,49.99999999999999,42.028985507246375,49.999999999999986,47.97979797979798,49.99999999999999,40.833333333333336,50.0,50.799815674639184,50.0,74.79338842975207,50.0,54.99108734402852,50.0,49.06015037593985,49.99999999999999,53.710937500000014,50.0,42.857142857142854,50.0,55.08254130137266,50.0,52.94117848800592,1.0869911705216695
2.0,50.346020761245704,41.94540561322568,48.789398280802295,45.7163323782235,44.850948509485086,50.16561276723878,50.09626777251186,55.96860189573461,48.571428571428534,56.38655462184874,48.53081277909469,50.03650145525425,49.38884644766996,46.439484884863035,48.688524590163915,47.28597449908926,48.74853113983549,54.24676850763808,48.770911573916,51.905087060430176,50.09524394740077,51.978616197615835,49.13841153979723,50.371186229927275,48.83461215944596,50.203843842590764,1.087050946666018,50.0,62.76595744680851,50.00000000000002,51.97368421052633,49.99999999999999,39.130434782608695,49.999999999999986,49.66329966329967,49.99999999999999,43.333333333333336,50.0,49.373341887315306,50.0,76.9775678866588,50.0,56.32798573975044,50.0,52.349624060150376,49.99999999999999,58.59375,50.0,47.05882352941176,50.0,58.26155024319428,50.0,53.81744606525479,1.086239947366576
3.0,50.8650519031142,44.86735870818915,47.78653295128941,59.097421203438394,48.554652213188795,50.557061126166815,50.71090047393366,42.50592417061612,49.999999999999964,43.69747899159664,49.583427508305206,48.14504884000142,49.91405653170358,52.10084033613446,49.50819672131146,43.381549341047894,49.130434782608695,51.488836662749705,50.0,45.745988391942646,49.36708860759495,49.58215558559666,49.58395532864374,48.459874063494276,49.58369141847447,48.302461451747845,1.086683928437932,50.0,59.57446808510639,50.00000000000002,53.50877192982456,49.99999999999999,43.11594202898551,49.999999999999986,52.693602693602685,49.99999999999999,44.16666666666667,50.0,50.611890280837166,50.0,77.56788665879574,50.0,59.40285204991087,50.0,58.1766917293233,49.99999999999999,61.45833333333333,50.0,51.995798319327726,50.0,61.72031241813819,50.0,56.166101349487676,1.0855515299081109
4.0,50.00000000000002,53.28719723183391,50.573065902578804,47.865329512893986,49.999999999999986,48.26859379704908,50.236966824644554,47.808056872037916,49.999999999999964,50.67226890756302,50.16200654544467,49.580289264275585,49.78991596638654,45.541853104878314,49.99892853316188,52.50830386799529,49.56521739130435,51.77203290246769,49.902697166268354,53.185387504267666,47.711072876981696,46.97062799557577,49.39356638682056,49.99564107503694,49.77778646613261,49.78796516965626,1.0855421748945815,50.0,55.319148936170215,50.00000000000002,54.824561403508774,49.99999999999999,44.20289855072464,49.999999999999986,57.407407407407405,49.99999999999999,40.416666666666664,50.0,50.434136592895534,50.0,78.09917355371901,50.0,61.229946524064175,50.0,62.45300751879699,49.99999999999999,63.60677083333333,50.0,56.722689075630264,50.0,64.42231750110876,50.0,57.42822704700215,1.084764593936353
5.0,50.17301038062285,48.94271434063822,50.000000000000014,34.18338108882521,50.406504065040636,51.52062631737429,50.000000000000014,55.92417061611374,50.73529411764702,54.6218487394958,50.262961712662104,49.03854822048945,49.47478991596637,50.922187056640844,49.83606557377047,47.11668273866924,50.27027027027028,45.82608695652174,49.90269716626835,52.68692386480027,50.242718446601955,43.511122035148084,49.94530827457548,48.01260053035604,50.10413499361879,48.52557437542275,1.0846503939557928,50.0,53.191489361702125,50.00000000000002,60.08771929824561,49.99999999999999,47.82608695652175,49.999999999999986,58.24915824915825,49.99999999999999,34.166666666666664,50.0,50.70422410645888,50.0,77.56788665879574,50.0,64.75044563279857,50.0,66.63533834586467,49.99999999999999,66.66666666666667,50.0,68.4873949579832,50.0,68.82154645242177,50.0,59.762885279440326,1.0840546522602423
6.0,50.346020761245704,37.52402921953095,50.14326647564471,44.383954154727796,50.81300813008129,47.305028605841606,50.236966824644554,50.51836492890995,49.999999999999964,44.66386554621848,50.30785243832325,44.879048491045765,49.68487394957981,49.48433919022154,49.67213114754096,50.181077895639135,50.0,44.58519388954172,50.0,47.89347900307273,50.242718446601955,52.199827946417585,49.91994470874455,48.868783584978544,50.1138985735339,46.873916038012155,1.0847475209445134,50.0,53.191489361702125,50.00000000000002,64.03508771929825,49.99999999999999,50.0,49.999999999999986,60.606060606060595,49.99999999999999,37.5,50.0,53.066527537412185,50.0,78.04014167650533,50.0,68.76114081996435,50.0,70.95864661654136,49.99999999999999,69.66145833333333,50.0,74.26470588235294,50.0,72.33721866573947,50.0,62.70187310157583,1.0833045141554094
7.0,50.00000000000002,42.675893886966556,50.000000000000014,54.78510028653295,48.148148148148145,50.22583559168925,50.000000000000014,50.05924170616114,49.999999999999964,56.09243697478992,49.62962962962963,50.76770168922796,49.89495798319326,51.036778347702715,49.67213114754096,48.974606235937,50.0,49.830787309048176,49.902697166268354,49.67224308637761,50.000000000000014,59.03895784687231,49.89395725940052,51.71067456518756,49.76179344451508,51.23918812720776,1.0830881454287833,50.0,52.12765957446809,50.00000000000002,64.47368421052632,49.99999999999999,51.44927536231884,49.999999999999986,61.27946127946129,49.99999999999999,41.66666666666667,50.0,54.19934941868824,50.0,78.39433293978747,50.0,70.76648841354724,50.0,72.36842105263158,49.99999999999999,68.35937499999999,50.0,73.84453781512605,50.0,72.74663104421846,50.0,63.47299023145335,1.082537989336722
8.0,50.00000000000002,39.446366782006926,50.000000000000014,49.61318051575931,50.406504065040636,52.48419150858176,50.236966824644554,59.46386255924171,49.999999999999964,49.831932773109244,50.12869417793704,50.1679068277398,49.99999999999998,53.24129651860745,49.99999999999998,48.28458159219973,49.78260869565217,53.8213866039953,50.0,52.550358484124274,49.36708860759494,49.98156568759985,49.82993946064941,51.575837777305324,49.97931681929323,50.87187230252256,1.0822983799192538,50.0,51.06382978723404,50.00000000000002,65.78947368421053,49.99999999999999,53.623188405797094,49.999999999999986,69.36026936026936,49.99999999999999,47.5,50.0,57.467352247502205,50.0,79.456906729634,50.0,71.4795008912656,50.0,73.87218045112783,49.99999999999999,69.66145833333334,50.0,75.9453781512605,50.0,74.08308491132426,50.0,65.77521857941323,1.0817818224250972
9.0,50.00000000000002,70.01153402537486,50.000000000000014,48.16618911174784,49.999999999999986,46.612466124661246,50.000000000000014,64.29206161137441,49.999999999999964,45.96638655462185,49.99999999999999,55.00972748555604,49.89495798319326,47.33165993670195,49.99999999999998,51.86328083145827,50.0,46.105757931844884,50.0,50.0512120177535,50.000000000000014,51.81270738601451,49.97899159663865,49.43292362075463,49.989495798319325,52.22132555315534,1.0807092764882833,50.0,48.93617021276596,50.00000000000002,65.5701754385965,49.99999999999999,56.52173913043479,49.999999999999986,72.05387205387206,49.99999999999999,50.416666666666664,50.0,58.6997247004672,50.0,80.7556080283353,50.0,73.1283422459893,50.0,76.31578947368422,49.99999999999999,71.484375,50.0,78.78151260504201,50.0,76.09312547061016,50.0,67.39642508553868,1.0810181351450687
10.0,50.00000000000002,56.78585159554017,50.000000000000014,53.796561604584525,49.999999999999986,49.53327311050888,50.000000000000014,52.47334123222749,49.999999999999964,47.60504201680672,49.99999999999999,52.03881391193356,49.99999999999998,50.75030012004802,50.32679738562089,49.25533054751956,50.0,44.66039952996475,50.24752475247525,47.736428815295326,50.000000000000014,55.78837409364631,50.114864427619224,49.63816662129479,50.057432213809605,50.83849026661417,1.0803674895861262,50.0,53.191489361702125,50.00000000000002,68.85964912280701,49.99999999999999,59.42028985507246,49.999999999999986,75.4208754208754,49.99999999999999,53.333333333333336,50.0,62.04512741875807,50.0,81.46399055489965,50.0,73.1283422459893,50.0,78.00751879699249,49.99999999999999,71.87499999999999,50.0,81.9327731092437,50.0,77.28152494142503,50.0,69.66332618009156,1.0802312761016997
11.0,50.00000000000002,56.093810073048836,50.000000000000014,60.98853868194843,49.999999999999986,49.92472146943692,50.000000000000014,40.1510663507109,49.999999999999964,46.51260504201681,49.99999999999999,50.73414832343238,49.99999999999998,46.64138382625778,49.99999999999998,45.783777992071144,49.78260869565217,49.05522914218567,50.0,50.85011949470809,50.000000000000014,45.01659088116013,49.95652173913042,47.469420267276554,49.978260869565204,49.10178429535446,1.080426422649178,50.0,51.06382978723405,50.00000000000002,68.42105263157895,49.99999999999999,58.69565217391304,49.999999999999986,77.1043771043771,49.99999999999999,54.99999999999999,50.0,62.05698233942062,50.0,81.52302243211334,50.0,74.33155080213905,50.0,79.55827067669173,49.99999999999999,71.74479166666666,50.0,80.25210084033613,50.0,77.48194728358939,50.0,69.769464811505,1.079447088216809
12.0,50.00000000000002,50.096116878123794,50.000000000000014,46.69054441260745,49.999999999999986,49.23215898825655,50.000000000000014,53.554502369668256,49.999999999999964,51.26050420168067,49.99999999999999,50.166765370067345,49.99999999999998,51.19229509985812,49.99999999999998,52.36044144433729,50.0,52.49823736780259,50.0,52.69033799931717,50.000000000000014,52.599238048420794,49.999999999999986,52.268109991947185,49.999999999999986,51.21743768100727,1.0786879335340689,50.0,47.87234042553191,50.00000000000002,68.85964912280701,49.99999999999999,61.59420289855073,49.999999999999986,76.0942760942761,49.99999999999999,50.83333333333333,50.0,61.05076037489981,50.0,81.34592680047226,50.0,75.31194295900178,50.0,81.39097744360903,49.99999999999999,71.35416666666666,50.0,79.83193277310924,50.0,77.84698932857181,50.0,69.44887485173581,1.0787090698320894
13.0,50.00000000000002,50.480584390618986,50.000000000000014,52.30659025787966,49.999999999999986,51.27973501957241,50.000000000000014,45.52725118483413,49.999999999999964,54.45378151260504,49.99999999999999,50.809588473102046,49.99999999999998,51.688857361126274,49.99999999999998,47.51741133611915,50.0,50.25851938895417,50.0,52.150904745646976,50.000000000000014,41.99336364753594,49.999999999999986,48.721811295876506,49.999999999999986,49.76569988448928,1.078749557364729,50.0,44.680851063829785,50.00000000000002,66.22807017543859,49.99999999999999,62.31884057971014,49.999999999999986,77.77777777777779,49.99999999999999,55.833333333333336,50.0,61.36777458601792,50.0,80.87367178276268,50.0,75.89126559714796,50.0,81.9078947368421,49.99999999999999,73.17708333333333,50.0,80.88235294117648,50.0,78.5464536782525,50.0,69.95711413213522,1.077897360868196
14.0,50.00000000000002,45.25182622068436,50.000000000000014,56.03151862464184,49.999999999999986,46.943691659138814,50.000000000000014,47.82286729857821,49.999999999999964,46.97478991596638,49.99999999999999,48.604938743801924,49.99999999999998,50.81305249372476,49.99999999999998,49.16532733311904,50.0,52.227967097532314,50.0,52.994195971321275,50.000000000000014,51.32727049281062,49.999999999999986,51.305562677701595,49.999999999999986,49.955250710751756,1.0777160780669324,50.0,51.06382978723404,50.00000000000002,67.98245614035088,49.99999999999999,62.31884057971014,49.999999999999986,79.7979797979798,49.99999999999999,60.0,50.0,64.23262126105497,50.0,80.51948051948051,50.0,76.11408199643495,50.0,82.42481203007519,49.99999999999999,74.609375,50.0,81.09243697478992,50.0,78.95203730415611,50.0,71.59232928260553,1.077142786349028
15.0,50.00000000000002,45.290272971933874,50.000000000000014,45.97421203438395,49.999999999999986,44.474555856669674,50.000000000000014,56.02784360189573,49.999999999999964,47.310924369747895,49.99999999999999,47.81556176692622,49.99999999999998,47.247080650441994,49.99999999999998,47.380263580842175,50.0,47.024676850763804,50.0,48.388528508023214,50.000000000000014,52.703699152021635,49.999999999999986,48.54884974841856,49.999999999999986,48.18220575767239,1.0774407844040843,50.0,52.12765957446809,50.00000000000002,69.51754385964912,49.99999999999999,62.31884057971014,49.999999999999986,78.45117845117845,49.99999999999999,65.83333333333333,50.0,65.64971115966782,50.0,80.22432113341205,50.0,76.20320855614973,50.0,83.45864661654136,49.99999999999999,75.13020833333334,50.0,85.50420168067228,50.0,80.10411726402175,50.0,72.87691421184479,1.0763516877792316
16.0,50.00000000000002,57.59323337178009,50.000000000000014,47.86532951289398,49.999999999999986,54.531767539897615,50.000000000000014,50.96267772511849,49.999999999999964,56.42857142857143,49.99999999999999,53.47631591565232,49.99999999999998,48.19382298373894,49.99999999999998,47.48526733097611,50.0,46.64394829612221,50.0,51.60805735745988,50.000000000000014,49.18889025439351,49.999999999999986,48.623997244538124,49.999999999999986,51.05015658009522,1.0769631882460726,50.0,53.191489361702125,50.00000000000002,72.36842105263158,49.99999999999999,63.04347826086957,49.999999999999986,78.78787878787878,49.99999999999999,65.0,50.0,66.4782534926164,50.0,79.5749704840614,50.0,76.20320855614973,50.0,84.11654135338347,49.99999999999999,79.16666666666666,50.0,88.34033613445378,50.0,81.48034463894301,50.0,73.97929906577971,1.0756431336889631
17.0,50.00000000000002,45.40561322568243,50.000000000000014,48.280802292263616,49.999999999999986,54.77265883769948,50.000000000000014,50.91824644549763,49.999999999999964,46.134453781512605,49.99999999999999,49.102354916531155,49.99999999999998,47.62905162064827,49.99999999999998,52.75902710811101,50.0,54.25381903642772,50.0,48.15124615909866,50.000000000000014,49.65589283519725,49.999999999999986,50.48980735189658,49.999999999999986,49.796081134213864,1.075655489147429,50.0,56.38297872340425,50.00000000000002,72.80701754385966,49.99999999999999,65.21739130434784,49.999999999999986,78.11447811447812,49.99999999999999,61.66666666666667,50.0,66.83770647055131,50.0,78.27626918536009,50.0,77.27272727272727,50.0,86.88909774436091,49.99999999999999,80.46875,50.0,90.3361344537815,50.0,82.64859573124595,50.0,74.74315110089863,1.0747350498827757
18.0,50.00000000000002,29.873125720876587,50.000000000000014,57.33524355300859,49.999999999999986,44.083107497741636,50.000000000000014,54.857819905213276,49.999999999999964,50.252100840336134,49.99999999999999,47.280279503435246,49.99999999999998,45.49410673360252,49.99999999999998,50.12536162005786,50.0,55.177438307873096,50.0,46.91703653123933,50.000000000000014,50.823399287206584,49.999999999999986,49.70746849599588,49.999999999999986,48.49387399971556,1.074853889612342,50.0,59.57446808510639,50.00000000000002,73.6842105263158,49.99999999999999,65.94202898550725,49.999999999999986,79.12457912457911,49.99999999999999,63.33333333333334,50.0,68.33172401096837,50.0,77.21369539551358,50.0,79.67914438502673,50.0,87.03007518796993,49.99999999999999,78.90625,50.0,82.77310924369748,50.0,81.12045484244155,50.0,74.72608942670496,1.0738510825013956
19.0,50.00000000000002,56.6320645905421,50.000000000000014,40.55873925501432,49.999999999999986,55.31466425775369,50.000000000000014,48.31161137440758,49.999999999999964,46.890756302521005,49.99999999999999,49.54156715604774,49.99999999999998,52.56466222852777,49.99999999999998,47.849566055930566,50.0,53.29494712103408,50.0,45.10071696824854,50.000000000000014,60.507558068084066,49.999999999999986,51.863490088365005,49.999999999999986,50.70252862220637,1.0736869662458834,50.0,61.70212765957448,50.00000000000002,74.56140350877193,49.99999999999999,69.56521739130434,49.999999999999986,81.14478114478115,49.99999999999999,65.83333333333333,50.0,70.56137260755305,50.0,78.1582054309327,50.0,70.98930481283423,50.0,86.18421052631578,49.99999999999999,77.27864583333333,50.0,78.78151260504201,50.0,78.2783758416916,50.0,74.41987422462233,1.072804767079675
20.0,50.00000000000002,56.209150326797385,50.000000000000014,49.48424068767908,49.999999999999986,61.24661246612466,50.000000000000014,51.49585308056872,49.999999999999964,51.59663865546219,49.99999999999999,54.006499043326414,49.99999999999998,50.922187056640844,49.99999999999998,49.9174970534662,50.0,48.944770857814326,50.0,50.751109593718,50.000000000000014,52.5377903404203,49.999999999999986,50.61467098041194,49.999999999999986,52.31058501186918,1.0718991840527756,50.0,62.76595744680851,50.00000000000002,75.0,49.99999999999999,69.56521739130434,49.999999999999986,81.48148148148148,49.99999999999999,65.0,50.0,70.76253126391887,50.0,88.31168831168831,50.0,76.29233511586453,50.0,85.05639097744361,49.99999999999999,75.52083333333333,50.0,79.6218487394958,50.0,80.96061929556512,50.0,75.861575279742,1.0717568473930827
21.0,50.00000000000002,38.33141099577085,50.000000000000014,54.08309455587392,49.999999999999986,47.30502860584161,50.000000000000014,60.67831753554502,49.999999999999964,48.487394957983184,49.99999999999999,49.777049330202914,49.99999999999998,48.308414274800825,49.99999999999998,52.58330654666238,50.0,50.368977673325496,50.0,56.97507681802663,50.000000000000014,53.502519356028024,49.999999999999986,52.34765893376867,49.999999999999986,51.06235413198579,1.0715631324808828,50.0,63.829787234042556,50.00000000000002,75.43859649122807,49.99999999999999,71.01449275362319,49.999999999999986,82.15488215488216,49.99999999999999,68.33333333333333,50.0,72.15421839342186,50.0,66.46989374262101,50.0,75.62388591800357,50.0,84.58646616541354,49.99999999999999,76.5625,50.0,81.72268907563026,50.0,76.99308698033367,50.0,74.57365268687776,1.0703216703203118
22.0,50.00000000000002,58.78508266051519,50.000000000000014,41.99140401146132,49.999999999999986,50.85817524841916,50.000000000000014,55.37618483412322,49.999999999999964,50.84033613445378,49.99999999999999,51.57023657779454,49.99999999999998,53.27130852340937,49.99999999999998,45.71091824708026,50.0,48.38777908343126,50.0,54.933424376920456,50.000000000000014,49.26877227479415,49.999999999999986,50.314440501127095,49.999999999999986,50.94233853946082,1.0703429389160128,50.0,64.8936170212766,50.00000000000002,75.0,49.99999999999999,71.01449275362319,49.999999999999986,82.15488215488215,49.99999999999999,70.0,50.0,72.61259838595639,50.0,65.64344746162928,50.0,79.50089126559715,50.0,85.24436090225565,49.99999999999999,77.86458333333334,50.0,82.98319327731092,50.0,78.24729524802527,50.0,75.42994681699082,1.0688778730941007
23.0,50.00000000000002,40.52287581699346,50.000000000000014,56.84813753581661,49.999999999999986,48.118036735922914,50.000000000000014,50.207345971563974,49.999999999999964,41.42857142857142,49.99999999999999,47.42499349777368,49.99999999999998,54.144385026737964,49.99999999999998,51.606128790313946,50.0,47.910693301997654,50.0,48.15295322635711,50.000000000000014,50.34410716480275,49.999999999999986,50.43165350204188,49.999999999999986,48.928323499907776,1.069828714345941,50.0,64.8936170212766,50.00000000000002,76.75438596491229,49.99999999999999,72.46376811594203,49.999999999999986,82.49158249158248,49.99999999999999,72.5,50.0,73.82067071874268,50.0,79.92916174734357,50.0,80.65953654188948,50.0,85.71428571428572,49.99999999999999,78.77604166666667,50.0,84.87394957983193,50.0,81.99059505000348,50.0,77.90563288437308,1.0669153488826864
24.0,50.00000000000002,57.86236063052672,50.000000000000014,46.86246418338109,49.999999999999986,44.474555856669674,50.000000000000014,56.14632701421801,49.999999999999964,40.88235294117647,49.99999999999999,49.24561212519439,49.99999999999998,50.564771363090685,49.99999999999998,51.4154076931319,50.0,55.41480611045828,50.0,45.72208945032434,50.000000000000014,52.070787759616564,49.999999999999986,51.03757247532435,49.999999999999986,50.141592300259376,1.0669359628039687,50.0,63.82978723404255,50.00000000000002,77.63157894736842,49.99999999999999,72.46376811594203,49.999999999999986,82.82828282828282,49.99999999999999,73.33333333333334,50.0,74.01735009179383,50.0,80.40141676505314,50.0,80.92691622103388,50.0,86.74812030075188,49.99999999999999,81.25,50.0,86.1344537815126,50.0,83.0921814136703,50.0,78.55476575273207,1.064857292856821
25.0,50.00000000000002,41.44559784698193,50.000000000000014,44.45558739255014,49.999999999999986,52.09274314965372,50.000000000000014,38.37381516587678,49.999999999999964,37.47899159663866,49.99999999999999,42.76934703034025,49.99999999999998,45.73556695405434,49.99999999999998,55.0391085395907,50.0,54.68390129259695,50.0,51.78559235233868,50.000000000000014,60.43996558928352,49.999999999999986,53.53682694557284,49.999999999999986,48.15308698795654,1.0656894011213776,50.0,64.8936170212766,50.00000000000002,78.0701754385965,49.99999999999999,74.63768115942028,49.999999999999986,83.83838383838383,49.99999999999999,73.33333333333333,50.0,74.95463815820212,50.0,80.7556080283353,50.0,81.19429590017826,50.0,87.21804511278195,49.99999999999999,81.77083333333334,50.0,87.18487394957982,50.0,83.62473126484174,50.0,79.28968471152193,1.0624839923476546
26.0,50.00000000000002,44.86735870818916,50.000000000000014,43.18051575931232,49.999999999999986,67.20867208672085,50.000000000000014,56.605450236966824,49.999999999999964,56.80672268907563,49.99999999999999,53.73374389605296,49.99999999999998,52.881152460984396,49.99999999999998,53.39976427729562,50.0,55.62397179788484,50.0,50.91498805052919,50.242718446601955,51.63450903281308,50.048543689320375,52.89087712390143,50.024271844660184,53.312310509977195,1.061975480551009,50.0,63.829787234042556,50.00000000000002,78.50877192982456,49.99999999999999,75.36231884057972,49.999999999999986,83.83838383838383,49.99999999999999,72.5,50.0,74.80785236856613,50.0,81.34592680047226,50.0,81.10516934046346,50.0,87.40601503759397,49.99999999999999,82.03125,50.0,87.81512605042016,50.0,83.94069744578997,50.0,79.37427490717805,1.058917985121026
27.0,50.00000000000002,51.4801999231065,50.000000000000014,57.07736389684814,49.999999999999986,48.148148148148145,50.000000000000014,62.17417061611374,48.571428571428534,50.3781512605042,49.71428571428571,53.851606768944144,49.99999999999998,49.39703153988869,49.99999999999998,51.77327761705776,49.56521739130435,44.80611045828437,50.0,56.698531922157734,50.242718446601955,44.56802261275655,49.96158716758125,49.44859483002902,49.837936440933476,51.65010079948658,1.0605216343493418,50.0,61.702127659574465,50.00000000000002,78.94736842105263,49.99999999999999,78.26086956521739,49.999999999999986,84.17508417508417,49.99999999999999,73.33333333333334,50.0,75.2837566308524,50.0,81.46399055489965,50.0,81.37254901960785,50.0,87.40601503759399,49.99999999999999,82.16145833333333,50.0,88.65546218487394,50.0,84.21189502606175,50.0,79.74782582845708,1.0550976168625046
28.0,50.00000000000002,60.630526720492114,50.000000000000014,67.621776504298,49.999999999999986,48.96115627822945,50.000000000000014,52.888033175355446,49.999999999999964,50.08403361344538,49.99999999999999,56.03710525836408,49.99999999999998,51.581086980246646,49.99999999999998,49.634629808207436,50.27027027027027,53.346650998824906,50.742574257425744,51.218846022533285,49.36708860759494,56.077178321248624,50.075986627058185,52.37167842621218,50.037993313529086,54.20439184228813,1.0554119444618946,50.0,63.829787234042556,50.00000000000002,79.82456140350878,49.99999999999999,80.43478260869566,49.999999999999986,85.85858585858585,49.99999999999999,75.0,50.0,76.98954342096656,50.0,81.93624557260921,50.0,81.63992869875223,50.0,87.59398496240601,49.99999999999999,82.55208333333333,50.0,89.07563025210084,50.0,84.55957456384031,50.0,80.77455899240343,1.0504540004286196
29.0,50.00000000000002,53.248750480584384,50.000000000000014,58.40974212034384,49.999999999999986,49.98494429388739,48.437500000000014,59.90817535545023,49.999999999999964,56.93277310924368,49.68749999999999,55.69687707190191,49.89495798319326,55.84961257230165,49.99999999999998,58.58566377370621,50.052878965922446,52.331374853113985,50.39774667121885,56.459542505974724,51.213592233009706,62.32026545409855,50.31183517066885,57.10929183183903,49.99966758533442,56.40308445187047,1.0482544656136037,50.0,64.89361702127661,50.00000000000002,80.70175438596492,49.99999999999999,83.33333333333334,49.999999999999986,87.54208754208753,49.99999999999999,75.83333333333333,50.0,78.46082512319914,50.0,82.40850059031877,50.0,81.72905525846701,50.0,87.59398496240601,49.99999999999999,82.8125,50.0,89.07563025210084,50.0,84.72393421265852,50.0,81.59237966792884,1.0446033640703438
30.0,50.00000000000002,33.910034602076124,50.000000000000014,65.68767908309455,49.999999999999986,49.77416440831075,50.000000000000014,59.62677725118483,49.999999999999964,54.28571428571429,49.99999999999999,52.6568739260761,49.99999999999998,56.3489031976427,50.16286295939138,54.186220936462014,51.18683901292598,60.35487661574618,49.8053943325367,59.860020484807094,51.06611773380854,57.01118348285609,50.44424280773252,57.55224094350282,50.222121403866254,55.104557434789456,1.0444754438987367,50.0,68.08510638297872,50.00000000000002,81.14035087719299,49.99999999999999,84.05797101449276,49.999999999999986,86.86868686868686,49.99999999999999,76.66666666666666,50.0,79.3637563620036,50.0,82.17237308146399,50.0,82.35294117647058,50.0,87.5,49.99999999999999,82.8125,50.0,88.8655462184874,50.0,84.7406720952844,50.0,82.052214228644,1.037653882705517
31.0,50.00000000000002,67.55094194540561,50.000000000000014,67.9512893982808,49.999999999999986,53.869316470942486,48.437500000000014,60.44135071090048,48.571428571428534,56.890756302521005,49.40178571428571,61.34073096561008,49.89495798319326,60.00763941940412,51.47005250187504,65.74091931854709,50.593419506462986,58.126909518213864,51.14032092864459,54.762717651075455,50.52845028880424,58.836180410470696,50.72544024179602,59.49487326354225,50.063612978040865,60.41780211457616,1.0347547741428251,50.0,65.95744680851064,50.00000000000002,82.45614035087719,49.99999999999999,86.23188405797102,49.999999999999986,87.2053872053872,49.99999999999999,76.66666666666666,50.0,79.70350501788252,50.0,82.0543093270366,50.0,82.35294117647058,50.0,87.68796992481204,49.99999999999999,82.94270833333334,50.0,89.07563025210084,50.0,84.82271180275067,50.0,82.26310841031659,1.029697777250504
32.0,50.00000000000002,84.31372549019606,50.000000000000014,67.72206303724928,49.999999999999986,51.49051490514904,50.000000000000014,63.95142180094787,47.1428571428571,47.98319327731092,49.42857142857142,63.09218370217063,51.29870129870129,65.0141874931791,50.4885888781742,59.06782385085181,52.05052878965923,58.34077555816687,51.93581427108228,59.3649709798566,50.623694236205,57.877596165663014,51.279465494764395,59.93307080954347,50.354018461667906,61.512627255857055,1.0316493817270003,50.0,67.02127659574468,50.00000000000002,82.89473684210526,49.99999999999999,86.95652173913044,49.999999999999986,87.54208754208754,49.99999999999999,80.83333333333333,50.0,81.04959121048024,50.0,82.52656434474616,50.0,82.53119429590018,50.0,88.06390977443608,49.99999999999999,83.07291666666667,50.0,88.8655462184874,50.0,85.01202626004729,50.0,83.03080873526378,1.0219290686630897
33.0,50.00000000000002,65.01345636293733,50.000000000000014,78.26647564469914,48.148148148148145,53.44775669978922,48.437500000000014,55.7760663507109,49.999999999999964,57.857142857142854,49.31712962962963,62.07217958305589,51.298701298701275,66.7576121357634,49.997857066323775,64.14443372977607,52.32079905992951,61.49471210340776,53.12051894844657,59.576647319904396,52.080004915816644,54.504116996436046,51.76357625784355,61.29550445705753,50.54035294373659,61.683842020056716,1.0243252784168126,50.0,68.08510638297872,50.00000000000002,83.33333333333334,49.99999999999999,89.85507246376811,49.999999999999986,87.54208754208754,49.99999999999999,80.83333333333333,50.0,81.9297866111002,50.0,82.29043683589138,50.0,82.53119429590018,50.0,87.78195488721805,49.99999999999999,83.46354166666667,50.0,89.49579831932772,50.0,85.1125852010008,50.0,83.5211859060505,1.01306994136704
34.0,50.00000000000002,78.46981930026912,50.000000000000014,77.90830945558739,49.999999999999986,56.39867509786208,50.000000000000014,66.23222748815168,47.14285714285712,54.537815126050425,49.42857142857142,66.70936929358413,52.072192513368975,68.6510968023573,50.97824922318652,54.99410693239044,53.18448883666276,61.628672150411276,52.58108569477638,61.64902697166268,50.76195157920609,58.4736389332678,51.91559356944015,61.0793083580179,50.67208249900578,63.894338825801015,1.0146717798953626,50.0,68.08510638297872,50.00000000000002,84.21052631578947,49.99999999999999,89.85507246376811,49.999999999999986,86.86868686868686,49.99999999999999,83.33333333333334,50.0,82.47054507291132,50.0,82.64462809917356,50.0,82.62032085561498,50.0,87.68796992481202,49.99999999999999,83.203125,50.0,89.70588235294117,50.0,85.17238524650836,50.0,83.82146515970985,1.002237748333928
35.0,50.00000000000002,91.23414071510958,50.000000000000014,75.93123209169053,49.999999999999986,64.55886781090032,50.000000000000014,70.46800947867298,47.14285714285711,65.16806722689076,49.42857142857142,73.47206346465283,51.546982429335365,65.84088180726837,52.12043287260257,67.12096860602165,50.634547591069335,57.753231492361934,52.44793444861728,59.334243769204505,52.27049281061817,56.34140346565073,51.804078030448544,61.278145828101444,50.616324729509984,67.37510464637714,1.0019967334030992,50.0,69.14893617021278,50.00000000000002,84.21052631578947,49.99999999999999,89.85507246376811,49.999999999999986,86.86868686868686,49.99999999999999,85.0,50.0,83.01664436369144,50.0,82.52656434474616,50.0,82.88770053475936,50.0,87.59398496240601,49.99999999999999,83.203125,50.0,89.91596638655462,50.0,85.22546824569324,50.0,84.12105630469233,0.989793026944296
36.0,50.00000000000002,90.65743944636677,50.000000000000014,79.12607449856733,48.148148148148145,68.62390846130684,46.875000000000014,75.63684834123222,47.14285714285711,53.781512605042,48.433201058201064,73.56515667050303,52.75974025974025,70.01255047473535,51.78827815279114,60.18214936247723,52.29729729729732,61.360752056404245,52.25332878115398,62.72789347900307,51.43787636721151,60.01597640408013,52.10730417163884,62.859864355339994,50.270252614919954,68.21251051292151,0.9950422027303915,50.0,70.2127659574468,50.00000000000002,85.52631578947368,49.99999999999999,91.30434782608697,49.999999999999986,87.54208754208754,49.99999999999999,86.66666666666667,50.0,84.25043675635234,50.0,82.52656434474616,50.0,83.06595365418895,50.0,87.68796992481202,49.99999999999999,83.33333333333334,50.0,89.91596638655462,50.0,85.30595752872702,50.0,84.77819714253968,0.9758836990840557
37.0,50.00000000000002,80.69973087274124,50.000000000000014,75.243553008596,48.148148148148145,68.29268292682926,48.437500000000014,68.24644549763033,47.1428571428571,75.12605042016807,48.745701058201064,73.52169254519299,54.18258212375857,65.78904288988323,53.0933247615986,68.3531554698382,52.185663924794355,61.22679200940071,53.84431546602937,61.64219870262889,54.055548728032456,62.1482118716972,53.47228700084268,63.83188018868964,51.10899402952187,68.67678636694131,0.9828974675191364,50.0,70.2127659574468,50.00000000000002,85.08771929824562,49.99999999999999,92.7536231884058,49.999999999999986,88.21548821548821,49.99999999999999,87.5,50.0,84.75391933191729,50.0,82.52656434474616,50.0,83.06595365418895,50.0,87.59398496240601,49.99999999999999,83.33333333333334,50.0,90.3361344537815,50.0,85.37119414969119,50.0,85.06255674080424,0.9601556946469862
38.0,50.00000000000002,82.73740868896579,50.000000000000014,86.50429799426934,48.148148148148145,73.17073170731709,48.437500000000014,79.50236966824644,48.571428571428534,73.36134453781513,49.03141534391535,79.05523051932275,54.66004583651641,69.83520680999673,55.3787635272688,70.26893817636345,53.47826086956523,63.96474735605171,50.00682826903381,59.48446568794811,57.696325427061566,64.82118716971857,54.24404478588917,65.67490904001572,51.63773006490226,72.36506977966923,0.9635153587016139,50.0,70.2127659574468,50.00000000000002,86.40350877192984,49.99999999999999,93.47826086956522,49.999999999999986,88.21548821548821,49.99999999999999,89.16666666666667,50.0,85.49533809621934,50.0,82.64462809917356,50.0,82.97682709447416,50.0,87.59398496240601,49.99999999999999,83.59375,50.0,90.54621848739495,50.0,85.47108172868973,50.0,85.48320991245453,0.9420556176826705
39.0,50.00000000000002,76.89350249903883,50.000000000000014,75.58022922636103,44.444444444444436,69.58747365251429,45.312500000000014,77.57701421800948,41.428571428571395,66.890756302521,46.23710317460317,73.30579517968893,60.43735676088615,71.44494161300884,56.51666130933245,69.26175934854815,58.337250293772044,71.41010575793185,55.34653465346534,61.997268692386484,56.13555364384909,65.39265085412315,57.35467133226101,67.9013452531997,51.79588725343209,70.60357021644431,0.9536995067017805,50.0,69.14893617021276,50.00000000000002,87.28070175438597,49.99999999999999,93.47826086956522,49.999999999999986,87.87878787878789,49.99999999999999,89.16666666666667,50.0,85.39067066792371,49.35064935064935,82.88075560802834,51.29233511586453,83.15508021390374,61.184210526315795,87.68796992481202,62.5,83.59375,71.42857142857143,90.54621848739495,59.15115328428023,85.57275484682782,54.57557664214011,85.48171275737576,0.9250042824098005
40.0,50.00000000000002,81.23798539023453,47.50000000000001,74.72779369627507,44.444444444444436,73.89340560072266,46.875000000000014,80.67239336492891,39.99999999999997,73.57142857142858,45.763888888888886,76.82060132471796,61.22039724980901,70.90472552657427,59.60570020357867,69.34747669559627,60.6521739130435,69.44300822561692,64.41618299761011,72.88152953226358,64.62148211871698,73.03060095858426,62.10318729655165,71.12146818772706,53.93353809272027,73.97103475622251,0.9348951547973932,50.0,67.02127659574468,50.00000000000002,87.71929824561403,49.99999999999999,93.47826086956522,44.444444444444436,87.87878787878789,44.99999999999999,89.16666666666667,47.88888888888889,85.0528580512757,70.77922077922078,83.11688311688312,73.97504456327987,83.42245989304813,79.13533834586467,87.78195488721805,76.04166666666666,83.59375,81.30252100840337,90.54621848739495,76.24675827268706,85.69225327690886,62.06782358078797,85.37255566409229,0.9100113408238178
41.0,50.00000000000002,81.85313341022683,42.50000000000001,72.8080229226361,42.592592592592595,67.26889491117134,46.875000000000014,73.65225118483411,42.857142857142826,73.15126050420167,44.96494708994709,73.74671258661401,57.94499618029029,73.19655134781186,63.36226293796206,70.72109718204221,59.283196239717995,69.09518213866039,66.2461590986685,73.13417548651418,59.229445741673835,65.26361066732211,61.21321203966254,70.28212336447015,53.08907956480481,72.01441797554207,0.9305531511418921,50.0,68.08510638297872,37.500000000000014,87.71929824561404,41.666666666666664,93.47826086956522,44.444444444444436,86.86868686868688,40.0,88.33333333333334,42.72222222222222,84.89693714003563,77.27272727272727,83.2349468713105,76.20320855614973,83.60071301247773,78.85338345864662,87.78195488721805,78.125,83.85416666666667,80.67226890756304,90.7563025210084,78.22531763901733,85.84561679173628,60.47376993061978,85.37127696588595,0.8978868116988252
42.0,44.44444444444446,87.5432525951557,40.00000000000001,70.94555873925502,44.444444444444436,69.97892201144234,42.187500000000014,71.35663507109004,35.714285714285694,63.06722689075631,41.358134920634924,72.57831906153989,57.63941940412529,71.16664847757285,58.771027536697716,69.50819672131148,62.29142185663926,73.21974148061105,64.88391942642541,73.73506316148857,61.44770800049159,71.32849944697062,61.00669924487586,71.7916298575909,51.18241708275539,72.1849744595654,0.9189631190628809,50.0,69.14893617021276,37.500000000000014,87.28070175438596,41.666666666666664,93.47826086956522,38.888888888888886,86.1952861952862,40.0,88.33333333333334,41.611111111111114,84.8873036645567,82.46753246753246,83.58913813459267,76.8270944741533,83.42245989304813,78.47744360902257,87.96992481203007,79.6875,83.984375,77.10084033613445,90.96638655462183,78.91208217736856,85.98645687885853,60.26159664423984,85.43688027170762,0.8884309902383116
43.0,44.44444444444446,83.66013071895425,50.000000000000014,75.34383954154727,40.74074074074073,70.88226437819934,45.312500000000014,72.3341232227488,37.14285714285712,65.71428571428571,43.52810846560847,73.58692871514708,60.00763941940412,71.6659391029139,60.8893174756241,70.52394728383156,64.23031727379555,72.24911868390129,61.63024923181973,72.07920792079207,70.83691778296671,79.14464790463316,63.51888823672205,73.13257217921439,53.52349835116526,73.35975044718074,0.9104441334472078,50.0,68.08510638297872,37.500000000000014,87.71929824561404,33.33333333333333,94.20289855072464,38.888888888888886,85.52188552188554,40.0,87.5,39.94444444444444,84.60583774024057,77.9220779220779,83.70720188902007,78.43137254901961,83.42245989304813,77.16165413533835,87.87593984962405,71.35416666666666,83.984375,64.28571428571428,90.96638655462183,73.83099711176337,85.99127263726282,56.887720778103905,85.29855518875169,0.8808883154685494
44.0,44.44444444444446,81.69934640522875,42.50000000000001,83.00859598853869,42.592592592592595,69.52725082806384,34.375000000000014,67.47630331753555,37.14285714285712,69.62184873949579,40.210978835978835,74.26666905577254,63.665011459129104,72.14613117974463,62.52116147005249,73.39119254259082,66.4864864864865,75.45240893066979,67.71252987367703,75.67087743257083,63.57994346810864,74.60980705419688,64.79302655149075,74.25408342795458,52.502002693734795,74.26037624186355,0.9011721360116745,50.0,69.14893617021276,37.500000000000014,86.40350877192982,33.33333333333333,94.20289855072464,38.888888888888886,86.1952861952862,40.0,87.5,39.94444444444444,84.69012593763068,75.32467532467531,83.82526564344745,76.47058823529413,84.13547237076648,74.53007518796994,88.1578947368421,70.83333333333333,84.375,67.85714285714285,90.96638655462183,73.00316298768311,86.29200386113557,56.47380371606378,85.49106489938313,0.8757862865156131
45.0,50.00000000000002,82.08381391772394,42.50000000000001,62.52148997134671,42.592592592592595,79.94579945799458,42.187500000000014,67.18009478672985,39.99999999999997,70.25210084033613,43.45601851851852,72.39665979482625,61.879297173414805,70.5254829204409,69.5510553948355,75.5898424943748,65.1997649823737,73.04112808460634,66.67804711505634,75.93376579037215,62.93781491950351,74.19196263979354,65.24919591703677,73.85643638591753,54.352607217777646,73.1265480903719,0.893651316871274,50.0,69.14893617021276,37.500000000000014,85.96491228070175,33.33333333333333,94.20289855072464,38.888888888888886,86.1952861952862,40.0,87.5,39.94444444444444,84.60240663938507,74.67532467532467,84.17945690672963,76.47058823529413,84.13547237076648,73.21428571428572,88.1578947368421,70.83333333333333,84.50520833333334,64.28571428571428,90.96638655462183,71.89584924879043,86.38888378045867,55.920146846617435,85.49564520992186,0.8715088254992198
46.0,50.00000000000002,97.46251441753172,45.000000000000014,69.11174785100287,35.18518518518518,73.2008431195423,42.187500000000014,72.65995260663507,38.57142857142855,71.93277310924368,42.18882275132275,76.87356622079113,64.55309396485866,72.50900360144057,67.90528233151181,76.00128576020573,63.98942420681553,74.07755581668626,64.81222260157051,76.98531922157733,69.60489123755684,77.22133464421778,66.17298286846268,75.35889980882553,54.180902809892714,76.11623301480833,0.8868166508074882,50.0,69.14893617021276,25.00000000000001,83.33333333333333,33.33333333333333,93.47826086956522,38.888888888888886,84.17508417508417,40.0,87.5,37.44444444444444,83.52712290963909,73.37662337662336,84.29752066115704,75.49019607843137,84.22459893048129,69.26691729323309,88.25187969924812,70.83333333333333,84.63541666666667,60.71428571428571,91.38655462184873,69.93627115918137,86.55919411588037,53.69035780181291,85.04315851275973,0.8682759136408457
47.0,44.44444444444446,88.08150711264898,42.50000000000001,87.65042979942693,44.444444444444436,73.05028605841613,42.187500000000014,70.29028436018959,37.14285714285712,76.42857142857143,42.1438492063492,79.10021575185063,62.270817417876245,73.96867838044308,69.37640630022499,77.21418622093645,67.0094007050529,77.22796709753233,67.57937862751794,78.53875042676681,71.73712670517392,77.69448199582155,67.5946259511692,76.92881282430004,54.869237578759204,78.01451428807533,0.8788245796789531,50.0,69.14893617021276,25.00000000000001,82.89473684210526,33.33333333333333,93.47826086956522,38.888888888888886,83.16498316498317,40.0,86.66666666666667,37.44444444444444,83.07071674270662,72.7272727272727,84.6517119244392,74.50980392156863,84.49197860962568,69.26691729323309,88.1578947368421,70.83333333333333,85.15625,64.28571428571428,91.59663865546219,70.3246083122244,86.81089478527383,53.88452637833442,84.94080576399023,0.8653061135370579
48.0,44.44444444444446,88.00461361014995,42.50000000000001,82.12034383954155,42.592592592592595,66.57633242999096,39.062500000000014,74.2298578199052,31.428571428571416,75.63025210084034,40.0056216931217,77.31227996008559,65.66080977845684,75.13641820364509,64.79695703417977,74.68123861566484,66.47473560517042,76.76380728554642,65.01536360532606,76.19665414817344,70.13334152636108,79.49489984023595,66.41624150989882,76.45460361865314,53.21093160151026,76.88344178936936,0.8791407570159713,50.0,69.14893617021276,25.00000000000001,83.33333333333334,33.33333333333333,92.7536231884058,38.888888888888886,80.13468013468012,40.0,87.5,37.44444444444444,82.57411456532641,72.7272727272727,84.6517119244392,74.50980392156863,84.40285204991088,69.26691729323309,88.25187969924812,70.83333333333333,85.15625,67.85714285714285,91.80672268907563,71.03889402651012,86.85388327253477,54.24166923547728,84.7139989189306,0.8626458193036773
49.0,50.00000000000002,85.85159554017685,45.000000000000014,78.32378223495702,40.74074074074073,78.04878048780488,37.500000000000014,68.26125592417063,37.14285714285711,71.26050420168067,42.076719576719576,76.34918367775802,63.27349121466768,71.24304267161409,64.96196292724737,74.73695489124611,70.59929494712105,76.90481786133961,63.87504267668146,76.62342096278594,66.09315472532876,73.11662774978494,65.76058929820927,74.52497282735413,53.918654437464426,75.43707825255608,0.8815893804948183,50.0,68.08510638297872,25.00000000000001,83.33333333333334,33.33333333333333,91.30434782608695,38.888888888888886,80.13468013468012,40.0,87.5,37.44444444444444,82.07149353541584,72.7272727272727,84.88783943329399,74.50980392156863,84.40285204991088,71.89849624060152,88.43984962406014,70.83333333333333,85.41666666666666,71.42857142857143,91.80672268907563,72.27949553026953,86.99078609260145,54.861969987356986,84.53113981400864,0.8601427432612945
50.0,38.8888888888889,85.81314878892734,40.00000000000001,67.12034383954155,40.74074074074073,79.34357121348992,39.062500000000014,67.65402843601896,34.28571428571427,66.00840336134455,38.59556878306879,73.18789912786447,61.34453781512605,69.35228636909308,67.7392049716061,76.3827279545698,65.98707403055231,76.92596944770858,63.92796176169341,74.68077842266986,68.23460734914589,80.15853508664127,65.44667718562475,75.50005945613653,52.021122984346775,74.3439792920005,0.8854675415309433,50.0,68.08510638297872,25.00000000000001,83.33333333333334,33.33333333333333,91.30434782608697,38.888888888888886,84.84848484848484,40.0,86.66666666666667,37.44444444444444,82.84758781151012,72.7272727272727,85.12396694214877,74.50980392156863,84.40285204991088,71.89849624060152,88.34586466165413,70.83333333333333,85.67708333333333,71.42857142857143,91.80672268907563,72.27949553026953,87.07129793522455,54.861969987356986,84.95944287336734,0.8581525305370143
51.0,44.44444444444446,82.73740868896577,45.000000000000014,73.29512893982807,37.03703703703703,67.53989762119843,45.312500000000014,77.47334123222748,44.28571428571425,72.6890756302521,43.21593915343915,74.74697042249437,64.09472880061115,72.92098657644877,67.24740169291759,77.15632701167898,68.00235017626325,77.10458284371327,71.97336975076819,80.24581768521679,70.72323952316579,79.72840113063782,68.40821798874519,77.43122304953913,55.81207857109217,76.08909673601676,0.8755410535149275,50.0,68.08510638297872,25.00000000000001,82.89473684210526,33.33333333333333,92.02898550724639,38.888888888888886,85.85858585858585,40.0,77.5,37.44444444444444,81.27348291818325,72.07792207792207,85.12396694214875,74.50980392156863,84.67023172905526,69.73684210526316,88.34586466165413,70.83333333333333,85.9375,71.42857142857143,91.80672268907563,71.71729457333173,87.17685720438676,54.580869508888085,84.22517006128501,0.8566334358535926
52.0,50.00000000000002,72.39523260284506,42.50000000000001,71.43266475644698,40.74074074074073,78.56067449563385,40.625000000000014,65.77310426540285,39.99999999999997,63.4873949579832,42.773148148148145,70.32981421566238,65.8422459893048,73.8459019971625,67.24847315975568,76.93346190935391,65.44065804935371,73.50411280846065,69.01160805735746,77.03994537384773,69.50043013395602,81.88521568145508,67.40868307794554,76.64172755405596,55.090915613046846,73.48577088485916,0.8740848440490774,50.0,68.08510638297872,37.500000000000014,84.21052631578947,33.33333333333333,94.92753623188406,38.888888888888886,85.85858585858585,40.0,86.66666666666667,39.94444444444444,83.94968429118096,72.7272727272727,85.24203069657614,74.50980392156863,84.84848484848484,73.21428571428572,88.53383458646617,70.83333333333333,85.9375,75.0,92.01680672268907,73.25693913929209,87.31573137084324,56.600691791868265,85.6327078310121,0.853660559131862
53.0,44.44444444444446,84.9673202614379,45.000000000000014,68.26647564469914,48.148148148148145,71.45438121047876,45.312500000000014,73.51895734597156,38.57142857142855,64.49579831932773,44.295304232804234,72.54058655638302,59.329640947288,66.98133798974133,67.08668166720237,76.25200900032144,68.53113983548768,76.50528789659225,66.84533970638444,79.453738477296,69.01499324075213,80.53336610544427,66.16155907942291,75.94514789387907,55.22843165611357,74.24286722513105,0.8746663041888941,50.0,68.08510638297872,25.00000000000001,84.21052631578947,33.33333333333333,93.47826086956522,38.888888888888886,85.18518518518519,40.0,79.16666666666667,37.44444444444444,82.02514908403705,71.42857142857142,85.36009445100355,74.50980392156863,84.84848484848484,71.05263157894738,88.62781954887218,70.83333333333333,86.06770833333333,75.0,92.01680672268907,72.56486805248416,87.3841827808766,55.0046562484643,84.70466593245683,0.8524676145452352
54.0,44.44444444444446,86.65897731641678,42.50000000000001,69.55587392550143,44.444444444444436,76.06142728093947,40.625000000000014,60.15995260663508,35.714285714285694,70.46218487394958,41.545634920634924,72.57968320068848,66.78762414056531,72.75182800392885,67.5763420122147,76.23915139826423,65.6639247943596,74.30082256169214,70.6555138272448,81.5978149539092,75.14440211380116,86.56753103109254,69.16556137763712,78.2914295897774,55.35559814913602,75.43555639523294,0.8691751255921685,50.0,68.08510638297872,25.00000000000001,83.33333333333334,33.33333333333333,93.47826086956522,38.888888888888886,85.18518518518519,40.0,77.50000000000001,37.44444444444444,81.5163771542125,71.42857142857142,85.36009445100355,74.50980392156863,84.84848484848484,69.73684210526316,88.72180451127821,70.83333333333333,86.06770833333333,75.0,91.80672268907563,72.30171015774731,87.36096296663511,54.873077301095876,84.43867006042382,0.8510063223563127
55.0,50.00000000000002,84.159938485198,45.000000000000014,80.02865329512893,46.29629629629628,79.64468533574225,42.187500000000014,74.11137440758294,38.57142857142855,81.30252100840336,44.411044973544975,79.84943450641109,64.62948815889992,70.56913674560732,65.4462659380692,73.76406300225008,66.19858989424209,77.33725029377203,71.58415841584159,78.88357801297371,71.10421531276884,81.32604153865061,67.79254354396433,76.37601391865074,56.10179425875465,78.1127242125309,0.864367012543941,50.0,69.14893617021276,25.00000000000001,82.89473684210526,33.33333333333333,92.7536231884058,38.888888888888886,75.75757575757575,40.0,78.33333333333334,37.44444444444444,79.7776410583266,71.42857142857142,85.47815820543093,72.54901960784315,84.93761140819964,69.73684210526316,88.81578947368422,70.83333333333333,86.328125,67.85714285714285,91.80672268907563,70.48098186643077,87.47328135527809,53.962713155437605,83.62546120680234,0.8499789199912916
56.0,50.17301038062285,90.27297193387159,42.50000000000001,82.90830945558739,44.444444444444436,80.84914182475158,39.062500000000014,62.73696682464455,38.57142857142855,74.36974789915968,42.950276679299165,78.22742758760295,68.85981665393429,78.08032303830623,70.0257152041144,77.84849458909248,67.32667450058757,78.24441833137486,69.06452714236941,79.79173779446911,69.89062307975912,80.7238540002458,69.03347131615295,78.93776555069769,55.99187399772606,78.58259656915033,0.8563692860368906,50.0,68.08510638297872,25.00000000000001,83.33333333333334,33.33333333333333,93.47826086956522,38.888888888888886,85.18518518518519,40.0,78.33333333333334,37.44444444444444,81.68304382087918,71.42857142857142,85.47815820543093,74.50980392156863,84.84848484848484,71.05263157894738,88.81578947368422,70.83333333333333,86.328125,75.0,91.80672268907563,72.56486805248416,87.45545604333513,55.0046562484643,84.56924993210716,0.8473602975136157
57.0,50.00000000000002,86.69742406766629,47.50000000000001,75.54441260744986,42.59259259259258,74.82685937970491,45.312500000000014,75.93305687203791,39.99999999999997,66.9747899159664,45.08101851851852,75.99530856856506,65.80404889228419,72.88551784350105,69.8607093110468,77.72420443587271,68.95417156286724,80.10105757931846,69.35643564356435,78.56947763741891,64.6368440457171,77.0738601450166,67.72244189109594,77.27082352822553,56.40173020480723,76.6330660483953,0.8550358216701455,50.0,68.08510638297872,37.500000000000014,84.64912280701755,33.33333333333333,93.47826086956522,38.888888888888886,85.18518518518519,40.0,87.5,39.94444444444444,83.77953504894933,71.42857142857142,85.47815820543093,74.50980392156863,84.93761140819964,73.68421052631581,89.09774436090225,70.83333333333333,86.328125,75.0,91.80672268907563,73.09118384195784,87.52967233272169,56.51781414320114,85.6546036908355,0.8442938173346607
58.0,44.44444444444446,93.50249903883122,47.50000000000001,71.10315186246419,48.148148148148145,81.81270701595903,35.937500000000014,67.0468009478673,39.99999999999997,65.96638655462185,43.20601851851852,75.88630908394872,63.43582887700534,70.75739386663756,70.03214400514302,76.05485910211078,68.63689776733258,76.84136310223266,72.52133834073062,82.71765107545235,70.95674081356766,84.43529556347549,69.11658996075585,78.16131254198177,56.16130423963718,77.02381081296525,0.8545222788453881,50.0,68.08510638297872,37.500000000000014,83.77192982456143,33.33333333333333,93.47826086956522,38.888888888888886,85.18518518518519,40.0,88.33333333333333,39.94444444444444,83.77076311912478,71.42857142857142,85.71428571428571,74.50980392156863,84.93761140819964,72.36842105263159,89.00375939849624,70.83333333333333,86.328125,75.0,91.80672268907563,72.828025947221,87.55810084201144,56.38623519583272,85.66443198056811,0.8422013093668843
59.0,44.6174548250673,86.27450980392156,35.00000000000001,71.34670487106017,42.59259259259258,67.05811502559469,42.661433649289116,74.94075829383885,42.857142857142826,65.71428571428572,41.54572478481837,73.0668747417402,62.805576776165005,72.41078249481612,68.06707382406512,77.03417979213543,67.17391304347828,76.78025851938895,70.8501194947081,81.44417890064868,67.84441440334277,81.27688337225023,67.34821950835185,77.78925661584788,54.44697214658511,75.42806567879404,0.8505764990053036,50.0,69.14893617021276,37.500000000000014,83.33333333333334,33.33333333333333,93.47826086956522,38.888888888888886,84.84848484848484,40.0,79.16666666666666,39.94444444444444,81.99513637765256,71.42857142857142,85.71428571428571,74.50980392156863,85.11586452762924,72.36842105263159,89.09774436090227,70.83333333333333,86.45833333333333,75.0,91.59663865546219,72.828025947221,87.59657331832254,56.38623519583272,84.79585484798756,0.8403437531633945
60.0,44.44444444444446,89.27335640138408,45.000000000000014,75.75931232091692,40.74074074074073,70.79193014152364,42.187500000000014,80.71682464454977,34.28571428571427,68.0252100840336,41.3316798941799,76.91332671848161,68.69747899159664,78.41318345520025,68.38529947498124,79.45569484624451,65.32902467685079,76.34782608695653,69.65687948105156,81.0686241037897,67.26373356273812,78.0877473270247,67.86648323744367,78.67461516384314,54.59908156581179,77.79397094116237,0.8469486067375293,50.0,69.14893617021276,37.500000000000014,84.21052631578947,33.33333333333333,93.47826086956522,38.888888888888886,83.83838383838383,40.0,89.16666666666666,39.94444444444444,83.9685547721236,71.42857142857142,85.71428571428571,74.50980392156863,85.02673796791444,73.68421052631581,89.09774436090227,70.83333333333333,86.328125,75.0,91.59663865546219,73.09118384195784,87.55270633971291,56.51781414320114,85.76063055591825,0.8377557782014
61.0,44.44444444444446,76.00922722029988,42.6432664756447,78.91117478510029,46.29629629629628,70.43059319482083,46.26036729857822,68.00947867298578,38.57142857142855,54.579831932773104,43.64316061727844,69.58806116119597,66.85446906035139,74.72716359270981,70.68038144219435,79.0549662487946,68.20211515863693,77.17743830787309,65.12120177534995,78.40559918060772,69.21469829175372,80.85289418704683,68.01457314565727,78.04361230340642,55.82886688146785,73.8158367323012,0.8509261031428212,50.0,70.21276595744682,37.500000000000014,84.21052631578948,33.33333333333333,93.47826086956522,38.888888888888886,81.14478114478115,40.0,90.83333333333334,39.94444444444444,83.9759335241832,72.07792207792207,85.9504132231405,74.50980392156863,85.20499108734404,76.31578947368422,89.28571428571429,70.83333333333333,86.328125,75.0,91.38655462184873,73.74736976130166,87.63115964360951,56.84590710287305,85.80354658389635,0.8357478195592959
62.0,39.061899269511734,82.66051518646675,45.573065902578804,77.34957020057307,44.850948509485086,69.3164709424872,42.89840047393366,71.90462085308057,37.878151260504175,74.49579831932773,42.05249308320269,75.14539510038706,70.85561497326202,75.19917057732184,66.75666988106717,76.1470052501875,67.24441833137487,77.07403055229142,67.82690337999317,77.89006486855583,71.78935725697433,82.86837900946294,68.89459276453431,77.8357300515639,55.4735429238685,76.49056257597547,0.8499365465226465,50.0,70.2127659574468,37.500000000000014,83.77192982456141,33.33333333333333,94.92753623188406,38.888888888888886,80.8080808080808,40.0,91.66666666666667,39.94444444444444,84.27739589772794,72.07792207792207,86.06847697756788,74.50980392156863,85.11586452762924,76.31578947368422,89.28571428571429,70.83333333333333,86.58854166666667,75.0,91.80672268907563,73.74736976130166,87.77306402933075,56.84590710287305,86.02522996352934,0.8331676886077217
63.0,45.48250672818148,87.23567858515955,43.50286532951291,75.73065902578797,45.663956639566386,81.24059018367961,49.622334123222764,68.48341232227489,45.756302521008365,75.96638655462185,46.00559306829838,77.73134533430478,68.15317035905271,75.1527883880825,69.37212043287259,77.91921140040716,69.28907168037605,78.10810810810811,72.85763059064527,82.35575281666097,72.85547499078284,82.07570357625661,70.5054936107459,79.12231285790308,58.25554333952214,78.42682909610393,0.8398934524378163,50.0,70.2127659574468,37.500000000000014,84.21052631578948,33.33333333333333,94.20289855072464,38.888888888888886,79.12457912457911,40.0,89.99999999999999,39.94444444444444,83.55015398970801,72.07792207792207,86.18654073199527,74.50980392156863,85.02673796791444,76.31578947368422,89.28571428571429,70.83333333333333,86.58854166666667,75.0,91.80672268907563,73.74736976130166,87.77885146827326,56.84590710287305,85.66450272899064,0.8309498986227749
64.0,45.65551710880432,89.54248366013071,46.289398280802295,77.93696275071633,48.7353206865402,77.50677506775068,45.26806872037916,72.98578199052133,40.042016806722664,69.87394957983194,45.19806432064973,77.5691906097902,68.38235294117646,74.88540870893813,66.42987249544625,75.54698382085074,67.50293772032904,77.11868390129261,68.80846705360192,79.66541481734379,68.24382450534596,78.4011306378272,67.87349094317993,77.12352437725049,56.535777631914826,77.34635749352034,0.8468909541614995,50.0,70.2127659574468,37.500000000000014,84.86842105263158,33.33333333333333,94.20289855072464,38.888888888888886,82.82828282828282,40.0,89.99999999999999,39.94444444444444,84.42247367781718,72.07792207792207,86.06847697756788,74.50980392156863,85.11586452762924,76.31578947368422,89.28571428571429,70.83333333333333,86.58854166666667,75.0,92.01680672268908,73.74736976130166,87.81508083605344,56.84590710287305,86.11877725693532,0.8292719097428458
65.0,45.82852748942716,70.54978854286813,48.932664756447,80.27220630372493,46.070460704607044,71.12315567600119,42.14306872037916,71.0308056872038,41.59663865546215,71.72268907563026,44.91427206526451,72.93972905708566,63.521772345301756,74.44614209320092,67.5774134790528,77.53991213971928,69.01880141010578,78.94242068155111,72.91908501194946,83.92284055991807,71.78935725697433,82.55499569866045,68.96528590067682,79.48126223460996,56.939778982970665,76.2104956458478,0.8344412675308418,50.0,70.2127659574468,37.500000000000014,84.21052631578947,33.33333333333333,94.20289855072464,38.888888888888886,82.15488215488215,40.0,89.99999999999999,39.94444444444444,84.1562145957686,72.07792207792207,86.06847697756788,74.50980392156863,85.29411764705883,76.31578947368422,89.28571428571429,70.83333333333333,86.71875,75.0,91.80672268907563,73.74736976130166,87.83475631988333,56.84590710287305,85.99548545782596,0.8265227177745001
66.0,46.52056901191851,91.73394848135332,37.865329512893986,78.91117478510029,51.355013550135496,79.8855766335441,46.92683649289101,71.37144549763033,49.39075630252098,71.21848739495799,46.41170097407199,78.6241265585172,63.20664629488159,72.6754338098876,67.90528233151181,76.59273545483768,68.57814336075208,76.7144535840188,71.82314783202457,80.1331512461591,75.29187661300234,85.15423374708124,69.36101928643447,78.25400156839687,57.88636013025323,78.43906406345704,0.8375576161294935,50.0,70.2127659574468,37.500000000000014,83.77192982456141,33.33333333333333,94.20289855072464,38.888888888888886,82.49158249158248,40.0,85.00000000000001,39.94444444444444,83.13583536486306,72.07792207792207,86.18654073199527,74.50980392156863,85.29411764705883,73.68421052631581,89.3796992481203,70.83333333333333,86.71875,75.0,92.22689075630252,73.22105397182797,87.96119967669537,56.58274920813621,85.54851752077921,0.8254518509012355
67.0,48.94271434063822,90.6958861976163,47.37106017191978,82.55014326647564,51.761517615176146,72.44805781391148,46.12707345971565,75.68127962085308,42.33193277310921,69.74789915966386,47.3068596721118,78.22465321170407,64.06608097784567,73.86500054567281,68.06064502303651,77.90206793099753,70.53466509988252,80.42303172737955,71.78729941959713,80.7954933424377,70.42829052476343,82.75162836426202,68.97539620902505,79.14744438214991,58.141127940568424,78.686048796927,0.8296254498479648,50.0,70.2127659574468,37.500000000000014,83.7719298245614,33.33333333333333,94.92753623188406,38.888888888888886,83.16498316498317,40.0,90.83333333333334,39.94444444444444,84.58210970244177,72.07792207792207,86.30460448642265,74.50980392156863,85.29411764705883,75.00000000000001,89.47368421052633,70.83333333333333,86.97916666666666,75.0,92.22689075630252,73.4842118665648,88.05569275339539,56.714328155504624,86.31890122791859,0.8224241675828088
68.0,49.115724721261074,89.08112264513649,53.66045845272207,75.11461318051576,49.86449864498644,64.49864498644988,48.30420616113745,72.77843601895734,46.78571428571425,69.49579831932773,49.54612045316426,74.19372303007745,63.521772345301756,73.78587798755866,66.59059252116145,77.37919211400408,69.18331374853115,78.55229142185662,72.17651075452373,80.53943325367018,69.89062307975914,82.69632542706158,68.27256248985546,78.59062404083024,58.90934147150986,76.39217353545385,0.8359342921739084,50.0,70.2127659574468,37.500000000000014,85.08771929824562,41.666666666666664,94.92753623188406,38.888888888888886,83.16498316498316,40.0,91.66666666666667,41.611111111111114,85.01193426384526,72.07792207792207,86.30460448642265,74.50980392156863,85.29411764705883,74.53007518796994,89.56766917293233,75.0,87.109375,75.0,92.22689075630252,74.22356023749214,88.10053141254326,57.917335674301626,86.55623283819426,0.8185128846341587
69.0,56.92041522491351,91.31103421760862,47.67191977077365,76.6189111747851,49.457994579945805,68.83468834688347,49.30390995260666,70.94194312796209,61.32352941176467,83.19327731092437,52.93555378800086,78.17997083563273,62.26126814362107,73.76950780312124,64.95660559305688,75.63484410157506,66.58636897767335,77.01997649823737,65.81085694776374,79.15329463980882,67.99188890254393,83.04657736266438,65.5213977129318,77.72484008108138,59.22847575046633,77.95240545835705,0.8276643515847067,50.0,70.2127659574468,37.500000000000014,84.64912280701753,41.666666666666664,94.20289855072464,38.888888888888886,79.46127946127946,56.66666666666666,91.66666666666667,44.94444444444444,84.03854668862702,72.07792207792207,86.42266824085006,74.50980392156863,85.38324420677363,76.31578947368422,89.56766917293233,72.91666666666666,87.109375,75.0,92.22689075630252,74.16403642796831,88.14196947537171,59.55424043620638,86.09025808199937,0.8161350397228937
70.0,53.61399461745484,78.73894655901576,54.96418338108883,72.36389684813754,62.33062330623304,78.50045167118337,52.103080568720394,67.57997630331754,49.159663865546186,69.07563025210084,54.43430914780866,73.251780326751,66.89266615737203,74.94816108261486,64.78731383263687,76.12771884710169,67.60282021151589,79.22209165687427,69.40935472857632,81.62171389552748,69.20548113555365,80.85903895784689,67.57952721313096,78.55574488799304,61.00691818046981,75.90376260737202,0.82276877823859,50.0,69.14893617021276,37.500000000000014,84.64912280701755,43.84057971014492,94.92753623188406,60.1010101010101,77.44107744107744,60.833333333333314,91.66666666666667,50.45498462889767,83.56666786337169,72.07792207792207,86.54073199527745,74.50980392156863,85.47237076648841,76.31578947368422,89.66165413533835,70.83333333333333,87.109375,71.42857142857143,92.22689075630252,73.03308404701593,88.20220453068134,61.744034337956805,85.88443619702652,0.8133265559772085
71.0,57.247212610534426,94.23298731257208,55.61604584527221,76.07449856733524,54.65221318879855,70.3101475459199,62.1445497630332,79.19135071090048,49.159663865546186,69.24369747899159,55.76393705463691,77.81053632314385,64.22841864018334,76.1431845465459,65.93485481624342,76.2991535411979,68.67802585193893,79.40775558166864,66.89825879139639,79.9214749061113,67.11625906353694,84.1895047314735,66.5711634326598,79.19221466139945,61.16755024364836,78.50137549227165,0.8192980224878952,50.0,69.14893617021276,42.763157894736864,84.64912280701755,56.15942028985508,94.20289855072464,55.05050505050505,76.76767676767676,60.833333333333314,91.66666666666667,52.96128331368607,83.28706019245968,72.07792207792207,86.65879574970485,74.50980392156863,85.47237076648841,69.73684210526318,89.75563909774436,70.83333333333333,87.109375,71.42857142857143,92.22689075630252,71.71729457333173,88.24461427404803,62.3392889435089,85.76583723325385,0.809929534076286
72.0,50.11534025374856,85.69780853517878,59.706303724928375,76.83381088825215,53.56820234869015,69.01535682023487,44.95704976303318,72.7340047393365,62.26890756302519,79.83193277310924,54.12316073068509,76.82258275122231,60.03628724216959,73.51849830841428,65.60377156327009,78.28993892639023,65.48178613396006,79.24794359576967,66.01399795151929,82.51280300443837,64.34189504731475,77.81123264102249,64.29554758764675,78.27608329520702,59.209354159165926,77.54933302321467,0.8197271250346322,54.25531914893617,70.2127659574468,54.605263157894754,85.08771929824562,56.15942028985508,93.4782608695652,56.56565656565656,74.07407407407408,55.833333333333314,91.66666666666667,55.483798499135176,82.90389737319967,72.07792207792207,86.77685950413223,69.6078431372549,85.56149732620322,67.10526315789474,89.84962406015038,72.91666666666666,87.23958333333333,75.0,92.22689075630252,71.34153900794767,88.33089099602434,63.412668753541425,85.61739418461201,0.8060087382415012
73.0,57.92003075740102,85.00576701268743,56.712034383954155,79.01146131805157,64.6341463414634,78.68112014453477,55.61315165876779,62.781398104265406,57.24789915966384,68.52941176470588,58.42545246025005,74.80183166884902,61.35408708938122,73.95230819600567,62.98189221043607,75.57912782599378,61.96239717978851,78.26321974148061,61.672925913280984,79.5868897234551,63.46626520830774,77.63917905862112,62.2875135202389,77.00414490911126,60.35648299024447,75.90298828898014,0.8208111758335691,56.914893617021264,68.08510638297872,55.4824561403509,84.21052631578947,56.15942028985508,92.75362318840578,56.56565656565656,75.08417508417509,55.833333333333314,90.83333333333334,56.191151989243416,82.19335286093649,70.77922077922078,86.89492325855961,65.68627450980392,85.65062388591801,68.42105263157895,90.0375939849624,66.66666666666666,87.36979166666666,71.42857142857143,92.22689075630252,68.59635720316835,88.43596471048184,62.39375459620588,85.31465878570916,0.8041667816313905
74.0,58.93886966551328,84.65974625144175,73.58882521489973,76.04584527220631,64.99548328816621,78.19933754893104,63.003554502369695,71.60841232227489,55.21008403361343,70.92436974789916,63.14736334091248,76.28754222855062,64.07563025210084,75.33831714503984,64.13050466088073,76.5391621129326,64.34195064629849,74.88601645123384,65.51894844656879,81.5090474564698,63.02384171070421,79.10163450903282,64.21817514331062,77.47483553494177,63.68276924211155,76.8811888817462,0.8220012877431594,42.553191489361694,69.14893617021276,57.2368421052632,85.52631578947368,56.15942028985508,92.75362318840578,63.63636363636363,74.07407407407408,55.833333333333314,91.66666666666667,55.083830170835384,82.6339231777666,65.5844155844156,87.01298701298701,66.66666666666667,85.73975044563281,65.31954887218046,90.0375939849624,75.0,87.36979166666666,75.0,92.22689075630252,69.51412622465254,88.47740277331027,62.29897819774396,85.55566297553844,0.7984662255840405
75.0,68.64667435601693,85.65936178392924,65.4512893982808,86.08882521489971,67.25383920505871,71.8458295694068,61.72985781990522,69.9792654028436,59.579831932773075,80.21008403361344,64.53229854240695,78.75667320093856,61.12490450725745,73.75313761868384,65.7644915889853,78.70138219222116,65.00000000000003,78.5828437132785,70.0546261522704,83.41413451689998,61.22956863708984,78.81897505223054,64.63471817712062,78.65409461866281,64.58350835976378,78.70538390980069,0.8050079970833701,42.553191489361694,68.08510638297872,56.35964912280704,85.08771929824562,56.15942028985508,92.02898550724636,56.56565656565656,75.4208754208754,55.833333333333314,89.99999999999999,53.494250160202725,82.12453732186921,64.93506493506493,87.13105076741441,65.68627450980392,85.82887700534761,67.10526315789474,90.13157894736842,68.75,87.36979166666666,71.42857142857143,92.22689075630252,67.58103480626701,88.53763782861992,60.53764248323487,85.33108757524457,0.7960729662857587
76.0,63.956170703575566,87.85082660515187,64.2406876790831,78.26647564469914,65.35682023486899,76.99488105992171,57.89395734597158,65.5361374407583,60.96638655462182,75.25210084033614,62.48280450362421,76.78008431817344,58.813980137509546,73.38753683291498,65.10446801671486,79.10425372334726,63.14923619271446,78.71210340775559,61.85899624445204,79.98975759644928,62.29568637089837,80.51493179304413,62.24447339245786,78.34171667070225,62.363638948041036,77.56090049443785,0.8019045108483015,42.553191489361694,68.08510638297872,57.2368421052632,85.08771929824562,56.15942028985508,92.02898550724636,56.56565656565656,76.43097643097643,55.833333333333314,89.99999999999999,53.66968875669397,82.32655752388942,64.93506493506493,87.13105076741441,66.66666666666667,85.82887700534761,67.10526315789474,90.13157894736842,70.83333333333333,87.36979166666666,71.42857142857143,92.22689075630252,68.19377990430623,88.53763782861992,60.9317343305001,85.43209767625467,0.7911311179705739
77.0,73.83698577470206,87.19723183391004,67.24928366762178,77.59312320916905,66.57633242999096,69.16591388136104,64.71415876777253,65.8175355450237,66.80672268907563,75.08403361344537,67.83669666583259,74.97156761658184,65.04010695187165,79.9165120593692,65.11089681774347,79.09568198864245,61.78613396004702,78.61574618096357,65.87231136906794,84.01502219187437,60.11122035148089,79.2736880914342,63.58413389004219,80.18333010245676,65.71041527793739,77.57744885951931,0.7981846916614674,44.68085106382978,69.14893617021276,57.2368421052632,85.96491228070175,56.15942028985508,92.75362318840581,58.080808080808076,75.75757575757575,55.833333333333314,89.99999999999999,54.398250974617895,82.72500947937922,64.93506493506493,87.2491145218418,66.66666666666667,85.82887700534761,65.78947368421053,90.13157894736842,70.83333333333333,87.36979166666666,71.42857142857143,92.22689075630252,67.93062200956938,88.5612505795054,61.164436492093635,85.64313002944232,0.7853282798727185
78.0,77.29719338715879,85.81314878892734,67.04154727793696,74.39828080229226,68.20234869015356,73.23095453176755,65.61759478672988,72.48222748815165,69.09663865546219,64.6218487394958,69.45106455948827,74.10929207012693,58.39381207028265,73.07377496453127,59.38604950176789,76.50701810778956,62.80258519388956,79.43360752056404,62.66302492318198,79.9248890406282,67.60169595674083,81.10482978984884,62.16943352917258,78.00882388467238,65.81024904433042,76.05905797739965,0.7943898338594954,44.68085106382978,69.14893617021276,57.2368421052632,86.8421052631579,56.15942028985508,93.47826086956522,58.080808080808076,75.4208754208754,55.833333333333314,89.99999999999999,54.398250974617895,82.97803554476226,64.93506493506493,87.2491145218418,66.66666666666667,85.82887700534761,65.78947368421053,90.22556390977444,70.83333333333333,87.5,71.42857142857143,92.22689075630252,67.93062200956938,88.60608923865327,61.164436492093635,85.79206239170776,0.7788366742038006
79.0,85.27489427143408,88.5044213763937,66.69054441260745,87.10601719197709,66.53116531165311,75.51942186088529,63.10722748815167,71.69727488151659,66.15546218487394,74.03361344537815,69.55185873374407,79.37214975123017,61.306340718105425,74.08326967150497,63.63227258116358,81.03289403192973,61.9976498237368,80.11515863689777,67.73813588255379,82.78251963127347,62.781123264102256,80.06636352464052,63.49110445393237,79.61604109924929,66.52148159383822,79.49409542523972,0.783128406330191,44.68085106382978,69.14893617021276,57.2368421052632,86.40350877192982,56.15942028985508,93.4782608695652,58.080808080808076,76.76767676767676,55.833333333333314,89.99999999999999,54.398250974617895,83.15967651587691,64.93506493506493,87.2491145218418,66.66666666666667,85.91800356506239,65.78947368421053,90.22556390977444,70.83333333333333,87.5,71.42857142857143,92.22689075630252,67.93062200956938,88.62391455059623,61.164436492093635,85.89179553323658,0.7723486234455699
80.0,85.27489427143408,91.8492887351019,72.05587392550143,84.054441260745,67.75067750677506,75.09786208973202,69.45349526066352,75.59241706161137,62.563025210084014,70.67226890756302,71.41959323489161,79.45325561095066,62.18487394957983,76.35599694423225,58.23315118397083,77.19275688417444,62.10928319623973,81.34430082256169,64.94366678047116,83.25025606008877,62.400147474499214,81.62099053705298,61.974224516952155,79.95286024962203,66.69690887592188,79.70305793028635,0.7750942512068922,45.74468085106382,68.08510638297872,57.2368421052632,86.40350877192982,56.15942028985508,94.20289855072464,58.080808080808076,77.44107744107744,55.833333333333314,89.99999999999999,54.61101693206469,83.22651822934212,64.28571428571428,87.13105076741441,64.70588235294117,85.82887700534761,65.78947368421053,90.31954887218045,68.75,87.5,71.42857142857143,92.22689075630252,66.99192835028748,88.60127348024899,60.80147264117609,85.91389585479556,0.765743911579835
81.0,75.37485582468283,89.04267589388697,71.62607449856735,72.9942693409742,62.0144534778681,73.86329418849743,67.27636255924172,68.95734597156398,69.18067226890756,77.89915966386555,69.09448372585351,76.55134901175762,60.131779984721156,76.24686238131616,60.034286938819214,79.03567984570877,59.34782608695654,78.7990599294947,55.616251280300446,80.3892113349266,57.37986973085904,79.83286223423866,58.502002804331276,78.86073514513699,63.798243265092395,77.7060420784473,0.7706778114976591,46.80851063829786,68.08510638297872,59.868421052631604,86.8421052631579,56.15942028985508,94.92753623188406,63.63636363636363,77.77777777777777,55.833333333333314,90.83333333333333,56.46120979009629,83.69317179782635,64.93506493506493,87.2491145218418,65.68627450980392,85.91800356506239,65.31954887218046,90.13157894736842,72.91666666666666,87.5,71.42857142857143,92.22689075630252,68.0572252824575,88.60511755811503,62.25921753627689,86.1491446779707,0.7541624283407371
82.0,72.93348712033834,78.73894655901577,75.55873925501434,75.35816618911174,65.26648599819332,71.15326708822644,67.37263033175357,68.49822274881517,64.8109243697479,76.21848739495799,69.18845341500949,73.99341799602543,56.923223834988534,70.58277856597185,60.195006964534436,79.29926068788171,56.84488836662751,80.66509988249119,61.23079549334244,82.39330829634687,65.21752488632174,84.85928474867887,60.082287909162936,79.55994643627409,64.63537066208622,76.77668221614977,0.7648617223190045,46.80851063829786,68.08510638297872,59.868421052631604,86.40350877192982,56.15942028985508,94.20289855072464,58.080808080808076,78.11447811447812,55.833333333333314,89.99999999999999,55.350098678985184,83.36119836402226,64.93506493506493,87.13105076741441,65.68627450980392,85.82887700534761,65.78947368421053,90.31954887218045,70.83333333333333,87.5,75.0,92.22689075630252,68.44882929248254,88.60127348024899,61.89946398573386,85.98123592213562,0.7486856836344145
83.0,76.93194925028837,80.50749711649364,69.98567335243554,72.23495702005731,70.00903342366756,68.2324601023788,61.50029620853081,79.84300947867298,65.58823529411762,75.63025210084035,68.80303750580798,75.2896351636886,62.203972498090145,76.11044417767107,62.15793421193613,77.90635379834994,60.76380728554642,78.32902467685078,56.0139979515193,80.52577671560259,62.14821187169719,80.90205235344722,60.65758476375784,78.75473034438433,64.73031113478291,77.02218275403646,0.7591441565662712,46.80851063829786,68.08510638297872,59.868421052631604,86.40350877192982,56.15942028985508,94.20289855072464,63.63636363636363,78.45117845117845,55.833333333333314,89.99999999999999,56.46120979009629,83.42853843136233,64.93506493506493,87.2491145218418,65.68627450980392,85.82887700534761,65.78947368421053,90.31954887218045,68.75,87.5,71.42857142857143,92.22689075630252,67.31787691153016,88.62488623113447,61.88954335081323,86.0267123312484,0.7404457254147592
84.0,77.27797001153405,79.0080738177624,76.13180515759315,75.40114613180515,67.11833785004517,65.8837699488106,57.28672985781992,73.11907582938389,66.32352941176471,72.73109243697479,68.8276744577514,73.22863163294737,58.603896103896105,73.59216413838261,61.01253616200578,78.72281152898317,61.944770857814355,81.07638072855464,64.39569819050871,84.05940594059406,58.88841096227111,81.64556962025317,60.969062455299216,79.81926639135352,64.8983684565253,76.52394901215044,0.7548879282826815,46.80851063829786,67.02127659574468,58.99122807017548,85.96491228070175,56.15942028985508,94.92753623188406,58.080808080808076,80.13468013468012,55.833333333333314,90.83333333333334,55.17466008249396,83.7763477152688,64.93506493506493,87.2491145218418,64.70588235294117,85.82887700534761,65.78947368421053,90.31954887218045,66.66666666666666,87.63020833333333,71.42857142857143,92.22689075630252,66.70513181349095,88.65092789780114,60.939895947992454,86.21363780653496,0.7357531496312041
85.0,77.27797001153405,78.85428681276433,71.99140401146133,76.3323782234957,64.22764227642274,67.6001204456489,64.72156398104268,72.58590047393365,66.3235294117647,81.5126050420168,68.9084219384451,75.37705819957186,59.94079449961802,76.63701844374114,57.08346726668807,78.14850530376086,55.55229142185665,77.13748531139835,58.56947763741892,79.9726869238648,60.249477694482,81.4243578714514,58.279101704012724,78.6640107708433,63.59376182122891,77.02053448520758,0.7436536008393252,46.80851063829786,68.08510638297872,59.868421052631604,85.52631578947368,56.15942028985508,94.92753623188406,58.080808080808076,80.47138047138047,55.833333333333314,90.00000000000001,55.350098678985184,83.8020677751434,64.93506493506493,87.2491145218418,64.70588235294117,85.91800356506239,65.78947368421053,90.31954887218045,70.83333333333333,87.63020833333333,71.42857142857143,92.22689075630252,67.53846514682428,88.6687532097441,61.44428191290473,86.23541049244375,0.7284434598131173
86.0,85.08266051518649,89.04267589388695,66.99140401146131,73.00859598853869,61.969286359530265,75.21830773863294,59.56013033175357,73.82997630331754,59.87394957983191,68.0672268907563,66.6954861595527,75.83335656302647,58.5179526355997,77.18814798646731,59.37854923390119,76.42130076074145,62.97884841363105,79.86603995299649,58.57801297371117,79.8395356777057,61.324812584490616,83.32309204866658,60.15563516826675,79.32762328531551,63.42556066390972,77.58048992417099,0.7403805682622755,46.80851063829786,69.14893617021278,59.868421052631604,85.52631578947368,58.333333333333336,94.92753623188406,63.63636363636363,80.47138047138047,55.833333333333314,90.83333333333334,56.89599239879194,84.18150039925688,64.93506493506493,87.2491145218418,65.68627450980392,85.91800356506239,65.78947368421053,90.22556390977444,70.83333333333333,87.63020833333333,71.42857142857143,92.22689075630252,67.73454357819682,88.64995621726288,62.315267988494384,86.41572830825987,0.7209186556191477
87.0,90.98423683198772,93.50249903883122,68.91833810888252,79.92836676217766,66.71183378500452,72.89972899728997,68.08353080568722,73.489336492891,59.87394957983191,68.73949579831933,70.91437782227877,77.71188541790184,54.72689075630252,69.72061551893485,61.6661309332476,78.28993892639023,59.07168037602821,79.46415981198591,61.92898600204848,82.62205530897917,57.4751136782598,82.5242718446602,58.973760349177326,78.52420828219007,64.94406908572805,78.11804685004596,0.7348478469343973,46.80851063829786,68.08510638297872,58.99122807017548,85.08771929824562,56.15942028985508,94.92753623188406,58.080808080808076,81.14478114478115,55.833333333333314,89.16666666666667,55.17466008249396,83.68236194491125,64.93506493506493,87.2491145218418,64.70588235294117,86.00713012477719,65.78947368421053,90.31954887218045,66.66666666666666,87.76041666666667,67.85714285714285,92.22689075630252,65.99084609920523,88.71262018835372,60.58275309084959,86.1974910666325,0.7188817999894581
88.0,73.10649750096118,90.96501345636294,70.55873925501433,77.96561604584528,64.453477868112,73.23095453176754,66.04709715639812,75.11848341232226,75.63025210084032,82.10084033613447,69.95921277626519,79.8761815564865,56.69404125286478,75.17734366473863,62.48151719704273,77.47348119575699,57.4500587544066,76.66745005875441,56.64219870262889,78.90747695459201,60.639670640285125,82.04497972225636,58.781497309445626,78.05414631921968,64.37035504285541,78.96516393785309,0.728159305474323,46.80851063829786,69.14893617021278,58.99122807017548,85.52631578947368,56.15942028985508,94.92753623188406,58.080808080808076,81.48148148148148,55.833333333333314,89.16666666666667,55.17466008249396,84.05018726794374,64.93506493506493,87.2491145218418,64.70588235294117,86.00713012477719,65.78947368421053,90.31954887218045,66.66666666666666,87.76041666666667,71.42857142857143,92.22689075630252,66.70513181349095,88.71262018835372,60.939895947992454,86.38140372814874,0.7132080957035711
89.0,79.52710495963092,86.81276432141485,68.20200573065904,68.28080229226362,68.33785004516712,72.80939476061427,61.97422985781992,71.04561611374407,61.9957983193277,65.4201680672269,68.00739778252094,72.87374911105273,60.04583651642476,75.02182691258321,60.363227258116346,77.6234865530912,59.788484136310224,79.92714453584018,56.13861386138615,79.00307272106521,62.4861742656999,84.24480766867396,59.76446720758747,79.16406767825075,63.885932495054206,76.01890839465173,0.7368323242213372,46.80851063829786,69.14893617021278,58.99122807017548,85.08771929824562,56.15942028985508,94.92753623188406,58.080808080808076,82.15488215488216,55.833333333333314,89.16666666666667,55.17466008249396,84.09714810437825,64.93506493506493,87.48524203069657,64.70588235294117,86.00713012477719,65.78947368421053,90.31954887218045,66.66666666666666,87.76041666666667,71.42857142857143,92.22689075630252,66.70513181349095,88.75984569012468,60.939895947992454,86.42849689725146,0.7103779635741126
90.0,78.4890426758939,89.50403690888119,68.91833810888252,78.02292263610315,68.15718157181571,75.36886479975911,69.54976303317537,78.16943127962087,66.281512605042,71.76470588235294,70.27916759896189,78.56599230134344,57.324293353705116,72.34530175706647,56.75559841422907,75.52984035144111,56.856639247943605,76.01880141010575,58.07442813246841,78.8869921474906,66.6738355659334,82.1002826594568,59.13695894285593,76.97624366511215,64.70806327090891,77.7711179832278,0.7292180408610716,46.80851063829786,69.14893617021278,58.99122807017548,85.08771929824562,56.15942028985508,94.92753623188406,56.56565656565656,83.5016835016835,55.833333333333314,89.16666666666667,54.87162977946366,84.36650837373853,64.93506493506493,87.48524203069657,65.68627450980392,86.00713012477719,65.78947368421055,90.31954887218045,68.75,87.76041666666667,67.85714285714285,92.22689075630252,66.60359119724446,88.75984569012468,60.73761048835406,86.5631770319316,0.7089851183581272
91.0,79.87312572087659,75.70165321030373,74.06160458452725,80.54441260744986,66.53116531165311,79.70490816019272,61.737263033175374,69.40165876777252,66.890756302521,66.55462184873949,69.81878299055067,74.38145091889166,57.18105423987776,73.01647931900033,59.707489553198315,76.02057216329155,63.31374853113986,82.00940070505288,57.632297712529876,77.60669170365313,62.633648764901075,78.91729138503135,60.093647760329375,77.51408705520585,64.95621537544002,75.94776898704876,0.7344392343094411,46.80851063829786,69.14893617021278,58.99122807017548,85.08771929824562,56.15942028985508,94.92753623188406,63.63636363636363,84.84848484848484,55.833333333333314,89.16666666666667,56.28577119360507,84.6358686430988,64.93506493506493,87.48524203069657,65.68627450980392,86.00713012477719,67.10526315789474,90.31954887218045,70.83333333333333,87.76041666666667,75.0,92.22689075630252,68.71198718721938,88.75984569012468,62.498879190412225,86.69785716661174,0.7013040365325839
92.0,85.42868127643216,83.12187620146098,72.77220630372494,85.30085959885388,71.45438121047877,78.22944896115628,65.09922985781994,72.31931279620852,67.71008403361344,74.2016806722689,72.49291653641384,78.63463564598972,58.33651642475173,75.30012004801921,58.88460302153646,77.35990571091824,60.9870740305523,78.27027027027027,60.00170706725846,80.1843632639126,61.324812584490616,77.68219245422146,59.90694262571791,77.75937034946836,66.19992958106587,78.19700299772904,0.7195891756982419,46.80851063829786,69.14893617021278,58.99122807017548,85.08771929824562,56.15942028985508,94.92753623188406,63.63636363636363,84.84848484848484,55.833333333333314,89.16666666666667,56.28577119360507,84.6358686430988,64.93506493506493,87.48524203069657,65.68627450980392,86.00713012477719,68.42105263157895,90.31954887218045,70.83333333333333,87.76041666666667,75.0,92.22689075630252,68.97514508195623,88.75984569012468,62.63045813778065,86.69785716661174,0.6976149140849122
93.0,84.04459823144946,90.77277970011534,68.34527220630375,79.11174785100286,60.97560975609756,74.22463113520024,64.86226303317538,72.30450236966824,59.9159663865546,68.69747899159664,67.62874192271615,77.02222800951667,56.13063407181053,71.06024227872967,63.31083252973318,80.317154184078,62.82608695652174,79.88484136310223,61.78729941959714,82.14749061113007,56.94666338945558,78.94187046823153,60.20030327342363,78.4703197810543,63.91452259806989,77.74627389528548,0.7153983640928484,46.80851063829786,69.14893617021278,58.11403508771934,83.77192982456141,56.15942028985508,94.20289855072464,56.56565656565656,83.5016835016835,55.833333333333314,88.33333333333333,54.69619118297244,83.79175627610313,64.93506493506493,87.60330578512396,65.68627450980392,86.00713012477719,65.78947368421053,90.31954887218045,68.75,87.76041666666667,67.85714285714285,92.22689075630252,66.60359119724444,88.78345844101015,60.64989119010844,86.28760735855664,0.7002658472147424
94.0,68.06997308727414,75.16339869281046,67.62893982808023,72.43553008595988,68.97018970189701,78.41011743450767,65.61759478672988,68.98696682464455,69.78991596638654,79.28571428571428,68.01532267407357,74.85634546472737,63.13025210084034,79.06799083269671,55.45376620593592,76.19629272474016,60.6051703877791,76.75440658049355,64.24547627176511,81.86070331171048,67.15927245913727,84.70566547867764,62.118787485091545,79.71701178566371,65.06705507958256,77.28667862519555,0.7111968235815892,46.80851063829786,69.14893617021278,58.99122807017548,85.52631578947368,56.15942028985508,94.92753623188406,62.12121212121213,83.5016835016835,55.833333333333314,89.16666666666667,55.98274089057477,84.45422767198414,64.93506493506493,87.60330578512396,66.66666666666667,86.00713012477719,68.42105263157895,90.31954887218045,72.91666666666666,87.76041666666667,75.0,92.22689075630252,69.58789017999545,88.78345844101015,62.78531553528511,86.61884305649716,0.6924239076380361
95.0,80.21914648212226,85.69780853517878,69.20487106017193,82.93696275071633,67.97651309846431,77.74766636555255,63.20349526066352,73.80035545023695,63.46638655462182,74.28571428571429,68.81408249120877,78.89370147747978,61.56417112299465,74.98635817963549,58.23315118397083,76.36129861780778,61.0928319623972,76.4512338425382,58.472174803687274,80.89450324342778,64.6368440457171,77.47941501781983,60.799834623753405,77.23456178024583,64.80695855748108,78.06413162886281,0.7165009868174098,46.80851063829786,69.14893617021278,58.99122807017548,85.52631578947368,56.15942028985508,94.92753623188406,63.63636363636363,84.84848484848484,55.833333333333314,89.16666666666667,56.28577119360507,84.72358794134442,64.93506493506493,87.60330578512396,67.64705882352942,86.00713012477719,68.42105263157895,90.22556390977444,77.08333333333333,87.76041666666667,75.0,92.22689075630252,70.61730194470132,88.76466144852895,63.4515365691532,86.74412469493669,0.6871282184977208
96.0,79.00807381776241,91.84928873510188,63.202005730659025,80.54441260744986,65.8988256549232,79.5242396868413,68.22422985781994,73.14869668246445,69.74789915966386,83.78151260504202,69.21620684416568,81.76963006337989,57.515278838808236,74.11873840445269,55.784849458909235,75.86628093860496,62.33842538190366,78.81551116333726,65.91669511778765,84.57835438716288,56.27073860145016,77.22133464421778,59.56519747977178,78.12004390755513,64.39070216196873,79.9448369854675,0.6984581797428713,46.80851063829786,69.14893617021278,58.99122807017548,85.52631578947368,58.333333333333336,94.92753623188406,63.63636363636363,84.51178451178451,60.833333333333314,89.16666666666667,57.72055380230072,84.65624787400435,64.93506493506493,87.60330578512396,66.66666666666667,86.00713012477719,66.63533834586467,90.22556390977444,77.08333333333333,87.76041666666667,75.0,92.22689075630252,70.06408065618592,88.76466144852895,63.89231722924332,86.71045466126665,0.6824144910814667
97.0,89.94617454825068,86.27450980392157,65.84527220630373,78.79656160458453,76.60343270099365,81.45137006925624,69.31279620853083,78.8951421800948,65.50420168067225,77.14285714285715,73.44237546895022,80.51208816014287,60.32276546982429,74.75717559751173,61.99614271938283,77.98778527804564,62.02115158636899,75.62632197414807,62.91054967565722,83.06247866165928,60.00675924788006,82.35221826225882,61.451473739822674,78.75719595472471,67.44692460438645,79.63464205743378,0.6909354798790855,46.80851063829786,69.14893617021278,58.99122807017548,84.64912280701755,56.15942028985508,94.92753623188406,60.60606060606061,84.17508417508418,55.833333333333314,88.33333333333333,55.67971058754447,84.24680254350638,64.93506493506493,87.72136953955136,67.64705882352942,85.91800356506239,69.73684210526318,90.31954887218045,72.91666666666666,87.76041666666667,75.0,92.22689075630252,70.04712650610483,88.78924587995269,62.86341854682465,86.51802421172954,0.683403562073115
98.0,78.4890426758939,91.04190695886197,60.988538681948434,75.2865329512894,76.60343270099366,82.05359831376092,71.48992890995264,77.69549763033176,78.4453781512605,88.52941176470588,73.20326422400983,82.92138952378998,60.26546982429335,71.87602313652735,62.32722597235614,79.64641594342655,63.41950646298473,77.10223266745007,62.99931717309663,81.76510754523729,62.20044242349761,81.4735160378518,62.24239237124569,78.37265906609862,67.72282829762776,80.6470242949443,0.6833088551536233,46.80851063829786,69.14893617021278,58.99122807017548,85.08771929824562,56.15942028985508,94.92753623188406,62.12121212121213,84.51178451178451,60.833333333333314,88.33333333333333,56.98274089057477,84.40186190909205,64.93506493506493,87.83943329397876,67.64705882352942,85.91800356506239,68.42105263157895,90.22556390977444,77.08333333333333,87.76041666666667,75.0,92.22689075630252,70.61730194470132,88.79406163835696,63.80002141763805,86.5979617737245,0.6764067908027209
99.0,73.62552864282969,92.8873510188389,73.63180515759313,81.79083094555875,69.37669376693766,77.02499247214695,65.33619668246446,74.57049763033176,68.36134453781511,81.00840336134453,70.06631375752801,81.45641508564418,58.565699006875484,76.51424206046056,59.87678131361833,76.81774349083895,58.49001175088133,76.3196239717979,63.89211334926597,81.18470467736428,63.70898365490968,81.70087255745361,60.90671781511016,78.50743735158305,65.48651578631909,79.98192621861361,0.6885507837714235,46.80851063829786,69.14893617021278,58.99122807017548,84.64912280701755,56.15942028985508,94.92753623188406,62.12121212121213,84.51178451178451,55.833333333333314,88.33333333333333,55.98274089057477,84.31414261084645,64.93506493506493,87.95749704840614,67.64705882352942,86.00713012477719,68.42105263157895,90.31954887218045,72.91666666666666,87.76041666666667,75.0,92.22689075630252,69.78396861136798,88.8542966936666,62.88335475097138,86.58421965225652,0.6747191553437265
100.0,79.52710495963093,90.46520569011919,71.27507163323783,79.55587392550143,67.75067750677506,76.60343270099366,62.114928909952624,69.17950236966824,70.48319327731092,74.70588235294117,70.23019525738147,78.10197940784474,57.68716577540107,72.36440030557677,62.98189221043607,78.83210114646951,63.58989424206817,77.35370152761459,61.96483441447593,80.2902014339365,63.75199705051001,83.6610544426693,61.995156738578245,78.50029177125333,66.11267599797986,78.30113558954903,0.7070581723832388,46.80851063829786,69.14893617021278,58.99122807017548,84.64912280701755,56.15942028985508,94.92753623188406,62.12121212121213,84.51178451178451,55.833333333333314,88.33333333333333,55.98274089057477,84.31414261084645,64.93506493506493,87.95749704840614,68.62745098039215,86.09625668449199,69.73684210526318,90.41353383458646,72.91666666666666,87.63020833333334,75.0,92.22689075630252,70.24320493747739,88.8648773314241,63.112972914026074,86.58950997113527,0.671764223791818
101.0,77.79700115340255,82.04536716647443,72.05587392550143,77.93696275071633,71.86088527551941,81.33092442035532,58.51599526066352,65.72867298578198,71.91176470588235,75.00000000000001,70.42830406419387,76.40838546466561,60.82887700534759,78.19764269344101,64.45194471231115,82.62937962070073,60.11750881316099,77.94359576968273,61.416865824513486,80.75110959371798,60.20646429888167,76.61300233501291,61.404332130842974,79.22694600251107,65.91631809751843,77.81766573358834,0.6964227406669696,46.80851063829786,69.14893617021278,58.99122807017548,84.64912280701755,56.15942028985508,94.92753623188406,59.09090909090908,84.17508417508418,60.833333333333314,88.33333333333333,56.37668028451416,84.24680254350638,64.93506493506493,88.31168831168831,68.62745098039215,86.09625668449199,69.73684210526318,90.41353383458646,75.0,87.63020833333334,75.0,92.22689075630252,70.65987160414406,88.93571558408053,63.518275944329105,86.59125906379344,0.6692330957286053
102.0,83.69857747020379,88.19684736639753,73.63180515759313,78.55300859598853,68.38301716350496,74.10418548629931,73.14869668246448,81.62026066350711,63.298319327731065,68.19327731092437,72.43208316029947,78.13351588462338,63.703208556149725,77.78293135435993,62.33151183970853,79.39569270331084,63.43125734430084,77.1539365452409,60.329463980880845,75.37043359508365,67.50645200934007,84.41686125107533,63.460378746076,78.82397108981414,67.94623095318774,78.47874348721876,0.6966997339733934,46.80851063829786,69.14893617021278,58.99122807017548,84.64912280701755,56.15942028985508,94.92753623188406,62.12121212121213,84.51178451178451,60.833333333333314,88.33333333333333,56.98274089057477,84.31414261084645,64.93506493506493,88.5478158205431,68.62745098039215,86.18538324420678,67.95112781954889,90.31954887218045,77.08333333333333,87.63020833333334,82.14285714285715,92.43697478991596,72.1479668422393,89.02398621203591,64.56535386640704,86.66906441144118,0.6624369424872201
103.0,77.6239907727797,87.46635909265667,78.05873925501434,82.85100286532952,66.9828364950316,76.7238783498946,65.23992890995262,69.44609004739337,73.38235294117646,76.68067226890757,72.25756967479094,78.63360052483634,62.375859434682965,75.79122558114155,57.26347369548911,75.70127504553734,63.7602820211516,78.00705052878966,62.990781836804366,81.87435984977807,64.93179304411947,83.88226619147106,62.264438006449495,79.05123543934354,67.26100384062022,78.84241798208994,0.6832439036543135,46.80851063829786,69.14893617021278,58.99122807017548,84.64912280701755,56.15942028985508,94.92753623188406,60.60606060606061,84.51178451178451,60.833333333333314,88.33333333333333,56.67971058754447,84.31414261084645,64.93506493506493,88.66587957497049,68.62745098039215,86.18538324420678,69.26691729323309,90.41353383458646,77.08333333333333,87.63020833333334,75.0,92.43697478991596,70.9825533084047,89.06639595540261,63.83113194797458,86.69026928312454,0.660877595859407
104.0,78.4890426758939,86.46674356016916,82.19914040114615,87.17765042979943,74.34507678410117,83.37850045167119,71.01599526066352,78.82109004739335,69.66386554621847,69.62184873949579,75.14262413360464,81.0931666457058,58.7375859434683,72.20615518934845,60.035358405657334,77.3213329047466,62.35017626321976,79.69682726204465,64.7234551041311,81.03448275862071,68.24382450534596,83.88841096227111,62.81808004436449,78.8294418154063,68.98035208898457,79.96130423055604,0.6729237703877039,46.80851063829786,69.14893617021278,58.99122807017548,84.64912280701755,56.15942028985508,94.92753623188406,60.60606060606061,84.51178451178451,60.833333333333314,88.33333333333333,56.67971058754447,84.31414261084645,64.93506493506493,88.66587957497049,68.62745098039215,86.27450980392157,69.26691729323309,90.50751879699249,77.08333333333333,87.63020833333334,82.14285714285715,92.43697478991596,72.41112473697613,89.10301825982677,64.5454176622603,86.70858043533661,0.6568005630160633
105.0,75.89388696655134,91.2725874663591,74.12607449856733,70.70200573065904,73.71273712737127,81.66214995483287,68.74259478672988,79.17654028436019,72.64705882352939,77.6890756302521,73.02447044054983,80.10047181329266,61.68831168831168,73.76132271090255,56.93239044251578,75.20411443265832,63.16686251468862,77.20329024676852,67.63229771252988,81.96312734721748,66.73528327393389,83.08344598746466,63.23102912639596,78.2430601450023,68.1277497834729,79.17176597914748,0.6767914361534754,45.74468085106382,69.14893617021278,58.11403508771934,82.89473684210526,56.15942028985508,93.47826086956522,59.09090909090908,82.82828282828282,75.83333333333331,88.33333333333333,58.98847573057613,83.33671000869988,65.5844155844156,88.78394332939787,67.64705882352942,86.36363636363637,71.05263157894738,90.6015037593985,72.91666666666666,88.02083333333334,75.0,92.22689075630252,70.44015453071181,89.19936150841372,64.71431513064397,86.2680357585568,0.6589030090388885
106.0,78.14302191464823,84.12149173394849,74.84240687679085,76.69054441260745,72.89972899728996,84.67329117735622,64.52902843601899,66.79502369668248,68.31932773109243,68.78151260504201,71.74670279116809,76.21237272512732,58.2505729564553,74.50889446687766,60.04071573984784,78.07778849244616,63.53701527614572,75.96709753231494,66.43905769887334,83.12051894844657,70.48052107656385,84.29396583507436,63.749576549577206,79.19365305503193,67.74813967037265,77.70301289007963,0.6809745097169894,46.80851063829786,69.14893617021278,58.99122807017548,84.21052631578948,56.15942028985508,94.20289855072464,59.09090909090908,84.17508417508418,65.83333333333331,88.33333333333333,57.37668028451416,84.01415570902887,64.93506493506493,88.90200708382527,68.62745098039215,86.27450980392157,72.36842105263159,90.6015037593985,77.08333333333333,88.02083333333334,82.14285714285715,92.43697478991596,73.03142548885583,89.24716575407894,65.20405288668499,86.6306607315539,0.6512854781700386
107.0,76.06689734717418,83.04498269896193,69.84240687679083,74.59885386819485,71.680216802168,76.72387834989462,64.76599526066352,70.51244075829383,71.13445378151259,81.26050420168067,70.69799401366183,77.22813197540518,62.08938120702826,78.46502237258541,60.528233151183954,78.61566484517304,63.05522914218569,76.18096357226793,66.94264254011608,82.93615568453396,66.83052722133465,82.43210028265946,63.889202652369725,79.72598135144396,67.29359833301578,78.47705666342458,0.6675453613835997,46.80851063829786,69.14893617021278,58.99122807017548,83.77192982456141,56.15942028985508,94.20289855072464,59.09090909090908,84.17508417508418,65.83333333333331,88.33333333333333,57.37668028451416,83.92643641078327,65.5844155844156,89.02007083825266,68.62745098039215,86.27450980392157,72.36842105263159,90.6015037593985,77.08333333333333,88.15104166666667,82.14285714285715,92.43697478991596,73.16129561872597,89.29682017163108,65.26898795162006,86.61162829120718,0.6488994609736196
108.0,88.21607074202231,94.38677431757017,80.90974212034385,86.96275071633238,68.20234869015356,72.05660945498343,70.30509478672988,74.12618483412324,69.09663865546219,77.43697478991596,75.34597899894234,80.99385882258504,64.16157372039723,77.48553967041362,61.51398264223721,75.49769634629808,63.595769682726235,79.38895417156286,64.03379993171731,81.12325025606009,69.02421039695218,81.40592355905125,64.46586727480603,78.98027280067718,69.90592313687418,79.98706581163111,0.6634381584066015,45.74468085106382,69.14893617021278,58.11403508771934,83.33333333333334,56.15942028985508,93.47826086956522,59.09090909090908,83.5016835016835,75.83333333333331,88.33333333333333,58.98847573057613,83.55910944162562,65.5844155844156,89.02007083825266,67.64705882352942,86.36363636363636,71.05263157894738,90.6015037593985,77.08333333333333,88.28125,75.0,92.43697478991596,71.27348786404515,89.3406871502407,65.13098179731064,86.44989829593317,0.6481312643896957
109.0,81.79546328335256,87.46635909265666,73.26647564469914,78.45272206303726,64.49864498644986,66.66666666666666,69.73489336492894,74.82227488151659,73.34033613445378,85.84033613445379,72.52716268277685,78.64967176766618,62.2994652406417,77.27545563680017,61.84292296153432,78.21922211507554,65.48178613396006,79.10928319623972,66.3417548651417,80.9047456469785,62.99004547130392,79.56863708983654,63.79119493451634,79.0154687369861,68.1591788086466,78.83257025232614,0.6672561804777757,46.80851063829786,69.14893617021278,58.99122807017548,84.21052631578948,56.15942028985508,94.92753623188406,59.09090909090908,84.51178451178451,65.83333333333331,88.33333333333333,57.37668028451416,84.22642331260083,64.93506493506493,89.02007083825266,68.62745098039215,86.27450980392157,72.36842105263159,90.50751879699249,79.16666666666666,88.28125,82.14285714285715,92.43697478991596,73.4480921555225,89.30406484581654,65.41238622001833,86.76524407920868,0.6412799803245193
110.0,83.35255670895812,90.58054594386773,73.12320916905445,78.6246418338109,74.57091237579041,81.09003312255345,60.596860189573476,64.49940758293839,68.92857142857143,79.5798319327731,72.11442197438957,78.87489208318871,59.63521772345302,71.79417221434028,63.97192756884172,78.2642237222758,64.62397179788488,76.51938895417156,64.28132468419257,82.83714578354386,65.1745114907214,81.14169841464913,63.53739065301871,78.11132581779613,67.82590631370414,78.49310895049243,0.6648870695217753,46.80851063829786,69.14893617021278,58.99122807017548,83.77192982456141,56.15942028985508,94.92753623188406,59.09090909090908,83.83838383838385,70.83333333333331,88.33333333333333,58.37668028451416,84.00402387967509,65.5844155844156,89.25619834710744,68.62745098039215,86.36363636363636,72.36842105263159,90.60150375939851,77.08333333333333,88.28125,82.14285714285715,92.64705882352942,73.16129561872597,89.42992945873434,65.76898795162006,86.71697666920471,0.6395370348739357
111.0,76.239907727797,82.08381391772394,76.33954154727795,80.73065902578797,72.3125564588979,71.8458295694068,69.87559241706163,75.51836492890996,67.54201680672269,77.98319327731092,72.46192299155143,77.63237214382792,65.4029793735676,78.81970970206265,62.496517732776155,76.59702132219007,64.51821386603996,78.7967097532315,64.87367702287472,83.26732673267327,68.87673589775103,84.83470566547867,65.2336247786019,80.46309463512723,68.84777388507666,79.04773338947757,0.6599416353750969,46.80851063829786,69.14893617021278,58.99122807017548,84.21052631578948,56.15942028985508,94.92753623188406,59.09090909090908,84.51178451178451,65.83333333333331,89.16666666666666,57.37668028451416,84.3930899792675,64.93506493506493,89.37426210153482,68.62745098039215,86.27450980392157,70.5827067669173,90.60150375939851,77.60416666666666,88.28125,84.24369747899159,92.64705882352942,73.19861736560652,89.43571689767687,65.28764882506034,86.91440343847219,0.6338928666062107
112.0,75.37485582468283,87.73548635140331,72.69340974212034,72.59312320916905,67.84101174345075,76.66365552544414,65.28436018957348,72.08234597156398,66.80672268907561,64.11764705882352,69.6000720377806,74.63845162328082,61.879297173414805,77.14722252537379,62.00150005357333,77.38562091503269,62.84958871915396,78.67685076380728,66.39467395015363,78.8596790713554,66.10237188152882,83.70406783826964,63.845486355564915,79.15468822276776,66.72277919667276,76.89656992302429,0.6782965747827885,46.80851063829786,69.14893617021278,58.99122807017548,84.21052631578948,56.15942028985508,94.20289855072464,59.09090909090908,84.51178451178451,70.83333333333331,88.33333333333333,58.37668028451416,84.08149577636894,65.5844155844156,89.49232585596222,68.62745098039215,86.36363636363636,70.5827067669173,90.60150375939851,77.60416666666666,88.28125,84.24369747899159,92.64705882352942,73.32848749547665,89.4771549605053,65.8525838899954,86.77932536843713,0.6298242515304581
113.0,82.8335255670896,88.08150711264898,70.47994269340975,80.32951289398281,68.20234869015356,79.28334838903945,70.91972748815168,70.23104265402844,71.0924369747899,78.31932773109244,72.7055962827189,79.24894775615842,59.491978609625676,71.79144385026738,62.49008893174754,78.94781956498447,63.54289071680378,78.55229142185665,68.71969955616251,82.77569136223968,69.61410839375692,84.84085043627874,64.77175324161928,79.38161932712538,68.7386747621691,79.31528354164189,0.6477650545135564,45.74468085106382,69.14893617021278,58.99122807017548,83.77192982456141,56.15942028985508,94.20289855072464,59.09090909090908,83.83838383838385,75.83333333333331,88.33333333333333,59.16391432706736,83.8590963434432,64.93506493506493,89.61038961038962,67.64705882352942,86.27450980392157,72.36842105263159,90.6015037593985,77.60416666666666,88.28125,84.24369747899159,92.64705882352942,73.35968179137684,89.48294239944782,66.2617980592221,86.67101937144551,0.6288896064121788
114.0,75.54786620530567,84.77508650519032,76.83381088825216,85.88825214899714,68.20234869015356,76.30231857874135,73.80776066350714,76.95497630331754,63.90756302521006,66.38655462184875,71.6598698944857,78.06143763161901,62.54774637127578,76.47877332751283,62.33472624022285,77.77992071145398,63.7602820211516,79.3090481786134,67.13724820757938,84.53738477296004,65.76440948752612,80.87132849944697,64.30888246555114,79.79529109799743,67.98437618001842,78.92836436480823,0.6562471935767079,45.74468085106382,69.14893617021278,58.99122807017548,83.77192982456141,56.15942028985508,94.20289855072464,59.09090909090908,84.17508417508418,75.83333333333331,88.33333333333333,59.16391432706736,83.92643641078327,64.93506493506493,89.728453364817,67.64705882352942,86.45276292335116,72.36842105263159,90.6015037593985,77.60416666666666,88.28125,84.24369747899159,92.64705882352942,73.35968179137684,89.54220577421923,66.2617980592221,86.73432109250125,0.6254234791195004
115.0,88.04306036139947,94.8865820838139,79.90687679083096,87.17765042979943,72.53839205058715,74.70641373080397,65.5657582938389,67.10604265402843,74.7689075630252,85.67226890756304,76.16459901193633,81.90979156120176,59.17685255920551,72.97828222197971,64.62337940640735,77.41990785385192,65.37602820211517,80.45123384253819,66.29737111642198,80.3379993171731,71.40838146737127,87.70431362910162,65.37640255030425,79.77834737292889,70.77050078112029,80.84406946706532,0.6360772505602346,45.74468085106382,69.14893617021278,58.11403508771934,83.77192982456141,56.15942028985508,93.47826086956522,59.09090909090908,84.17508417508418,75.83333333333331,88.33333333333333,58.98847573057613,83.78150887455139,64.93506493506493,89.728453364817,68.62745098039217,86.63101604278074,72.36842105263159,90.69548872180451,77.60416666666666,88.41145833333334,87.81512605042016,92.64705882352942,74.27004593703509,89.62269505725301,66.6292608338056,86.7021019659022,0.6218007719130104
116.0,82.31449442522107,88.54286812764322,73.76074498567337,80.05730659025788,69.46702800361335,73.9235170129479,62.58145734597158,70.03850710900474,68.9705882352941,71.84873949579833,71.41886259915468,76.88218766713041,63.903743315508024,77.4664411219033,65.27375977713487,79.24783027965285,65.59929494712105,78.23501762632196,71.42540116080573,82.39672243086376,66.77829666953423,80.98193437384784,66.5960991740208,79.66558916651795,69.00748088658773,78.27388841682418,0.6631132526213929,46.80851063829786,69.14893617021278,58.99122807017548,83.77192982456141,56.15942028985508,94.20289855072464,59.09090909090908,84.84848484848484,75.83333333333331,89.16666666666666,59.37668028451416,84.22778321213006,64.93506493506493,89.728453364817,67.64705882352942,86.63101604278074,70.5827067669173,90.69548872180451,77.60416666666666,88.41145833333334,84.24369747899159,92.64705882352942,73.00253893423397,89.62269505725301,66.18960960937406,86.92523913469154,0.6180381351815153
117.0,74.68281430219147,87.46635909265667,73.47421203438397,81.64756446991403,67.7958446251129,79.04245709123757,69.97186018957348,72.17120853080569,64.60084033613443,72.39495798319328,70.10511429747925,78.54450943356144,62.04163483575248,75.51293244570556,64.13800492874742,77.76492017572058,70.6404230317274,83.2385428907168,72.94639808808469,83.71457835438717,70.87071402236698,82.54270615706034,68.1274349813358,80.5547360047181,69.11627463940752,79.54962271913976,0.6426504027655546,45.74468085106382,69.14893617021278,58.11403508771934,83.33333333333334,56.15942028985508,93.47826086956522,59.09090909090908,84.17508417508418,75.83333333333331,88.33333333333333,58.98847573057613,83.69378957630576,65.5844155844156,89.728453364817,68.62745098039217,86.54188948306594,70.5827067669173,90.69548872180451,77.60416666666666,88.41145833333334,87.81512605042016,92.85714285714286,74.04277320976239,89.64688655203274,66.51562447016926,86.67033806416924,0.6145750607784957
118.0,78.68127643214149,92.84890426758938,68.18767908309457,75.65902578796562,76.01626016260161,82.50526949713941,62.537026066350734,68.02428909952606,74.72689075630251,84.03361344537815,72.02982650009818,80.61422041951973,64.28571428571429,78.21674124195134,66.25950926818814,81.12504018000641,65.05875440658052,78.20916568742655,67.77398429498123,81.37248207579378,65.76440948752612,78.59776330342879,65.82847434859806,79.50423849772137,68.92915042434812,80.05922945862055,0.6400046577429523,45.74468085106382,69.14893617021278,58.11403508771934,83.33333333333334,56.15942028985508,93.47826086956522,59.09090909090908,84.84848484848484,75.83333333333331,89.16666666666666,58.98847573057613,83.99513637765256,65.5844155844156,89.8465171192444,68.62745098039217,86.54188948306594,70.5827067669173,90.69548872180451,77.60416666666666,88.41145833333334,87.81512605042016,92.85714285714286,74.04277320976239,89.67049930291822,66.51562447016926,86.83281784028539,0.6088321236204522
119.0,74.68281430219147,80.54594386774318,74.47707736389685,81.70487106017193,73.57723577235771,75.06775067750678,75.31842417061615,79.23578199052133,63.00420168067223,70.46218487394957,72.21195065794689,77.40330649397856,63.512223071046606,76.48695841973152,61.84613736204862,77.81206471659702,65.44653349001177,80.83666274970624,67.96005462615227,80.4131102765449,66.34509032813078,80.01720535824013,65.022007775478,79.11320030416395,68.61697921671245,78.25825339907126,0.6540687199071996,45.74468085106382,69.14893617021278,58.99122807017548,83.77192982456141,56.15942028985508,94.20289855072464,59.09090909090908,84.51178451178451,75.83333333333331,89.16666666666666,59.16391432706736,84.16044314479,64.93506493506493,89.8465171192444,69.6078431372549,86.54188948306594,70.5827067669173,90.6015037593985,77.60416666666666,88.41145833333334,84.24369747899159,92.64705882352942,73.39469579697908,89.6096855037143,66.27930506202321,86.88506432425214,0.6054390764807498
120.0,76.58592848904269,77.77777777777779,74.04727793696276,80.98853868194841,71.4995483288166,81.09003312255344,65.80272511848344,66.67654028436019,66.63865546218484,73.8655462184874,70.91482706709806,76.07968721702545,62.251718869365924,75.80759576557897,66.58952105432336,81.38004928747455,67.7732079905993,80.35957696827262,66.68658245134858,82.72106520996927,68.24382450534596,83.86383187907091,66.30897097419663,80.82642382207327,68.61189902064734,78.45305551954937,0.6470268903596138,45.74468085106382,69.14893617021278,58.11403508771934,82.89473684210526,56.15942028985508,93.47826086956522,59.09090909090908,84.84848484848484,75.83333333333331,89.16666666666666,58.98847573057613,83.90741707940694,65.5844155844156,89.8465171192444,69.6078431372549,86.54188948306594,70.5827067669173,90.6015037593985,77.60416666666666,88.41145833333334,87.81512605042016,92.85714285714286,74.23885164113491,89.651702310437,66.61366368585553,86.77955969492197,0.6069968936868158
121.0,74.85582468281432,83.27566320645904,72.83667621776505,79.39828080229226,72.13188798554651,77.41644083107498,65.23252369668249,68.40936018957346,68.23529411764706,77.77310924369746,70.65844134009109,77.25457085461944,62.40450725744843,76.2932445705555,64.78195649844635,77.72849030322512,67.22091656874267,82.38542890716805,69.931717309662,82.4820757937863,66.39732087993119,82.50583753226005,66.14728370284612,80.27901542139901,68.4028625214686,78.76679313800923,0.6446391910431665,45.74468085106382,69.14893617021278,58.11403508771934,82.89473684210526,56.15942028985508,93.47826086956522,59.09090909090908,84.84848484848484,75.83333333333331,88.33333333333333,58.98847573057613,83.74075041274028,65.5844155844156,89.8465171192444,69.6078431372549,86.54188948306594,70.5827067669173,90.6015037593985,77.60416666666666,88.41145833333334,87.81512605042016,92.85714285714286,74.23885164113491,89.651702310437,66.61366368585553,86.69622636158864,0.6037941029080712
122.0,82.31449442522108,91.69550173010381,71.40401146131806,76.6618911174785,72.53839205058716,76.93465823547125,64.71415876777253,65.78791469194313,68.84453781512605,73.44537815126051,71.96311890400497,76.90506878525144,61.45912910618792,72.22252537378588,65.11411121825776,79.83499410693238,64.03642773207993,77.77203290246769,69.65687948105156,82.07237965175828,64.55081725451642,80.68084060464544,64.9634729584187,78.51655452791793,68.46329593121183,77.7108116565847,0.6573023253282326,45.74468085106382,69.14893617021278,58.11403508771934,82.89473684210526,56.15942028985508,93.47826086956522,59.09090909090908,84.84848484848484,75.83333333333331,89.16666666666666,58.98847573057613,83.90741707940694,65.5844155844156,89.8465171192444,69.6078431372549,86.54188948306594,70.5827067669173,90.6015037593985,77.60416666666666,88.41145833333334,87.81512605042016,92.85714285714286,74.23885164113491,89.651702310437,66.61366368585553,86.77955969492197,0.6036816676319035
123.0,81.44944252210689,86.62053056516723,74.04727793696276,77.62177650429798,71.49954832881662,76.15176151761518,70.72719194312799,70.89751184834124,74.68487394957982,79.87394957983194,74.48166693611881,78.23310600305072,65.96638655462183,75.28374986358179,67.07596699882137,81.79149255330549,64.7826086956522,78.93066980023502,66.79242062137249,84.30180949129395,72.4744992011798,85.27712916308222,67.41837641432953,81.1169701742997,70.95002167522418,79.67503808867521,0.6411025815724862,45.74468085106382,69.14893617021278,58.11403508771934,82.45614035087719,56.15942028985508,93.47826086956522,59.09090909090908,84.84848484848484,75.83333333333331,89.16666666666666,58.98847573057613,83.81969778116134,65.5844155844156,89.8465171192444,69.6078431372549,86.54188948306594,70.5827067669173,90.6015037593985,77.60416666666666,88.41145833333334,87.81512605042016,92.85714285714286,74.23885164113491,89.651702310437,66.61366368585553,86.73570004579918,0.5991092745198686
124.0,86.65897731641678,94.38677431757017,82.69340974212037,88.40974212034384,78.2746160794941,84.31195423065343,68.31309241706164,77.29561611374407,71.78571428571429,77.18487394957984,77.54516196816142,84.31779214637827,63.89419404125286,78.35043108152352,68.54709096753454,81.9757848494589,68.58989424206817,80.50763807285546,68.71116421987027,83.41413451689996,67.03023227233625,82.4382450534595,67.35451514861242,81.33724671483947,72.44983855838692,82.82751943060887,0.6132838591859648,45.74468085106382,69.14893617021278,58.99122807017548,83.77192982456141,56.15942028985508,93.47826086956522,59.09090909090908,84.51178451178451,80.83333333333333,89.16666666666666,60.16391432706736,84.01551560855812,65.5844155844156,89.96458087367178,69.6078431372549,86.54188948306594,70.5827067669173,90.6015037593985,77.60416666666666,88.54166666666667,87.81512605042016,92.85714285714286,74.23885164113491,89.70135672798915,67.20138298410114,86.85843616827364,0.5943696668040989
125.0,76.41291810841986,86.23606305267204,68.47421203438397,75.2865329512894,66.57633242999096,72.50828063836194,68.21682464454979,73.28199052132702,68.19327731092437,71.47058823529412,69.57471290565378,75.75669107978891,62.948815889992346,74.97544472334388,67.23882995821276,80.12857602057217,67.77320799059933,81.03407755581668,68.41072038238308,82.74837828610447,73.68809143418952,87.12056040309697,68.01193313107541,81.20140739778684,68.79332301836459,78.47904923878787,0.6453245513202122,45.74468085106382,69.14893617021278,58.11403508771934,81.57894736842105,56.15942028985508,92.7536231884058,70.20202020202021,84.51178451178451,75.83333333333331,88.33333333333333,61.210697952798355,83.26532491443149,65.5844155844156,89.96458087367178,69.6078431372549,86.54188948306594,73.6842105263158,90.6015037593985,79.6875,88.671875,87.81512605042016,92.85714285714286,75.2758190596813,89.72739839465582,68.24325850623983,86.49636165454365,0.5976106695102924
126.0,74.3367935409458,78.70049980776623,72.32808022922636,82.70773638968481,73.7579042457091,82.17404396266184,71.57879146919434,72.86729857819904,67.41596638655462,73.94957983193278,71.88350717432604,78.07983171404895,65.65126050420167,78.10760667903526,65.10982535090537,81.12504018000644,65.27614571092833,76.41128084606346,68.76408330488222,83.47217480368727,76.37642865921102,86.15583138748924,68.23554870602571,81.05438677925633,70.05952794017588,79.56710924665265,0.6313148615618676,45.74468085106382,69.14893617021278,58.11403508771934,82.01754385964912,56.15942028985508,93.47826086956522,64.64646464646465,85.18518518518519,75.83333333333331,88.33333333333333,60.09958684168724,83.63265188358913,65.5844155844156,89.96458087367178,69.6078431372549,86.45276292335116,71.8984962406015,90.6015037593985,79.6875,88.671875,87.81512605042016,92.85714285714286,74.91867620253842,89.70957308271286,67.50913152211282,86.671112483151,0.5924374112035414
127.0,79.89234909650136,82.66051518646674,70.19340974212035,77.96561604584528,72.3125564588979,76.57332128876845,69.44609004739338,77.23637440758294,74.64285714285714,78.82352941176471,73.29745249755403,78.65187126808561,58.2505729564553,73.47484448324785,69.04639451408977,80.93217614914818,67.60869565217394,80.5945945945946,71.67292591328099,84.81734380334585,74.2349760353939,87.47695710949982,68.16271301427878,81.45918322796726,70.73008275591641,80.05552724802644,0.6335911774438597,45.74468085106382,69.14893617021278,58.11403508771934,82.01754385964912,56.15942028985508,93.47826086956522,68.68686868686868,84.84848484848484,75.83333333333331,88.33333333333333,60.907667649768044,83.56531181624906,65.5844155844156,89.96458087367178,69.6078431372549,86.45276292335116,71.8984962406015,90.6015037593985,79.6875,88.671875,87.81512605042016,92.85714285714286,74.91867620253842,89.70957308271286,67.91317192615324,86.63744244948097,0.5881942253380528
128.0,82.14148404459824,88.6966551326413,78.18767908309457,83.82521489971346,71.49954832881662,77.08521529659741,67.36522511848342,67.9798578199052,63.13025210084031,72.22689075630252,72.46483773516664,77.96276678103197,62.44270435446906,77.26181381643568,63.151183970856096,77.42419372120433,66.52761457109284,79.45710928319623,70.3379993171731,83.77261864117446,74.0352709843923,86.20498955388965,67.29895463959669,80.82414500318006,69.88189618738167,79.39345589210602,0.6376118601250114,45.74468085106382,69.14893617021278,58.11403508771934,82.45614035087719,56.15942028985508,93.47826086956522,64.64646464646465,85.18518518518519,80.83333333333333,89.16666666666666,61.09958684168724,83.88703784850141,65.5844155844156,90.08264462809917,69.6078431372549,86.54188948306594,71.8984962406015,90.6015037593985,79.6875,88.671875,87.81512605042016,92.85714285714286,74.91867620253842,89.7510111455413,68.00913152211282,86.81902449702136,0.586450644428811
129.0,75.20184544405998,88.31218762014609,67.75787965616047,72.17765042979943,67.6151761517615,73.59229147847034,70.39395734597159,74.40758293838863,63.088235294117624,72.43697478991596,68.81141877841422,76.18533745134408,66.67303284950343,79.51271417657972,64.79267116682735,78.1163612986178,66.42185663924796,79.66627497062278,73.53875042676682,86.67121884602254,70.43750768096352,84.28782106427431,68.37276375266183,81.65087807122343,68.59209126553802,78.91810776128375,0.6349619182325622,45.74468085106382,69.14893617021278,58.11403508771934,81.57894736842105,56.15942028985508,92.7536231884058,74.24242424242425,85.52188552188554,75.83333333333331,88.33333333333333,62.01877876087916,83.4673451164517,65.5844155844156,90.20070838252656,69.6078431372549,86.45276292335116,73.6842105263158,90.6015037593985,79.6875,88.93229166666667,87.81512605042016,92.85714285714286,75.2758190596813,89.80888191781715,68.64729891028023,86.63811351713443,0.587824621231073
130.0,70.33833141099578,87.46635909265667,72.26361031518626,83.02292263610315,72.583559168925,79.34357121348992,67.8835900473934,74.95556872037915,68.88655462184873,78.94957983193278,70.39112911286983,80.74760029891233,62.2994652406417,76.1540980028375,63.80370727525981,79.32069002464375,68.31374853113986,81.2126909518214,68.21611471491977,82.20553089791738,73.2118716971857,85.31399778788251,67.16898149182938,80.8414015330205,68.78005530234961,80.79450091596641,0.6241880067934431,45.74468085106382,69.14893617021278,58.11403508771934,82.45614035087719,56.15942028985508,93.47826086956522,75.75757575757575,85.52188552188554,80.83333333333333,89.16666666666666,63.32180906390946,83.95437791584148,65.5844155844156,90.31877213695395,69.6078431372549,86.45276292335116,71.8984962406015,90.6015037593985,79.6875,88.93229166666667,87.81512605042016,93.0672268907563,74.91867620253842,89.87451147542531,69.12024263322394,86.91444469563339,0.5810351964692569
131.0,80.41138023836987,89.96539792387543,80.83094555873926,80.22922636103151,62.05962059620597,71.96627521830774,70.63092417061615,79.50236966824644,71.82773109243698,78.4873949579832,73.15212033127365,80.03013282588887,65.2979373567609,77.81840008730767,64.29872495446264,79.18997107039537,69.30082256169216,81.96004700352526,73.93649709798565,86.04984636394674,75.15361927000124,85.27098439228217,69.59752024818052,82.05784978349143,71.37482028972708,81.04399130469015,0.6171210280152417,45.74468085106382,69.14893617021278,58.11403508771934,81.57894736842105,56.15942028985508,92.7536231884058,70.20202020202021,85.18518518518519,80.83333333333333,88.33333333333333,62.210697952798355,83.40000504911163,65.5844155844156,90.31877213695395,69.6078431372549,86.54188948306594,73.6842105263158,90.6015037593985,79.6875,88.93229166666667,87.81512605042016,93.27731092436974,75.2758190596813,89.93435359409095,68.74325850623983,86.66717932160128,0.5832340855644751
132.0,74.3367935409458,86.38985005767013,80.25787965616047,82.16332378223497,68.60885275519419,73.4718458295694,65.98785545023699,75.11848341232228,67.4579831932773,78.65546218487395,71.32987291916295,79.15979305333414,62.12757830404888,76.92349667139582,66.26165220186434,82.62295081967214,67.54994124559343,80.48648648648648,67.53499487879823,82.38306589279618,70.2378026299619,82.45053459505961,66.74239385205335,80.97330689308204,69.03613338560815,80.06654997320808,0.6294980364863594,45.74468085106382,69.14893617021278,58.11403508771934,81.57894736842105,56.15942028985508,92.7536231884058,74.24242424242425,85.52188552188554,75.83333333333331,88.33333333333333,62.01877876087916,83.4673451164517,65.5844155844156,90.31877213695395,69.6078431372549,86.54188948306594,73.6842105263158,90.6015037593985,79.6875,88.93229166666667,87.81512605042016,93.0672268907563,75.2758190596813,89.89233678736828,68.64729891028023,86.67984095191,0.5837687527887164
133.0,80.41138023836987,91.84928873510188,66.83381088825216,76.03151862464182,74.97741644083106,76.2722071665161,66.41735781990523,71.28258293838863,73.90756302521008,78.23529411764706,72.50950568251369,78.7341783164591,65.25019098548509,77.91934955800502,65.76342012214718,82.20507875281258,70.2115158636898,81.77203290246769,69.25059747354045,83.20587231136905,70.29003318176234,82.4382450534595,68.15315152532497,81.50811571562276,70.33132860391933,80.12114701604094,0.6267008250619255,45.74468085106382,69.14893617021278,58.11403508771934,81.57894736842105,56.15942028985508,92.7536231884058,72.72727272727272,85.52188552188554,75.83333333333331,88.33333333333333,61.715748457848846,83.4673451164517,65.5844155844156,90.31877213695395,69.6078431372549,86.45276292335116,73.6842105263158,90.6015037593985,79.6875,88.93229166666667,87.81512605042016,93.0672268907563,75.2758190596813,89.87451147542531,68.49578375876507,86.6709282959385,0.582562879828822
134.0,79.5463283352557,87.5432525951557,80.68767908309457,79.77077363896848,75.83559168925021,80.4275820535983,69.06842417061614,79.72452606635072,63.86554621848738,74.20168067226889,73.80071389934079,80.33356300526842,60.16042780748663,76.85255920550037,66.09236044144431,80.09428908175292,72.43830787309051,81.64982373678026,73.59166951177876,85.62307954933425,78.5608946786285,87.77805087870223,70.16873206248574,82.39956049041402,71.98472298091326,81.36656174784122,0.6114392364721631,45.74468085106382,69.14893617021278,58.11403508771934,82.01754385964912,56.15942028985508,93.47826086956522,70.20202020202021,85.85858585858585,80.83333333333333,88.33333333333333,62.210697952798355,83.76733201826926,65.5844155844156,90.31877213695395,69.6078431372549,86.54188948306594,73.6842105263158,90.6015037593985,79.6875,88.93229166666667,87.81512605042016,93.0672268907563,75.2758190596813,89.89233678736828,68.74325850623983,86.82983440281876,0.578411034941137
135.0,85.7939254133026,86.58208381391772,75.40114613180518,83.91117478510029,73.5772357723577,72.53839205058716,66.75059241706163,74.61492890995261,76.11344537815127,83.0672268907563,75.52726902253568,80.14276129006282,64.87776928953399,77.53465022372585,64.13264759455693,76.44058716382729,68.73678025851942,83.3325499412456,69.48958688972345,82.54353021509047,70.48052107656385,81.6517143910532,67.54346102177952,80.30060638698848,71.5353650221576,80.22168383852565,0.6301002281520859,45.74468085106382,69.14893617021278,58.11403508771934,81.57894736842107,56.15942028985508,92.7536231884058,68.68686868686868,85.52188552188554,80.83333333333333,88.33333333333333,61.90766764976805,83.4673451164517,65.5844155844156,90.31877213695395,69.6078431372549,86.54188948306594,73.6842105263158,90.6015037593985,79.6875,88.93229166666667,87.81512605042016,93.0672268907563,75.2758190596813,89.89233678736828,68.59174335472467,86.67984095191,0.5768806883527012
136.0,79.5463283352557,85.92848904267589,75.11461318051576,77.92263610315186,77.05510388437214,80.27702499247214,64.75859004739338,72.86729857819905,68.92857142857143,75.25210084033614,73.08064137522169,78.44950991136702,63.40718105423987,77.23725853977955,65.60377156327009,80.03642987249545,68.74265569917746,81.96004700352528,68.61386138613862,83.73506316148855,77.00934005161608,87.67973454590144,68.67536195088842,82.12970662463805,70.87800166305504,80.28960826800252,0.6259555630885468,45.74468085106382,69.14893617021278,58.11403508771934,81.57894736842107,56.15942028985508,92.7536231884058,74.24242424242425,85.52188552188554,80.83333333333333,88.33333333333333,63.01877876087916,83.4673451164517,66.23376623376623,90.31877213695395,69.6078431372549,86.54188948306594,73.6842105263158,90.6015037593985,79.6875,88.93229166666667,87.81512605042016,93.0672268907563,75.40568918955141,89.89233678736828,69.21223397521528,86.67984095191,0.5753053874949169
137.0,85.27489427143409,86.04382929642445,77.83667621776506,87.04871060171921,74.79674796747966,81.90304125263475,71.62322274881518,76.19964454976302,72.43697478991596,78.23529411764706,76.393703199082,81.8861039636377,63.42627960275019,76.39419404125286,69.36569163184396,81.68220293581913,66.86251468860165,78.5710928319624,72.26527825196314,85.6452714236941,72.7264348039818,82.7762074474622,68.92923979582815,81.01379373603814,72.66147149745507,81.44994884983791,0.6049176282375542,45.74468085106382,69.14893617021278,58.11403508771934,82.45614035087719,56.15942028985508,93.47826086956522,75.75757575757575,85.85858585858585,80.83333333333333,89.16666666666666,63.32180906390946,84.02171798318155,65.5844155844156,90.31877213695395,69.6078431372549,86.54188948306594,73.6842105263158,90.6015037593985,79.6875,88.93229166666667,87.81512605042016,93.0672268907563,75.2758190596813,89.89233678736828,69.29881406179538,86.95702738527491,0.5738133247415346
138.0,80.93041138023838,86.54363706266818,75.25787965616047,85.84527220630372,78.68112014453476,82.08370972598614,60.78199052132703,68.69075829383885,69.57983193277312,74.2016806722689,73.04624672700675,79.47301159221317,63.703208556149725,75.05456728145803,64.13050466088073,79.98071359691417,66.79788484136311,80.31727379553467,72.37111642198703,84.75588938204164,71.50362541477205,85.19724714268158,67.70126797903053,81.06113823972602,70.37375735301865,80.2670749159696,0.6283937825298569,45.74468085106382,69.14893617021278,58.11403508771934,81.57894736842107,56.15942028985508,92.7536231884058,70.20202020202021,85.52188552188554,80.83333333333333,88.33333333333333,62.210697952798355,83.4673451164517,64.93506493506493,90.43683589138134,69.6078431372549,86.63101604278074,73.6842105263158,90.6015037593985,79.6875,88.93229166666667,87.81512605042016,93.0672268907563,75.14594892981115,89.93377485019671,68.67832344130476,86.70055998332421,0.5776432970046536
139.0,73.47174163783163,85.7362552864283,71.11747851002866,81.33237822349571,69.0605239385727,76.84432399879555,69.63862559241709,72.21563981042652,70.96638655462185,76.47058823529412,70.8509512466944,78.51983711088803,65.35523300229183,74.66168285496016,65.9273545483767,81.44219436408443,68.8542890716804,82.42538190364279,69.40081939228406,81.28371457835439,71.30392036377043,87.00380975789604,68.16832327568068,81.36335669178756,69.50963726118754,79.94159690133779,0.6207521389000775,45.74468085106382,69.14893617021278,58.11403508771934,81.57894736842107,56.15942028985508,93.47826086956522,75.75757575757575,85.85858585858585,80.83333333333333,88.33333333333333,63.32180906390946,83.67961272002364,65.5844155844156,90.43683589138134,69.6078431372549,86.63101604278074,73.6842105263158,90.6015037593985,79.6875,89.0625,87.81512605042016,93.0672268907563,75.2758190596813,89.95981651686338,69.29881406179538,86.81971461844351,0.573214389975279
140.0,80.93041138023838,85.27489427143406,77.61461318051576,82.56446991404012,77.05510388437216,84.10117434507679,74.56309241706163,76.65876777251185,68.84453781512605,70.88235294117648,75.8015517354628,79.89633184884785,63.49312452253629,77.10356870020736,66.58844958748524,81.37147755276975,70.81668625146888,81.94594594594595,71.62854216456128,86.50051212017753,72.82167875138258,86.15583138748924,69.06969625548686,82.61546714131796,72.43562399547483,81.2558994950829,0.6063115946417276,45.74468085106382,69.14893617021278,58.11403508771934,81.57894736842107,56.15942028985508,92.7536231884058,74.24242424242425,85.85858585858585,80.83333333333333,88.33333333333333,63.01877876087916,83.53468518379177,65.5844155844156,90.55489964580873,69.6078431372549,86.72014260249554,73.6842105263158,90.6015037593985,79.6875,89.19270833333334,87.81512605042016,93.0672268907563,75.2758190596813,90.02729624635847,69.14729891028023,86.78099071507512,0.572459154240523
141.0,73.47174163783163,87.15878508266051,74.62034383954156,80.20057306590257,71.49954832881662,77.53688647997589,67.1282582938389,76.98459715639811,70.31512605042018,80.37815126050421,71.40700363008978,80.45179860908827,65.2692895339954,80.09385572410783,68.71209686060214,82.09364620165005,67.37955346651,82.3219741480611,68.86138613861387,84.35643564356435,70.19478923436155,82.91139240506328,68.08342304681659,82.35546082448931,69.74521333845318,81.4036297167888,0.6077907965690533,45.74468085106382,69.14893617021278,58.11403508771934,82.01754385964912,56.15942028985508,92.7536231884058,74.24242424242425,85.52188552188554,80.83333333333333,88.33333333333333,63.01877876087916,83.5550644146973,65.5844155844156,90.55489964580873,69.6078431372549,86.72014260249554,73.6842105263158,90.50751879699249,81.25,89.19270833333334,87.81512605042016,93.0672268907563,75.5883190596813,90.00849925387726,69.30354891028023,86.78178183428727,0.5728208617295153
142.0,86.13994617454826,86.19761630142251,69.62034383954155,77.27793696275072,71.31887985546521,77.65733212887685,71.95645734597159,77.59182464454977,78.19327731092437,83.1512605042017,75.44578090529019,80.3751941083603,64.70588235294117,75.16643020844703,66.09450337512052,78.07993142612236,68.15511163337253,79.56756756756758,73.19392284055994,86.65073403892114,78.41342017942732,87.33562738109869,70.1125680762843,81.36005812443136,72.77917449078726,80.86762611639583,0.602216821660255,45.74468085106382,69.14893617021278,58.11403508771934,82.45614035087719,56.15942028985508,93.47826086956522,75.75757575757575,85.52188552188554,80.83333333333333,89.16666666666666,63.32180906390946,83.95437791584148,65.5844155844156,90.55489964580873,69.6078431372549,86.72014260249554,73.6842105263158,90.6015037593985,79.6875,89.0625,91.38655462184873,93.0672268907563,75.990104773967,90.00125457969182,69.65595691893823,86.97781624776664,0.5692886697112803
143.0,84.40984236831989,91.42637447135718,84.62034383954156,89.25501432664757,72.53839205058716,75.60975609756098,72.28969194312799,74.88151658767772,67.37394957983192,75.0,76.2464439562817,81.23453229664868,64.98281130634072,78.79242606133363,68.05743062252222,80.85074466945248,69.39482961222093,80.50293772032902,70.5326049846364,84.44520314100376,69.50964729015608,82.9236819466634,68.49546476317526,81.50299870775646,72.37095435972847,81.36876550220256,0.6106966092472806,45.74468085106382,69.14893617021278,58.11403508771934,82.01754385964912,56.15942028985508,92.7536231884058,74.24242424242425,85.85858585858585,80.83333333333333,88.33333333333333,63.01877876087916,83.62240448203737,65.5844155844156,90.55489964580873,69.6078431372549,86.72014260249554,73.6842105263158,90.50751879699249,79.6875,89.32291666666667,87.81512605042016,93.0672268907563,75.2758190596813,90.03454092054395,69.14729891028023,86.82847270129065,0.5684554095355477
144.0,79.71933871587854,88.00461361014995,82.55014326647564,89.0974212034384,66.8021680216802,79.94579945799458,71.8157582938389,76.08116113744076,63.172268907563,68.15126050420169,72.81193544108726,80.25605118264507,61.49732620320856,76.8825712103023,64.62230793956924,79.85856637737062,67.07403055229143,79.51351351351352,70.5940594059406,85.17924206213723,71.50362541477203,79.96190242103968,67.05826990315637,80.27915911687266,69.93510267212181,80.26760514975886,0.6264758969283811,45.74468085106382,69.14893617021278,58.11403508771934,82.01754385964912,56.15942028985508,92.7536231884058,74.24242424242425,85.85858585858585,80.83333333333333,88.33333333333333,63.01877876087916,83.62240448203737,65.5844155844156,90.55489964580873,69.6078431372549,86.89839572192513,73.6842105263158,90.6015037593985,79.6875,89.453125,87.81512605042016,93.0672268907563,75.2758190596813,90.11503020357773,69.14729891028023,86.86871734280754,0.5674797049589763
145.0,85.79392541330259,88.35063437139561,76.83381088825215,83.33810888252148,73.7579042457091,79.85546522131888,72.52665876777255,78.24348341232226,74.64285714285715,80.0420168067227,76.71103129157872,81.96594173885619,63.72230710466005,77.93299137836954,65.60270009643199,78.70995392692596,69.6650998824912,82.9635722679201,71.2222601570502,83.76920450665756,69.85682684035886,85.0497726434804,68.01383881619846,81.6850989446707,72.36243505388859,81.82552034176345,0.6095584779674049,45.74468085106382,69.14893617021278,58.11403508771934,82.4561403508772,56.15942028985508,92.7536231884058,78.28282828282828,85.52188552188554,80.83333333333333,88.33333333333333,63.82685956895997,83.64278371294293,65.5844155844156,90.55489964580873,69.6078431372549,86.89839572192514,75.00000000000001,90.6015037593985,81.25,89.453125,87.81512605042016,93.0672268907563,75.85147695441813,90.11503020357773,69.83916826168905,86.87890695826033,0.5671726854537478
146.0,72.08765859284892,82.27604767397155,76.40401146131806,84.77077363896848,78.0939476061427,84.13128575730202,69.44609004739338,74.58530805687205,71.05042016806722,75.3781512605042,73.41642557515407,80.22831327752365,62.65278838808251,75.45018007202881,67.5666988106718,79.48783885138755,69.39482961222093,82.50763807285547,70.1877773984295,84.43837487196994,74.76342632419811,86.35860882389088,68.91310410672057,81.64852813842654,71.16476484093732,80.9384207079751,0.6077568306599931,45.74468085106382,69.14893617021278,58.11403508771934,82.4561403508772,56.15942028985508,92.7536231884058,78.28282828282828,85.52188552188554,80.83333333333333,88.33333333333333,63.82685956895997,83.64278371294293,66.23376623376623,90.67296340023611,69.6078431372549,86.89839572192514,75.00000000000001,90.6015037593985,79.6875,89.453125,87.81512605042016,93.0672268907563,75.66884708428827,90.13864295446322,69.74785332662412,86.89071333370308,0.5635482670971115
147.0,85.10188389081124,84.39061899269512,78.47421203438395,87.10601719197709,71.54471544715446,79.52423968684131,70.39395734597159,72.14158767772511,73.2563025210084,75.71428571428572,75.75421424786593,79.77534985270486,65.1642475171887,78.05303939757721,67.56777027750988,79.39997857066324,68.86016451233846,81.82608695652175,72.45134858313418,85.55479685899626,70.14255868256114,83.6487649010692,68.83721791454647,81.69653333696553,72.2957160812062,80.7359415948352,0.6158587844003459,45.74468085106382,69.14893617021278,58.11403508771934,83.33333333333333,56.15942028985508,93.47826086956522,75.75757575757575,85.85858585858585,80.83333333333333,89.16666666666666,63.32180906390946,84.19715657967276,66.23376623376623,90.67296340023611,69.6078431372549,86.98752228163993,73.6842105263158,90.69548872180451,79.6875,89.453125,91.38655462184873,93.0672268907563,76.11997490383713,90.17526525888736,69.7208919838733,87.18621091928006,0.5611665479926292
148.0,85.44790465205692,91.84928873510188,71.69054441260747,79.04011461318052,71.49954832881662,78.04878048780488,68.59449052132703,79.41350710900473,74.68487394957982,79.78991596638654,74.38347237287756,81.62832138229571,58.98586707410236,74.4270435446906,67.07918139933568,79.57998499946427,68.74265569917746,81.96944770857814,73.05223625810856,84.93001024240354,69.85682684035886,80.44119454344353,67.54335345421659,80.26953620771602,70.96341291354707,80.94892879500586,0.60804568027197,45.74468085106382,69.14893617021278,58.11403508771934,82.4561403508772,56.15942028985508,92.7536231884058,79.79797979797978,85.85858585858585,80.83333333333333,88.33333333333333,64.12988987199027,83.710123780283,65.5844155844156,90.67296340023611,69.6078431372549,86.89839572192514,75.00000000000001,90.6015037593985,79.6875,89.58333333333334,91.38655462184873,93.0672268907563,76.25326266870385,90.16468462112987,70.19157627034707,86.93740420070642,0.5626705764543709
149.0,80.0653594771242,80.50749711649365,82.69340974212037,85.47277936962749,69.87353206865401,78.47034025895813,69.68305687203794,75.20734597156398,76.07142857142857,79.45378151260503,75.67735734627301,79.82234884584966,65.54621848739495,80.58768962130307,67.89671059680701,79.93571198971392,72.16216216216219,84.22326674500587,70.93035165585523,83.75554796858997,74.72041292859777,85.873171930687,70.25117116616343,82.87507765105997,72.96426425621823,81.34871324845481,0.6032083153543132,45.74468085106382,69.14893617021278,58.11403508771934,82.4561403508772,56.15942028985508,92.7536231884058,78.28282828282828,85.85858585858585,80.83333333333333,88.33333333333333,63.82685956895997,83.710123780283,66.23376623376623,90.67296340023611,69.6078431372549,86.98752228163993,75.00000000000001,90.6015037593985,79.6875,89.58333333333334,91.38655462184873,93.27731092436974,76.38313279857398,90.22452673979554,70.10499618376697,86.96732526003927,0.5612872292287681
150.0,79.89234909650136,87.35101883890812,70.54441260744986,76.30372492836676,74.79674796747965,80.75880758807588,75.27399289099527,80.56872037914692,72.43697478991595,77.47899159663865,74.58889547046842,80.49225266622726,68.73567608861727,80.59860307759467,68.70888246008784,81.34790528233151,69.44770857814339,83.17508813160987,73.00785250938887,85.28166609764425,74.72041292859777,84.49059850067592,70.92410651296703,82.97877221797124,72.75650099171773,81.73551244209925,0.5983220217421589,45.74468085106382,69.14893617021278,58.11403508771934,82.89473684210526,56.15942028985508,93.47826086956522,74.24242424242425,86.1952861952862,80.83333333333333,88.33333333333333,63.01877876087916,84.01011068210056,66.23376623376623,90.67296340023611,69.6078431372549,86.98752228163993,75.00000000000001,90.6015037593985,79.6875,89.58333333333334,91.38655462184873,93.27731092436974,76.38313279857398,90.22452673979554,69.70095577972657,87.11731871094804,0.5582391239689597
151.0,91.1764705882353,97.03960015378699,76.54727793696277,81.8051575931232,72.76422764227641,80.12646793134599,69.20912322274884,74.0521327014218,69.66386554621847,76.9327731092437,75.87219298728836,81.99122629778432,61.28724216959511,77.49918149077813,70.51216114861244,84.29229615343405,68.69565217391307,81.46415981198591,70.03755547968589,84.38374871969955,71.70333046577365,83.98058252427184,68.44718828751604,82.3239937400339,72.1596906374022,82.15761001890911,0.5912937060210165,45.74468085106382,69.14893617021278,57.2368421052632,82.89473684210526,53.985507246376805,92.7536231884058,78.28282828282828,85.18518518518519,80.83333333333333,88.33333333333333,63.216638363773086,83.66316294384848,66.88311688311688,90.67296340023611,70.58823529411765,86.98752228163993,75.00000000000001,90.6015037593985,81.25,89.58333333333334,87.81512605042016,93.27731092436974,76.30729564553094,90.22452673979554,69.761967004652,86.943844841822,0.5569526787547058
152.0,85.44790465205692,88.27374086889657,73.76074498567336,82.22063037249282,76.87443541102076,85.57663354411321,69.92002369668249,77.14751184834124,71.70168067226889,85.08403361344537,75.54095788354047,83.66051004945784,67.07410236822001,80.84415584415584,68.55244830172505,81.32004714454087,72.1034077555817,83.27614571092832,69.4981222260157,83.11369067941277,73.94002703699154,85.0620621850805,70.2336215377068,82.72322031282366,72.88728971062363,83.19186518114074,0.5810606545971341,45.74468085106382,70.2127659574468,58.11403508771934,82.89473684210526,56.15942028985508,93.47826086956522,74.24242424242425,85.85858585858585,80.83333333333333,88.33333333333333,63.01877876087916,84.1555365722073,66.23376623376623,90.67296340023611,69.6078431372549,87.07664884135473,75.00000000000001,90.69548872180451,79.6875,89.58333333333334,91.38655462184873,93.27731092436974,76.38313279857398,90.2611490442197,69.70095577972657,87.2083428082135,0.5552226875736752
153.0,81.27643214148405,90.04229142637448,76.26074498567336,85.24355300859598,78.50045167118337,86.9918699186992,65.98785545023699,72.23045023696683,75.29411764705884,77.3109243697479,75.46392037912732,82.36381779207687,66.94996180290296,82.41842191422025,67.56455587699558,81.53434051216115,70.26439482961224,83.40305522914218,72.50426766814613,85.11437350631614,75.05837532260048,86.30330588669042,70.46831110005148,83.75469940970603,72.9661157395894,83.05925860089145,0.5841669595645601,45.74468085106382,69.14893617021278,58.11403508771934,84.21052631578947,56.15942028985508,93.47826086956522,75.75757575757575,85.52188552188554,80.83333333333333,88.33333333333333,63.32180906390946,84.13858844215727,66.23376623376623,90.67296340023611,69.6078431372549,87.07664884135473,75.00000000000001,90.69548872180451,79.6875,89.71354166666667,91.38655462184873,93.27731092436974,76.38313279857398,90.28719071088635,69.85247093124173,87.2128895765218,0.5540636129943799
154.0,80.58439061899271,85.54402153018069,73.90401146131805,84.62750716332378,66.8021680216802,74.34507678410117,67.74289099526068,72.88210900473933,70.35714285714285,76.38655462184875,71.8781207908789,78.75705382083875,64.16157372039724,77.48008294226781,67.5666988106718,79.89499624986607,70.97532314923622,81.39600470035252,72.90201433936498,86.04984636394674,75.10138871820082,84.65650731227726,70.14139974757421,81.89548751374208,71.00976026922655,80.32627066729042,0.6044698602948323,45.74468085106382,70.2127659574468,58.11403508771934,82.89473684210526,56.15942028985508,92.7536231884058,78.28282828282828,85.85858585858585,80.83333333333333,88.33333333333333,63.82685956895997,84.0106090359754,66.23376623376623,90.67296340023611,70.58823529411765,87.07664884135473,75.00000000000001,90.6015037593985,79.6875,89.71354166666667,91.38655462184873,93.27731092436974,76.57921122994654,90.26839371840515,70.20303539945326,87.13950137719027,0.5544612135857139
155.0,69.81930026912727,87.7354863514033,76.83381088825215,85.945558739255,75.42908762420956,80.15657934357121,69.20912322274883,73.63744075829383,70.31512605042018,82.22689075630252,72.3212896109516,81.94039118976517,64.45760122230709,76.99716250136417,67.56884174434799,80.951462552234,70.48178613396006,82.53113983548766,73.54728576305908,87.56230795493343,75.39633771660318,84.69952070787758,70.29037051605549,82.54831871037936,71.30583006350355,82.24435495007226,0.5845562663456867,45.74468085106382,69.14893617021278,58.11403508771934,82.89473684210526,56.15942028985508,92.7536231884058,79.79797979797978,85.85858585858587,80.83333333333333,88.33333333333333,64.12988987199027,83.7978430785286,66.23376623376623,90.67296340023611,70.58823529411765,86.98752228163993,75.00000000000001,90.6015037593985,79.6875,89.84375,91.38655462184873,93.4873949579832,76.57921122994654,90.31862687985155,70.35455055096841,87.05823497919008,0.5527905666549537
156.0,79.5463283352557,85.19800076893502,76.54727793696274,84.35530085959884,75.60975609756096,79.13279132791328,72.85989336492894,77.17713270142181,75.29411764705883,83.0672268907563,75.97147467635344,81.78609050972504,60.37051184110008,75.79122558114155,65.27697417764917,81.23218686381657,70.48766157461812,80.37132784958874,74.5732331853875,87.55547968589963,75.43935111220352,86.02679120068822,69.22954637819169,82.19540223622694,72.60051052727256,81.99074637297599,0.5924304838524613,45.74468085106382,69.14893617021278,58.11403508771934,82.45614035087719,53.985507246376805,92.7536231884058,78.28282828282828,85.52188552188554,80.83333333333333,88.33333333333333,63.392076960264305,83.64278371294293,66.23376623376623,90.79102715466351,70.58823529411765,87.07664884135473,75.00000000000001,90.50751879699249,79.6875,89.84375,91.38655462184873,93.69747899159664,76.57921122994654,90.38328475692148,69.98564409510541,87.0130342349322,0.5530281636908672
157.0,82.14148404459824,90.34986543637064,77.55014326647566,81.93409742120345,75.24841915085815,79.55435109906655,66.18039099526068,72.95616113744076,68.88655462184875,72.89915966386555,74.0013984158083,79.53872695158938,66.10962566844918,80.90145148968679,62.99260687881708,75.57055609128898,70.20564042303175,81.7273795534665,73.10515534312051,85.25435302150905,76.21973700380977,87.04067838269633,69.72655306344566,82.09888370772953,71.86397573962698,80.81880532965945,0.6077965548912098,45.74468085106382,70.2127659574468,58.11403508771934,82.45614035087719,53.985507246376805,92.7536231884058,78.28282828282828,85.85858585858585,80.83333333333333,88.33333333333333,63.392076960264305,83.92288973772979,67.53246753246752,90.67296340023611,70.58823529411765,87.16577540106952,75.00000000000001,90.6015037593985,81.25,89.84375,91.38655462184873,93.69747899159664,77.15145148968678,90.39629431046015,70.27176422497554,87.15959202409496,0.5491881754272306
158.0,92.73356401384085,93.6562860438293,79.04727793696276,81.73352435530086,82.20415537488705,83.43872327612164,75.17772511848342,79.72452606635072,75.29411764705883,79.15966386554622,80.8913680182466,83.54254472142976,65.79449961802902,77.57557568481937,68.38744240865742,82.5179470695382,72.26792009400708,83.03877790834314,72.06213724820759,84.41106179583475,75.05837532260047,87.4523780262996,70.71407493830031,82.999148096967,75.80272147827345,83.27084640919838,0.585940977531473,45.74468085106382,70.2127659574468,58.11403508771934,82.89473684210526,53.985507246376805,92.7536231884058,78.28282828282828,85.52188552188554,80.83333333333333,88.33333333333333,63.392076960264305,83.94326896863535,67.53246753246752,90.79102715466351,70.58823529411765,87.25490196078431,75.00000000000001,90.50751879699249,81.25,89.84375,91.38655462184873,93.69747899159664,77.15145148968678,90.4189353808074,70.27176422497554,87.18110217472137,0.5497186015278385
159.0,74.50980392156863,87.69703960015379,78.90401146131806,85.90257879656161,76.01626016260161,83.19783197831978,69.20912322274884,74.51125592417061,73.17226890756304,80.21008403361346,74.36229353516003,82.30375806656384,62.84377387318564,78.32041907672159,68.71102539376403,82.53294760527162,72.21504112808462,83.21034077555815,71.68146124957323,87.18675315807442,74.07828437999264,85.08664126828069,69.90591720492003,83.2674203767813,72.13410537004003,82.78558922167258,0.5849783724314701,45.74468085106382,70.2127659574468,58.11403508771934,82.89473684210526,53.985507246376805,92.7536231884058,78.28282828282828,85.52188552188554,80.83333333333333,88.33333333333333,63.392076960264305,83.94326896863535,67.53246753246752,90.79102715466351,70.58823529411765,87.25490196078431,75.00000000000001,90.50751879699249,79.6875,89.84375,91.38655462184873,93.69747899159664,76.83895148968678,90.4189353808074,70.11551422497554,87.18110217472137,0.5467216110093309
160.0,75.02883506343714,82.3913879277201,80.97421203438398,85.84527220630372,81.97831978319782,86.87142426979825,66.69875592417064,72.55627962085308,75.29411764705884,80.25210084033614,75.9948480904497,81.58329297300226,64.77272727272727,76.72705445814688,69.36783456552017,81.84506589521054,69.55346650998825,81.09048178613396,74.59030385797202,87.24137931034484,74.57293842939659,85.54135430748434,70.57145412712086,82.48906715146411,73.28315110878528,82.03618006223319,0.5912239728380564,45.74468085106382,71.27659574468086,58.11403508771934,83.33333333333334,62.31884057971014,92.7536231884058,78.28282828282828,85.85858585858587,80.83333333333333,88.33333333333333,65.05874362693098,84.31109429166784,66.88311688311688,90.79102715466351,70.58823529411765,87.34402852049912,75.00000000000001,90.6015037593985,79.6875,89.84375,91.38655462184873,93.69747899159664,76.70908135981666,90.45555768523155,70.88391249337383,87.3833259884497,0.5476418510337143
161.0,81.44944252210689,89.58093041138024,76.83381088825215,80.83094555873926,70.6865401987353,76.36254140319181,68.97215639810427,77.25118483412322,79.74789915966387,84.28571428571429,75.5379698333725,81.66226329862977,63.51222307104659,77.07901342355123,70.51430408228863,83.01296474874103,70.42890716803763,81.7038777908343,74.77637418914304,87.75008535336293,78.17070173282538,85.09278603908074,71.48050204866824,82.92774547111405,73.50923594102036,82.2950043848719,0.5829525026256547,45.74468085106382,71.27659574468086,58.11403508771934,82.89473684210526,53.985507246376805,92.7536231884058,78.28282828282828,85.85858585858585,80.83333333333333,88.33333333333333,63.392076960264305,84.22337499342221,67.53246753246752,90.79102715466351,70.58823529411765,87.34402852049912,75.00000000000001,90.6015037593985,79.6875,89.97395833333334,91.38655462184873,93.69747899159664,76.83895148968678,90.48159935189821,70.11551422497554,87.3524871726602,0.5444783395577698
162.0,83.00653594771244,95.15570934256056,80.40114613180516,80.47277936962752,74.61607949412826,80.18669075579645,66.08412322274884,69.8904028436019,71.00840336134453,80.75630252100841,75.02325763154786,81.29237696651897,65.46027501909853,78.84426497871875,69.36462016500587,80.51216114861245,73.19036427732082,83.98119858989425,73.53875042676682,85.72891771935815,77.14759739461718,88.86567531031092,71.74032145656183,83.5864435493789,73.38178954405484,82.43941025794894,0.5852308428882732,45.74468085106382,71.27659574468086,58.11403508771934,83.33333333333334,62.31884057971014,92.7536231884058,78.28282828282828,86.53198653198653,80.83333333333333,88.33333333333333,65.05874362693098,84.44577442634798,67.53246753246752,90.79102715466351,70.58823529411765,87.43315508021391,75.00000000000001,90.6015037593985,79.6875,89.97395833333334,91.38655462184873,93.69747899159664,76.83895148968678,90.49942466384118,70.94884755830887,87.47259954509458,0.5415462612989078
163.0,86.83198769703961,89.46559015763167,77.26361031518624,83.62464183381088,78.0939476061427,81.87292984040951,64.66232227488153,73.19312796208531,67.37394957983194,72.6470588235294,74.8451634946164,80.16066972349336,66.40565317035905,77.7420058932664,68.22457944926602,80.73931211828994,68.3196239717979,80.53584018801409,75.46602936155685,86.06008876749743,71.01818852156815,84.92687722747941,69.88681489490959,82.00082483890944,72.36598919476299,81.0807472812014,0.6028266886361029,45.74468085106382,71.27659574468086,58.11403508771934,83.33333333333334,62.31884057971014,92.7536231884058,78.28282828282828,86.86868686868688,80.83333333333333,88.33333333333333,65.05874362693098,84.51311449368805,67.53246753246752,90.79102715466351,70.58823529411765,87.43315508021391,75.00000000000001,90.6015037593985,79.6875,90.10416666666667,91.38655462184873,93.69747899159664,76.83895148968678,90.52546633050784,70.94884755830887,87.51929041209794,0.542710976335579
164.0,80.58439061899271,86.9281045751634,77.26361031518624,77.77936962750715,77.68744354110204,83.25805480277025,72.33412322274884,81.38329383886257,62.394957983193244,72.35294117647058,74.05290513624462,80.34035280415478,66.65393430099313,77.56739059260069,69.36783456552018,81.43147969570343,71.83901292596947,83.04347826086956,74.23694093547286,86.97849095254352,75.73430011060589,85.28327393388227,71.56640456771231,82.86082268711989,72.80965485197846,81.60058774563734,0.5996246443649974,45.74468085106382,71.27659574468086,57.2368421052632,82.89473684210526,53.985507246376805,92.7536231884058,78.28282828282828,86.1952861952862,80.83333333333333,88.33333333333333,63.216638363773086,84.29071506076228,67.53246753246752,90.79102715466351,70.58823529411765,87.43315508021391,76.31578947368422,90.6015037593985,81.25,90.10416666666667,91.38655462184873,93.69747899159664,77.41460938442363,90.52546633050784,70.31562387409835,87.40809069563505,0.5446132788739424
165.0,86.48596693579395,90.73433294886581,78.33094555873926,88.0515759312321,74.39024390243901,82.35471243601324,67.40965639810427,70.66054502369667,70.92436974789915,74.83193277310924,75.50823650859513,81.32661982258341,65.25019098548509,76.33689839572193,68.71209686060214,82.40651451837564,71.0810810810811,82.71445358401881,75.1741208603619,86.77705701604643,78.8988570726312,89.03772889271231,71.82326937203229,83.45453048137503,73.66575294031371,82.39057515197922,0.5891291617438769,45.74468085106382,71.27659574468086,57.2368421052632,82.89473684210526,53.985507246376805,92.7536231884058,78.28282828282828,85.85858585858585,80.83333333333333,88.33333333333333,63.216638363773086,84.22337499342221,67.53246753246752,90.9090909090909,70.58823529411765,87.5222816399287,76.31578947368422,90.6015037593985,81.25,90.10416666666667,91.38655462184873,93.69747899159664,77.41460938442363,90.56690439333629,70.31562387409835,87.39513969337925,0.5435569905171698
166.0,75.89388696655135,83.27566320645906,74.33381088825216,79.8567335243553,75.20325203252031,79.73501957241794,70.96415876777255,75.2962085308057,77.45798319327731,85.04201680672269,74.77061836967474,80.64112832815215,65.2501909854851,77.39277529193495,67.40169291760418,80.51001821493625,69.17743830787312,83.53231492361927,73.34414475930352,86.19665414817344,72.1365368071771,85.00061447708,69.4620007554886,82.52647541114877,72.11630956258168,81.58380186965046,0.5974197745793126,45.74468085106382,71.27659574468086,58.11403508771934,83.33333333333334,62.31884057971014,93.47826086956522,78.28282828282828,85.85858585858587,80.83333333333333,89.16666666666666,65.05874362693098,84.62268849456639,67.53246753246752,90.79102715466351,70.58823529411765,87.5222816399287,75.00000000000001,90.69548872180452,79.6875,90.10416666666667,91.38655462184873,93.69747899159664,76.83895148968678,90.56208863493201,70.94884755830887,87.5923885647492,0.5429240031413326
167.0,76.41291810841986,85.96693579392542,71.83381088825216,82.73638968481376,79.13279132791325,87.2628726287263,71.48252369668249,76.68838862559242,70.31512605042018,72.77310924369748,73.8354340143376,81.08553919535107,66.96906035141328,79.07617592491543,69.37104896603448,79.77284903032252,69.72972972972975,82.33372502937719,79.86002048480711,89.487879822465,72.1365368071771,88.6874769571095,71.61327926783233,83.87162135283793,72.72435664108497,82.4785802740945,0.5882512407637202,45.74468085106382,71.27659574468086,58.11403508771934,83.33333333333334,62.31884057971014,92.7536231884058,78.28282828282828,85.85858585858587,80.83333333333333,89.16666666666666,65.05874362693098,84.47776095833451,67.53246753246752,90.9090909090909,70.58823529411765,87.5222816399287,75.00000000000001,90.88345864661655,79.6875,90.10416666666667,91.38655462184873,93.69747899159664,76.83895148968678,90.6232953707799,70.94884755830887,87.5505281645572,0.5401368699019115
168.0,83.17954632833528,87.15878508266051,80.76647564469916,85.83094555873924,65.58265582655824,75.33875338753387,74.13359004739338,79.68009478672985,71.65966386554622,79.57983193277312,75.06438634250645,81.51768214968732,65.35523300229183,77.56193386445487,69.37104896603448,80.81217186328082,74.27732079905995,84.57109283196239,80.204848071014,89.4230112666439,75.59604276760477,83.999016836672,72.960898721201,83.27344533260279,74.01264253185373,82.39556374114505,0.5860335129336282,45.74468085106382,71.27659574468086,58.11403508771934,83.77192982456141,62.31884057971014,93.47826086956522,78.28282828282828,85.85858585858587,80.83333333333333,89.16666666666666,65.05874362693098,84.71040779281199,67.53246753246752,90.9090909090909,70.58823529411765,87.5222816399287,75.00000000000001,90.88345864661655,81.25,90.10416666666667,91.38655462184873,93.69747899159664,77.15145148968678,90.6232953707799,71.10509755830887,87.66685158179595,0.5412900798983974
169.0,81.10342176086121,86.62053056516723,76.26074498567336,83.95415472779369,77.46160794941281,80.69858476362542,66.93572274881518,72.85248815165876,76.07142857142857,82.10084033613447,75.56658520323822,81.24531970887591,68.03857906799084,82.04190767215978,69.03996571306116,81.38862102217936,70.48178613396007,81.49471210340775,77.10139979515192,87.01946056674633,73.5498340911884,85.03133833108024,71.64231296027049,83.3952079391147,73.60444908175435,82.3202638239953,0.5773005284044213,45.74468085106382,71.27659574468086,58.11403508771934,83.77192982456141,62.31884057971014,92.7536231884058,78.28282828282828,86.1952861952862,80.83333333333333,89.16666666666666,65.05874362693098,84.63282032392019,67.53246753246752,90.9090909090909,71.56862745098039,87.6114081996435,76.31578947368422,90.97744360902256,81.25,90.10416666666667,91.38655462184873,93.69747899159664,77.61068781579618,90.65991767520407,71.33471572136358,87.64636899956213,0.5388953171340962
170.0,81.62245290272973,91.96462898885045,82.97994269340975,88.88252148997134,75.60975609756096,82.14393255043662,71.34182464454979,78.48045023696683,70.31512605042015,79.70588235294119,76.37382047773409,84.23548312383328,67.16004583651642,75.38742769835207,71.49791063966569,83.7801350048216,70.59929494712105,81.17508813160987,81.08910891089108,89.7678388528508,79.43652451763549,89.30195403711441,73.95657697036594,83.88248874494975,75.16519872405001,84.05898593439152,0.5613206727183826,45.74468085106382,71.27659574468086,58.11403508771934,83.77192982456141,62.31884057971014,92.7536231884058,78.28282828282828,85.85858585858585,80.83333333333333,89.16666666666666,65.05874362693098,84.56548025658012,67.53246753246752,90.9090909090909,71.56862745098039,87.5222816399287,76.31578947368422,90.88345864661655,79.6875,90.10416666666667,91.38655462184873,93.69747899159664,77.29818781579618,90.6232953707799,71.17846572136358,87.59438781368002,0.5362173849092322
171.0,87.87004998077664,92.38754325259515,80.90974212034385,79.45558739255016,79.9006323396567,89.58145137006926,71.8157582938389,80.10959715639811,73.8655462184874,81.80672268907564,78.8723457906207,84.66818037213766,65.67035905271199,79.02433700753029,66.58844958748523,80.15214829101038,69.61809635722682,82.641598119859,77.49061113007852,88.75725503584842,74.23497603539387,86.69657121789358,70.72049843257928,83.45438193442833,74.79642211159998,84.06128115328299,0.5722560849850653,45.74468085106382,71.27659574468086,58.11403508771934,83.77192982456141,62.31884057971014,92.7536231884058,78.28282828282828,85.85858585858588,80.83333333333333,89.16666666666666,65.05874362693098,84.56548025658012,67.53246753246752,91.02715466351829,71.56862745098039,87.6114081996435,75.00000000000001,91.07142857142857,83.85416666666666,90.36458333333333,91.38655462184873,93.90756302521008,77.86836325439268,90.79642755862675,71.46355344066183,87.68095390760342,0.5353654317368156
172.0,75.72087658592851,81.23798539023453,76.83381088825215,84.29799426934098,75.60975609756096,76.03131586871424,72.09715639810427,77.63625592417061,73.13025210084034,76.84873949579833,74.67837041413723,79.21045818965175,64.35255920550038,76.71886936592819,71.49255330547516,83.26797385620914,69.94124559341954,81.90364277320799,74.28986002048481,85.98497780812565,78.65613862602925,89.36954651591496,71.74647135018182,83.4490020638772,73.21242088215953,81.32973012676447,0.5950210613698947,45.74468085106382,71.27659574468086,58.11403508771934,83.77192982456141,62.31884057971014,92.7536231884058,78.28282828282828,86.1952861952862,80.83333333333333,89.16666666666666,65.05874362693098,84.63282032392019,67.53246753246752,91.02715466351829,71.56862745098039,87.5222816399287,75.00000000000001,91.07142857142857,83.85416666666666,90.49479166666667,91.38655462184873,94.11764705882354,77.86836325439268,90.84666072007316,71.46355344066183,87.73974052199668,0.5353799400551484
173.0,87.69703960015381,93.50249903883122,82.83667621776506,83.06590257879657,73.1255645889792,81.72237277928335,64.24022511848342,71.66765402843602,73.78151260504201,80.37815126050421,76.3362036260847,82.06731593717026,68.45874713521772,82.9695514569464,65.10982535090537,78.8921032894032,71.89189189189193,81.94359576968273,75.72208945032436,87.53499487879822,78.56089467862849,89.4371389947155,71.94868970139358,84.1554768779092,74.14244666373914,83.11139640753973,0.5729256231790094,45.74468085106382,71.27659574468086,57.2368421052632,83.77192982456141,62.31884057971014,92.7536231884058,78.28282828282828,86.1952861952862,80.83333333333333,89.16666666666666,64.88330503043974,84.63282032392019,67.53246753246752,91.02715466351829,71.56862745098039,87.5222816399287,76.31578947368422,91.07142857142857,81.25,90.49479166666667,91.38655462184873,94.11764705882354,77.61068781579618,90.84666072007316,71.24699642311796,87.73974052199668,0.5357734899297774
174.0,81.79546328335257,82.77585544021531,74.33381088825217,82.5358166189112,75.24841915085815,79.22312556458898,72.90432464454979,77.96208530805687,74.68487394957982,77.47899159663866,75.7933783833185,79.9951749056822,67.9335370511841,81.29979264433047,68.0499303546555,81.27075966998821,72.64982373678028,84.02350176263221,77.30454079890747,88.97575964493001,76.47167260661179,86.05751505468847,72.48190090962783,84.32546575531387,74.13763964647316,82.16032033049804,0.5809333342182873,45.74468085106382,71.27659574468086,58.11403508771934,83.77192982456141,62.31884057971014,92.7536231884058,78.28282828282828,85.85858585858588,80.83333333333333,89.16666666666666,65.05874362693098,84.56548025658012,67.53246753246752,91.02715466351829,71.56862745098039,87.5222816399287,75.00000000000001,91.07142857142857,81.25,90.36458333333333,91.38655462184873,94.11764705882354,77.34752992105933,90.82061905340649,71.20313677399515,87.6930496549933,0.535493293175608
175.0,82.48750480584391,94.00230680507498,76.83381088825215,85.5300859598854,73.5772357723577,75.27853056308341,69.68305687203794,77.4585308056872,69.6218487394958,76.80672268907563,74.4406914155975,81.81523536456132,68.03857906799084,80.60951653388628,65.7623486553091,78.69281045751634,73.19623971797887,83.76498237367804,73.05223625810856,85.79378627517924,73.11662774978494,84.6503625414772,70.63320628983446,82.70229163634743,72.53694885271598,82.25876350045436,0.5771367467159512,45.74468085106382,71.27659574468086,57.2368421052632,82.89473684210526,62.31884057971014,92.7536231884058,78.28282828282828,85.85858585858585,85.83333333333333,88.33333333333333,65.88330503043974,84.22337499342221,66.23376623376623,91.02715466351829,71.56862745098039,87.5222816399287,76.31578947368422,91.07142857142857,81.25,90.49479166666667,91.38655462184873,94.11764705882354,77.35094755605591,90.84666072007316,71.61712629324782,87.53501785674769,0.5361028181256258
176.0,81.62245290272973,90.58054594386775,75.33667621776505,80.1862464183381,77.86811201445346,82.41493526046372,74.22985781990523,80.52428909952606,72.43697478991595,78.65546218487395,76.29881474895389,82.47229578141392,62.356760886172644,74.24151478773327,66.91203257259187,80.12643308689597,71.94477085781436,81.01997649823737,76.36736087401844,87.60669170365313,76.60992994961289,87.45852279709968,70.83817102804204,82.09062777472388,73.56849288849796,82.2814617780689,0.579808134265154,45.74468085106382,71.27659574468086,58.11403508771934,83.77192982456141,62.31884057971014,92.7536231884058,78.28282828282828,85.52188552188554,80.83333333333333,89.16666666666666,65.05874362693098,84.49814018924005,66.88311688311688,91.26328217237307,71.56862745098039,87.5222816399287,76.31578947368422,91.07142857142857,81.25,90.625,91.38655462184873,94.11764705882354,77.48081768592604,90.91992788851078,71.26978065642851,87.70903403887542,0.5341306376361591
177.0,81.44944252210689,89.58093041138024,77.69340974212035,82.9083094555874,77.46160794941281,85.33574224631136,72.5710900473934,76.17002369668246,74.64285714285714,77.3529411764706,76.7636814807781,82.26958939728641,64.83002291825821,78.60416894030338,67.56562734383368,81.83649416050574,73.78378378378379,83.76263219741482,71.62000682826903,85.01194947080916,78.0232272336242,88.74892466510998,71.16453362155377,83.59283388682861,73.96410755116594,82.93121164205752,0.5766166517274681,45.74468085106382,71.27659574468086,58.11403508771934,83.77192982456141,62.31884057971014,92.7536231884058,78.28282828282828,85.85858585858588,80.83333333333333,89.16666666666666,65.05874362693098,84.56548025658012,66.88311688311688,91.26328217237307,71.56862745098039,87.5222816399287,76.31578947368422,91.07142857142857,85.41666666666666,90.75520833333334,91.38655462184873,94.11764705882354,78.31415101925938,90.94596955517746,71.68644732309518,87.7557249058788,0.5314141439591112
178.0,81.44944252210689,90.42675893886967,80.33667621776505,84.46991404011462,75.79042457091235,80.18669075579645,72.94875592417064,81.93127962085308,76.07142857142857,84.32773109243698,77.3193455612767,84.26847488961415,66.1955691367456,79.31627196333079,69.20068573877636,83.95585556627023,70.54054054054056,79.91774383078732,74.72345510413112,85.90986684875384,77.29507189381837,86.45692515669165,71.59106448280241,83.11133267316677,74.45520502203956,83.68990378139046,0.5646238047004914,45.74468085106382,71.27659574468086,57.2368421052632,83.77192982456141,62.31884057971014,92.7536231884058,78.28282828282828,85.52188552188554,80.83333333333333,89.16666666666666,64.88330503043974,84.49814018924005,66.88311688311688,91.26328217237307,71.56862745098039,87.6114081996435,76.31578947368422,91.07142857142857,81.25,90.625,91.38655462184873,94.11764705882354,77.48081768592604,90.93775320045373,71.18206135818289,87.71794669484689,0.5293363382196646
179.0,87.52402921953095,88.6966551326413,79.33381088825216,81.71919770773638,77.91327913279132,86.90153568202349,71.62322274881518,77.0734597156398,73.9075630252101,79.24369747899159,78.06038100291994,82.72690914340652,67.9335370511841,78.74058714394849,69.8596378442087,83.93871209686058,72.59694477085785,83.74853113983549,74.77637418914304,87.95493342437692,80.70234730244563,88.89639916431116,73.17376823156786,84.65583259386653,75.6170746172439,83.69137086863653,0.561230499524653,45.74468085106382,71.27659574468086,57.2368421052632,83.77192982456141,62.31884057971014,92.7536231884058,78.28282828282828,85.85858585858585,85.83333333333333,89.16666666666666,65.88330503043974,84.56548025658012,66.23376623376623,91.38134592680048,71.56862745098039,87.70053475935829,76.31578947368422,91.07142857142857,81.25,90.625,91.38655462184873,94.11764705882354,77.35094755605591,90.97919126328217,71.61712629324782,87.77233575993114,0.5303364665045641
180.0,87.17800845828529,92.96424452133795,81.97707736389687,84.15472779369627,77.46160794941281,83.31827762722071,69.16469194312799,77.59182464454977,76.84873949579831,82.64705882352942,78.52602504210427,84.13522668206683,62.213521772345295,77.4527993015388,69.8585663773706,81.14004071573984,71.68037602820215,81.09988249118683,75.42164561283715,86.04301809491294,74.81565687599854,86.12510753348901,70.79795333335076,82.3721696273735,74.66198918772751,83.25369815472015,0.5676915826597506,45.74468085106382,71.27659574468086,57.2368421052632,83.77192982456141,62.31884057971014,92.7536231884058,76.76767676767676,85.85858585858585,85.83333333333333,89.16666666666666,65.58027472740945,84.56548025658012,66.23376623376623,91.38134592680048,71.56862745098039,87.6114081996435,76.31578947368422,91.07142857142857,81.25,90.625,91.38655462184873,94.11764705882354,77.35094755605591,90.96136595133922,71.46561114173268,87.76342310395967,0.5292330527371454
181.0,93.4256055363322,95.88619761630143,78.83954154727793,85.243553008596,78.50045167118337,85.06473953628425,68.21682464454979,74.95556872037915,74.55882352941177,82.52100840336135,78.70824938575102,84.73421345698445,64.35255920550038,76.05314853214014,70.67395264116574,82.1193614057645,72.70270270270272,83.50646298472387,74.9180607715944,86.77022874701264,77.48555978861988,88.28806685510631,72.02656702191663,83.34745370494949,75.36740820383383,84.04083358096696,0.5564585674723578,45.74468085106382,71.27659574468086,57.2368421052632,84.21052631578948,62.31884057971014,93.47826086956522,78.28282828282828,85.85858585858588,80.83333333333333,89.16666666666666,64.88330503043974,84.79812709105761,66.88311688311688,91.38134592680048,71.56862745098039,87.6114081996435,76.31578947368422,91.07142857142857,85.41666666666666,90.75520833333334,91.38655462184873,94.11764705882354,78.31415101925938,90.98740761800589,71.59872802484956,87.89276735453174,0.5261466939390314
182.0,82.14148404459824,91.08035371011148,74.62034383954155,81.59025787965616,72.13188798554651,79.73501957241794,70.77162322274884,79.85781990521326,80.44117647058823,80.88235294117648,76.02130311260467,82.62916080171506,61.14400305576776,74.5580050201899,68.87388835315544,81.92649737490625,73.19623971797886,82.46298472385428,77.19016729259134,87.77057016046432,79.4365245176355,89.63377166031707,71.96816458742578,83.27036578794636,73.99473385001522,82.94976329483072,0.5669483046020635,45.74468085106382,71.27659574468086,57.2368421052632,84.21052631578948,62.31884057971014,92.7536231884058,78.28282828282828,85.85858585858588,80.83333333333333,89.16666666666666,64.88330503043974,84.65319955482573,66.23376623376623,91.38134592680048,71.56862745098039,87.70053475935829,76.31578947368422,91.07142857142857,81.25,90.75520833333334,91.38655462184873,94.11764705882354,77.35094755605591,91.00523292994885,71.11712629324782,87.82921624238729,0.5277683063761209
183.0,76.75893886966551,90.81122645136486,72.69340974212034,77.97994269340974,77.86811201445346,80.6684733514002,69.87559241706163,79.78376777251185,71.00840336134453,77.14285714285714,73.6408912809291,81.27725348230874,67.23644003055766,78.04758266943142,70.180006428801,83.33869066752384,71.186839012926,84.07285546415982,79.96585865483101,88.70262888357802,77.39031584121913,88.82266191471058,73.19189199366697,84.59688391988074,73.41639163729803,82.93706870109474,0.5647762732947995,45.74468085106382,71.27659574468086,57.2368421052632,83.77192982456141,62.31884057971014,92.7536231884058,78.28282828282828,85.85858585858588,80.83333333333333,89.16666666666666,64.88330503043974,84.56548025658012,66.23376623376623,91.38134592680048,71.56862745098039,87.87878787878788,76.31578947368422,91.16541353383458,85.41666666666666,90.75520833333334,91.38655462184873,94.11764705882354,78.18428088938924,91.05968054631596,71.53379295991449,87.81258040144803,0.5255039306829262
184.0,88.562091503268,90.46520569011918,71.05300859598854,78.02292263610315,70.0542005420054,75.30864197530863,68.87588862559242,79.66528436018957,75.9873949579832,82.52100840336135,74.90651684496751,81.19661261301637,68.01948051948051,80.88235294117648,69.36890603235827,81.03503696560593,74.87074030552294,84.55699177438308,75.46602936155685,86.90679412768864,76.6621605014133,87.18200811109746,72.87746334406636,84.11263678399031,73.89199009451693,82.65462469850334,0.5680914819905873,45.74468085106382,71.27659574468086,57.2368421052632,84.21052631578948,62.31884057971014,92.7536231884058,78.28282828282828,85.85858585858588,80.83333333333333,89.16666666666666,64.88330503043974,84.65319955482573,66.88311688311688,91.26328217237308,71.56862745098039,87.78966131907309,76.31578947368422,91.16541353383458,85.41666666666666,90.75520833333334,91.38655462184873,94.11764705882354,78.31415101925938,91.01824248348753,71.59872802484956,87.83572101915664,0.5246126183960054
185.0,76.06689734717416,85.39023452518262,81.40401146131806,89.054441260745,71.72538392050585,81.15025594700391,74.9407582938389,79.90225118483413,81.13445378151259,90.54621848739495,77.05430096086991,85.20868028103212,66.84491978609626,78.87154861944778,69.20175720561447,82.95724847315975,71.5099882491187,84.23501762632198,77.49061113007852,88.5489928303175,75.24886321740199,89.21592724591375,72.059227917662,84.76574695903216,74.55676443926595,84.98721362003214,0.5443379670289323,45.74468085106382,71.27659574468086,57.2368421052632,84.21052631578948,62.31884057971014,92.7536231884058,78.28282828282828,85.85858585858588,80.83333333333333,89.16666666666666,64.88330503043974,84.65319955482573,66.88311688311688,91.38134592680048,71.56862745098039,87.78966131907309,76.31578947368422,91.16541353383458,85.41666666666666,90.75520833333334,91.38655462184873,94.11764705882354,78.31415101925938,91.041855234373,71.59872802484956,87.84752739459937,0.5245293567683278
186.0,87.69703960015381,92.84890426758938,83.55300859598854,82.46418338108882,77.05510388437216,83.70972598614875,72.43039099526068,80.64277251184835,73.21428571428572,77.26890756302521,78.78996575801219,83.3868987419401,64.8109243697479,78.3286041689403,72.31222543662273,84.76159862852245,74.11280846063457,85.45475910693303,77.19870262888358,89.00648685558211,83.18176232026545,91.40961042153127,74.32328464323083,85.79221183630185,76.55662520062151,84.58955528912097,0.5556821474724244,45.74468085106382,71.27659574468086,57.2368421052632,84.21052631578948,62.31884057971014,92.7536231884058,78.28282828282828,85.85858585858588,80.83333333333333,89.16666666666666,64.88330503043974,84.65319955482573,66.88311688311688,91.49940968122787,71.56862745098039,87.78966131907309,76.31578947368422,91.16541353383458,85.41666666666666,90.75520833333334,91.38655462184873,94.11764705882354,78.31415101925938,91.0654679852585,71.59872802484956,87.85933377004211,0.5262057068386684
187.0,88.21607074202231,95.38638985005767,81.48280802292265,87.63610315186247,75.60975609756096,82.71604938271605,76.12559241706163,83.50118483412322,81.86974789915968,86.26050420168067,80.66079503574545,87.10004628408801,68.2868601986249,80.16752155407617,69.20390013929067,82.14079074252652,71.35135135135138,84.54994124559342,75.33287811539776,86.46978490952543,80.55487280324444,88.12830281430504,72.94597252158184,84.29126825320532,76.80338377866364,85.69565726864667,0.5366722496294004,45.74468085106382,70.2127659574468,57.2368421052632,84.21052631578948,62.31884057971014,92.7536231884058,78.28282828282828,85.52188552188554,80.83333333333333,89.16666666666666,64.88330503043974,84.37309353003884,66.88311688311688,91.49940968122787,71.56862745098039,87.78966131907309,76.31578947368422,91.16541353383458,83.33333333333333,90.75520833333334,91.38655462184873,94.11764705882354,77.89748435259271,91.0654679852585,71.39039469151624,87.71928075764868,0.5248189932365783
188.0,82.66051518646675,91.00346020761245,81.83381088825217,84.35530085959884,77.86811201445346,82.05359831376092,74.22985781990523,76.27369668246446,73.13025210084034,80.16806722689076,77.94450960198358,82.77082465806548,66.44385026737967,77.62741460220452,70.51216114861244,83.76299153541198,75.58166862514692,85.67802585193888,80.204848071014,89.487879822465,80.74536069804597,91.7598623571341,74.6975777620398,85.6632348338309,76.32104368201169,84.2170297459482,0.5444394945757585,45.74468085106382,70.2127659574468,57.2368421052632,82.89473684210526,62.31884057971014,92.7536231884058,82.3232323232323,85.52188552188554,85.83333333333333,89.16666666666666,66.69138583852056,84.10993563530201,66.23376623376625,91.73553719008265,70.58823529411765,87.78966131907309,77.63157894736842,91.16541353383458,81.25,90.75520833333334,91.38655462184873,94.11764705882354,77.41802701942022,91.11269348702945,72.05470642897039,87.61131456116573,0.5222692832030967
189.0,81.44944252210689,91.8492887351019,86.33954154727796,85.15759312320917,77.64227642276421,83.86028304727492,67.12825829383887,70.63092417061611,81.78571428571428,91.51260504201682,78.86904661434045,84.60213882364378,66.14782276546983,79.23169267707082,70.51108968177434,84.82588663880853,72.1034077555817,85.3231492361927,77.58791396381018,88.18368043700923,75.19663266560158,85.79328991028635,72.30937336644755,84.67153977987353,75.589209990394,84.63683930175866,0.5550864605138961,45.74468085106382,70.2127659574468,57.2368421052632,83.77192982456141,62.31884057971014,93.47826086956522,78.28282828282828,85.52188552188554,80.83333333333333,89.16666666666666,64.88330503043974,84.43030176802513,66.88311688311688,91.73553719008265,71.56862745098039,87.78966131907309,77.63157894736842,91.16541353383458,85.41666666666666,90.75520833333334,91.38655462184873,94.11764705882354,78.57730891399622,91.11269348702945,71.73030697221799,87.77149762752728,0.5217763893285972
190.0,93.94463667820072,96.11687812379853,83.40974212034385,86.9054441260745,70.28003613369465,82.98705209274316,74.70379146919434,82.2867298578199,76.15546218487394,84.78991596638656,79.6987337172615,86.61720403336453,65.96638655462183,80.26574266070064,70.51430408228863,83.68156005571628,74.7121034077556,84.4888366627497,75.76647319904404,89.0508706043018,78.50866412682808,87.85178812830281,73.09358627410764,85.06775962235425,76.39615999568457,85.84248182785939,0.538387747380556,45.74468085106382,70.2127659574468,57.2368421052632,83.33333333333333,62.31884057971014,93.47826086956522,78.28282828282828,85.52188552188554,80.83333333333333,89.16666666666666,64.88330503043974,84.34258246977952,66.88311688311688,91.73553719008265,71.56862745098039,87.78966131907309,77.63157894736842,91.25939849624059,85.41666666666666,90.88541666666666,91.38655462184873,94.11764705882354,78.57730891399622,91.1575321461773,71.73030697221799,87.75005730797841,0.5212597122927556
191.0,89.0811226451365,93.57939254133025,81.33954154727793,88.13753581661892,72.13188798554651,80.87925323697681,76.74022511848344,80.33175355450237,78.27731092436974,83.52941176470588,79.51401764416282,85.29146938282683,65.23109243697479,77.36822001527884,70.02250080360011,79.34640522875817,73.57226792009403,83.03172737955347,77.98566063502903,86.17616934107204,77.6852648396215,90.79513334152635,72.89935732706388,83.34353106123777,76.20668748561334,84.3175002220323,0.5518582149668722,45.74468085106382,70.2127659574468,57.2368421052632,82.89473684210526,62.31884057971014,92.7536231884058,82.3232323232323,85.18518518518519,85.83333333333333,89.16666666666666,66.69138583852056,84.04259556796194,66.88311688311688,91.73553719008265,71.56862745098039,87.70053475935828,77.63157894736842,91.25939849624059,83.33333333333333,90.88541666666666,91.38655462184873,94.11764705882354,78.16064224732955,91.13970683423433,72.42601404292506,87.59115120109814,0.5196901806389983
192.0,76.06689734717418,87.62014609765474,82.69340974212037,85.85959885386819,76.01626016260161,81.15025594700391,68.83145734597159,75.44431279620854,76.07142857142856,81.5546218487395,75.93589063385926,82.32578710869498,67.70435446906035,80.59860307759467,70.18536376299151,78.9671059680703,72.37955346651002,84.30787309048178,78.18880163878458,88.4670536019119,78.11847118102494,88.82880668551063,73.31530890367428,84.23388848471386,74.62559976876676,83.27983779670441,0.55747924351863,45.74468085106382,70.2127659574468,57.2368421052632,82.89473684210526,62.31884057971014,92.7536231884058,76.76767676767676,85.52188552188554,80.83333333333333,89.16666666666666,64.58027472740945,84.10993563530201,66.88311688311688,91.73553719008265,71.56862745098039,87.70053475935828,77.63157894736842,91.25939849624059,83.33333333333333,90.88541666666666,91.38655462184873,94.11764705882354,78.16064224732955,91.13970683423433,71.37045848736949,87.62482123476818,0.5213550326753921
193.0,89.0811226451365,95.19415609381008,83.26647564469914,91.5186246418338,81.16531165311652,86.29930743751882,72.19342417061615,78.83590047393365,73.94957983193278,76.63865546218489,79.93118278910022,85.69732882185625,66.38655462184873,75.67663429007968,69.8574949105325,83.95585556627022,71.46298472385432,84.34077555816687,77.29600546261523,89.15670877432571,74.13051493179304,87.37249600589897,71.82671093012877,84.10049403894827,75.8789468596145,84.89891143040225,0.5551150315572211,45.74468085106382,70.2127659574468,57.2368421052632,84.21052631578948,62.31884057971014,93.47826086956522,78.28282828282828,85.85858585858588,80.83333333333333,90.00000000000001,64.88330503043974,84.75202780027749,66.88311688311688,91.73553719008265,71.56862745098039,87.70053475935828,77.63157894736842,91.25939849624059,85.41666666666666,90.88541666666666,91.38655462184873,94.11764705882354,78.57730891399622,91.13970683423433,71.73030697221799,87.9458673172559,0.5230722460516818
194.0,86.13994617454827,94.2714340638216,79.90687679083096,87.82234957020057,78.2746160794941,85.96808190304127,76.3625592417062,82.79028436018957,69.62184873949579,73.94957983193278,78.06116940521505,84.96034594583716,65.56531703590527,77.7556477136309,70.51216114861242,82.6765241615772,74.43595769682729,85.71092831962397,77.00409696142029,87.25503584841243,78.65613862602926,88.94555733071157,73.2347342937589,84.46873867479121,75.64795184948699,84.71454231031419,0.5473832572057493,45.74468085106382,70.2127659574468,57.2368421052632,83.33333333333334,62.31884057971014,92.7536231884058,78.28282828282828,85.52188552188554,80.83333333333333,90.00000000000001,64.88330503043974,84.3643216002143,66.88311688311688,91.85360094451003,71.56862745098039,87.70053475935828,77.63157894736842,91.25939849624059,85.41666666666666,90.88541666666666,91.38655462184873,94.11764705882354,78.57730891399622,91.16331958511982,71.73030697221799,87.76382059266706,0.5195459638921657
195.0,86.48596693579395,93.19492502883506,79.41260744985674,83.32378223495701,74.79674796747966,77.53688647997592,69.20912322274884,77.51777251184835,81.86974789915968,86.55462184873949,78.35483869500777,83.62559762087116,69.19404125286478,81.55625886718325,71.16254151933997,82.86724525875924,71.8918918918919,82.10810810810811,77.44622738135884,88.61044725162172,79.62701241243703,87.24960058989801,73.8643428915785,84.47833201511408,76.10959079329314,84.05196481799263,0.5533595136398017,45.74468085106382,70.2127659574468,56.35964912280704,83.33333333333334,78.98550724637681,92.7536231884058,80.80808080808079,85.52188552188554,85.83333333333333,90.00000000000001,69.54625027233234,84.3643216002143,66.88311688311688,91.97166469893742,71.56862745098039,87.87878787878788,77.63157894736842,91.25939849624059,85.41666666666666,91.015625,92.85714285714285,94.11764705882354,78.87142656105503,91.24862462655788,74.20883841669368,87.80647311338609,0.5151786228246609
196.0,93.77162629757785,95.4632833525567,77.40687679083096,87.85100286532952,79.31345980126466,80.24691358024691,76.26629146919434,83.17535545023696,77.54201680672269,87.60504201680672,80.8600542331181,86.86831945303535,67.40832696715049,81.16883116883118,70.68788171006105,80.76288438872817,72.97884841363104,82.59694477085782,79.96585865483101,88.47729600546262,80.21691040924173,89.99631313751998,74.25156523098306,84.60045389427995,77.55580973205059,85.73438667365765,0.5257646753277331,45.74468085106382,70.2127659574468,56.35964912280704,83.33333333333334,78.98550724637681,92.7536231884058,80.80808080808079,85.52188552188554,85.83333333333333,90.00000000000001,69.54625027233234,84.3643216002143,66.88311688311688,91.97166469893742,72.54901960784315,87.87878787878788,77.63157894736842,91.16541353383458,87.5,91.015625,91.38655462184873,94.11764705882354,79.19005401203545,91.22982763407668,74.3681521421839,87.79707461714548,0.5133684744882214
197.0,92.560553633218,93.15647827758553,80.33667621776507,80.12893982808022,75.60975609756096,81.2405901836796,73.85219194312799,80.27251184834124,72.52100840336134,79.24369747899159,78.97603725900669,82.80844352333564,69.33728036669213,81.40892720724653,67.23561555769847,80.475731276117,74.33019976498238,84.6886016451234,79.22328439740525,90.1809491293957,72.86469214698293,87.91938060710335,72.59821444675222,84.93471797299719,75.78712585287946,83.87158074816642,0.5491325354042622,45.74468085106382,70.2127659574468,57.2368421052632,83.33333333333334,62.31884057971014,92.7536231884058,82.3232323232323,85.52188552188554,85.83333333333333,90.00000000000001,66.69138583852056,84.3643216002143,67.53246753246754,91.97166469893742,72.54901960784315,87.96791443850267,77.63157894736842,91.07142857142857,85.41666666666666,91.015625,91.38655462184873,94.11764705882354,78.90325747523892,91.22885595353844,72.79732165687975,87.79658877687638,0.5123256991976287
198.0,83.00653594771244,92.42599000384469,83.55300859598854,92.52148997134671,80.71364046973801,81.99337548931044,73.3782582938389,78.70260663507109,76.80672268907563,84.11764705882354,79.4916331992707,85.9522218316793,67.01680672268908,78.68329149841755,74.27622415086252,83.88299582127934,72.76733254994127,83.15158636897768,78.23318538750428,89.7200409696142,82.79156937446234,89.78124615951826,75.0170236370919,85.0438321635614,77.2543284181813,85.49802699762034,0.5327023478730858,45.74468085106382,70.2127659574468,57.2368421052632,83.77192982456141,62.31884057971014,93.47826086956522,76.76767676767676,85.85858585858588,80.83333333333333,90.00000000000001,64.58027472740945,84.66430850203186,67.53246753246754,92.0897284533648,72.54901960784315,87.87878787878788,77.63157894736842,91.16541353383458,85.41666666666666,91.015625,89.91596638655463,94.11764705882354,78.60913982818008,91.25344038496215,71.59470727779475,87.958874443497,0.5127143786773115
199.0,77.4509803921569,87.77393310265282,80.05014326647566,82.55014326647566,78.86178861788616,79.85546522131888,74.46682464454979,82.59774881516589,70.35714285714285,81.5966386554622,76.23737595564226,82.8747858122151,67.72345301757066,77.77201789806831,70.84645880210006,81.8900675024108,73.73090481786136,83.572267920094,79.21474906111301,89.5425059747354,80.8498218016468,91.5509401499324,74.47307750005838,84.86555988904819,75.35522672785032,83.87017285063163,0.5497894764852739,45.74468085106382,70.2127659574468,57.2368421052632,83.33333333333334,62.31884057971014,92.7536231884058,76.76767676767676,85.52188552188554,80.83333333333333,90.00000000000001,64.58027472740945,84.3643216002143,66.88311688311688,92.0897284533648,72.54901960784315,87.87878787878788,77.63157894736842,91.07142857142857,85.41666666666666,91.015625,91.38655462184873,94.11764705882354,78.77338734536877,91.23464339248095,71.6768310363891,87.79948249634762,0.5158100933208297
200.0,87.69703960015381,91.92618223760091,85.90974212034385,87.73638968481374,76.42276422764225,83.10749774164408,75.17772511848344,83.35308056872037,75.46218487394958,80.67226890756302,80.13389118811457,85.35908382806842,68.22956455309397,79.79373567608862,68.54387656702022,81.29218900675023,71.186839012926,83.33490011750881,76.90679412768863,88.60361898258792,79.53176846503625,89.84269386751875,72.879768545153,84.57342753009087,76.50682986663378,84.96625567907964,0.5373520231003018,45.74468085106382,70.2127659574468,57.2368421052632,83.33333333333334,62.31884057971014,92.7536231884058,76.76767676767676,85.85858585858588,80.83333333333333,90.00000000000001,64.58027472740945,84.43166166755437,66.88311688311688,92.20779220779221,72.54901960784315,87.96791443850267,77.63157894736842,90.97744360902256,85.41666666666666,91.015625,89.91596638655463,94.11764705882354,78.47926969830993,91.2572844628282,71.52977221285968,87.84447306519128,0.5121733732149465
201.0,88.73510188389082,94.57900807381776,85.76647564469914,91.07449856733525,75.02258355916891,82.83649503161699,72.09715639810427,82.0941943127962,80.44117647058823,84.03361344537815,80.41249879129028,86.92356188618888,64.8109243697479,81.06515333406091,71.82470802528658,85.81377906353798,74.44183313748533,83.91304347826087,78.23318538750428,86.98190508706043,78.31817623202653,85.40616934988324,73.52576543041012,84.6360100625607,76.9691321108502,85.77978597437479,0.5309976075477552,45.74468085106382,70.2127659574468,56.35964912280704,83.33333333333334,62.31884057971014,92.7536231884058,82.3232323232323,85.52188552188554,85.83333333333333,90.00000000000001,66.51594724202933,84.3643216002143,66.88311688311688,92.20779220779221,72.54901960784315,87.96791443850267,77.63157894736842,90.88345864661653,87.5,91.015625,91.38655462184873,94.11764705882354,79.19005401203545,91.238487470347,72.85300062703239,87.80140453528065,0.5123963381387497
202.0,88.21607074202231,95.6170703575548,86.62607449856735,92.42120343839542,78.68112014453476,83.5892803372478,72.19342417061614,75.48874407582939,69.49579831932773,80.96638655462185,79.04249757501366,85.61653695272986,66.91176470588235,76.86620102586488,69.53284045858778,83.96014143362264,76.33960047003528,85.3090481786134,76.15568453397063,85.98497780812563,77.05235344721643,89.11146614231289,73.1984487231385,84.24636691770789,76.12047314907608,84.93145193521887,0.5353252368672945,45.74468085106382,71.27659574468085,57.2368421052632,84.21052631578948,62.31884057971014,93.47826086956522,78.28282828282828,85.52188552188554,80.83333333333333,90.00000000000001,64.88330503043974,84.89745369038421,66.88311688311688,92.20779220779221,71.56862745098039,87.96791443850267,77.63157894736842,91.07142857142858,85.41666666666666,91.015625,91.38655462184873,94.11764705882354,78.57730891399622,91.2760814553094,71.73030697221799,88.08676757284681,0.515798213286873
203.0,77.27797001153405,91.11880046136102,85.90974212034385,91.41833810888252,72.35772357723576,78.83167720566094,76.12559241706163,87.57405213270142,76.89075630252101,80.63025210084034,77.71235688573927,85.91462400188924,63.913292589763174,77.53192185965295,67.07060966463087,79.66570234651236,73.45475910693305,83.165687426557,77.34038921133492,87.92762034824172,78.60390807422884,87.40321985989922,72.07659172937818,83.13883036817265,74.89447430755872,84.52672718503095,0.5446148076186946,45.74468085106382,71.27659574468085,57.2368421052632,83.77192982456141,62.31884057971014,93.47826086956522,76.76767676767676,85.52188552188554,80.83333333333333,90.00000000000001,64.58027472740945,84.80973439213861,66.88311688311688,92.20779220779221,72.54901960784315,87.96791443850267,77.63157894736842,91.07142857142858,85.41666666666666,91.015625,91.38655462184873,94.11764705882354,78.77338734536877,91.2760814553094,71.6768310363891,88.042907923724,0.5124487590660494
204.0,93.77162629757788,94.57900807381776,85.62320916905445,89.42693409742121,81.34598012646791,83.64950316169828,71.57879146919434,76.28850710900474,77.5,82.10084033613445,81.96392141245892,85.20895855561528,65.65126050420169,77.25635708828986,69.6967748848173,82.1300760741455,76.76850763807288,85.64512338425382,81.09764424718334,88.17343803345852,79.04633157183238,92.34361558313874,74.45210376922152,85.10972203265729,78.20801259084021,85.15934029413629,0.5386511793476516,45.74468085106382,71.27659574468085,57.2368421052632,84.21052631578948,62.31884057971014,94.20289855072464,78.28282828282828,85.52188552188554,80.83333333333333,90.00000000000001,64.88330503043974,85.04238122661609,66.88311688311688,92.20779220779221,72.54901960784315,88.05704099821747,77.63157894736842,91.07142857142858,85.41666666666666,91.015625,89.91596638655463,94.11764705882354,78.47926969830993,91.29390676725237,71.68128736437484,88.16814399693422,0.5129654364841248
205.0,93.4256055363322,96.0399846212995,81.76934097421204,89.61318051575931,79.49412827461606,82.98705209274316,67.74289099526068,76.67357819905214,77.5420168067227,85.63025210084034,79.99479651742874,86.18880950593889,68.54469060351413,80.37214885954381,69.53176899174969,81.39504982320798,75.2585193889542,85.68507638072856,78.86992147490614,88.71628542164561,78.5608946786285,86.81946663389456,74.15315902755053,84.59760542380411,77.07397777248963,85.3932074648715,0.5389410164432286,45.74468085106382,71.27659574468085,57.2368421052632,84.21052631578948,62.31884057971014,93.47826086956522,78.28282828282828,85.18518518518519,80.83333333333333,90.00000000000001,64.88330503043974,84.83011362304414,66.88311688311688,92.20779220779221,72.54901960784315,88.05704099821747,77.63157894736842,91.07142857142858,85.41666666666666,91.015625,91.38655462184873,94.11764705882354,78.77338734536877,91.29390676725237,71.82834618790426,88.06201019514825,0.5141705763077306
206.0,93.94463667820072,96.57823913879278,78.98280802292265,86.60458452722062,80.30713640469736,85.42607648298704,74.9407582938389,77.5622037914692,78.23529411764706,81.84873949579831,81.28212670346133,85.60396868725358,68.56378915202444,78.80606788169813,70.67823850851815,82.8458159219972,72.70270270270274,81.48296122209166,80.21338340730625,90.58381700238989,82.64409487526116,90.38957846872312,74.96044172916255,84.82164809938,78.12128421631195,85.21280839331679,0.5351014111057554,45.74468085106382,71.27659574468085,57.2368421052632,83.33333333333334,62.31884057971014,92.7536231884058,76.76767676767676,84.84848484848484,85.83333333333333,90.00000000000001,65.58027472740945,84.44240742298098,67.53246753246754,92.3258559622196,71.56862745098039,87.96791443850267,77.63157894736842,90.88345864661655,87.5,91.015625,91.38655462184873,94.11764705882354,79.12384571053302,91.26210022123247,72.35206021897123,87.85225382210672,0.5125045745704474
207.0,86.31295655517111,93.0795847750865,84.33381088825216,89.85673352435529,81.57181571815717,83.16772056609454,73.7114928909953,77.22156398104266,78.9705882352941,87.73109243697479,80.98013285757398,86.21133905671076,69.2990832696715,81.08970861071701,71.49362477231327,82.71081110039644,74.71210340775562,83.91069330199765,80.0546261522704,87.24137931034483,79.72225635983779,88.47855474990783,75.05633879236971,84.68622941467274,78.01823582497184,85.44878423569175,0.5323123835142665,45.74468085106382,71.27659574468085,57.2368421052632,83.77192982456141,62.31884057971014,93.47826086956522,76.76767676767676,85.18518518518519,80.83333333333333,90.00000000000001,64.58027472740945,84.74239432479854,67.53246753246754,92.3258559622196,72.54901960784315,87.96791443850267,77.63157894736842,90.88345864661655,87.5,91.14583333333333,89.91596638655463,94.11764705882354,79.02580649484676,91.28814188789913,71.8030406111281,88.01526810634883,0.5082555542037607
208.0,89.25413302575934,95.57862360630526,83.40974212034385,90.4297994269341,71.3188798554652,80.51791629027402,77.8732227488152,82.21267772511848,74.68487394957984,81.5546218487395,79.30817033999267,86.05872777947425,66.89266615737203,82.15649896322165,72.14721954355512,84.05443051537556,74.71210340775562,85.67097532314924,77.39330829634689,87.80812564015022,80.98807914464791,88.64446356150916,74.42667530993552,85.66689880068117,76.8674228249641,85.86281329007771,0.5271165438862594,45.74468085106382,71.27659574468085,57.2368421052632,84.21052631578948,62.31884057971014,94.20289855072464,78.28282828282828,85.85858585858587,80.83333333333333,90.00000000000001,64.88330503043974,85.10972129395616,68.18181818181817,92.3258559622196,72.54901960784315,87.87878787878788,78.94736842105264,90.78947368421053,85.41666666666666,91.14583333333333,88.4453781512605,94.11764705882354,78.70805020572824,91.25151958347497,71.795677618084,88.18062043871556,0.5083668974467342
209.0,82.66051518646675,89.6962706651288,78.98280802292265,86.61891117478511,76.01626016260161,86.14875037639266,78.30272511848344,83.78258293838863,74.68487394957984,79.07563025210085,78.12943648801085,85.06442908135921,65.98548510313216,77.64924151478773,71.33076181292188,84.28372441872925,73.14336075205642,84.54054054054055,74.67907135541141,85.42505974735404,77.05235344721643,88.28806685510631,72.43820649414766,84.03732661530357,75.28382149107927,84.5508778483314,0.5444380890774975,45.74468085106382,71.27659574468085,57.2368421052632,84.21052631578948,62.31884057971014,94.20289855072464,78.28282828282828,85.52188552188554,80.83333333333333,90.00000000000001,64.88330503043974,85.04238122661609,67.53246753246754,92.3258559622196,72.54901960784315,87.87878787878788,77.63157894736842,90.78947368421053,85.41666666666666,91.14583333333333,89.91596638655463,94.11764705882354,78.60913982818008,91.25151958347497,71.74622242930991,88.14695040504553,0.5093402049388295
210.0,82.14148404459824,88.81199538638984,81.33954154727793,91.67621776504298,76.01626016260161,85.69707919301415,69.16469194312799,75.87381516587678,74.64285714285714,83.10924369747899,76.6609669680926,85.03367024156054,68.24866310160427,79.11982975008185,72.64009428908173,83.68370298939249,73.3548766157462,84.50763807285547,74.18402185046092,87.19016729259133,78.70836917782967,87.85793289910286,73.42720500694456,84.47185420080481,75.04408598751857,84.75276222118268,0.5407134260161951,45.74468085106382,71.27659574468085,57.2368421052632,83.77192982456141,62.31884057971014,93.47826086956522,78.28282828282828,85.52188552188554,80.83333333333333,90.00000000000001,64.88330503043974,84.80973439213861,67.53246753246754,92.20779220779221,72.54901960784315,87.87878787878788,77.63157894736842,90.78947368421053,85.41666666666666,91.015625,89.91596638655463,94.11764705882354,78.60913982818008,91.20186516592284,71.74622242930991,88.00579977903072,0.5096131552682615
211.0,83.69857747020379,87.00499807766245,86.91260744985676,90.02865329512893,79.49412827461606,86.02830472749173,74.22985781990525,79.88744075829383,79.0126050420168,87.3529411764706,80.66955521131973,86.06046760700951,68.37280366692131,80.41307432063735,69.36676309868209,81.6629165327333,73.78965922444186,84.25616921269096,77.88835780129739,88.21099351314442,79.04633157183238,87.79034042030233,73.69278307263501,84.46669879990168,77.18116914197736,85.2635832034556,0.5253445810327085,45.74468085106382,71.27659574468085,56.35964912280704,83.33333333333334,78.98550724637681,92.7536231884058,75.25252525252525,85.18518518518519,85.83333333333333,90.00000000000001,68.43513916122124,84.50974749032105,67.53246753246754,92.20779220779221,73.52941176470588,87.87878787878788,77.63157894736842,90.78947368421053,87.5,91.015625,91.38655462184873,94.11764705882354,79.51600257327812,91.20186516592284,73.97557086724967,87.85580632812194,0.508580116186115
212.0,91.86851211072667,97.46251441753172,78.12320916905445,86.189111747851,82.20415537488705,87.86510087323094,75.17772511848344,80.61315165876776,74.64285714285714,81.05042016806723,80.40329178320175,86.63605977308973,67.80939648586708,81.60809778456837,73.13082610093214,84.29443908711026,71.78025851938898,82.60634547591069,77.34038921133492,88.34414475930352,77.59002089222074,87.31719306869854,73.53017824194879,84.83404403511828,76.96673501257527,85.73505190410401,0.5234411783404914,45.74468085106382,71.27659574468085,56.35964912280704,83.33333333333334,62.31884057971014,92.7536231884058,76.76767676767676,85.52188552188554,80.83333333333333,90.00000000000001,64.40483613091821,84.57708755766112,67.53246753246754,92.20779220779221,72.54901960784315,87.87878787878788,77.63157894736842,90.78947368421053,87.5,91.015625,91.38655462184873,94.11764705882354,79.31992414190557,91.20186516592284,71.8623801364119,87.88947636179198,0.507995981200943
213.0,88.73510188389082,94.34832756632065,84.26934097421204,89.55587392550143,81.57181571815715,89.46100572116833,68.21682464454979,76.54028436018957,80.39915966386553,86.09243697478992,80.63844857693508,87.19958570959398,68.35370511841099,81.44439594019425,75.42269366763097,85.44090860387871,72.43243243243246,83.12573443008226,78.13588255377262,89.16695117787641,77.44254639301955,88.19589529310556,74.3574520330533,85.47477708902743,77.49795030499419,86.33718139931071,0.522371582496962,45.74468085106382,71.27659574468085,56.35964912280704,83.77192982456141,62.31884057971014,93.47826086956522,78.28282828282828,85.52188552188554,80.83333333333333,90.00000000000001,64.70786643394851,84.80973439213861,67.53246753246754,92.20779220779221,74.50980392156865,87.87878787878788,77.63157894736842,90.78947368421053,87.5,91.015625,89.91596638655463,94.11764705882354,79.41796335759184,91.20186516592284,72.06291489577018,88.00579977903072,0.5075785746484097
214.0,88.21607074202231,96.53979238754326,83.26647564469914,86.01719197707737,81.75248419150857,85.84763625414031,74.08915876777255,77.66587677725119,76.02941176470588,83.78151260504202,80.67072022214168,85.97040200021084,66.40565317035905,75.85397795481829,71.49576770598948,83.20368584592308,75.6874265569918,84.44653349001175,76.65926937521338,85.25093888699215,77.05235344721643,88.84109622711073,73.46009405115403,83.51924648097119,77.06540713664785,84.74482424059102,0.5303712824812707,45.74468085106382,71.27659574468085,57.2368421052632,84.21052631578948,62.31884057971014,94.20289855072464,78.28282828282828,85.85858585858587,80.83333333333333,90.00000000000001,64.88330503043974,85.10972129395616,67.53246753246754,92.20779220779221,73.52941176470588,87.96791443850267,77.63157894736842,90.78947368421053,87.5,91.015625,89.91596638655463,94.11764705882354,79.22188492621929,91.21969047786578,72.05259497832952,88.16470588591096,0.5094180672870624
215.0,81.79546328335256,92.92579777008842,86.76934097421206,92.621776504298,77.46160794941281,84.94429388738331,73.47452606635073,80.99822274881518,77.58403361344536,82.64705882352942,79.41699437735471,86.82742994682287,65.67035905271199,76.23049219687876,71.33183327975998,81.45933783349405,75.6874265569918,86.15276145710928,80.8501194947081,90.55308979173779,82.30613248125846,90.19294580312155,75.16917417308608,84.91772541646829,77.2930842752204,85.87257768164558,0.5165178701537809,45.74468085106382,71.27659574468085,56.35964912280704,83.77192982456141,62.31884057971014,93.47826086956522,78.28282828282828,85.52188552188554,80.83333333333333,90.00000000000001,64.70786643394851,84.80973439213861,67.53246753246754,92.20779220779221,72.54901960784315,87.87878787878788,77.63157894736842,90.78947368421053,87.5,91.015625,91.38655462184873,94.11764705882354,79.31992414190557,91.20186516592284,72.01389528792704,88.00579977903072,0.5075532946451456
216.0,94.46366782006922,96.27066512879661,82.19914040114615,89.64183381088824,78.04878048780486,83.55916892502259,74.8000592417062,77.02902843601895,74.72689075630252,81.59663865546219,80.84770774140578,85.61946699123772,65.25019098548512,78.62872421695951,71.9822136504875,83.97942783670844,76.9858989424207,87.17978848413632,78.77261864117447,89.2932741550017,78.5608946786285,85.37544549588301,74.31036337963926,84.8913320377378,77.57903556052253,85.25539951448775,0.5302906542124618,45.74468085106382,71.27659574468085,56.35964912280704,83.33333333333334,70.65217391304348,92.7536231884058,75.25252525252525,85.52188552188554,80.83333333333333,90.00000000000001,65.76847249455457,84.57708755766112,67.53246753246754,92.08972845336483,73.52941176470588,87.78966131907309,77.63157894736842,90.78947368421053,87.5,91.015625,91.38655462184873,93.9075630252101,79.51600257327812,91.1184102963717,72.64223753391634,87.84774892701641,0.5057317813955094
217.0,86.31295655517111,91.92618223760091,83.12320916905446,86.26074498567336,78.906955736224,83.70972598614875,77.07345971563984,80.13921800947867,78.92857142857143,84.87394957983194,80.86903052093217,85.38196415974673,66.42475171886936,77.23453017570665,72.97117754205505,80.91074681238615,73.03172737955347,84.90951821386604,77.48207579378628,88.03687265278253,79.14157551923314,88.69362172790956,73.81026159069945,83.95705791653018,77.33964605581582,84.66951103813845,0.5417692208827212,45.74468085106382,71.27659574468085,69.7368421052632,84.21052631578948,62.31884057971014,94.20289855072464,78.28282828282828,85.85858585858587,80.83333333333333,90.83333333333334,67.38330503043974,85.27638796062283,68.18181818181817,92.08972845336483,72.54901960784315,87.70053475935828,78.94736842105264,90.78947368421053,89.58333333333333,91.015625,89.91596638655463,93.9075630252101,79.83550118612038,91.10058498442875,73.60940310828006,88.1884864725258,0.5083049248176964
218.0,93.25259515570936,95.96309111880046,79.69914040114614,87.73638968481374,73.9385727190605,84.94429388738331,76.40699052132703,79.739336492891,81.17647058823529,85.25210084033614,80.89475387709567,86.72704240484494,70.89381207028265,83.19600567499727,68.87281688631735,81.59862852244723,73.89541715628674,82.58989424206817,79.02014339364972,88.702628883578,77.14759739461718,90.75211994592603,73.96595738023072,85.36785545380334,77.4303556286632,86.04744892932413,0.5215307169241886,45.74468085106382,71.27659574468085,68.85964912280706,83.77192982456141,62.31884057971014,94.20289855072464,78.28282828282828,85.85858585858587,80.83333333333333,90.00000000000001,67.20786643394852,85.02200199571055,68.18181818181817,92.08972845336483,73.52941176470588,87.70053475935828,77.63157894736842,90.78947368421053,89.58333333333333,91.015625,89.91596638655463,93.9075630252101,79.76842172275607,91.10058498442875,73.48814407835229,88.06129349006966,0.50493228902731
219.0,93.4256055363322,96.38600538254518,85.90974212034385,90.22922636103152,72.9448961156278,82.74616079494128,73.2375592417062,80.82049763033176,84.8109243697479,87.43697478991596,82.06574547675159,87.52377299175313,69.84339190221543,81.47713630906908,69.36569163184396,83.49941069323906,75.42303172737958,85.08813160987073,81.09764424718334,90.5155343120519,81.24001474744993,89.60304780631682,75.39395485121445,86.0366521461095,78.72985016398302,86.78021256893132,0.5085352167347039,45.74468085106382,71.27659574468085,68.85964912280706,83.77192982456141,62.31884057971014,94.20289855072464,75.25252525252525,85.85858585858587,80.83333333333333,90.00000000000001,66.60180582788792,85.02200199571055,68.18181818181817,92.08972845336483,73.52941176470588,87.78966131907309,77.63157894736842,90.78947368421053,87.5,91.015625,89.91596638655463,93.9075630252101,79.35175505608943,91.1184102963717,72.97678044198867,88.07020614604113,0.502567020045708
220.0,92.560553633218,97.30872741253364,86.62607449856735,90.6590257879656,81.16531165311652,83.07738632941884,71.43809241706163,80.18364928909952,78.27731092436974,86.21848739495798,82.01346862526665,87.48945524279512,71.12299465240642,82.2465349776274,70.35358405657344,81.59434265509482,73.25499412455937,82.98942420681553,78.92284055991806,88.30317514510072,79.43652451763549,88.97628118471181,74.61818758221855,84.82195163387006,78.3158281037426,86.15570343833258,0.5110519713311155,45.74468085106382,72.3404255319149,56.35964912280704,83.77192982456141,62.31884057971014,92.7536231884058,75.25252525252525,85.85858585858587,80.83333333333333,90.00000000000001,64.10180582788792,84.9449128806936,68.18181818181817,92.20779220779221,73.52941176470588,87.78966131907309,77.63157894736842,90.78947368421053,87.5,91.015625,92.85714285714285,93.9075630252101,79.93999035020707,91.14202304725718,72.02089808904749,88.04346796397539,0.503998822941992
221.0,89.0811226451365,94.8481353325644,84.12607449856735,89.75644699140402,79.49412827461605,83.34838903944593,72.66735781990523,80.74644549763033,79.74789915966386,89.28571428571428,81.0233164795778,87.5970262293518,67.4751718869366,80.0774855396704,72.96260580735023,84.80874316939891,75.74030552291426,84.73325499412456,79.71833390235575,89.00648685558211,83.37225021506698,90.44488140592355,75.85373346692475,85.8141703929399,78.43852497325128,86.70559831114585,0.5055212987765451,45.74468085106382,71.27659574468085,68.85964912280706,83.77192982456141,70.65217391304348,93.47826086956522,75.25252525252525,85.85858585858587,85.83333333333333,90.00000000000001,69.26847249455457,84.87707445947868,68.83116883116884,92.20779220779221,74.50980392156865,87.70053475935828,77.63157894736842,90.78947368421053,87.5,91.015625,92.85714285714285,93.9075630252101,80.26593891144975,91.12419773531423,74.76720570300216,88.00063609739645,0.5020966721181843
222.0,93.25259515570936,96.88581314878893,83.55300859598854,89.74212034383955,78.2746160794941,81.33092442035532,71.91202606635073,79.20616113744077,79.05462184873949,87.14285714285714,81.20937354925644,86.86157523865634,69.38502673796792,80.0502018989414,72.15150541090752,84.27729561770063,74.27732079905995,85.6521739130435,80.30215090474564,89.7405257767156,80.21691040924175,88.60759493670886,75.26658285238456,85.665558428622,78.23797820082049,86.26356683363917,0.518428245409665,45.74468085106382,72.3404255319149,68.85964912280706,83.77192982456141,70.65217391304348,94.20289855072464,75.25252525252525,85.85858585858587,80.83333333333333,90.00000000000001,68.26847249455457,85.23476795315736,68.18181818181817,92.20779220779221,74.50980392156865,87.70053475935828,78.94736842105264,90.69548872180452,89.58333333333333,91.015625,89.91596638655463,93.9075630252101,80.2276580488655,91.10540074283303,74.24806527171003,88.17008434799519,0.5011720818189307
223.0,87.00499807766245,95.57862360630527,81.76934097421204,84.35530085959887,80.5329719963866,85.24540800963565,73.85219194312799,80.15402843601895,76.02941176470588,83.57142857142857,79.837782951219,85.78095789659747,66.82582123758594,79.7637236712867,72.80617164898744,83.6108432444016,73.41363102232671,84.57344300822561,79.70979856606351,89.0030727210652,81.82069558805458,87.37249600589898,74.91522361260363,84.86471573017562,77.37650328191131,85.32283681338654,0.5259128522297893,45.74468085106382,72.3404255319149,68.85964912280706,84.64912280701753,62.31884057971014,94.20289855072464,78.28282828282828,86.1952861952862,80.83333333333333,90.83333333333334,67.20786643394852,85.64421328365532,68.18181818181817,92.20779220779221,74.50980392156865,87.70053475935828,80.26315789473686,90.78947368421053,89.58333333333333,91.015625,89.91596638655463,93.9075630252101,80.49081594360231,91.12419773531423,73.84934118877541,88.38420550948477,0.5028771278145352
224.0,82.48750480584391,94.42522106881968,87.19914040114615,93.71060171919771,78.27461607949411,85.57663354411321,71.29739336492894,73.5781990521327,73.8655462184874,85.54621848739495,78.6248401739801,86.56737477433167,67.79029793735675,80.86325439266615,71.65970213221897,82.53723347262402,74.6533490011751,82.95652173913044,78.97575964493002,89.2249914646637,80.3121543566425,89.78739093031828,74.67825261446467,85.07387839988051,76.65154639422238,85.82062658710609,0.5237283172131968,45.74468085106382,72.3404255319149,69.7368421052632,84.64912280701753,62.31884057971014,94.20289855072464,78.28282828282828,86.1952861952862,80.83333333333333,90.83333333333334,67.38330503043974,85.64421328365532,68.18181818181817,92.20779220779221,74.50980392156865,87.70053475935828,80.26315789473686,90.69548872180451,89.58333333333333,91.015625,89.91596638655463,93.9075630252101,80.49081594360231,91.10540074283303,73.93706048702103,88.37480701324418,0.5031256277263418
225.0,93.94463667820072,95.57862360630527,82.83667621776506,89.45558739255014,79.7199638663053,83.67961457392352,68.55005924170618,71.53436018957346,81.21848739495799,89.5798319327731,81.25396467978706,85.96560353902511,63.13980137509548,79.58092327840227,73.61834351226828,86.48666023786564,73.90129259694478,84.25616921269096,78.53362922499146,87.18675315807442,80.89283519724715,89.16062430871328,74.01718038130943,85.33422603914933,77.63557253054825,85.64991478908722,0.5222106125805168,45.74468085106382,72.3404255319149,68.85964912280706,84.21052631578948,62.31884057971014,94.20289855072464,78.28282828282828,85.85858585858587,80.83333333333333,90.83333333333334,67.20786643394852,85.48915391806963,68.18181818181817,92.20779220779221,74.50980392156865,87.70053475935828,78.94736842105263,90.60150375939851,89.58333333333333,91.015625,91.38655462184873,93.9075630252101,80.5217756959243,91.08660375035183,73.86482106493642,88.28787883421073,0.5032191112038821
226.0,89.42714340638219,96.88581314878893,87.55014326647566,90.30085959885388,85.04968383017162,88.01565793435712,76.12559241706164,79.8281990521327,79.05462184873949,80.75630252100841,83.44143695376611,87.15736645102821,70.26355996944231,81.40074211502784,72.96903460837886,83.72656166291652,75.29964747356055,83.18683901292597,78.53362922499146,87.77398429498122,74.76342632419811,89.5108762443161,74.36585952011426,85.11980066603353,78.90364823694019,86.13858355853087,0.5139750949007342,45.74468085106382,72.3404255319149,68.85964912280706,83.33333333333334,78.98550724637681,92.7536231884058,75.25252525252525,85.85858585858587,85.83333333333333,90.00000000000001,70.93513916122126,84.85719358244799,68.83116883116884,92.3258559622196,74.50980392156865,87.70053475935828,76.31578947368422,90.78947368421053,87.5,91.015625,92.85714285714285,93.9075630252101,80.00278101671292,91.1478104861997,75.4689600889671,88.00250203432384,0.5026395394509828
227.0,84.39061899269514,95.77085736255286,88.69627507163325,92.40687679083095,73.57723577235771,84.52273411623004,79.34686018957349,83.38270142180096,76.11344537815125,83.0672268907563,80.42488708088217,87.83007931643422,68.87891520244462,82.29291716686674,71.33076181292188,84.34801242901533,74.54759106933024,85.35370152761456,77.94127688630932,88.10174120860361,83.37225021506698,90.78898857072632,75.2141590372146,86.17707218056532,77.81952305904838,87.00357574849977,0.5060866725411194,45.74468085106382,72.3404255319149,68.85964912280706,83.77192982456141,70.65217391304348,94.20289855072464,78.28282828282828,86.53198653198653,80.83333333333333,90.83333333333334,68.8745331006152,85.53611475450415,68.18181818181817,92.3258559622196,74.50980392156865,87.70053475935828,78.94736842105263,90.60150375939851,89.58333333333333,91.015625,91.38655462184873,93.9075630252101,80.5217756959243,91.1102165012373,74.69815439826975,88.32316562787074,0.5022678384029026
228.0,87.52402921953095,95.07881584006152,83.98280802292265,88.6676217765043,81.57181571815715,86.35953026196927,73.85219194312799,77.57701421800948,79.57983193277312,86.21848739495799,81.30213536730237,86.78029389830053,66.91176470588235,78.7705991487504,71.16575591985426,83.82513661202185,75.09988249118686,83.74383078730905,80.64697849095255,89.6893137589621,82.8868133218631,90.44488140592357,75.34223898594783,85.2947523425934,78.3221871766251,86.03752312044696,0.5227314747517029,45.74468085106382,72.3404255319149,69.7368421052632,84.64912280701753,62.31884057971014,94.20289855072464,78.28282828282828,86.1952861952862,80.83333333333333,90.83333333333334,67.38330503043974,85.64421328365532,68.83116883116884,92.3258559622196,74.50980392156865,87.70053475935828,80.26315789473686,90.69548872180451,89.58333333333333,91.015625,89.91596638655463,93.9075630252101,80.62068607347246,91.12901349371849,74.0019955519561,88.3866133886869,0.5034901912324755
229.0,90.29219530949636,95.54017685505575,81.48280802292265,85.41547277936964,81.75248419150856,88.25654923215899,73.85219194312799,75.13329383886257,82.6470588235294,87.14285714285714,82.00534765811699,86.29766996966082,69.2990832696715,82.42115027829313,72.96796314154075,84.13586199507125,75.58754406580495,83.9764982373678,78.92284055991806,87.93103448275862,84.10040555487282,89.38183605751506,76.17556731836162,85.56927621020117,79.09045748823931,85.933473089931,0.5183912118969379,45.74468085106382,72.3404255319149,68.85964912280706,83.33333333333334,78.98550724637681,92.7536231884058,75.25252525252525,86.1952861952862,85.83333333333333,90.00000000000001,70.93513916122126,84.92453364978806,69.48051948051948,92.3258559622196,74.50980392156865,87.61140819964349,80.26315789473686,90.60150375939851,89.58333333333333,91.015625,92.85714285714285,93.9075630252101,81.33879149746022,91.09239118929433,76.13696532934074,88.00846241954119,0.5000472246549125
230.0,89.25413302575934,95.8477508650519,83.55300859598856,87.75071633237822,83.01716350496837,87.77476663655524,73.2375592417062,80.22808056872039,78.23529411764706,83.99159663865545,81.45943169721392,87.11858220827223,64.87776928953399,74.67532467532467,71.00932176149146,82.23936569163185,74.87074030552294,82.97767332549941,82.08774325708433,91.29395698190508,79.42730736143542,88.6997664987096,74.45457639501362,83.97721743461412,77.95700404611377,85.54789982144317,0.5157143939618412,45.74468085106382,72.3404255319149,68.85964912280706,83.77192982456141,78.98550724637681,92.7536231884058,80.80808080808079,85.85858585858587,85.83333333333333,90.00000000000001,72.04625027233236,84.9449128806936,69.48051948051948,92.3258559622196,74.50980392156865,87.61140819964349,78.94736842105263,90.60150375939851,89.58333333333333,91.015625,92.85714285714285,93.9075630252101,81.07563360272339,91.09239118929433,76.56094193752787,88.01865203499396,0.4962506536719025
231.0,94.46366782006922,98.11610918877355,85.19340974212037,91.87679083094555,79.49412827461606,84.94429388738331,83.93809241706165,88.78850710900473,79.66386554621849,86.9327731092437,84.55063276001715,90.13169482507017,67.79029793735675,83.50976754338099,74.60195006964531,87.11025393764064,76.76850763807288,86.19271445358403,77.69375213383407,88.72652782519631,81.52574658965221,89.71979845151776,75.67605087371224,87.05181244226395,80.1133418168647,88.59175363366705,0.4857058151388852,45.74468085106382,72.3404255319149,68.85964912280706,84.21052631578947,78.98550724637681,92.7536231884058,80.80808080808079,86.1952861952862,85.83333333333333,90.83333333333334,72.04625027233236,85.26663891294595,69.48051948051948,92.44391971664699,74.50980392156865,87.61140819964349,80.26315789473686,90.60150375939851,89.58333333333333,91.015625,91.38655462184873,93.9075630252101,81.04467385040141,91.11600394017981,76.54546206136689,88.19132142656288,0.4952516402709451
232.0,88.562091503268,92.19530949634756,84.55587392550143,90.60171919770774,78.27461607949411,83.61939174947305,71.67505924170618,81.76836492890996,80.48319327731093,87.6890756302521,80.71016680545613,87.17477220053809,67.89533995416348,79.60275019098549,72.1515054109075,83.60012857602057,74.8178613396005,84.59929494712102,79.91293956981906,89.73028337316491,81.67322108885338,89.34496743271477,75.29017347266878,85.37548490400135,78.00017013906245,86.27512855226972,0.5048153709725184,45.74468085106382,72.3404255319149,68.85964912280706,84.64912280701753,62.31884057971014,94.20289855072464,78.28282828282828,86.1952861952862,80.83333333333333,90.83333333333334,67.20786643394852,85.64421328365532,69.48051948051948,92.3258559622196,74.50980392156865,87.61140819964349,80.26315789473686,90.60150375939851,89.58333333333333,91.015625,91.38655462184873,93.9075630252101,81.04467385040141,91.09239118929433,74.12627014217497,88.36830223647482,0.5008480931787905
233.0,89.25413302575934,96.69357939254132,81.91260744985675,86.67621776504298,78.68112014453476,83.07738632941884,78.16202606635073,82.18305687203791,79.05462184873949,82.43697478991596,81.41290170704822,86.2134430297914,68.22956455309397,80.62042999017788,69.6999892853316,81.6564877317047,76.55111633372506,84.7144535840188,81.93752133834074,90.4165244110618,79.62701241243701,90.9364630699275,75.20904078458567,85.66887175737813,78.31097124581694,85.94115739358477,0.5068554233271438,45.74468085106382,72.3404255319149,68.85964912280706,84.21052631578947,70.65217391304348,94.20289855072464,75.25252525252525,86.53198653198653,80.83333333333333,90.83333333333334,68.26847249455457,85.62383405274977,69.48051948051948,92.44391971664699,74.50980392156865,87.61140819964349,80.26315789473686,90.60150375939851,89.58333333333333,91.015625,91.38655462184873,93.9075630252101,81.04467385040141,91.11600394017981,74.65657317247799,88.36991899646479,0.4976969900938815
234.0,94.63667820069207,97.23183391003461,87.34240687679088,94.35530085959886,81.16531165311652,87.98554652213187,78.87292654028438,82.760663507109,75.37815126050418,83.15126050420169,83.4790949062776,89.0969210606152,68.43964858670742,79.09527447342572,73.78870673952638,85.64663023679418,76.28084606345479,86.95417156286722,78.58654831000342,89.70638443154661,79.86973085903895,87.63057637950105,75.39309611174619,85.80660741682695,79.43609550901189,87.45176423872107,0.49112212321346616,45.74468085106382,73.40425531914893,68.85964912280706,84.21052631578947,70.65217391304348,94.20289855072464,75.25252525252525,86.53198653198653,80.83333333333333,90.83333333333334,68.26847249455457,85.83660001019659,69.48051948051948,92.44391971664699,74.50980392156865,87.61140819964349,80.26315789473686,90.60150375939851,89.58333333333333,91.015625,91.38655462184873,93.9075630252101,81.04467385040141,91.11600394017981,74.65657317247799,88.47630197518819,0.49699792654927066
235.0,89.60015378700503,94.42522106881968,88.63180515759315,88.78223495702007,82.97199638663051,83.73983739837398,78.39899289099527,84.77488151658767,76.80672268907563,85.88235294117648,83.28193418225992,87.52090557639558,69.17494270435446,78.49776274146022,72.80510018214935,83.45440908603878,77.30904817861342,86.30787309048179,78.13588255377262,88.25879139638101,82.15865798205726,90.43259186432346,75.91672632018943,85.39028563573706,79.59933025122467,86.45559560606631,0.5051581920424715,45.74468085106382,72.3404255319149,68.85964912280706,85.08771929824562,62.31884057971014,94.20289855072464,78.28282828282828,86.1952861952862,80.83333333333333,90.83333333333334,67.20786643394852,85.73193258190095,69.48051948051948,92.44391971664699,75.49019607843137,87.61140819964349,80.26315789473686,90.50751879699249,89.58333333333333,91.015625,88.4453781512605,93.9075630252101,80.6525169876563,91.09720694769861,73.9301917108024,88.41456976479978,0.49744127425814744
236.0,93.59861591695504,94.65590157631681,86.05300859598856,93.92550143266475,78.90695573622399,87.68443239987955,72.52665876777253,79.69490521327015,78.92857142857143,86.59663865546219,82.00276208910232,88.51147585551868,68.64973262032086,78.84972170686456,74.44123004393012,84.98446373084754,73.68390129259697,85.47826086956522,79.95732331853877,88.0778422669853,78.60390807422884,87.89480152390317,75.06721906992311,85.05701801963316,78.53499057951271,86.78424693757592,0.5070786633516092,45.74468085106382,73.40425531914893,68.85964912280706,85.96491228070175,62.31884057971014,94.20289855072464,79.79797979797978,86.1952861952862,80.83333333333333,90.83333333333334,67.51089673697882,86.12013713583897,70.77922077922078,92.56198347107437,75.49019607843137,87.61140819964349,81.57894736842107,90.50751879699249,89.58333333333333,91.015625,88.4453781512605,93.9075630252101,81.1754151421334,91.12081969858409,74.34315593955611,88.62047841721153,0.49829303217658844
237.0,84.04459823144947,95.6555171088043,87.05587392550146,94.45558739255016,86.90153568202345,86.93164709424872,80.05776066350714,81.85722748815166,79.74789915966386,88.10924369747899,83.56153353242907,89.40184455624676,67.66615737203972,81.17974462512278,72.47937426336652,82.5950926818815,72.76145710928321,83.14923619271445,81.78729941959713,90.58040286787299,81.57797714145264,91.95649502273564,75.25445306114784,85.89219427806547,79.40799329678845,87.64701941715612,0.48337203794093825,45.74468085106382,73.40425531914893,68.85964912280706,84.21052631578947,70.65217391304348,94.20289855072464,75.25252525252525,86.53198653198653,80.83333333333333,90.83333333333334,68.26847249455457,85.83660001019659,69.48051948051948,92.44391971664699,74.50980392156865,87.61140819964349,80.26315789473686,90.50751879699249,89.58333333333333,91.015625,89.91596638655463,93.9075630252101,80.75055620334258,91.09720694769861,74.50951434894858,88.4669034789476,0.49457858048167547
238.0,95.50173010380625,98.6159169550173,87.77220630372496,89.68481375358166,80.30713640469736,86.72086720867209,79.9614928909953,86.75947867298578,81.82773109243698,87.26890756302522,85.07405935913218,89.8099968306564,70.72192513368984,82.23289315726291,72.64223722275793,82.74509803921568,74.75910693301999,85.5346650998825,78.82553772618641,88.9621031068624,81.43050264225144,89.4862971611159,75.67586193158112,85.79221131286786,80.37496064535665,87.80110407176213,0.48844991659308773,45.74468085106382,72.3404255319149,68.85964912280706,85.08771929824562,62.31884057971014,94.20289855072464,79.79797979797978,86.53198653198653,80.83333333333333,90.83333333333334,67.51089673697882,85.79927264924102,69.48051948051948,92.79811097992916,74.50980392156865,87.61140819964349,80.26315789473686,90.50751879699249,89.58333333333333,91.015625,88.4453781512605,93.9075630252101,80.45643855628376,91.16804520035505,73.98366764663129,88.48365892479804,0.5002708955765116
239.0,84.04459823144947,92.2722029988466,86.76934097421206,93.19484240687679,79.08762420957541,81.5718157181572,72.1489928909953,80.1095971563981,81.91176470588233,86.1344537815126,80.7924642024229,86.65658241235825,64.8968678380443,78.28495034377387,74.44123004393013,84.8901746490946,75.47003525264397,86.8437132784959,79.1259815636736,89.75759644930011,79.58399901683669,90.30355167752242,74.70362274302573,86.01599727963739,77.74804347272432,86.33628984599781,0.5021551477240809,45.74468085106382,73.40425531914893,68.85964912280706,84.64912280701755,78.98550724637681,93.47826086956522,75.25252525252525,86.53198653198653,80.83333333333333,90.83333333333334,69.93513916122126,85.7793917722103,69.48051948051948,92.79811097992916,74.50980392156865,87.61140819964349,80.26315789473686,90.41353383458647,89.58333333333333,91.015625,92.85714285714285,93.9075630252101,81.33879149746022,91.14924820787385,75.63696532934074,88.46431999004207,0.49770103567088275
240.0,86.83198769703961,93.11803152633603,83.83954154727795,86.44699140401147,81.97831978319782,86.84131285757303,74.22985781990523,82.0053317535545,80.44117647058823,86.59663865546219,81.46417666360176,87.00166123938745,68.68792971734148,79.7746371275783,72.3090110361084,85.56305582342226,75.84018801410109,84.10105757931846,77.14578354387162,88.18026630249233,76.02924910900825,86.64741305149317,74.00243228408617,84.85328597686092,77.73330447384396,85.92747360812419,0.5182903660631804,45.74468085106382,72.3404255319149,68.85964912280706,84.64912280701755,78.98550724637681,92.7536231884058,80.80808080808079,86.1952861952862,85.83333333333333,90.83333333333334,72.04625027233236,85.35435821119157,69.48051948051948,92.79811097992916,74.50980392156865,87.61140819964349,80.26315789473686,90.41353383458647,89.58333333333333,91.015625,92.85714285714285,93.69747899159664,81.33879149746022,91.10723140115115,76.69252088489628,88.23079480617136,0.49759810235744945
241.0,89.60015378700503,97.57785467128028,81.91260744985675,90.84527220630373,82.56549232158986,88.76844323998796,77.21415876777255,82.73104265402844,77.58403361344538,84.66386554621849,81.77528918793391,88.91729566356378,70.57868601986247,82.42660700643893,74.2772956177006,84.19372120432872,77.31492361927148,84.74500587544067,80.94742232843973,91.55343120518948,80.98807914464791,91.15153004792921,76.82128134598445,86.8140590678654,79.29828526695917,87.86567736571459,0.47368682484731645,45.74468085106382,72.3404255319149,68.85964912280706,84.64912280701755,78.98550724637681,93.47826086956522,80.80808080808079,86.1952861952862,85.83333333333333,90.83333333333334,72.04625027233236,85.49928574742344,69.48051948051948,92.79811097992916,74.50980392156865,87.70053475935828,80.26315789473686,90.41353383458647,89.58333333333333,91.015625,92.85714285714285,93.69747899159664,81.33879149746022,91.12505671309411,76.69252088489628,88.31217123025877,0.4949134081058759
242.0,89.60015378700503,95.73241061130334,89.98567335243554,91.432664756447,84.82384823848237,87.83498946100573,79.4875592417062,82.5829383886256,82.6050420168067,89.87394957983193,85.30045532728717,89.49139055944272,69.17494270435446,81.41438393539234,70.18536376299151,81.81720775741991,76.93301997649826,83.34665099882491,79.1259815636736,90.91157391601229,80.40739830404327,88.50927860390807,75.16534126231224,85.1998190423115,80.2328982947997,87.34560480087711,0.4900476609543291,45.74468085106382,73.40425531914893,68.85964912280706,85.08771929824562,78.98550724637681,94.20289855072464,75.25252525252525,86.53198653198653,80.83333333333333,90.83333333333334,69.93513916122126,86.01203860668781,69.48051948051948,92.68004722550178,74.50980392156865,87.6114081996435,80.26315789473686,90.41353383458647,89.58333333333333,91.015625,91.38655462184873,93.69747899159664,81.04467385040141,91.08361865026568,75.48990650581133,88.54782862847674,0.4951087167857533
243.0,94.98269896193774,96.2322183775471,83.98280802292265,90.20057306590257,82.15898825654921,87.14242697982536,77.21415876777255,81.85722748815165,81.09243697478992,86.30252100840336,83.88621819679442,88.34699338396601,69.63330786860199,83.90265196987886,73.62262937962068,84.16157719918569,77.69095182138662,85.64512338425382,81.29224991464663,89.6346876066917,81.1355536438491,89.63377166031708,76.674938525621,86.59556236406543,80.28057836120772,87.47127787401573,0.49113573791247817,45.74468085106382,72.3404255319149,68.85964912280706,85.52631578947368,62.31884057971014,94.20289855072464,79.79797979797978,86.1952861952862,80.83333333333333,90.83333333333334,67.51089673697882,85.81965188014655,69.48051948051948,92.79811097992916,74.50980392156865,87.70053475935828,80.26315789473686,90.41353383458647,89.58333333333333,91.015625,91.38655462184873,93.69747899159664,81.04467385040141,91.12505671309411,74.27778529369012,88.47235429662032,0.5012288743022651
244.0,95.15570934256058,98.96193771626297,85.41547277936962,90.40114613180515,79.08762420957541,84.5829569406805,75.84419431279625,78.73222748815166,77.62605042016806,84.6218487394958,82.62581021289398,87.46002340327922,72.38349885408708,82.00098221106624,73.45655201971498,86.58309225329477,75.5229142185664,87.07403055229143,78.38340730624788,90.0102424035507,78.8988570726312,89.21592724591375,75.72904589424951,86.97685493322338,79.17742805357175,87.21843916825131,0.49248303802709337,45.74468085106382,73.40425531914893,68.85964912280706,85.08771929824562,62.31884057971014,94.20289855072464,76.76767676767676,86.1952861952862,80.83333333333333,90.83333333333334,66.90483613091823,85.94469853934774,69.48051948051948,92.79811097992916,74.50980392156865,87.6114081996435,80.26315789473686,90.41353383458647,89.58333333333333,91.015625,91.38655462184873,93.69747899159664,81.04467385040141,91.10723140115115,73.97475499065982,88.52596497024945,0.4980853677812736
245.0,94.98269896193774,97.80853517877739,86.76934097421204,90.85959885386819,84.2366757000903,89.15989159891599,81.00562796208534,80.73163507109004,77.5,84.95798319327731,84.89886871966509,88.70352877918579,70.05347593582887,80.3366801265961,73.45655201971498,82.66580949319618,74.97649823736782,85.92009400705054,80.55821099351316,88.9894161829976,78.8988570726312,89.24665109991396,75.5887188518112,85.43173018195088,80.24379378573815,87.06762948056834,0.4964379088273848,45.74468085106382,73.40425531914893,68.85964912280706,84.64912280701755,78.98550724637681,94.20289855072464,75.25252525252525,86.1952861952862,80.83333333333333,90.83333333333334,69.93513916122126,85.85697924110214,69.48051948051948,92.79811097992916,74.50980392156865,87.70053475935828,80.26315789473686,90.50751879699249,89.58333333333333,91.015625,92.85714285714285,93.69747899159664,81.33879149746022,91.14385370557531,75.63696532934074,88.50041647333873,0.49748899895381116
246.0,96.02076124567476,98.88504421376393,86.76934097421206,93.03724928366762,83.15266485998191,84.61306835290574,75.03702606635073,81.51658767772511,79.74789915966386,88.4453781512605,84.14553846117667,89.29946553586458,64.96371275783041,79.42813489031975,72.80724311582554,83.67727418836387,74.97649823736782,84.31257344300822,79.07306247866165,88.84943666780471,81.37827209045103,90.22981442792185,74.63975773602729,85.29944672348367,79.39264809860198,87.29945612967413,0.4860130015271162,45.74468085106382,73.40425531914893,68.85964912280706,85.08771929824562,70.65217391304348,94.20289855072464,76.76767676767676,86.1952861952862,80.83333333333333,90.83333333333334,68.57150279758488,85.94469853934774,69.48051948051948,92.79811097992916,74.50980392156865,87.70053475935828,80.26315789473686,90.50751879699249,89.58333333333333,91.015625,92.85714285714285,93.69747899159664,81.33879149746022,91.14385370557531,74.95514714752255,88.54427612246153,0.49848632066316834
247.0,94.29065743944638,97.15494040753558,88.83954154727796,96.97707736389685,80.5329719963866,84.01084010840107,74.8000592417062,82.2867298578199,77.54201680672269,81.17647058823529,83.20104940630797,88.32121166517774,70.36860198624905,83.69256793626542,74.27729561770062,84.69088181720775,76.38660399529968,84.98002350176263,80.34653465346534,90.512120177535,79.92196141083939,91.27442546393021,76.26019953271081,87.0300037793402,79.7306244695094,87.67560772225897,0.48528269363629184,45.74468085106382,73.40425531914893,68.85964912280706,85.52631578947368,62.31884057971014,94.20289855072464,79.79797979797978,86.1952861952862,80.83333333333333,90.83333333333334,67.51089673697882,86.03241783759336,69.48051948051948,92.79811097992916,74.50980392156865,87.6114081996435,80.26315789473686,90.41353383458647,89.58333333333333,91.015625,91.38655462184873,93.69747899159664,81.04467385040141,91.10723140115115,74.27778529369012,88.56982461937226,0.5012654890550663
248.0,95.15570934256058,97.77008842752788,82.77220630372494,89.16905444126074,80.93947606142726,84.34206564287867,75.22956161137444,79.14691943127963,77.54201680672269,84.15966386554622,82.32779402516198,86.91755836169862,67.85714285714286,80.16206482593037,74.60516447015962,83.8658523518697,74.17156286721507,84.63454759106935,76.80095595766474,89.36838511437351,80.65011675064521,89.60304780631684,74.81698858056549,85.52677953791195,78.57239130286374,86.22216894980528,0.49790868901827556,45.74468085106382,73.40425531914893,68.85964912280706,85.52631578947368,62.31884057971014,94.20289855072464,74.24242424242425,86.1952861952862,80.83333333333333,90.83333333333334,66.39978562586772,86.03241783759336,69.48051948051948,92.91617473435655,74.50980392156865,87.6114081996435,80.26315789473686,90.50751879699249,89.58333333333333,91.015625,91.38655462184873,93.69747899159664,81.04467385040141,91.14964114451784,73.72222973813456,88.5910294910556,0.5039450378297643
249.0,93.25259515570936,97.15494040753556,83.34527220630372,90.30085959885386,82.15898825654921,83.19783197831978,79.58382701421803,88.27014218009478,75.46218487394958,81.1344537815126,82.76057350134597,88.01164558926334,68.96485867074102,79.47997380770491,70.35036965605912,82.56509161041467,77.52643948296125,88.25616921269095,80.25776715602595,89.73028337316492,82.79156937446234,89.46171807791569,75.97820086804992,85.89864721637824,79.36938718469796,86.95514640282079,0.48889703809672214,45.74468085106382,73.40425531914893,68.85964912280706,85.08771929824562,62.31884057971014,94.20289855072464,79.79797979797978,86.1952861952862,80.83333333333333,90.83333333333334,67.51089673697882,85.94469853934774,69.48051948051948,92.91617473435655,74.50980392156865,87.6114081996435,80.26315789473686,90.60150375939851,89.58333333333333,91.015625,92.85714285714285,93.69747899159664,81.33879149746022,91.16843813699904,74.42484411721952,88.55656833817339,0.5008643583489291
250.0,95.32871972318343,99.00038446751249,82.48567335243555,86.56160458452722,81.12014453477866,85.90785907859079,77.40669431279623,81.51658767772513,81.99579831932773,88.31932773109243,83.66740604850432,88.26115270788961,68.58288770053476,81.84546545891082,73.61941497910637,86.01735776277724,77.36780258519391,85.9882491186839,83.41413451689998,92.68009559576647,83.9621482118717,89.22821678751383,77.38927759872135,87.15187694473045,80.52834182361283,87.70651482631003,0.47847850351320503,45.74468085106382,73.40425531914893,68.85964912280706,85.08771929824562,70.65217391304348,94.20289855072464,76.76767676767676,85.85858585858587,80.83333333333333,90.83333333333334,68.57150279758488,85.87735847200767,70.12987012987011,92.91617473435655,75.49019607843137,87.6114081996435,80.26315789473686,90.50751879699249,89.58333333333333,91.015625,92.85714285714285,93.69747899159664,81.6647400587029,91.14964114451784,75.1181214281439,88.51349980826276,0.49630697315310185
251.0,94.11764705882354,96.0399846212995,87.34240687679085,91.4756446991404,80.48780487804875,86.51008732309546,77.68809241706164,82.27191943127961,83.38235294117648,86.1344537815126,84.60366083438024,88.48641797126552,70.28265851795264,77.85386882025537,73.95478409943209,83.75013393335476,77.47943595769685,84.68390129259696,83.12222601570501,90.716968248549,80.89283519724717,88.55843677030846,77.14638795760675,85.1126618130129,80.87502439599349,86.79953989213922,0.4950805298025118,45.74468085106382,73.40425531914893,68.85964912280706,85.5263157894737,62.31884057971014,94.20289855072464,78.28282828282828,86.1952861952862,80.83333333333333,90.83333333333334,67.20786643394852,86.03241783759336,69.48051948051948,92.91617473435655,74.50980392156865,87.6114081996435,80.26315789473686,90.60150375939851,89.58333333333333,91.015625,92.85714285714285,93.69747899159664,81.33879149746022,91.16843813699904,74.27332896570437,88.6004279872962,0.4992979289295996
252.0,95.15570934256058,97.4240676662822,86.48280802292265,89.4269340974212,81.75248419150857,87.14242697982534,74.89632701421802,77.94727488151659,81.91176470588233,83.15126050420169,84.03981865541843,87.0183928258494,68.98395721925134,81.5044199497981,72.63902282224362,83.34297653487624,76.60399529964751,84.37132784958872,81.29224991464663,90.67258449982928,83.51972471426816,89.39412559911516,76.60778999401145,85.8570868866415,80.32380432471494,86.43773985624546,0.49714956277416783,45.74468085106382,73.40425531914893,68.85964912280706,85.08771929824562,78.98550724637681,94.20289855072464,75.25252525252525,85.85858585858587,80.83333333333333,90.83333333333334,69.93513916122126,85.87735847200767,70.12987012987011,92.91617473435655,75.49019607843137,87.6114081996435,78.94736842105263,90.60150375939851,87.5,91.14583333333333,92.85714285714285,93.69747899159664,80.9849154972994,91.1944798036657,75.46002732926033,88.53591913783669,0.4969776599816328
253.0,95.84775086505192,97.38562091503267,88.20200573065904,92.6647564469914,79.08762420957541,86.63053297199639,75.03702606635073,79.87263033175356,79.0126050420168,86.38655462184873,83.43740238273078,88.58801905752456,65.54621848739495,77.88388082505729,72.47937426336652,84.47015964855889,76.82138660399531,85.30669800235017,80.25776715602595,89.4947080914988,80.45041169964362,90.64765884232519,75.11103164208527,85.56062108195808,79.27421701240803,87.07432006974132,0.4881203781374346,45.74468085106382,73.40425531914893,68.85964912280706,85.08771929824562,70.65217391304348,94.20289855072464,78.28282828282828,85.85858585858587,80.83333333333333,90.83333333333334,68.8745331006152,85.87735847200767,70.77922077922078,92.91617473435655,75.49019607843137,87.6114081996435,80.26315789473686,90.50751879699249,89.58333333333333,91.14583333333333,92.85714285714285,93.69747899159664,81.79461018857303,91.1756828111845,75.33457164459412,88.52652064159608,0.49511755358705406
254.0,88.38908112264515,96.30911188004615,86.76934097421206,90.97421203438394,77.68744354110207,84.46251129177959,77.07345971563984,83.73815165876776,82.60504201680673,86.17647058823529,82.50487347408117,88.33209149064255,71.24713521772345,82.71308523409363,74.92981892210433,87.81742205078753,74.92949471210343,86.37837837837837,81.29224991464665,90.4335950836463,80.01720535824013,91.51407152513212,76.4831808249636,87.7713104544076,79.49402714952238,88.05170097252508,0.4892824957455486,45.74468085106382,73.40425531914893,68.85964912280706,85.96491228070175,62.31884057971014,94.20289855072464,79.79797979797978,86.1952861952862,80.83333333333333,90.83333333333334,67.51089673697882,86.12013713583897,70.12987012987013,92.91617473435655,75.49019607843137,87.6114081996435,80.26315789473686,90.50751879699249,89.58333333333333,91.14583333333333,91.38655462184873,93.69747899159664,81.37062241164408,91.1756828111845,74.44075957431144,88.64790997351173,0.49708301953868816
255.0,95.50173010380625,98.30834294502114,85.55873925501433,91.44699140401146,79.71996386630532,86.87142426979825,79.10989336492894,82.9531990521327,83.38235294117648,88.31932773109243,84.65453590624625,89.57985708041119,72.00152788388083,81.56990068754774,73.62477231329689,83.33011893281905,76.76850763807288,86.94947121034077,80.65551382724479,90.64868555821099,77.72827823522184,88.41710704190733,76.15571997954346,86.18305668616517,80.40512794289486,87.88145688328818,0.47633966978866615,45.74468085106382,73.40425531914893,68.85964912280706,86.40350877192982,62.31884057971014,94.20289855072464,79.79797979797978,86.1952861952862,80.83333333333333,90.83333333333334,67.51089673697882,86.20785643408458,71.42857142857143,92.91617473435655,75.49019607843137,87.6114081996435,80.26315789473686,90.50751879699249,89.58333333333333,91.14583333333333,89.91596638655463,93.69747899159664,81.3362450243255,91.1756828111845,74.42357088065216,88.69176962263454,0.496509441019411
256.0,94.63667820069206,97.00115340253748,87.48567335243554,92.36389684813754,81.52664859981932,88.8888888888889,76.45882701421803,81.85722748815166,79.74789915966386,86.17647058823529,83.97114526536576,89.25752744319018,66.80672268907563,79.49634399214231,74.1133611914711,85.3466195221258,75.69330199764984,85.2737955346651,80.6998975759645,88.35097302833731,80.25992380484209,92.98881651714392,75.51464145180061,86.29130971888289,79.74289335858319,87.77441858103654,0.4821947748210229,45.74468085106382,73.40425531914893,69.7368421052632,86.40350877192982,62.31884057971014,94.20289855072464,74.24242424242425,86.1952861952862,80.83333333333333,90.83333333333334,66.57522422235894,86.20785643408458,71.42857142857143,92.91617473435655,74.50980392156865,87.6114081996435,80.26315789473686,90.41353383458647,89.58333333333333,91.14583333333333,89.91596638655463,93.69747899159664,81.14016659295298,91.1568858187033,73.85769540765597,88.68237112639395,0.4995605288633578
257.0,84.2176086120723,93.15647827758555,87.77220630372493,93.29512893982807,75.15808491418245,83.67961457392352,76.08116113744077,82.68661137440758,82.6470588235294,85.92436974789916,81.17522395818996,87.74844058272876,66.91176470588233,79.6191203754229,72.63795135540553,84.42730097503484,75.52291421856641,85.67097532314925,83.01638784568112,90.46773642881529,80.40739830404327,90.53090819712426,75.69928328591574,86.1432082599093,78.43725362205285,86.94582442131903,0.488456359890845,45.74468085106382,73.40425531914893,68.85964912280706,85.96491228070175,70.65217391304348,94.20289855072464,78.28282828282828,86.1952861952862,80.83333333333333,90.83333333333334,68.8745331006152,86.12013713583897,72.07792207792208,92.91617473435655,75.49019607843137,87.70053475935828,80.26315789473686,90.50751879699249,89.58333333333333,91.015625,92.85714285714285,93.69747899159664,82.05435044831329,91.1674664564608,75.46444177446423,88.64380179614989,0.49493840548572576
258.0,94.11764705882354,96.34755863129566,88.05873925501434,92.07736389684813,83.60433604336042,85.75730201746461,76.69579383886258,83.54561611374407,81.17647058823529,85.54621848739495,84.73059735685925,88.65481182934948,69.84339190221543,83.14689512168503,73.45762348655308,83.91299689274618,78.33725029377206,87.01292596944772,83.36121543188803,90.51894844656879,81.04030969644835,88.14059235590513,77.20795816217539,86.54647175727058,80.96927775951733,87.60064179331003,0.48247245443437997,45.74468085106382,73.40425531914893,68.85964912280706,85.96491228070175,62.31884057971014,94.20289855072464,74.24242424242425,86.1952861952862,80.83333333333333,90.83333333333334,66.39978562586772,86.12013713583897,70.12987012987013,92.68004722550178,75.49019607843137,87.70053475935828,80.26315789473686,90.41353383458647,89.58333333333333,91.015625,92.85714285714285,93.69747899159664,81.6647400587029,91.10144396220863,74.03226284228532,88.6107905490238,0.5013376976128728
259.0,94.11764705882354,96.2322183775471,84.84240687679085,90.67335243553009,84.01084010840107,84.58295694068052,76.93276066350714,81.78317535545024,82.6470588235294,90.21008403361344,84.5101427062104,88.69635742856427,69.42322383498853,81.68722034268254,73.12761170041784,84.90731811850422,76.66274970622798,86.86486486486487,79.61249573233187,89.6073745305565,81.28302814305027,93.8367948875507,76.0218218234033,87.38071454883176,80.26598226480685,88.03853598869802,0.47456170219957344,45.74468085106382,73.40425531914893,68.85964912280706,85.96491228070175,70.65217391304348,94.20289855072464,74.24242424242425,85.85858585858585,80.83333333333333,90.83333333333334,68.06645229253438,86.0527970684989,70.77922077922078,92.68004722550178,75.49019607843137,87.70053475935828,80.26315789473686,90.41353383458647,89.58333333333333,91.015625,92.85714285714285,93.69747899159664,81.79461018857303,91.10144396220863,74.9305312405537,88.57712051535377,0.4995957341725654
260.0,95.84775086505192,98.46212995001923,85.27220630372493,89.45558739255014,79.49412827461606,85.36585365853658,82.09419431279623,85.17476303317535,80.39915966386553,86.84873949579833,84.62148788401093,89.06141470601592,71.79144385026738,82.98319327731092,73.45976642022927,83.32154719811422,76.16921269095185,86.15276145710928,81.59269375213385,91.61488562649367,78.3611896276269,88.55843677030848,76.27486126824185,86.52616486586733,80.44817457612639,87.79378978594163,0.47378426491933967,45.74468085106382,73.40425531914893,68.85964912280706,85.5263157894737,70.65217391304348,94.20289855072464,78.28282828282828,85.85858585858585,80.83333333333333,90.83333333333334,68.8745331006152,85.96507777025329,72.07792207792208,92.56198347107438,75.49019607843137,87.70053475935828,78.94736842105263,90.6015037593985,89.58333333333333,91.015625,92.85714285714285,93.69747899159664,81.79119255357645,91.11542519628556,75.33286282709582,88.54025148326943,0.49657775380726676
261.0,95.6747404844291,97.92387543252595,91.27507163323784,92.49283667621778,80.71364046973801,85.87774766636555,76.93276066350714,81.93127962085308,81.26050420168069,85.0420168067227,85.17134349051857,88.65355124053701,71.08479755538578,81.97915529848304,71.49683917282758,81.15289831779707,76.4982373678026,86.19976498237368,82.32673267326732,90.5974735404575,82.10642743025686,88.76735897751014,76.70260683990803,85.73933022332429,80.9369751652133,87.19644073193065,0.4785960794162816,45.74468085106382,73.40425531914893,68.85964912280706,86.40350877192982,62.31884057971014,94.20289855072464,74.24242424242425,86.1952861952862,80.83333333333333,90.83333333333334,66.39978562586772,86.20785643408458,70.77922077922078,92.68004722550177,75.49019607843137,87.70053475935828,80.26315789473686,90.6015037593985,89.58333333333333,91.015625,92.85714285714285,93.69747899159664,81.79461018857303,91.13903794717103,74.09719790722038,88.6734471906278,0.5016539502717332
262.0,83.87158785082663,93.96386005382544,87.91547277936964,93.15186246418338,80.93947606142726,86.14875037639266,77.31042654028438,81.13151658767772,82.64705882352939,89.2016806722689,82.53680441108746,88.71953403086961,72.61268143621083,82.28746043872096,71.49362477231327,83.12011143255117,78.8307873090482,87.45475910693303,81.00034141345171,88.6821440764766,80.0602187538405,89.63377166031707,76.7995307369729,86.23564934299976,79.66816757403018,87.47759168693469,0.4840159378613833,45.74468085106382,73.40425531914893,68.85964912280706,85.96491228070175,70.65217391304348,94.20289855072464,78.28282828282828,85.85858585858585,80.83333333333333,90.83333333333334,68.8745331006152,86.0527970684989,70.77922077922078,92.68004722550177,75.49019607843137,87.70053475935828,78.94736842105263,90.6015037593985,89.58333333333333,91.015625,92.85714285714285,93.69747899159664,81.53145229383618,91.13903794717103,75.20299269722568,88.59591750783497,0.4989253050086816
263.0,94.63667820069206,97.53940792003077,82.91547277936964,90.93123209169055,75.97109304426375,81.27070159590485,81.62026066350714,88.65521327014217,78.31932773109244,85.67226890756304,82.692566483785,88.81376475706627,71.41902215431627,82.54119829750081,74.60302153648342,86.64095146255222,75.2585193889542,85.49001175088131,80.35506998975761,89.47422328439741,81.91593953545534,89.64606120191718,76.71031452099336,86.75848919944978,79.70144050238918,87.78612697825803,0.47337194857329834,45.74468085106382,73.40425531914893,68.85964912280706,85.96491228070175,70.65217391304348,94.20289855072464,78.28282828282828,85.85858585858585,80.83333333333333,90.83333333333334,68.8745331006152,86.0527970684989,71.42857142857143,92.56198347107437,75.49019607843137,87.78966131907309,80.26315789473686,90.6015037593985,89.58333333333333,91.015625,92.85714285714285,93.69747899159664,81.92448031844316,91.13325050822853,75.39950670952918,88.59302378836372,0.49795664950773494
264.0,90.4652056901192,94.54056132256825,87.19914040114615,92.79369627507164,82.97199638663051,89.06955736224027,79.4875592417062,83.8122037914692,83.29831932773108,87.52100840336135,84.68444420946663,89.54740543094213,74.1214667685256,83.48248390265198,71.65648773170469,84.22157934211936,77.0446533490012,85.74618096357227,78.67531580744281,89.26254694434961,78.41342017942732,88.3126459383065,75.98226876722032,86.20508741819995,80.33335648834347,87.87624642457104,0.4811741375550192,45.74468085106382,73.40425531914893,68.85964912280706,85.96491228070175,70.65217391304348,94.20289855072464,72.72727272727273,86.1952861952862,80.83333333333333,90.83333333333334,67.76342198950408,86.12013713583897,70.77922077922078,92.56198347107437,75.49019607843137,87.78966131907309,78.94736842105263,90.6015037593985,87.5,91.015625,92.85714285714285,93.69747899159664,81.11478562716952,91.13325050822853,74.4391038083368,88.62669382203376,0.502197452342009
265.0,90.29219530949636,95.4632833525567,84.98567335243554,87.97994269340974,86.85636856368562,88.88888888888889,72.48222748815168,78.71741706161137,82.6470588235294,89.36974789915966,83.45270470745973,88.08385597912527,67.33193277310924,77.27272727272727,74.2762241508625,81.90721097182042,73.89541715628674,85.58401880141011,83.21952884943667,89.6312734721748,80.40739830404327,90.500184343124,75.8261002467477,84.97908297225133,79.63940247710372,86.53146947568831,0.48419514854072526,45.74468085106382,73.40425531914893,68.85964912280706,85.08771929824562,70.65217391304348,94.20289855072464,78.28282828282828,86.53198653198653,80.83333333333333,90.83333333333334,68.8745331006152,86.01203860668781,72.72727272727273,92.56198347107437,75.49019607843137,87.78966131907309,78.94736842105263,90.6015037593985,87.5,91.015625,92.85714285714285,93.69747899159664,81.5043960167799,91.13325050822853,75.18946455869755,88.57264455745818,0.4977944973003824
266.0,94.98269896193774,95.77085736255286,84.84240687679085,89.79942693409743,83.19783197831975,89.19000301114121,75.88862559241709,83.50118483412322,71.78571428571428,81.5126050420168,82.13945553903594,87.9548154367863,70.55958747135217,81.9191312888792,73.12975463409406,83.69013179042109,75.08813160987077,85.51586368977672,77.69375213383407,88.49436667804711,81.76846503625414,90.62922452992504,75.64793817708104,86.04974359540984,78.89369685805849,87.00227951609807,0.5025854977819159,44.68085106382978,73.40425531914893,67.9824561403509,84.64912280701755,78.98550724637681,94.20289855072464,75.25252525252525,85.85858585858587,85.83333333333333,90.83333333333334,70.5469346072832,85.78963917376207,72.72727272727273,92.56198347107437,75.49019607843137,87.70053475935828,78.94736842105263,90.6015037593985,87.5,91.015625,92.85714285714285,93.69747899159664,81.5043960167799,91.11542519628556,76.02566531203155,88.45253218502381,0.4923703866732497
267.0,89.0811226451365,95.46328335255672,81.48280802292265,87.0487106017192,78.45528455284551,83.64950316169828,76.59952606635073,81.90165876777252,76.84873949579833,85.46218487394958,80.49349615661075,86.70506815153925,67.58021390374331,80.78413183455201,75.09911068252435,84.566591663988,76.16921269095185,85.06227967097533,80.25776715602598,89.3615568453397,86.3371021260907,92.49109008233992,77.08868131186725,86.453130019439,78.791088734239,86.57909908548913,0.48485486311849935,45.74468085106382,73.40425531914893,67.9824561403509,84.21052631578947,78.98550724637681,94.20289855072464,75.25252525252525,85.85858585858587,80.83333333333333,90.83333333333334,69.75970056473003,85.70191987551645,72.72727272727273,92.44391971664699,75.49019607843137,87.70053475935828,78.94736842105263,90.6015037593985,87.5,91.015625,92.85714285714285,93.69747899159664,81.5043960167799,91.09181244540008,75.63204829075497,88.39686616045827,0.49255215472095565
268.0,89.25413302575934,96.07843137254902,87.48567335243554,88.78223495702005,82.61065943992772,91.20746763023185,76.22186018957349,79.36907582938389,81.21848739495799,85.67226890756304,83.35816268053081,88.22189573934958,69.03170359052712,82.42660700643894,76.07843137254899,86.39237115611272,79.04230317273799,86.50763807285547,82.02628883578014,88.7333560942301,80.50264225144403,88.82266191471058,77.33627384460765,86.57652684886956,80.34721826256923,87.39921129410956,0.4794916879625398,45.74468085106382,73.40425531914893,67.9824561403509,85.08771929824562,70.65217391304348,94.20289855072464,78.28282828282828,86.1952861952862,80.83333333333333,90.83333333333334,68.69909450412396,85.94469853934774,72.72727272727273,92.44391971664699,75.49019607843137,87.70053475935828,78.94736842105263,90.6015037593985,87.5,91.015625,92.85714285714285,93.69747899159664,81.5043960167799,91.09181244540008,75.10174526045193,88.51825549237391,0.4956776926699426
269.0,94.98269896193774,98.46212995001922,90.12893982808025,91.83381088825216,85.63685636856366,89.79223125564589,78.3989928909953,82.77547393364928,86.89075630252101,92.05882352941175,87.2076488704196,90.98449391139566,70.99885408708938,80.73229291716687,74.60516447015961,83.4608378870674,76.60987074030554,84.56169212690952,80.8501194947081,91.24615909866849,81.1877841956495,88.68133218630945,76.85035859758243,85.73646284322436,82.02900373400101,88.36047837731002,0.4595451450851787,45.74468085106382,73.40425531914893,67.9824561403509,84.64912280701753,70.65217391304348,94.20289855072464,78.28282828282828,86.53198653198653,80.83333333333333,90.83333333333334,68.69909450412396,85.92431930844221,72.72727272727273,92.44391971664699,75.49019607843137,87.70053475935828,78.94736842105263,90.6015037593985,87.5,91.015625,92.85714285714285,93.69747899159664,81.5043960167799,91.09181244540008,75.10174526045193,88.50806587692114,0.4982357869431691
270.0,88.38908112264515,95.50173010380622,84.98567335243554,90.15759312320918,84.4173441734417,89.34056007226738,76.93276066350714,81.08708530805687,79.0126050420168,85.08403361344537,82.74749287080925,88.23420044415703,67.96218487394957,78.4677507366583,72.63902282224363,83.40083574413372,76.76263219741483,85.86839012925971,80.60259474223285,90.06828269033801,80.74536069804597,88.44783089590757,75.74235906677737,85.25061803925946,79.24492596879331,86.74240924170824,0.4946641628564926,45.74468085106382,73.40425531914893,67.9824561403509,84.64912280701753,70.65217391304348,94.20289855072464,76.76767676767676,86.19528619528619,80.83333333333333,90.83333333333334,68.39606420109365,85.85697924110214,72.72727272727273,92.44391971664699,75.49019607843137,87.61140819964349,78.94736842105263,90.6015037593985,87.5,91.015625,92.85714285714285,93.69747899159664,81.5043960167799,91.07398713345712,74.95023010893678,88.46548318727963,0.49541253136351826
271.0,94.98269896193774,95.8861976163014,86.76934097421206,90.77363896848138,84.4173441734417,87.23276121650105,75.84419431279623,78.19905213270142,82.60504201680673,91.21848739495798,84.9237240878389,88.66202746578865,68.90756302521007,78.87700534759358,73.46190935390547,83.68370298939249,75.57579318448886,85.3560517038778,78.42779105496757,90.58723113690678,80.70234730244562,88.78579328991029,75.41508078420351,85.45795689353619,80.16940243602122,87.05999217966243,0.4823323204451171,45.74468085106382,73.40425531914893,67.9824561403509,85.08771929824562,70.65217391304348,94.20289855072464,72.72727272727273,86.1952861952862,80.83333333333333,90.83333333333334,67.58798339301285,85.94469853934774,72.72727272727273,92.44391971664699,75.49019607843137,87.61140819964349,78.94736842105263,90.6015037593985,87.5,91.015625,92.85714285714285,93.69747899159664,81.5043960167799,91.07398713345712,74.54618970489638,88.50934283640242,0.49891238407071636
272.0,94.11764705882354,96.96270665128796,87.91547277936964,92.10601719197707,82.97199638663051,89.22011442336645,75.13329383886258,79.81338862559241,85.58823529411764,93.61344537815125,85.14532907156078,90.34313445407504,69.3850267379679,80.71046600458365,74.60087860280721,83.73513339762134,75.14688601645126,86.8319623971798,80.16046432229432,89.61761693410719,78.11847118102494,89.17291385031338,75.48234537210912,86.01361851676107,80.31383722183494,88.17837648541806,0.4663167012671815,45.74468085106382,73.40425531914893,67.9824561403509,85.08771929824562,70.65217391304348,94.20289855072464,78.28282828282828,86.1952861952862,80.83333333333333,90.83333333333334,68.69909450412396,85.94469853934774,72.72727272727273,92.44391971664699,75.49019607843137,87.61140819964349,78.94736842105263,90.6015037593985,87.5,91.015625,92.85714285714285,93.69747899159664,81.5043960167799,91.07398713345712,75.10174526045193,88.50934283640242,0.49771461628591596
273.0,95.15570934256058,98.6159169550173,83.34527220630372,91.57593123209169,83.19783197831975,90.2439024390244,76.74022511848345,82.47926540284361,81.82773109243698,91.09243697478992,84.05335394762089,90.80149060075338,70.89381207028266,83.8208010476918,72.80510018214935,83.38154934104789,77.41480611045833,86.6533490011751,82.28234892454763,90.2799590303858,82.64409487526116,92.95809266314366,77.20803243253982,87.41875021668884,80.63069319008036,89.11012040872112,0.45822269919429937,45.74468085106382,73.40425531914893,69.7368421052632,85.52631578947368,70.65217391304348,94.20289855072464,74.24242424242425,85.85858585858585,80.83333333333333,90.83333333333334,68.24189088902561,85.96507777025329,72.07792207792207,92.44391971664699,75.49019607843137,87.61140819964349,78.94736842105263,90.6015037593985,87.5,91.015625,92.85714285714285,93.9075630252101,81.37452588690977,91.11600394017981,74.80820838796768,88.54054085521655,0.5008920506231415
274.0,90.4652056901192,95.8477508650519,85.12893982808023,87.76504297994269,81.34598012646791,84.67329117735622,80.29472748815168,87.84063981042654,77.54201680672269,80.4201680672269,82.95537398790835,87.30937858000084,68.84071810542399,81.37345847429881,74.440158577092,84.83660130718954,76.82138660399534,85.24559341950645,78.63093205872312,90.36872652782519,78.06624062922454,89.19134816271354,75.3598871948918,86.2031455783067,79.15763059140008,86.75626207915377,0.49106244313019776,45.74468085106382,72.3404255319149,68.85964912280706,85.96491228070174,70.65217391304348,94.20289855072464,72.72727272727273,85.85858585858585,80.83333333333333,90.83333333333334,67.76342198950408,85.8400311110521,72.07792207792207,92.44391971664699,75.49019607843137,87.61140819964349,78.94736842105263,90.6015037593985,87.5,91.015625,92.85714285714285,93.69747899159664,81.37452588690977,91.07398713345712,74.56897393820692,88.45700912225462,0.5012438530915762
275.0,95.15570934256058,97.07804690503652,89.12607449856735,93.19484240687679,81.75248419150856,85.39596507076182,76.31812796208534,79.28021327014217,81.21848739495799,87.3109243697479,84.71417667793597,88.45199840451303,69.27998472116118,80.08567063188912,71.49576770598948,81.85149469623914,76.662749706228,85.1539365452409,79.21474906111301,90.1297371116422,82.98205726926386,91.05935848592847,75.92706169275111,85.65603949418797,80.32061918534353,87.0540189493505,0.48319092699780214,45.74468085106382,72.3404255319149,68.85964912280706,85.08771929824562,70.65217391304348,94.20289855072464,72.72727272727273,85.85858585858585,80.83333333333333,90.83333333333334,67.76342198950408,85.66459251456088,71.42857142857143,92.56198347107438,74.50980392156863,87.61140819964349,78.94736842105263,90.6015037593985,87.5,91.015625,92.85714285714285,93.69747899159664,81.0485773256671,91.0975998843426,74.4059996575856,88.38109619945175,0.503446939359773
276.0,85.08266051518648,95.6555171088043,84.98567335243555,91.79083094555874,84.82384823848236,86.66064438422161,73.09686018957349,80.55390995260663,84.85294117647058,91.68067226890757,82.56839669442968,89.26831493201976,70.78877005347593,81.22339845028921,71.17218472088287,82.43437265616629,76.70975323149239,85.3560517038778,80.70843291225675,92.18846022533288,80.74536069804597,90.48789480152391,76.02490032323078,86.33803556743801,79.29664850883023,87.8031752497289,0.4644277951801715,45.74468085106382,72.3404255319149,68.85964912280706,85.52631578947368,70.65217391304348,94.20289855072464,72.72727272727273,85.85858585858585,80.83333333333333,90.83333333333334,67.76342198950408,85.75231181280648,72.72727272727273,92.56198347107438,75.49019607843137,87.61140819964349,78.94736842105263,90.6015037593985,87.5,91.015625,92.85714285714285,93.9075630252101,81.5043960167799,91.1396166910653,74.633909003142,88.44596425193589,0.5003964678399159
277.0,96.19377162629759,97.4240676662822,88.77507163323784,93.02292263610315,82.56549232158986,82.86660644384222,78.82849526066353,81.76836492890996,77.58403361344538,87.26890756302521,84.78937289104685,88.47017384763255,69.8051948051948,82.73491214667685,72.31436837029891,86.12450444658738,76.70975323149239,87.59811985898943,82.13212700580402,89.8907476954592,79.96497480643973,87.18200811109746,76.18528364384596,86.70605845176206,80.4873282674464,87.5881161496973,0.4773351132891063,45.74468085106382,73.40425531914893,68.85964912280706,85.52631578947368,70.65217391304348,94.20289855072464,74.24242424242425,85.52188552188554,80.83333333333333,90.83333333333334,68.06645229253438,85.89773770291325,72.72727272727273,92.56198347107438,75.49019607843137,87.61140819964349,78.94736842105263,90.6015037593985,87.5,91.015625,92.85714285714285,93.9075630252101,81.5043960167799,91.1396166910653,74.78542415465714,88.51867719698927,0.5019443884086813
278.0,84.7366397539408,94.07920030757401,85.12893982808026,87.49283667621776,84.82384823848237,92.92381812707016,83.41972748815171,88.21090047393365,82.68907563025209,89.45378151260505,84.15964618778145,90.43210741948012,69.89113827349122,80.75411982975008,72.96796314154075,84.54301939354978,77.36780258519393,86.50998824911869,81.19494708091499,91.31102765448959,79.47953791323584,90.97333169472779,76.18027779887534,86.8182973643272,80.1699619933284,88.62520239190366,0.4542160625719666,45.74468085106382,72.3404255319149,67.9824561403509,85.08771929824562,70.65217391304348,94.20289855072464,72.72727272727273,85.18518518518519,80.83333333333333,90.83333333333334,67.58798339301285,85.52991237988074,72.72727272727273,92.56198347107438,74.50980392156863,87.61140819964349,78.94736842105263,90.6015037593985,87.5,91.015625,92.85714285714285,93.9075630252101,81.30831758540737,91.1396166910653,74.44815048921011,88.33476453547303,0.4992884199352477
279.0,93.9446366782007,96.27066512879662,85.84527220630373,90.90257879656161,83.423667570009,87.80487804878048,81.38329383886258,86.1818720379147,86.28151260504204,89.03361344537815,86.17567657968361,90.03872149148631,73.03284950343773,82.89588562697807,75.25983070823955,86.61309332476159,74.2714453584019,85.23149236192715,80.05462615227042,89.9487879822465,82.59186432346075,89.93486542951948,77.04212320916207,86.92482494508656,81.60889989442285,88.48177321828643,0.4584264858875449,44.68085106382978,73.40425531914893,67.9824561403509,85.08771929824562,70.65217391304348,94.20289855072464,78.28282828282828,85.52188552188552,80.83333333333333,90.00000000000001,68.48632854667716,85.64335173800093,72.72727272727273,92.56198347107438,74.50980392156863,87.61140819964349,78.94736842105263,90.6015037593985,87.5,90.88541666666666,92.85714285714285,93.9075630252101,81.30831758540737,91.11357502439863,74.89732306604226,88.37846338119978,0.49746290221823714
280.0,95.50173010380625,98.38523644752019,85.98853868194844,93.83954154727793,84.82384823848236,91.32791327913279,77.78436018957349,81.11670616113744,81.91176470588233,91.09243697478992,85.20204838393856,91.15236688197166,71.41902215431627,82.8031212484994,74.44123004393013,84.12514732669023,77.47356051703879,86.82491186839012,80.06316148856266,90.07852509388869,83.90991766007129,91.76600712793413,77.46137837278384,87.11954253308052,81.3317133783612,89.13595470752608,0.4546315275648171,43.617021276595736,73.40425531914893,67.9824561403509,84.21052631578947,78.98550724637681,94.20289855072464,76.76767676767676,85.18518518518519,80.83333333333333,90.00000000000001,69.63719895286671,85.40057307416964,72.07792207792207,92.56198347107438,74.50980392156863,87.70053475935828,78.94736842105263,90.6015037593985,87.5,90.88541666666666,92.85714285714285,93.9075630252101,81.17844745553724,91.13140033634157,75.40782320420197,88.26598670525561,0.4960329793126695
281.0,96.1937716262976,97.88542868127644,85.41547277936962,92.83667621776505,87.08220415537487,92.02047576031316,73.57079383886258,78.48045023696683,82.6470588235294,83.61344537815127,84.98186024468681,88.96729525489454,71.66730328495034,84.70206264323912,75.58769956069858,84.58802100075002,77.63807285546417,85.90129259694478,80.16046432229429,89.76101058381701,81.13555364384906,89.72594322231782,77.23781873345129,86.93566600941375,81.10983948906906,87.95148063215414,0.46817090662406796,45.74468085106382,73.40425531914893,67.9824561403509,85.08771929824562,70.65217391304348,94.20289855072464,72.72727272727273,85.18518518518519,80.83333333333333,90.83333333333334,67.58798339301285,85.74267833732753,72.72727272727273,92.56198347107438,74.50980392156863,87.61140819964349,78.94736842105263,90.6015037593985,87.5,90.88541666666666,92.85714285714285,94.11764705882354,81.30831758540737,91.15559183112131,74.44815048921011,88.44913508422442,0.49903887942852404
282.0,95.15570934256058,97.80853517877739,87.19914040114615,92.8080229226361,83.6043360433604,89.97289972899729,82.33116113744077,86.10781990521328,79.66386554621849,85.92436974789915,85.59084249414528,90.52432949670464,69.3659281894576,81.87274909963986,74.44123004393012,85.73234758384228,77.80258519388957,86.27967097532314,81.34516899965858,89.9112325025606,82.20167137765763,89.46786284871574,77.03131676091871,86.65277260201633,81.311079627532,88.58855104936049,0.46027843403544494,45.74468085106382,73.40425531914893,67.9824561403509,85.08771929824562,70.65217391304348,94.20289855072464,72.72727272727273,84.84848484848484,80.83333333333333,90.83333333333334,67.58798339301285,85.67533826998746,72.72727272727273,92.56198347107438,74.50980392156863,87.70053475935828,78.94736842105263,90.6015037593985,87.5,90.88541666666666,92.85714285714285,93.9075630252101,81.30831758540737,91.13140033634157,74.44815048921011,88.40336930316451,0.5011484087662109
283.0,95.6747404844291,97.53940792003077,85.70200573065904,89.54154727793696,84.82384823848236,88.34688346883469,78.63595971563984,85.57464454976304,79.78991596638656,80.54621848739497,84.92529402711938,88.30974034079209,72.36440030557677,82.35839790461638,74.93517625629484,84.03942997964214,76.66274970622798,85.46180963572269,82.52987367702286,90.5633321952885,80.35516775224285,90.19294580312153,77.36947353947306,86.52318310367824,81.14738378329622,87.41646172223517,0.4805770211478516,45.74468085106382,73.40425531914893,67.9824561403509,85.08771929824562,70.65217391304348,94.20289855072464,72.72727272727273,84.84848484848484,80.83333333333333,90.00000000000001,67.58798339301285,85.50867160332079,73.37662337662337,92.56198347107438,74.50980392156863,87.70053475935828,78.94736842105263,90.6015037593985,87.5,90.88541666666666,92.85714285714285,94.11764705882354,81.43818771527751,91.17341714306426,74.51308555414518,88.34104437319252,0.5009721306238016
284.0,95.50173010380625,98.2314494425221,77.77220630372494,86.17478510028653,88.52755194218607,88.7383318277627,81.85722748815168,86.37440758293839,80.52521008403362,85.12605042016807,84.83678518438052,88.92900487473555,71.41902215431627,82.44024882680344,74.93303332261864,84.60516447015965,78.8307873090482,86.43713278495888,82.43257084329123,91.48856264936838,81.37827209045103,91.91962639793535,77.79873714394508,87.37814702584514,81.31776116416279,88.15357595029035,0.46887984015645,44.68085106382978,73.40425531914893,67.9824561403509,84.64912280701753,70.65217391304348,94.20289855072464,76.76767676767676,85.18518518518519,80.83333333333333,90.00000000000001,68.18329824364686,85.48829237241526,72.72727272727273,92.56198347107438,74.50980392156863,87.61140819964349,78.94736842105263,90.69548872180452,87.5,90.88541666666666,92.85714285714285,93.69747899159664,81.30831758540737,91.09035521015714,74.74580791452712,88.2893237912862,0.49999796928071677
285.0,89.42714340638219,95.00192233756248,89.26934097421206,96.51862464183381,81.5266485998193,90.84613068352905,78.49526066350714,82.02014218009478,82.6050420168067,89.45378151260505,84.26468713214547,90.76812027112503,70.5977845683728,81.69813379897414,73.61727204543016,83.96442730097503,76.38660399529968,86.59694477085782,82.73301468077841,91.66609764424717,77.72827823522184,88.29421162590636,76.21259070502057,86.4439630281921,80.23863891858302,88.60604164965856,0.4614847832412506,44.68085106382978,73.40425531914893,67.9824561403509,84.64912280701753,70.65217391304348,94.20289855072464,76.76767676767676,85.18518518518519,80.83333333333333,90.00000000000001,68.18329824364686,85.48829237241526,73.37662337662337,92.56198347107438,74.50980392156863,87.70053475935828,78.94736842105263,90.69548872180452,87.5,90.88541666666666,92.85714285714285,93.9075630252101,81.43818771527751,91.15019732882277,74.81074297946219,88.31924485061901,0.498116693298171
286.0,96.36678200692043,96.80891964628988,88.34527220630373,91.69054441260744,87.08220415537487,89.12978018669075,77.07345971563984,86.10781990521326,85.58823529411764,90.08403361344538,86.89119067567131,90.76421955284935,71.64820473644004,83.03776055876895,75.25983070823955,83.1415407693132,77.9612220916569,85.99529964747357,81.00887674974395,89.93513144417891,81.86370898365492,88.28806685510631,77.54836865394707,86.0795598549682,82.21977966480918,88.42188970390878,0.4547347073911259,44.68085106382978,73.40425531914893,67.9824561403509,84.64912280701753,70.65217391304348,94.20289855072464,76.76767676767676,85.18518518518519,80.83333333333333,90.00000000000001,68.18329824364686,85.48829237241526,73.37662337662337,92.56198347107438,74.50980392156863,87.61140819964349,78.94736842105263,90.69548872180452,87.5,90.88541666666666,92.85714285714285,93.9075630252101,81.43818771527751,91.13237201687983,74.81074297946219,88.31033219464754,0.4998606373885354
287.0,95.15570934256058,98.2314494425221,87.77220630372493,93.6676217765043,84.4173441734417,87.71454381210478,81.10189573459718,81.47215639810426,82.6470588235294,87.85714285714286,86.21884287557074,89.78858285727567,73.24293353705119,85.6951871657754,74.27943855137681,86.09450337512055,75.14101057579322,87.00117508813162,80.60259474223285,90.43359508364628,80.84060464544673,91.05935848592847,76.82131641038015,88.05676383972045,81.52007964297545,88.92267334849805,0.4579898034575451,45.74468085106382,73.40425531914893,69.7368421052632,85.52631578947368,70.65217391304348,93.4782608695652,74.24242424242425,85.52188552188554,80.83333333333333,90.00000000000001,68.24189088902561,85.58614350001467,72.72727272727273,92.56198347107438,75.49019607843137,87.61140819964349,78.94736842105263,90.69548872180452,87.5,90.88541666666666,92.85714285714285,94.11764705882354,81.5043960167799,91.17438882360253,74.87314345290275,88.3802661618086,0.505566962549057
288.0,94.98269896193774,98.4236831987697,88.20200573065904,90.90257879656161,84.82384823848237,90.75579644685335,82.33116113744077,89.01066350710902,78.19327731092437,85.12605042016807,85.70659827588887,90.84375447389236,71.64820473644002,83.74986358179636,73.9483552984035,83.467266688096,76.2220916568743,87.23149236192714,80.8057357459884,89.88733356094231,81.86370898365492,91.21912252672976,76.89761928427222,87.11101574389832,81.30210878008054,88.97738510889533,0.4453603271363795,45.74468085106382,73.40425531914893,69.7368421052632,85.52631578947368,70.65217391304348,93.4782608695652,74.24242424242425,85.52188552188554,80.83333333333333,90.00000000000001,68.24189088902561,85.58614350001467,72.72727272727273,92.56198347107438,75.49019607843137,87.61140819964349,78.94736842105263,90.69548872180452,87.5,90.88541666666666,92.85714285714285,94.11764705882354,81.5043960167799,91.17438882360253,74.87314345290275,88.3802661618086,0.5042967704790888
289.0,96.02076124567476,97.34717416378315,90.98853868194846,93.18051575931233,81.9783197831978,88.64799759108702,77.31042654028437,85.26362559241707,79.13865546218487,84.53781512605042,85.08734034265805,89.79542564652999,72.50763941940413,82.27381861835643,76.08378870673951,84.75731276117003,78.98942420681554,87.25264394829611,82.18504609081599,90.19801980198018,82.8868133218631,91.14538527712917,78.53054234912766,87.12543608138638,81.80894134589286,88.46043086395818,0.45442868628505423,45.74468085106382,73.40425531914893,67.9824561403509,85.08771929824562,70.65217391304348,94.20289855072464,72.72727272727273,85.18518518518519,80.83333333333333,90.00000000000001,67.58798339301285,85.57601167066086,73.37662337662337,92.56198347107438,74.50980392156863,87.70053475935828,78.94736842105263,90.69548872180452,87.5,91.015625,92.85714285714285,94.11764705882354,81.43818771527751,91.21825580221214,74.51308555414518,88.3971337364365,0.5013241220099022
290.0,95.32871972318343,97.30872741253364,87.91547277936964,91.33237822349571,78.04878048780486,84.52273411623004,78.96919431279625,81.47215639810426,85.50420168067227,92.77310924369748,85.1532737967653,89.48182107881223,71.31398013750953,82.21106624467969,75.09482481517195,85.86735240544306,79.10105757931848,87.59106933019977,84.6073745305565,92.13041993854557,80.40739830404327,87.74118225390193,78.10492707331994,87.108218034554,81.62910043504263,88.29501955668312,0.46119278587993096,45.74468085106382,73.40425531914893,67.9824561403509,85.52631578947368,70.65217391304348,93.4782608695652,72.72727272727273,85.85858585858585,80.83333333333333,90.00000000000001,67.58798339301285,85.65348356735474,73.37662337662337,92.56198347107438,75.49019607843137,87.61140819964349,78.94736842105263,90.69548872180452,87.5,91.015625,92.85714285714285,94.11764705882354,81.63426614665003,91.20043049026918,74.61112476983143,88.42695702881196,0.5016399040489836
291.0,96.02076124567476,97.96232218377547,88.20200573065904,90.35816618911174,83.60433604336042,87.08220415537488,78.35456161137444,85.94490521327015,86.19747899159664,92.89915966386555,86.47582872453306,90.84935148107955,72.0492742551566,83.63527229073449,74.2772956177006,85.19661416479161,75.3055229142186,86.87426556991775,86.27859337657904,93.29805394332537,80.30293720044243,90.02703699152022,77.64272467281947,87.80624859205788,82.05927669867626,89.32780003656872,0.44615952580224105,45.74468085106382,73.40425531914893,67.9824561403509,85.52631578947368,70.65217391304348,93.4782608695652,72.72727272727273,85.52188552188554,80.83333333333333,90.00000000000001,67.58798339301285,85.58614350001467,73.37662337662337,92.56198347107438,75.49019607843137,87.70053475935828,78.94736842105263,90.69548872180452,87.5,91.015625,92.85714285714285,94.11764705882354,81.63426614665003,91.21825580221214,74.61112476983143,88.4021996511134,0.5031928728769058
292.0,94.29065743944638,96.11687812379854,88.05873925501434,88.82521489971347,81.52664859981931,87.74465522433003,78.2582938388626,81.79798578199052,81.21848739495799,89.2016806722689,84.67056530562013,88.7372829404203,71.39992360580595,78.9070173523955,71.33076181292188,83.99014250508947,79.26556991774385,87.3207990599295,80.6998975759645,92.16114714919767,79.81750030723855,91.25599115153005,76.50273064393494,86.72701944362844,80.58664797477753,87.73215119202436,0.46795660893697805,45.74468085106382,73.40425531914893,67.9824561403509,85.52631578947368,70.65217391304348,93.4782608695652,72.72727272727273,85.52188552188554,80.83333333333333,90.00000000000001,67.58798339301285,85.58614350001467,73.37662337662337,92.56198347107438,75.49019607843137,87.61140819964349,78.94736842105263,90.69548872180452,87.5,91.14583333333333,92.85714285714285,93.9075630252101,81.63426614665003,91.18445535021316,74.61112476983143,88.38529942511391,0.5005322682835266
293.0,95.15570934256058,98.50057670126874,87.05587392550144,93.30945558739255,81.34598012646791,85.78741342968985,83.279028436019,89.29206161137441,78.27731092436974,84.83193277310926,85.02278055098375,90.34428802056696,70.03437738731856,81.69267707082834,73.78656380585018,83.19082824386585,77.74383078730907,88.23031727379555,85.93376579037215,92.19528849436668,77.19061079021753,89.58461349391669,76.93782971221349,86.97874491535462,80.98030513159861,88.6615164679608,0.44740294779876477,45.74468085106382,73.40425531914893,69.7368421052632,85.52631578947368,70.65217391304348,93.4782608695652,74.24242424242425,86.1952861952862,80.83333333333333,90.00000000000001,68.24189088902561,85.72082363469481,72.72727272727273,92.56198347107438,75.49019607843137,87.70053475935828,78.94736842105263,90.69548872180452,87.5,91.14583333333333,92.85714285714285,94.11764705882354,81.5043960167799,91.2442974688788,74.87314345290275,88.4825605517868,0.5061650360809811
294.0,96.02076124567476,97.23183391003461,86.56160458452725,88.88252148997135,81.52664859981931,83.49894610057211,82.90136255924175,86.68542654028435,87.01680672268908,88.57142857142858,86.80543674239043,88.9740313224582,71.83919022154316,83.44701516970424,74.27622415086252,84.22157934211936,78.28437132784961,88.86721504112809,81.04472516217139,90.36872652782519,80.50264225144403,88.57687108270862,77.18943062277415,87.0962814326971,81.99743368258228,88.03515637757765,0.46285797564868103,45.74468085106382,73.40425531914893,67.9824561403509,85.52631578947368,70.65217391304348,93.4782608695652,72.72727272727273,85.85858585858585,80.83333333333333,90.00000000000001,67.58798339301285,85.65348356735474,73.37662337662337,92.68004722550178,75.49019607843137,87.61140819964349,78.94736842105263,90.69548872180452,87.5,91.14583333333333,92.85714285714285,93.9075630252101,81.63426614665003,91.20806810109863,74.61112476983143,88.4307758342267,0.5022685325905738
295.0,95.50173010380624,97.34717416378315,88.05873925501434,87.24928366762177,85.45618789521227,89.22011442336645,79.91706161137444,85.47097156398105,84.8109243697479,91.38655462184873,86.74892864703104,90.13481968812023,69.66195569136745,80.71865109680235,75.09803921568626,85.85878067073824,77.64394829612223,87.96709753231494,82.22942983953568,90.62478661659269,81.42128548605137,90.89344967432716,77.2109317057526,87.21255311815507,81.97993017639182,88.67368640313765,0.44829900274880613,45.74468085106382,73.40425531914893,67.9824561403509,85.52631578947368,70.65217391304348,94.20289855072464,72.72727272727273,85.85858585858585,80.83333333333333,90.00000000000001,67.58798339301285,85.79841110358663,73.37662337662337,92.79811097992918,75.49019607843137,87.61140819964349,78.94736842105263,90.69548872180452,87.5,91.015625,92.85714285714285,93.9075630252101,81.63426614665003,91.20563918531745,74.61112476983143,88.50202514445203,0.5027373794376467
296.0,91.33025759323338,97.53940792003077,85.70200573065905,90.35816618911174,83.19783197831977,85.96808190304125,83.75296208530808,88.22571090047393,83.38235294117648,88.36134453781513,85.47308206573935,90.09054229009456,67.70435446906035,83.31605369420495,75.42162220079285,84.61587913854068,75.79905992949475,86.0235017626322,82.28234892454763,92.22601570501878,84.10040555487282,90.62922452992504,77.06155821575369,87.36213496606433,81.26732014074652,88.72633862807945,0.44859390612247124,45.74468085106382,74.46808510638297,68.85964912280706,85.52631578947368,70.65217391304348,93.4782608695652,72.72727272727273,85.52188552188554,80.83333333333333,90.00000000000001,67.76342198950408,85.79890945746146,73.37662337662337,92.68004722550178,75.49019607843137,87.61140819964349,78.94736842105263,90.69548872180452,87.5,91.015625,92.85714285714285,93.9075630252101,81.63426614665003,91.18202643443198,74.69884406807705,88.49046794594672,0.5012990614550816
297.0,95.6747404844291,97.53940792003077,85.70200573065905,89.04011461318052,85.86269196025292,91.17735621800662,80.86492890995264,85.91528436018957,81.21848739495799,84.78991596638656,85.86457089605034,89.6924158155588,73.85408708938121,84.04725526574266,73.9483552984035,84.83660130718955,74.54759106933024,84.67920094007052,82.62717651075452,91.24957323318539,85.123509893081,91.9503502519356,78.02014397219008,87.35259619962474,81.94235743412021,88.52250600759177,0.45982539014306417,45.74468085106382,74.46808510638297,67.9824561403509,85.08771929824562,70.65217391304348,93.4782608695652,72.72727272727273,85.18518518518519,80.83333333333333,90.00000000000001,67.58798339301285,85.64385009187579,73.37662337662337,92.68004722550178,75.49019607843137,87.5222816399287,78.94736842105263,90.69548872180452,87.5,91.015625,92.85714285714285,93.9075630252101,81.63426614665003,91.16420112248902,74.61112476983143,88.4040256071824,0.50129052989625
298.0,95.84775086505192,98.07766243752403,88.05873925501434,89.84240687679082,88.93405600722672,91.20746763023185,77.31042654028438,81.84241706161137,82.68907563025209,89.66386554621849,86.56800965956589,90.12676391047532,70.68372803666921,81.3652733820801,74.44230151076822,83.41797921354335,77.63807285546417,86.44888366627497,80.3106862410379,90.7715944008194,85.12350989308098,92.14083814673711,77.63965970740409,86.82891376189097,82.10383468348499,88.47783883618314,0.4567858084145228,44.68085106382978,74.46808510638297,67.9824561403509,85.08771929824562,70.65217391304348,93.4782608695652,71.21212121212122,84.84848484848484,80.83333333333333,90.00000000000001,67.07218713253575,85.57651002453572,73.37662337662337,92.68004722550178,75.49019607843137,87.5222816399287,78.94736842105263,90.69548872180452,87.5,91.015625,92.85714285714285,93.9075630252101,81.63426614665003,91.16420112248902,74.35322663959289,88.37035557351237,0.5011743903674929
299.0,95.67474048442908,97.92387543252595,85.27220630372493,86.54727793696276,86.0433604336043,91.47847034025894,79.34686018957349,81.90165876777252,84.07563025210085,90.4201680672269,86.08255953268653,89.65429010894941,71.52406417112299,83.5179526355997,74.93303332261864,86.17379192114004,78.7250293772033,86.12925969447708,82.13212700580405,92.23967224308637,81.95895293105568,89.50473147351605,77.85464136156092,87.51308159356385,81.96860044712372,88.58368585125663,0.4511246353687656,45.74468085106382,74.46808510638297,67.9824561403509,85.08771929824562,70.65217391304348,93.4782608695652,72.72727272727273,84.51178451178451,80.83333333333333,90.00000000000001,67.58798339301285,85.50916995719567,73.37662337662337,92.68004722550178,75.49019607843137,87.5222816399287,78.94736842105263,90.69548872180452,87.5,91.14583333333333,92.85714285714285,93.9075630252101,81.63426614665003,91.19024278915569,74.61112476983143,88.34970637317568,0.5004983867476042
300.0,95.15570934256058,97.57785467128028,87.62893982808025,89.39828080229226,80.71364046973801,79.46401686239085,80.9093601895735,85.38210900473933,82.68907563025209,88.27731092436974,85.41934509204088,88.01991445301448,72.5553857906799,79.58910837062098,73.62905818064928,83.80585020893602,76.44535840188017,85.60517038777908,83.21952884943667,91.50221918743598,81.27381098685021,88.58301585350867,77.42462844189924,85.81707280165615,81.42198676697006,86.91849362733532,0.4617993470015387,44.68085106382978,74.46808510638297,67.9824561403509,85.08771929824562,70.65217391304348,93.4782608695652,71.21212121212122,84.51178451178451,80.83333333333333,90.00000000000001,67.07218713253575,85.50916995719567,73.37662337662337,92.79811097992918,75.49019607843137,87.6114081996435,78.94736842105263,90.6015037593985,87.5,91.14583333333333,92.85714285714285,93.9075630252101,81.63426614665003,91.21288385950291,74.35322663959289,88.36102690834929,0.4984084905873061
301.0,95.67474048442908,96.61668589004229,87.34240687679085,93.02292263610316,85.63685636856366,86.69075579644687,79.25059241706164,85.38210900473935,82.64705882352939,83.0672268907563,86.11033099407493,88.9559400436176,71.61000763941941,84.83029575466551,74.1144326583092,84.54944819457837,79.37132784958875,89.18683901292597,79.36497097985662,88.8699214749061,82.64409487526116,90.42030232272336,77.42096680048702,87.57136135195988,81.76564889728098,88.26365069778873,0.45920390003680983,45.74468085106382,74.46808510638297,67.9824561403509,85.52631578947368,70.65217391304348,93.4782608695652,72.72727272727273,84.84848484848484,80.83333333333333,90.00000000000001,67.58798339301285,85.66422932278132,73.37662337662337,92.68004722550178,76.47058823529413,87.6114081996435,78.94736842105263,90.50751879699249,87.5,91.14583333333333,92.85714285714285,93.9075630252101,81.83034457802259,91.17047411613623,74.70916398551772,88.41735171945878,0.49765151611723846
302.0,94.63667820069206,97.38562091503269,88.48853868194844,89.11174785100286,81.75248419150857,89.43089430894308,80.53169431279625,87.57405213270142,84.85294117647058,85.7563025210084,86.05246731268319,89.8517235457377,70.64553093964858,80.25755756848194,75.75163398692808,85.5009107468124,78.3548766157462,86.80141010575794,82.27381358825538,91.23933082963467,84.63807299987711,91.59395354553276,78.33278562609107,87.07863255924396,82.19262646938714,88.46517805249083,0.4407764069969892,45.74468085106382,74.46808510638297,67.9824561403509,85.08771929824562,70.65217391304348,93.4782608695652,72.72727272727273,85.18518518518519,80.83333333333333,90.00000000000001,67.58798339301285,85.64385009187579,73.37662337662337,92.79811097992918,75.49019607843137,87.5222816399287,78.94736842105263,90.69548872180452,87.5,91.015625,92.85714285714285,93.9075630252101,81.63426614665003,91.1878138733745,74.61112476983143,88.41583198262515,0.5013572873871343
303.0,95.84775086505192,97.00115340253748,87.91547277936964,87.60744985673354,84.82384823848236,88.52755194218608,80.76866113744079,88.50710900473933,81.91176470588233,87.77310924369748,86.2534995452454,89.88327468997878,70.7505729564553,80.44581468951216,75.09589628201006,86.09021750776813,75.74618096357229,85.37485311398355,82.28234892454763,90.96961420279959,80.11244930564091,89.89799680471918,76.79748968644523,86.55569926375652,81.52549461584532,88.21948697686764,0.45647024282627874,45.74468085106382,74.46808510638297,67.9824561403509,85.52631578947368,70.65217391304348,93.4782608695652,72.72727272727273,84.51178451178451,80.83333333333333,90.00000000000001,67.58798339301285,85.59688925544127,73.37662337662337,92.79811097992918,75.49019607843137,87.5222816399287,78.94736842105263,90.6015037593985,87.5,91.015625,92.85714285714285,93.9075630252101,81.63426614665003,91.1690168808933,74.61112476983143,88.38295306816728,0.5003910232499595
304.0,95.50173010380625,97.57785467128028,90.84527220630375,92.09169054441261,79.49412827461605,84.01084010840108,83.89366113744079,88.31457345971563,81.95378151260503,88.65546218487395,86.33771464695437,90.13008419373672,69.99618029029793,83.35697915529849,75.9177113468338,85.76020572163291,78.06698002350178,87.29494712103407,84.15670877432572,91.41686582451348,81.32604153865061,88.76735897751014,77.89272439472197,87.31927135999781,82.11521952083817,88.72467777686727,0.45116969702277204,45.74468085106382,74.46808510638297,67.9824561403509,85.08771929824562,70.65217391304348,93.4782608695652,72.72727272727273,84.51178451178451,80.83333333333333,90.00000000000001,67.58798339301285,85.50916995719567,73.37662337662337,92.91617473435656,75.49019607843137,87.5222816399287,78.94736842105263,90.6015037593985,87.5,91.14583333333333,92.85714285714285,93.9075630252101,81.63426614665003,91.21867129844543,74.61112476983143,88.36392062782055,0.5013737298142568
305.0,96.02076124567476,98.1930026912726,87.19914040114615,91.81948424068767,84.01084010840106,89.73200843119542,80.53169431279625,86.12263033175356,84.07563025210084,87.77310924369748,86.36761326402382,90.72804698772134,72.27845683728036,83.76623376623377,77.05989499624984,86.65166613093325,77.90834312573446,85.57696827262043,81.34516899965858,90.65551382724479,82.59186432346075,90.99791077792798,78.2367456564768,87.52965855499204,82.3021794602503,89.12885277135669,0.4439770459163134,45.74468085106382,74.46808510638297,68.85964912280706,85.52631578947368,70.65217391304348,93.4782608695652,72.72727272727273,84.51178451178451,80.83333333333333,90.00000000000001,67.76342198950408,85.59688925544127,73.37662337662337,92.91617473435656,76.47058823529413,87.5222816399287,78.94736842105263,90.60150375939851,87.5,91.015625,92.85714285714285,93.9075630252101,81.83034457802259,91.19262963177877,74.79688328376334,88.39475944361001,0.5006132491462372
306.0,96.7128027681661,99.07727797001154,91.13180515759313,93.72492836676217,85.00451671183376,87.05209274314966,81.24259478672988,87.72215639810426,84.8529411764706,90.58823529411765,87.7889321201587,91.63293815442906,70.6646294881589,82.51664302084471,77.38883531554694,85.90163934426229,79.09518213866042,87.4406580493537,79.71833390235574,90.5496756572209,79.96497480643973,89.94715497111957,77.36639113023234,87.27115420856025,82.57766162519553,89.45204618149465,0.4308229374108633,43.617021276595736,74.46808510638297,67.9824561403509,85.08771929824562,70.65217391304348,93.4782608695652,71.21212121212122,84.51178451178451,80.83333333333333,90.00000000000001,66.85942117508894,85.50916995719567,73.37662337662337,92.91617473435656,75.49019607843137,87.61140819964349,78.94736842105263,90.69548872180452,87.5,91.015625,92.85714285714285,93.9075630252101,81.63426614665003,91.22925193620293,74.24684366086949,88.3692109466993,0.5003002219040366
307.0,96.36678200692043,97.6163014225298,90.84527220630373,96.13180515759312,80.71364046973801,85.42607648298706,78.96919431279625,87.67772511848341,81.95378151260503,86.09243697478992,85.7697341016727,90.58886903127666,71.29488158899923,82.98319327731092,73.29904639451405,83.4758384228008,74.87074030552294,86.26086956521739,81.89313758962103,91.61829976101058,83.61496866166893,90.58006636352465,76.99455490806523,86.98365347797287,81.38214450486896,88.78626125462476,0.4421596131901208,45.74468085106382,74.46808510638297,68.85964912280706,85.52631578947368,70.65217391304348,93.4782608695652,74.24242424242425,85.18518518518519,80.83333333333333,90.00000000000001,68.06645229253438,85.7315693901214,73.37662337662337,92.91617473435656,75.49019607843137,87.61140819964349,78.94736842105263,90.78947368421053,87.5,91.015625,92.85714285714285,93.9075630252101,81.63426614665003,91.24804892868414,74.8503592195922,88.48980915940277,0.5046092356875783
308.0,89.94617454825068,96.00153787004999,87.91547277936965,92.42120343839542,79.49412827461606,87.68443239987955,82.19046208530808,85.97452606635072,84.11764705882354,91.30252100840335,84.7327769492736,90.67684415661581,72.52673796791443,81.4907781294336,76.89167470266793,87.45955212686167,76.01645123384256,84.15041128084607,81.24786616592694,90.5735745988392,80.40739830404327,88.85338576871082,77.41802567487903,86.50554038093829,81.07540131207631,88.59119226877705,0.45296546822340983,45.74468085106382,75.53191489361703,68.85964912280706,85.52631578947368,70.65217391304348,93.4782608695652,72.72727272727273,84.84848484848484,80.83333333333333,90.00000000000001,67.76342198950408,85.87699528022816,73.37662337662337,92.91617473435656,75.49019607843137,87.61140819964349,78.94736842105263,90.69548872180451,87.5,91.015625,92.85714285714285,93.9075630252101,81.63426614665003,91.22925193620293,74.69884406807705,88.55312360821554,0.5069536628211527
309.0,95.32871972318343,96.19377162629759,91.41833810888252,93.39541547277938,80.71364046973801,87.50376392652815,75.84419431279625,76.4218009478673,82.6470588235294,86.5126050420168,85.19039028762593,88.00547140309786,71.83919022154316,81.0733384262796,75.42376513446905,85.67020250723239,76.27497062279673,87.26674500587545,82.83031751451007,91.41345168999658,81.17856703944942,91.2129777559297,77.5093621065537,87.32734307706275,81.34987619708981,87.6664072400803,0.4721640614275525,45.74468085106382,75.53191489361703,68.85964912280706,85.52631578947368,70.65217391304348,93.4782608695652,74.24242424242425,84.84848484848484,80.83333333333333,90.00000000000001,68.06645229253438,85.87699528022816,73.37662337662337,92.91617473435656,75.49019607843137,87.61140819964349,78.94736842105263,90.78947368421053,87.5,91.015625,92.85714285714285,93.9075630252101,81.63426614665003,91.24804892868414,74.8503592195922,88.56252210445615,0.5041895367004907
310.0,96.36678200692043,98.15455594002307,91.70487106017194,93.05157593123208,85.45618789521227,90.84613068352905,81.24259478672988,87.81101895734598,84.11764705882354,91.30252100840336,87.7776165615716,92.2331605041067,75.0859434682964,85.3950671177562,73.9515696989178,85.13232615450552,77.95534665099886,86.91891891891892,82.62717651075452,91.77876408330488,82.8868133218631,90.1868010323215,78.50136993016613,87.88237546136142,83.13949324586886,90.05776798273406,0.4237356044035631,45.74468085106382,75.53191489361703,69.7368421052632,85.52631578947368,70.65217391304348,93.4782608695652,74.24242424242425,85.18518518518519,80.83333333333333,90.00000000000001,68.24189088902561,85.94433534756823,73.37662337662337,92.91617473435656,75.49019607843137,87.61140819964349,78.94736842105263,90.78947368421053,87.5,91.015625,92.85714285714285,93.9075630252101,81.63426614665003,91.24804892868414,74.93807851783782,88.59619213812618,0.5057088770660191
311.0,96.88581314878894,98.65436370626682,88.34527220630373,91.76217765042979,83.78500451671181,87.74465522433002,82.42742890995265,86.40402843601895,83.38235294117648,90.92436974789916,86.96517434458671,91.09791895298895,73.68220015278837,83.5425079122558,74.43908711025391,85.43233686917391,78.7720329024677,86.35252643948297,82.62717651075452,91.38613861386138,82.20167137765763,90.42644709352342,78.34443361078442,87.4279913856595,82.65480397768556,89.26295516932421,0.4332214121130627,45.74468085106382,75.53191489361703,69.7368421052632,85.52631578947368,70.65217391304348,93.4782608695652,72.72727272727273,84.84848484848484,80.83333333333333,90.00000000000001,67.93886058599531,85.87699528022816,73.37662337662337,92.91617473435656,75.49019607843137,87.5222816399287,78.94736842105263,90.69548872180451,87.5,91.015625,92.85714285714285,93.9075630252101,81.63426614665003,91.21142662425997,74.78656336632267,88.54421095224407,0.5062964670964437
312.0,96.36678200692043,98.69281045751634,86.56160458452725,92.73638968481374,84.59801264679311,89.22011442336645,82.8050947867299,87.02606635071089,84.85294117647058,89.49579831932773,87.03688704028825,91.43423584714704,72.78456837280366,84.00632980464913,74.44230151076822,86.70523947283833,76.98589894242072,86.53113983548766,83.71457835438716,90.17753499487881,81.23079759124985,89.7382327639179,77.83162895432592,87.43169537435436,82.43425799730709,89.4329656107507,0.4308505348438256,45.74468085106382,75.53191489361703,69.7368421052632,85.08771929824562,70.65217391304348,93.4782608695652,72.72727272727273,84.84848484848484,80.83333333333333,90.00000000000001,67.93886058599531,85.78927598198254,73.37662337662337,92.91617473435656,75.49019607843137,87.5222816399287,78.94736842105263,90.78947368421053,87.5,91.14583333333333,92.85714285714285,93.9075630252101,81.63426614665003,91.25626528340784,74.78656336632267,88.5227706326952,0.5056167342402537
313.0,96.19377162629759,97.34717416378315,87.13467048710602,90.02865329512893,90.15356820234867,91.62902740138512,77.16972748815168,83.59004739336493,84.85294117647058,88.52941176470588,87.10093579607492,90.22486280367359,71.6959511077158,82.15377059914874,75.58662809386047,85.40662166505946,77.84958871915396,86.33607520564041,81.74291567087742,90.68965517241378,84.34312400147475,93.124001474745,78.24364151861647,87.54202482340148,82.67228865734569,88.88344381353753,0.4354541842932452,45.74468085106382,75.53191489361703,69.7368421052632,85.08771929824562,70.65217391304348,93.4782608695652,72.72727272727273,85.18518518518519,80.83333333333333,90.00000000000001,67.93886058599531,85.85661604932261,73.37662337662337,92.91617473435656,75.49019607843137,87.5222816399287,78.94736842105263,90.78947368421053,87.5,91.14583333333333,92.85714285714285,93.9075630252101,81.63426614665003,91.25626528340784,74.78656336632267,88.55644066636523,0.5058245921310155
314.0,97.40484429065746,97.84698193002691,91.27507163323784,95.67335243553008,83.37850045167117,92.08069858476364,84.84152843601899,88.46267772511848,81.21848739495799,88.0672268907563,87.62368644130869,92.42618751323907,73.03284950343773,86.34999454327186,74.27943855137681,84.16800600021429,79.47708578143363,86.8813160987074,84.15670877432572,90.86036189825877,81.27381098685021,89.47400761951579,78.44397871948482,87.54673723199362,83.03383258039676,89.98646237261634,0.4200949890039867,43.617021276595736,75.53191489361703,67.9824561403509,85.08771929824562,70.65217391304348,93.4782608695652,71.21212121212122,84.84848484848484,80.83333333333333,90.83333333333333,66.85942117508894,85.9559426486492,73.37662337662337,92.91617473435656,75.49019607843137,87.5222816399287,77.63157894736842,90.78947368421053,87.5,91.14583333333333,92.85714285714285,93.9075630252101,81.3711082519132,91.25626528340784,74.11526471350106,88.60610396602851,0.5051703854519742
315.0,90.29219530949638,96.4244521337947,88.48853868194844,93.42406876790831,88.12104787714541,94.64016862390847,78.25829383886258,81.94609004739335,81.26050420168069,89.11764705882352,85.28411598182672,91.11048532636566,70.7505729564553,81.90276110444177,75.91128254580518,87.60741455051966,79.85311398354878,86.80611045828437,83.2724479344486,91.41345168999658,79.5747818606366,90.03932653312032,77.8724398561789,87.55381286727254,81.5782779190028,89.33214909681911,0.43851735259665114,43.617021276595736,75.53191489361703,67.9824561403509,85.08771929824562,70.65217391304348,93.4782608695652,71.21212121212122,84.84848484848484,80.83333333333333,90.0,66.85942117508894,85.78927598198254,73.37662337662337,92.91617473435656,75.49019607843137,87.5222816399287,77.63157894736842,90.69548872180451,87.5,91.14583333333333,92.85714285714285,93.9075630252101,81.3711082519132,91.23746829092663,74.11526471350106,88.51337213645459,0.5046058180904798
316.0,94.98269896193774,98.11610918877355,87.77220630372496,93.29512893982809,83.19783197831977,86.44986449864498,79.58382701421803,86.09300947867298,84.11764705882354,88.69747899159664,85.93084226340481,90.53031821950324,71.96333078686018,85.53421368547419,75.25768777456337,85.33161898639237,77.47356051703879,87.51821386603996,81.34516899965858,90.4848071013998,80.35516775224285,89.3019540371144,77.27898316607275,87.63416153528414,81.60491271473879,89.08223987739369,0.43782254873368254,44.68085106382978,75.53191489361703,67.9824561403509,85.08771929824562,70.65217391304348,93.4782608695652,71.21212121212122,85.18518518518519,80.83333333333333,90.0,67.07218713253575,85.85661604932261,73.37662337662337,92.91617473435656,75.49019607843137,87.5222816399287,78.94736842105263,90.69548872180451,87.5,91.14583333333333,92.85714285714285,93.9075630252101,81.63426614665003,91.23746829092663,74.35322663959289,88.54704217012463,0.5055259872960572
317.0,96.7128027681661,97.80853517877739,91.13180515759315,95.4727793696275,86.44986449864496,91.20746763023185,82.19046208530808,85.67831753554502,88.40336134453783,92.22689075630251,88.97765917085002,92.47879809409686,71.61000763941941,80.45945650987667,73.7865638058502,84.18086360227151,77.96122209165691,86.33137485311399,82.18504609081599,90.12290884260841,82.34914587685878,91.05321371512844,77.57839710092026,86.4295635045998,83.27802813588514,89.45418079934834,0.41912555603281537,45.74468085106382,75.53191489361703,69.7368421052632,85.08771929824562,70.65217391304348,93.4782608695652,72.72727272727273,85.18518518518519,80.83333333333333,90.0,67.93886058599531,85.85661604932261,73.37662337662337,92.91617473435656,75.49019607843137,87.61140819964349,78.94736842105263,90.69548872180451,87.5,91.27604166666666,92.85714285714285,93.9075630252101,81.63426614665003,91.28133526953626,74.78656336632267,88.56897565942944,0.5080796083395668
318.0,96.53979238754327,98.07766243752403,88.77507163323784,92.8080229226361,85.63685636856366,88.25654923215899,83.6122630331754,89.0995260663507,85.50420168067227,90.96638655462185,88.01363702063848,91.84162944265833,72.27845683728037,84.92851686128996,74.60623593699772,85.93592628308153,78.60752056404232,87.80493537015276,81.99044042335268,90.7135541140321,82.14944082585721,91.4772029003318,77.92641891750606,88.17202710577763,82.97002796907228,90.00682827421798,0.4260212286103546,45.74468085106382,74.46808510638297,69.7368421052632,84.64912280701753,70.65217391304348,93.4782608695652,74.24242424242425,85.52188552188554,80.83333333333333,90.0,68.24189088902561,85.62347086097024,73.37662337662337,92.91617473435656,75.49019607843137,87.61140819964349,78.94736842105263,90.78947368421053,87.5,91.14583333333333,92.85714285714285,93.9075630252101,81.63426614665003,91.2740905953508,74.93807851783782,88.44878072816053,0.5101616955288385
319.0,97.40484429065745,99.07727797001154,90.12893982808025,92.34957020057305,90.15356820234867,90.39445950015056,80.62796208530808,87.15936018957345,87.66806722689078,93.94957983193277,89.19667632665704,92.58604953844826,74.06417112299464,84.91760340499836,73.62477231329689,84.69516768456018,77.31492361927148,85.38660399529965,85.93376579037215,92.07237965175827,80.00798820204007,91.31743885953055,78.18912420959505,87.6778387192294,83.69290026812604,90.13194412883882,0.4186168710241723,45.74468085106382,75.53191489361703,69.7368421052632,84.64912280701753,70.65217391304348,93.4782608695652,72.72727272727273,85.18518518518519,80.83333333333333,90.0,67.93886058599531,85.768896751077,73.37662337662337,92.91617473435656,75.49019607843137,87.61140819964349,78.94736842105263,90.78947368421053,87.5,91.14583333333333,92.85714285714285,93.9075630252101,81.63426614665003,91.2740905953508,74.78656336632267,88.5214936732139,0.5090675530538825
320.0,97.75086505190312,97.65474817377931,90.84527220630375,92.83667621776502,86.0433604336043,90.1535682023487,79.53939573459718,83.8122037914692,86.3235294117647,90.75630252100841,88.1004845676346,91.04269978127414,74.60847975553857,83.3788060678817,76.07843137254899,86.9366763098682,80.83431257344303,88.56639247943596,85.09388869921474,92.94639808808466,79.5747818606366,87.9009462947032,79.23797885227638,87.94584384799474,83.66923170995548,89.49427181463443,0.42596221402089024,45.74468085106382,75.53191489361703,69.7368421052632,85.08771929824562,70.65217391304348,93.4782608695652,72.72727272727273,85.52188552188552,80.83333333333333,90.83333333333333,67.93886058599531,86.09062278332934,74.02597402597402,92.91617473435656,75.49019607843137,87.61140819964349,78.94736842105263,90.88345864661655,87.5,91.015625,92.85714285714285,93.9075630252101,81.76413627652018,91.26684592116534,74.85149843125774,88.67873435224735,0.5066192966862123
321.0,96.88581314878894,98.30834294502115,88.91833810888255,91.79083094555874,86.26919602529355,90.03312255344775,83.51599526066353,85.87085308056872,83.34033613445378,88.61344537815125,87.78593573561648,90.92331898054952,71.94423223834988,84.36374549819928,75.26197364191576,84.47444551591128,76.82726204465338,86.54054054054053,85.1911915329464,92.71765107545237,84.63807299987711,92.60784072754086,78.77254649154851,88.14084467152887,83.27924111358249,89.53208182603919,0.4246618443311992,45.74468085106382,75.53191489361703,69.7368421052632,85.52631578947368,70.65217391304348,93.4782608695652,74.24242424242425,85.18518518518519,80.83333333333333,90.00000000000001,68.24189088902561,85.94433534756823,74.02597402597402,92.91617473435656,77.45098039215688,87.61140819964349,78.94736842105263,90.88345864661655,87.5,91.015625,92.85714285714285,93.9075630252101,82.15629313926527,91.26684592116534,75.19909201414544,88.60559063436679,0.5065896643167229
322.0,96.88581314878894,97.84698193002691,89.06160458452725,95.77363896848138,81.52664859981931,88.1662149954833,84.93779620853084,87.23341232227487,81.95378151260503,85.25210084033614,86.87312881085427,90.85446981132051,72.36440030557678,83.06231583542507,74.77124183006534,85.10446801671489,77.20916568742658,85.09988249118685,80.35506998975761,90.3277569136224,85.85166523288683,92.76145999754209,78.11030860914262,87.27117665089825,82.49171870999845,89.06282323110938,0.43904575519701033,43.617021276595736,75.53191489361703,69.7368421052632,84.64912280701753,70.65217391304348,93.4782608695652,72.72727272727273,85.18518518518519,80.83333333333333,90.0,67.51332867110169,85.768896751077,73.37662337662337,92.91617473435656,75.49019607843137,87.61140819964349,77.63157894736842,90.88345864661655,87.5,91.015625,92.85714285714285,93.9075630252101,81.3711082519132,91.26684592116534,74.44221846150745,88.51787133612117,0.5072184186948784
323.0,96.7128027681661,99.11572472126106,91.13180515759315,91.6189111747851,80.12646793134596,82.86660644384222,78.8729265402844,86.35959715639811,80.48319327731092,87.10084033613445,85.46543913494011,89.41233596648418,74.81856378915202,83.5397795481829,73.12975463409406,83.03867995285546,77.03877790834314,86.47943595769682,84.8463639467395,92.59474223284398,84.58584244807669,88.7120560403097,78.88386054528108,86.87293874637778,82.17464984011059,88.14263735643098,0.44674953631303294,43.617021276595736,75.53191489361703,68.85964912280706,84.64912280701753,70.65217391304348,93.4782608695652,71.21212121212122,84.84848484848484,80.83333333333333,90.0,67.03485977158017,85.70155668373692,73.37662337662337,92.91617473435656,75.49019607843137,87.61140819964349,77.63157894736842,90.78947368421053,87.5,91.14583333333333,92.85714285714285,93.9075630252101,81.3711082519132,91.2740905953508,74.20298401174668,88.48782363954386,0.5069578568831545
324.0,96.36678200692043,97.07804690503653,91.41833810888254,93.42406876790831,86.0433604336043,91.80969587473652,83.89366113744077,89.32168246445498,84.11764705882354,87.89915966386555,88.3679577491343,91.90653073520038,72.0492742551566,83.55614973262033,74.1155041251473,85.26090217507769,77.31492361927145,86.39012925969448,80.3106862410379,90.95595766473198,84.58584244807669,92.87821064274303,77.67524613773799,87.8082698949735,83.02160194343614,89.85740031508695,0.42022559893432276,43.617021276595736,76.59574468085107,67.9824561403509,84.64912280701753,70.65217391304348,93.4782608695652,71.21212121212122,84.84848484848484,80.83333333333333,90.0,66.85942117508894,85.91432264118373,72.72727272727273,92.91617473435656,75.49019607843137,87.61140819964349,77.63157894736842,90.78947368421053,85.41666666666666,91.14583333333333,92.85714285714285,93.9075630252101,80.8245714553764,91.2740905953508,73.84199631523268,88.59420661826726,0.5078099012270871
325.0,96.7128027681661,97.88542868127644,90.70200573065904,92.16332378223497,87.71454381210478,94.03794037940378,85.07849526066354,85.75236966824644,83.25630252100841,88.48739495798318,88.69283001852037,91.66529149382896,72.17341482047364,81.08425188257121,74.28051001821491,84.02871531126111,78.23149236192717,86.97062279670975,81.44247183339024,89.75418231478322,81.03109254024827,89.34496743271477,77.43179631485086,86.23654794760802,83.06231316668561,88.95091972071849,0.43275788233153467,45.74468085106382,76.59574468085107,69.7368421052632,85.08771929824562,70.65217391304348,93.4782608695652,72.72727272727273,85.52188552188552,80.83333333333333,90.83333333333333,67.93886058599531,86.30338874077614,73.37662337662337,92.91617473435656,75.49019607843137,87.61140819964349,78.94736842105263,90.88345864661655,87.5,91.14583333333333,92.85714285714285,93.9075630252101,81.63426614665003,91.292887587832,74.78656336632267,88.79813816430408,0.5088735707515146
326.0,97.40484429065745,97.27028066128412,88.48853868194844,91.31805157593124,84.82384823848237,88.70822041553748,80.15402843601899,84.44905213270142,83.38235294117646,84.91596638655462,86.85072251765673,89.33231423440176,72.06837280366692,86.5382516643021,77.55062680810026,86.88524590163935,77.53231492361931,86.06110458284371,80.8057357459884,90.4574940252646,83.12953176846504,89.91028634631928,78.21731640996799,87.9704765040738,82.53401946381237,88.65139536923778,0.4449830897235499,45.74468085106382,76.59574468085107,69.7368421052632,85.08771929824562,70.65217391304348,93.4782608695652,72.72727272727273,85.52188552188552,80.83333333333333,90.83333333333333,67.93886058599531,86.30338874077614,73.37662337662337,92.91617473435656,75.49019607843137,87.61140819964349,78.94736842105263,90.97744360902256,87.5,91.14583333333333,92.85714285714285,93.9075630252101,81.63426614665003,91.3116845803132,74.78656336632267,88.80753666054467,0.5093313568537554
327.0,96.36678200692043,98.50057670126876,91.84813753581665,91.73352435530086,87.48870822041552,91.62902740138512,82.33116113744077,87.89988151658767,86.97478991596638,91.38655462184873,89.00191576331196,92.22991291927823,70.64553093964858,82.31747244352286,77.22382942247935,86.15236258437801,80.28789659224445,88.18331374853113,85.53601911915328,93.13076135199726,83.71021260906969,92.26373356273811,79.48069773651908,88.40952873823346,84.24130674991551,90.31972082875585,0.41689918869464154,45.74468085106382,76.59574468085107,69.7368421052632,85.08771929824562,70.65217391304348,93.4782608695652,72.72727272727273,85.52188552188552,80.83333333333333,90.0,67.93886058599531,86.13672207410949,74.02597402597402,92.91617473435656,75.49019607843137,87.61140819964349,78.94736842105263,90.78947368421053,87.5,91.14583333333333,92.85714285714285,93.9075630252101,81.76413627652018,91.2740905953508,74.85149843125774,88.70540633473014,0.5082836778968491
328.0,95.32871972318343,97.11649365628605,88.77507163323784,96.1461318051576,83.60433604336042,89.64167419451971,81.00562796208534,84.59715639810426,87.01680672268908,89.78991596638657,87.14611241691122,91.45827440409083,70.10122230710465,81.62173960493288,75.58877102753667,84.68873888353156,75.41128084606348,86.86251468860165,85.93376579037215,93.79310344827586,85.21875384048177,92.99496128794397,78.45075876231174,87.99221158265718,82.79843558961147,89.725242993374,0.4198424605670561,44.68085106382978,76.59574468085107,69.7368421052632,85.52631578947368,70.65217391304348,93.4782608695652,72.72727272727273,85.18518518518519,80.83333333333333,90.0,67.72609462854851,86.15710130501502,74.02597402597402,93.03423848878394,75.49019607843137,87.61140819964349,78.94736842105263,90.88345864661655,87.5,91.14583333333333,92.85714285714285,93.9075630252101,81.76413627652018,91.31650033871747,74.74511545253435,88.73680082186624,0.5073056393320102
329.0,96.19377162629759,97.73164167627836,90.70200573065904,94.05444126074498,85.86269196025292,87.32309545317675,80.53169431279625,87.64810426540285,82.68907563025209,89.45378151260503,87.19584785205157,91.24221283364159,72.15431627196332,81.65993670195351,76.24236579877851,85.49019607843138,78.61339600470036,88.2021151586369,84.15670877432572,90.57698873335609,83.37225021506698,89.40641514071524,78.90780741296699,87.06713036261863,83.05182763250929,89.15467159813011,0.43097084321605394,45.74468085106382,76.59574468085107,69.7368421052632,85.52631578947368,62.31884057971014,93.4782608695652,68.68686868686868,85.85858585858587,75.83333333333331,90.83333333333333,64.46411311124783,86.45844810636183,73.37662337662337,93.03423848878394,75.49019607843137,87.61140819964349,78.94736842105263,90.88345864661655,87.5,91.40625,92.85714285714285,93.9075630252101,81.63426614665003,91.36858367205082,73.04918962894894,88.91351588920632,0.5130525469077137
330.0,91.50326797385621,95.23260284505959,88.91833810888255,93.66762177650429,83.37850045167116,90.78590785907859,79.53939573459718,80.15402843601895,84.85294117647058,89.07563025210084,85.63848868909554,89.78315823375246,72.57448433919022,84.48379351740695,74.60516447015962,86.5252330440373,78.55464159811987,87.30904817861341,85.43871628542165,91.5056333219529,80.93584859284749,86.8993486542952,78.42177105714777,87.34461134326116,82.03012987312165,88.56388478850681,0.44819179023163813,45.74468085106382,76.59574468085107,69.7368421052632,85.52631578947368,70.65217391304348,93.4782608695652,72.72727272727273,85.52188552188552,80.83333333333333,90.0,67.93886058599531,86.22444137235509,74.02597402597402,92.91617473435656,75.49019607843137,87.61140819964349,78.94736842105263,90.88345864661655,87.5,91.40625,92.85714285714285,93.9075630252101,81.76413627652018,91.34497092116534,74.85149843125774,88.78470614676021,0.5070723299075062
331.0,90.81122645136487,96.27066512879662,88.91833810888255,92.99426934097421,90.37940379403791,93.64649202047576,84.93779620853084,88.62559241706161,83.42436974789916,91.68067226890756,87.69422686214307,92.64353823524316,72.78456837280366,83.89446687766015,73.46405228758168,85.42162220079288,79.47708578143363,87.18448883666275,81.39808808467053,90.08193922840559,82.14944082585721,91.22526729752981,77.85464707046934,87.56155688821023,82.77443696630621,90.1025475617267,0.4130117905201183,43.617021276595736,76.59574468085107,68.85964912280706,85.52631578947368,70.65217391304348,93.4782608695652,72.72727272727273,85.52188552188552,80.83333333333333,90.0,67.33789007461047,86.22444137235509,74.02597402597402,92.91617473435656,75.49019607843137,87.70053475935828,78.94736842105263,90.88345864661655,87.5,91.40625,92.85714285714285,93.9075630252101,81.76413627652018,91.3627962331083,74.55101317556532,88.79361880273169,0.5055855683911585
332.0,91.15724721261054,98.26989619377163,86.27507163323783,92.30659025787966,83.19783197831975,89.28033724781692,79.44312796208534,82.58293838862558,84.81092436974791,90.4201680672269,84.97684063120028,90.57198603106414,73.08059587471351,85.09221870566408,77.05882352941173,87.49383906568092,74.87074030552294,85.52526439482962,84.41276886309322,92.65278251963126,81.71623448445374,90.00245790832003,78.22783261143903,88.15331251882517,81.60233662131965,89.36264927494466,0.4286241885767987,44.68085106382978,76.59574468085107,69.7368421052632,85.52631578947368,70.65217391304348,93.4782608695652,72.72727272727273,85.52188552188552,80.83333333333333,90.83333333333333,67.72609462854851,86.39110803902176,74.02597402597402,93.03423848878394,76.47058823529413,87.70053475935828,78.94736842105263,90.78947368421053,87.5,91.40625,92.85714285714285,93.9075630252101,81.96021470789273,91.36761199151258,74.84315466822062,88.87936001526717,0.5059214463425833
333.0,96.19377162629759,97.65474817377931,90.98853868194846,92.378223495702,82.15898825654921,87.71454381210478,84.22689573459718,89.70675355450236,84.81092436974791,90.88235294117646,87.67582373382807,91.667324395453,73.3288770053476,82.7840226999891,76.40630022500801,86.33665488053146,78.3431257344301,88.16451233842538,83.61727552065553,91.61829976101058,82.83458277006268,93.4005161607472,78.90603225110078,88.46080116814075,83.29092799246442,90.06406278179688,0.41313804665608767,43.617021276595736,76.59574468085107,68.85964912280706,85.52631578947368,70.65217391304348,93.4782608695652,72.72727272727273,85.52188552188552,80.83333333333333,90.0,67.33789007461047,86.22444137235509,74.02597402597402,93.03423848878394,75.49019607843137,87.70053475935828,78.94736842105263,90.69548872180452,87.5,91.40625,92.85714285714285,93.9075630252101,81.76413627652018,91.34881499903136,74.55101317556532,88.78662818569322,0.5058852279300231
334.0,95.84775086505192,97.27028066128412,91.84813753581662,92.1919770773639,83.37850045167116,87.62420957542908,85.78939573459718,90.44727488151659,81.95378151260503,90.79831932773111,87.76351321994838,91.66641230466496,71.5431627196333,82.90952744734257,76.24236579877851,85.1151826850959,79.47708578143363,86.92126909518214,83.61727552065553,92.84055991806078,83.61496866166893,92.40506329113924,78.89897169643397,88.03832048736413,83.33124245819118,89.85236639601455,0.42023535074183177,45.74468085106382,76.59574468085107,69.7368421052632,85.96491228070175,62.31884057971014,93.4782608695652,68.68686868686868,85.85858585858587,75.83333333333331,90.83333333333333,64.46411311124783,86.54616740460743,74.02597402597402,93.03423848878394,77.45098039215688,87.70053475935828,80.26315789473685,90.69548872180452,87.5,91.40625,92.85714285714285,93.9075630252101,82.41945103400211,91.34881499903136,73.44178207262496,88.94749120181939,0.510994110453042
335.0,96.53979238754327,98.19300269127258,88.63180515759315,93.00859598853869,84.19150858175246,89.88256549232159,79.06546208530808,87.88507109004739,85.58823529411764,91.1344537815126,86.8033607012629,92.02073780873857,72.67952635599694,83.92993561060787,76.73416907746702,87.14882674381228,77.0446533490012,87.34430082256169,81.24786616592694,90.34824172072379,87.11748801769693,90.14378763672116,78.9647405932178,87.78301850688536,82.88405064724034,89.90187815781196,0.4193556616579088,44.68085106382978,76.59574468085107,69.7368421052632,85.52631578947368,70.65217391304348,93.4782608695652,72.72727272727273,85.52188552188552,80.83333333333333,90.0,67.72609462854851,86.22444137235509,74.02597402597402,93.03423848878394,75.49019607843137,87.70053475935828,78.94736842105263,90.69548872180452,87.5,91.27604166666666,92.85714285714285,93.9075630252101,81.76413627652018,91.32277333236469,74.74511545253435,88.77360735235989,0.5087237712694589
336.0,96.19377162629759,97.11649365628604,91.13180515759315,93.45272206303724,82.56549232158986,86.41975308641975,84.60456161137444,88.58116113744076,86.32352941176471,93.40336134453781,88.16383202572395,91.79469825754431,74.33155080213902,83.62981556258867,73.9483552984035,87.22597235615558,76.06345475910695,86.98472385428909,81.64561283714579,89.20792079207921,83.41526361066732,89.39412559911514,77.88084746149252,87.28851163284553,83.02233974360823,89.54160494519492,0.42453665368450905,44.68085106382978,76.59574468085107,68.85964912280706,85.52631578947368,70.65217391304348,93.4782608695652,72.72727272727273,85.52188552188552,80.83333333333333,90.0,67.55065603205728,86.22444137235509,74.02597402597402,93.03423848878394,75.49019607843137,87.70053475935828,78.94736842105263,90.88345864661655,87.5,91.53645833333333,92.85714285714285,93.9075630252101,81.76413627652018,91.41245065066043,74.65739615428873,88.81844601150776,0.5064438228567035
337.0,89.94617454825068,96.69357939254132,91.27507163323784,93.0945558739255,81.12014453477865,86.99186991869918,88.06279620853084,90.41765402843602,84.81092436974791,91.34453781512605,87.04302225890919,91.70843940574562,72.46944232238349,81.85365055112955,76.56702025072322,87.98242794385513,79.26556991774386,85.51351351351352,83.31683168316832,91.09593717992489,82.10642743025686,90.752119945926,78.74505832085515,87.43952982686982,82.89404028988217,89.57398461630771,0.4221843633386372,44.68085106382978,76.59574468085107,69.7368421052632,85.52631578947368,70.65217391304348,93.4782608695652,72.72727272727273,85.85858585858587,80.83333333333333,90.0,67.72609462854851,86.29178143969516,74.02597402597402,93.03423848878394,76.47058823529413,87.70053475935828,78.94736842105263,90.78947368421053,87.5,91.40625,92.85714285714285,93.9075630252101,81.96021470789273,91.36761199151258,74.84315466822062,88.82969671560386,0.5067001798057766
338.0,96.36678200692043,97.65474817377931,92.13467048710604,92.99426934097421,83.19783197831977,87.44354110207769,82.0497630331754,87.11492890995261,82.73109243697479,89.74789915966387,87.29602798849928,90.99107733728952,72.25935828877004,83.35697915529849,75.42590806814526,86.2273652630451,74.23031727379555,83.61457109283197,83.07784226698533,91.60805735745988,84.15263610667323,90.36499938552292,77.82921240087389,87.03439445083168,82.56262019468659,89.0127358940606,0.43224681198496756,45.74468085106382,75.53191489361703,69.7368421052632,85.52631578947368,62.31884057971014,92.7536231884058,68.68686868686868,85.85858585858587,75.83333333333331,90.0,64.46411311124783,85.93408794601648,73.37662337662337,93.03423848878394,76.47058823529413,87.61140819964349,78.94736842105263,90.88345864661655,87.5,91.27604166666666,92.85714285714285,93.9075630252101,81.83034457802259,91.34254200538416,73.14722884463521,88.63831497570033,0.5127203890032633
339.0,97.40484429065745,98.2314494425221,91.27507163323784,92.27793696275072,84.19150858175246,87.95543510990666,81.10189573459718,84.68601895734598,85.63025210084032,91.47058823529413,87.92071446821704,90.92428574156392,73.85408708938121,85.18771144821565,76.89274616950603,86.85738776384872,78.13160987074033,86.69095182138659,83.90918402185046,92.19528849436668,84.24788005407399,90.9856212363279,79.4071014411104,88.3833921528291,83.66390795466373,89.6538389471965,0.4204961804224654,45.74468085106382,76.59574468085107,69.7368421052632,85.08771929824562,62.31884057971014,93.4782608695652,74.24242424242425,85.85858585858587,80.83333333333333,90.83333333333333,66.57522422235894,86.37072880811621,74.02597402597402,93.15230224321134,75.49019607843137,87.61140819964349,78.94736842105263,90.97744360902256,87.5,91.27604166666666,92.85714285714285,93.9075630252101,81.76413627652018,91.38495174875082,74.16968024943955,88.87784027843352,0.5128566963359216
340.0,91.67627835447905,95.57862360630526,92.70773638968484,91.87679083094555,82.33965672990061,89.70189701897017,85.1747630331754,86.00414691943126,83.38235294117646,89.6218487394958,87.05615748968327,90.55666142302961,72.36440030557677,83.01047691803994,74.93089038894244,85.22447230258223,74.81786133960048,85.19153936545241,83.90918402185048,93.09320587231137,83.56273810986852,89.8365490967187,77.91701483316774,87.27124871102095,82.4865861614255,88.91395506702528,0.43433157840903364,43.617021276595736,76.59574468085107,69.7368421052632,85.08771929824562,70.65217391304348,93.4782608695652,72.72727272727273,85.52188552188554,80.83333333333333,90.83333333333333,67.51332867110169,86.30338874077614,74.02597402597402,93.03423848878394,75.49019607843137,87.61140819964349,78.94736842105263,90.97744360902256,87.5,91.27604166666666,92.85714285714285,93.9075630252101,81.76413627652018,91.36133899786536,74.63873247381093,88.83236386932074,0.509205156047414
341.0,96.1937716262976,97.46251441753172,91.41833810888252,92.83667621776503,85.86269196025292,91.47847034025895,81.71652843601899,85.73755924170615,82.73109243697479,90.12605042016806,87.58448451368535,91.52825412748598,72.71772345301756,82.99683509767543,74.60087860280723,85.47733847637416,78.11985898942424,86.55464159811986,83.07784226698533,91.75827927620348,86.3371021260907,92.42349760353939,78.97068108766501,87.84211841038247,83.27758280067519,89.68518626893422,0.4213506260301185,43.617021276595736,76.59574468085107,69.7368421052632,85.08771929824562,70.65217391304348,93.4782608695652,72.72727272727273,84.51178451178451,80.83333333333333,91.66666666666666,67.51332867110169,86.26803520542262,74.02597402597402,93.03423848878394,75.49019607843137,87.61140819964349,78.94736842105263,90.97744360902256,87.5,91.27604166666666,92.85714285714285,93.9075630252101,81.76413627652018,91.36133899786536,74.63873247381093,88.81468710164398,0.5067011348758199
